"CRN","ARRIVAL_TM","AUTOMOBILE_COUNT","BELTED_DEATH_COUNT","BELTED_SUSP_SERIOUS_INJ_COUNT","BICYCLE_COUNT","BICYCLE_DEATH_COUNT","BICYCLE_SUSP_SERIOUS_INJ_COUNT","BUS_COUNT","CHLDPAS_DEATH_COUNT","CHLDPAS_SUSP_SERIOUS_INJ_COUNT","COLLISION_TYPE","COMM_VEH_COUNT","CONS_ZONE_SPD_LIM","COUNTY","CRASH_MONTH","CRASH_YEAR","DAY_OF_WEEK","DEC_LATITUDE","DEC_LONGITUDE","DISPATCH_TM","DISTRICT","DRIVER_COUNT_16YR","DRIVER_COUNT_17YR","DRIVER_COUNT_18YR","DRIVER_COUNT_19YR","DRIVER_COUNT_20YR","DRIVER_COUNT_50_64YR","DRIVER_COUNT_65_74YR","DRIVER_COUNT_75PLUS","EST_HRS_CLOSED","FATAL_COUNT","HEAVY_TRUCK_COUNT","HORSE_BUGGY_COUNT","HOUR_OF_DAY","ILLUMINATION","INJURY_COUNT","INTERSECTION_RELATED","INTERSECT_TYPE","LANE_CLOSED","LATITUDE","LN_CLOSE_DIR","LOCATION_TYPE","LONGITUDE","MAX_SEVERITY_LEVEL","MCYCLE_DEATH_COUNT","MCYCLE_SUSP_SERIOUS_INJ_COUNT","MOTORCYCLE_COUNT","MUNICIPALITY","NONMOTR_COUNT","NONMOTR_DEATH_COUNT","NONMOTR_SUSP_SERIOUS_INJ_COUNT","NTFY_HIWY_MAINT","PED_COUNT","PED_DEATH_COUNT","PED_SUSP_SERIOUS_INJ_COUNT","PERSON_COUNT","POLICE_AGCY","POSSIBLE_INJ_COUNT","RDWY_SURF_TYPE_CD","RELATION_TO_ROAD","ROADWAY_CLEARED","ROAD_CONDITION","SCH_BUS_IND","SCH_ZONE_IND","SECONDARY_CRASH","SMALL_TRUCK_COUNT","SPEC_JURIS_CD","SUSP_MINOR_INJ_COUNT","SUSP_SERIOUS_INJ_COUNT","SUV_COUNT","TCD_FUNC_CD","TCD_TYPE","TFC_DETOUR_IND","TIME_OF_DAY","TOTAL_UNITS","TOT_INJ_COUNT","UNBELTED_OCC_COUNT","UNB_DEATH_COUNT","UNB_SUSP_SERIOUS_INJ_COUNT","UNK_INJ_DEG_COUNT","UNK_INJ_PER_COUNT","URBAN_RURAL","VAN_COUNT","VEHICLE_COUNT","WEATHER1","WEATHER2","WORKERS_PRES","WORK_ZONE_IND","WORK_ZONE_LOC","WORK_ZONE_TYPE","WZ_CLOSE_DETOUR","WZ_FLAGGER","WZ_LAW_OFFCR_IND","WZ_LN_CLOSURE","WZ_MOVING","WZ_OTHER","WZ_SHLDER_MDN","WZ_WORKERS_INJ_KILLED"
"2021020950","2114","0","0","0","0","0","0","0","0","0","7","1","55","02","2","2021","3","40.655776","-80.07643","2100","11","0","0","0","0","0","1","0","0","","0","1","0","","","0","N","0","","40 39:20.794","","0","80 04:35.148","0","0","0","0","2212","0","0","0","N","0","0","0","1","68T02","0","","2.0","","1","N","N","N","0","","0","0","0","0","0","","","1","0","0","0","0","0","0","2","0","1","","","N","Y","4","1","","","N","","","","Y","N"
"2021034299","1521","1","0","0","0","0","0","0","0","0","0","0","","02","4","2021","5","40.435928","-79.959113","1513","11","0","0","0","0","0","0","0","0","","0","0","0","","","0","N","2","","40 26:09.341","3","0","79 57:32.806","0","0","0","0","2301","0","0","0","N","0","0","0","1","02301","0","","1.0","1610.0","1","N","N","N","0","","0","0","0","0","0","N","","1","0","0","0","0","0","0","2","0","1","","03","","N","","","","","","","","","",""
"2021005114","1133","3","0","0","0","0","0","0","0","0","7","0","","02","1","2021","7","40.455751","-79.969204","1121","11","0","0","0","0","0","0","0","1","","0","0","0","","","1","Y","0","","40 27:20.702","","0","79 58:09.135","3","0","0","0","2301","0","0","0","N","0","0","0","8","02301","0","","2.0","","7","N","N","Y","0","","1","0","0","0","0","","","4","1","1","0","0","0","0","2","1","4","","10","","N","","","","","","","","","",""
"2021017718","1313","1","0","0","0","0","0","0","0","0","1","0","","02","2","2021","1","40.475528","-80.099119","1313","11","0","0","0","0","0","1","0","0","","0","1","0","","","1","N","0","","40 28:31.899","","0","80 05:56.829","3","0","0","0","2126","0","0","0","N","0","0","0","2","02126","0","","1.0","","1","N","N","N","0","","1","0","0","0","0","N","","2","1","0","0","0","0","0","2","0","2","","","","N","","","","","","","","","",""
"2021019890","1625","0","0","0","0","0","0","0","0","0","1","1","","02","2","2021","5","40.530539","-79.821627","1601","11","0","0","0","0","0","1","0","0","","0","1","0","","","0","N","0","","40 31:49.941","3","0","79 49:17.856","0","0","0","0","2466","0","0","0","N","0","0","0","2","68T02","0","","1.0","1650.0","1","N","N","N","0","","0","0","1","0","0","N","","2","0","0","0","0","0","0","1","0","2","","03","","N","","","","","","","","","",""
"2021019490","0818","2","0","0","0","0","0","0","0","0","4","0","","02","2","2021","6","40.420354","-79.850734","0811","11","0","0","0","0","0","0","0","0","","0","0","0","","","1","N","2","","40 25:13.275","4","0","79 51:02.643","8","0","0","0","2431","0","0","0","N","0","0","0","2","02431","0","","1.0","852.0","1","N","N","N","0","","0","0","0","0","0","N","","2","1","0","0","0","1","0","2","0","2","","","","N","","","","","","","","","",""
"2021020201","2045","1","0","0","0","0","0","0","0","0","7","0","","02","2","2021","1","40.498203","-79.815199","2035","11","0","0","0","0","0","0","0","0","","0","0","0","","","0","N","0","","40 29:53.531","","0","79 48:54.717","0","0","0","0","2113","0","0","0","N","0","0","0","1","02113","0","","1.0","","9","N","N","N","0","","0","0","0","0","0","","","1","0","0","0","0","0","0","2","0","1","","","","N","","","","","","","","","",""
"2021019482","0546","2","0","0","0","0","0","0","0","0","4","0","","02","2","2021","6","40.474361","-80.029278","0546","11","0","0","0","0","0","0","0","0","","0","0","0","","","0","N","0","","40 28:27.700","","0","80 01:45.400","9","0","0","0","2301","0","0","0","N","0","0","0","1","02301","0","","2.0","","1","N","N","N","0","","0","0","0","0","0","N","","2","0","0","0","0","0","1","2","0","2","","03","","N","","","","","","","","","",""
"2021021839","1615","1","0","1","0","0","0","0","0","0","1","0","","02","3","2021","6","40.461272","-79.812891","1613","11","0","0","0","0","0","1","0","1","","0","0","0","","","1","","2","","40 27:40.579","","0","79 48:46.407","2","0","0","0","2113","0","0","0","N","0","0","0","2","02113","0","","1.0","","1","N","N","N","0","","0","1","1","0","0","","","2","1","0","0","0","0","0","2","0","2","","03","","N","","","","","","","","","",""
"2021020135","0841","2","0","0","0","0","0","0","0","0","1","0","","02","2","2021","4","40.430098","-79.880374","0808","11","0","0","0","0","0","1","0","0","","0","0","0","","","0","N","0","","40 25:48.351","","0","79 52:49.345","0","0","0","0","2426","0","0","0","N","0","0","0","4","68B03","0","","1.0","","1","N","N","N","0","","0","0","2","0","0","","","4","0","0","0","0","0","0","2","0","4","","","","N","","","","","","","","","",""
"2021000017","0144","0","0","0","0","0","0","0","0","0","7","0","","02","1","2021","6","40.399161","-80.024979","0144","11","0","0","0","0","0","0","0","0","","0","0","0","","","0","","2","","40 23:56.980","","0","80 01:29.926","0","0","0","0","2301","0","0","0","N","0","0","0","1","02301","0","","2.0","","1","N","N","N","0","","0","0","1","0","0","","","1","0","0","0","0","0","0","2","0","1","","03","","N","","","","","","","","","",""
"2021009959","0948","1","0","0","0","0","0","0","0","0","7","0","","02","1","2021","1","40.448906","-80.01041","0946","11","0","0","0","0","0","0","0","0","","0","0","0","","","0","N","11","","40 26:56.062","","0","80 00:37.477","0","0","0","0","2301","0","0","0","N","0","0","0","1","02301","0","","2.0","","7","N","N","N","0","","0","0","0","0","0","","","1","0","0","0","0","0","0","2","0","1","","","","N","","","","","","","","","",""
"2021018711","0427","0","0","0","0","0","0","0","0","0","4","2","","02","2","2021","7","40.633976","-79.940051","0419","11","0","0","0","0","0","0","0","0","","0","2","0","","","0","N","0","","40 38:02.312","1","0","79 56:24.184","0","0","0","0","2217","0","0","0","N","0","0","0","2","02505","0","","1.0","710.0","9","N","N","N","0","","0","0","0","0","0","Y","","2","0","0","0","0","0","0","2","0","2","","","","N","","","","","","","","","",""
"2021016727","","0","0","0","0","0","0","0","0","0","4","0","","02","2","2021","1","40.434398","-79.953183","","11","0","0","0","0","0","0","0","0","","0","0","0","","","1","N","1","","40 26:03.832","7","0","79 57:11.458","4","0","0","0","2301","0","0","0","N","0","0","0","2","02301","1","","1.0","1416.0","7","N","N","Y","0","","0","0","2","","2","Y","","2","1","0","0","0","0","0","2","0","2","","10","","N","","","","","","","","","",""
"2021004921","","3","0","0","0","0","0","0","0","0","1","0","","02","1","2021","6","40.455825","-79.844385","","11","0","0","0","0","0","1","0","0","","0","0","0","","","0","N","0","","40 27:20.971","1","0","79 50:39.785","0","0","0","0","2113","0","0","0","N","0","0","0","3","02113","0","","1.0","1820.0","9","N","N","N","0","","0","0","0","","0","N","","3","0","1","0","0","0","0","2","0","3","","07","","N","","","","","","","","","",""
"2021019940","","2","0","0","0","0","0","0","0","0","2","1","","02","2","2021","6","40.425581","-79.926788","","11","0","0","0","1","0","1","0","0","","0","1","0","","","0","","2","","40 25:32.091","2","0","79 55:36.436","0","0","0","0","2301","0","0","0","N","0","0","0","3","02301","0","","1.0","15.0","1","N","N","Y","0","","0","0","0","","4","N","","3","0","0","0","0","0","0","2","0","3","","03","","N","","","","","","","","","",""
"2021020837","","1","0","0","0","0","0","1","0","0","4","1","","02","3","2021","2","40.426264","-79.963573","","11","0","0","1","0","0","1","0","0","","0","0","0","","","1","N","1","","40 25:34.552","","0","79 57:48.863","3","0","0","0","2301","0","0","0","N","0","0","0","2","02503","0","","1.0","","1","N","N","N","0","","1","0","0","","2","N","","2","1","0","0","0","0","0","2","0","2","","03","","N","","","","","","","","","",""
"2021009518","","1","0","0","0","0","0","0","0","0","7","0","","02","1","2021","1","40.353117","-79.962196","","11","0","0","0","0","0","0","0","0","","0","0","0","","","0","N","0","","40 21:11.221","","0","79 57:43.904","0","0","0","0","2403","0","0","0","N","0","0","0","1","02403","0","","2.0","","2","N","N","N","0","","0","0","0","","0","N","","1","0","0","0","0","0","0","2","0","1","","","","N","","","","","","","","","",""
"2021021812","","2","0","0","0","0","0","0","0","0","2","0","","02","2","2021","5","40.495975","-79.938996","","11","0","0","0","0","0","1","0","0","","0","0","0","","","0","N","0","","40 29:45.510","1","3","79 56:20.386","0","0","0","0","2461","0","0","0","N","0","0","0","2","68D02","0","","1.0","1805.0","1","N","N","N","0","","0","0","0","","0","N","","2","0","0","0","0","0","0","2","0","2","","","","N","","","","","","","","","",""
"2021021894","","1","0","0","0","0","0","0","0","0","4","0","","02","3","2021","5","40.435751","-79.7711","","11","0","0","0","0","0","0","0","0","","0","0","0","","","0","N","0","","40 26:08.703","3","7","79 46:15.961","0","0","0","0","2446","0","0","0","N","0","0","0","3","02446","0","","1.0","1910.0","1","N","N","N","0","","0","0","1","","2","N","","2","0","0","0","0","0","0","2","0","2","","03","","N","","","","","","","","","",""
"2021000020","","0","0","0","0","0","0","0","0","0","7","0","","02","1","2021","6","40.462605","-79.804042","","11","0","0","0","0","0","0","0","0","","0","0","0","","","0","N","0","","40 27:45.377","","0","79 48:14.550","9","0","0","0","2113","0","0","0","N","0","0","0","2","02113","0","","5.0","","1","N","N","N","0","","0","0","0","","0","","","1","0","0","0","0","0","2","2","1","1","","03","","N","","","","","","","","","",""
"2021020819","","1","0","0","0","0","0","0","0","0","1","0","","02","1","2021","2","40.388399","-79.985004","","11","0","0","0","0","0","0","1","0","","0","0","0","","","0","N","0","","40 23:18.235","","0","79 59:06.014","0","0","0","0","2301","0","0","0","N","0","0","0","1","02301","0","","2.0","","9","N","N","N","0","","0","0","1","","0","","","2","0","0","0","0","0","0","2","0","2","","","","N","","","","","","","","","",""
"2021021272","","1","0","0","0","0","0","0","0","0","7","0","","02","2","2021","7","40.394904","-79.838239","","11","0","0","0","0","0","0","0","0","","0","0","0","","","0","N","7","","40 23:41.655","1","2","79 50:17.661","0","0","0","0","2425","0","0","0","N","0","0","0","1","68B03","0","","7.0","1730.0","1","N","N","N","0","","0","0","0","","0","Y","","1","0","0","0","0","0","0","2","0","1","","03","","N","","","","","","","","","",""
"2021016629","","1","0","0","0","0","0","0","0","0","98","0","","02","2","2021","3","40.470997","-80.05321","","11","0","0","0","0","0","0","0","0","","0","0","0","","","1","N","0","","40 28:15.588","","0","80 03:11.555","3","0","0","0","2444","0","0","0","N","0","0","0","1","02444","0","","5.0","","9","N","N","N","0","","1","0","0","","0","","","1","1","0","0","0","0","0","2","0","1","","03","","N","","","","","","","","","",""
"2021019531","","1","0","0","0","0","0","0","0","0","98","0","","02","2","2021","6","40.481452","-80.046052","","11","0","0","0","0","0","0","0","0","","0","0","0","","","0","","2","","40 28:53.226","","0","80 02:45.788","0","0","0","0","2301","0","0","0","N","0","0","0","1","02301","0","","1.0","","1","N","N","N","0","","0","0","0","","0","N","","1","0","0","0","0","0","0","2","0","1","","03","","N","","","","","","","","","",""
"2021019843","","0","0","0","0","0","0","0","0","0","1","0","","02","2","2021","6","40.489436","-79.903363","","11","0","1","0","0","0","2","0","0","","0","0","0","","","0","N","0","","40 29:21.969","1","0","79 54:12.107","0","0","0","0","2401","0","0","0","N","0","0","0","4","02401","0","","1.0","1835.0","1","N","N","N","0","","0","0","3","","0","N","","3","0","0","0","0","0","0","2","0","3","","03","","N","","","","","","","","","",""
"2021021278","","0","0","0","0","0","0","0","0","0","5","0","","02","2","2021","3","40.427156","-79.919919","","11","0","0","0","0","0","0","0","0","","0","0","0","","","0","N","0","","40 25:37.763","","0","79 55:11.710","0","0","0","0","2301","0","0","0","N","0","0","0","2","68B03","0","","1.0","","1","N","N","N","0","","0","0","1","","0","","","2","0","0","0","0","0","0","2","0","2","","03","","N","","","","","","","","","",""
"2021020624","","2","0","0","0","0","0","0","0","0","1","0","","02","3","2021","2","40.288878","-79.896091","","11","0","0","0","0","0","0","0","0","","0","0","0","","","1","N","0","","40 17:19.959","","0","79 53:45.928","4","0","0","0","2302","0","0","0","N","0","0","0","1","02302","1","","4.0","","9","N","N","Y","0","","0","0","0","","0","","","3","1","0","0","0","0","0","2","1","3","","06","","N","","","","","","","","","",""
"2021020274","","1","0","0","0","0","0","0","0","0","7","0","","02","3","2021","2","40.417062","-80.020914","","11","0","0","0","0","1","0","0","0","","0","0","0","","","0","N","0","","40 25:01.424","","0","80 01:15.292","0","0","0","0","2301","0","0","0","N","0","0","0","1","02301","0","","2.0","","9","N","N","N","0","","0","0","0","","0","","","1","0","0","0","0","0","0","2","0","1","","07","","N","","","","","","","","","",""
"2021019944","","0","0","0","0","0","0","0","0","0","7","0","","02","2","2021","1","40.470829","-79.821316","","11","0","0","0","0","0","0","0","0","","0","0","0","","","0","N","2","","40 28:14.984","","0","79 49:16.737","0","0","0","0","2113","0","0","0","N","0","0","0","1","02113","0","","5.0","","1","N","N","N","0","","0","0","1","","0","","","1","0","0","0","0","0","0","2","0","1","","","","N","","","","","","","","","",""
"2021020608","","1","0","0","0","0","0","0","0","0","7","0","","02","2","2021","1","40.429241","-79.941029","","11","0","0","0","0","1","0","0","0","","0","0","0","","","0","N","0","","40 25:45.266","3","0","79 56:27.703","0","0","0","0","2301","0","0","0","N","0","0","0","1","68B03","0","","4.0","2100.0","9","N","N","N","0","","0","0","0","","0","N","","1","0","0","0","0","0","0","2","0","1","","05","","N","","","","","","","","","",""
"2021019202","","1","0","0","0","0","0","0","0","0","7","0","","02","2","2021","5","40.349683","-79.892843","","11","0","0","0","0","0","1","0","0","","0","0","0","","","1","N","2","","40 20:58.857","1","0","79 53:34.234","8","0","0","0","2423","0","0","0","N","0","0","0","1","02304","0","","5.0","1342.0","1","N","N","Y","0","","0","0","0","","0","Y","","1","1","0","0","0","1","0","2","0","1","","03","","N","","","","","","","","","",""
"2021012027","","1","0","0","0","0","0","0","0","0","8","0","","02","2","2021","5","40.275764","-79.879566","","11","0","0","0","0","0","0","1","0","","0","0","0","","","1","Y","0","","40 16:32.752","5","0","79 52:46.438","2","0","0","0","2105","1","0","1","N","1","0","1","2","02105","0","","1.0","1345.0","1","N","N","N","0","","0","1","0","","2","Y","","2","1","0","0","0","0","0","2","0","1","","","","N","","","","","","","","","",""
"2021020214","","2","0","0","0","0","0","0","0","0","6","0","","02","2","2021","7","40.391773","-79.871746","","11","0","0","0","0","0","0","0","0","","0","0","0","","","0","N","0","","40 23:30.383","","0","79 52:18.285","0","0","0","0","2473","0","0","0","N","0","0","0","1","02473","0","","1.0","","1","N","N","N","0","","0","0","0","","0","","","2","0","0","0","0","0","0","2","0","2","","03","","N","","","","","","","","","",""
"2021019814","","2","0","0","0","0","0","0","0","0","1","0","","02","2","2021","7","40.29684","-79.919496","","11","0","0","0","0","0","1","0","1","","0","0","0","","","0","","2","","40 17:48.623","1","0","79 55:10.187","0","0","0","0","2440","0","0","0","N","0","0","0","2","02440","0","","1.0","1105.0","9","N","N","N","0","","0","0","0","","2","N","","2","0","0","0","0","0","0","2","0","2","","","","N","","","","","","","","","",""
"2021021321","","0","0","0","0","0","0","0","0","0","7","1","","02","2","2021","5","40.428816","-79.934173","","11","0","0","0","0","0","0","0","0","","0","1","0","","","1","N","0","","40 25:43.737","4","0","79 56:03.024","8","0","0","0","2301","0","0","0","N","0","0","0","1","68B03","0","","3.0","430.0","1","N","N","N","0","","0","0","0","","0","N","","1","1","0","0","0","1","0","2","0","1","","03","","N","","","","","","","","","",""
"2021039775","","0","0","0","0","0","0","0","0","0","7","0","","02","5","2021","2","40.623266","-79.762562","","11","0","0","0","0","0","0","0","0","","0","0","0","","","0","N","0","","40 37:23.757","6","0","79 45:45.224","0","0","0","0","2202","0","0","0","N","0","0","0","1","02202","0","","5.0","1645.0","9","N","N","N","1","","0","0","0","","0","Y","","1","0","0","0","0","0","0","1","0","1","","03","","N","","","","","","","","","",""
"2021019107","","1","0","0","0","0","0","0","0","0","7","0","","02","2","2021","4","40.561295","-80.039328","","11","0","0","0","0","0","0","0","0","","0","0","0","","","0","N","0","","40 33:40.663","1","0","80 02:21.580","0","0","0","0","2108","0","0","0","N","0","0","0","2","02108","0","","2.0","50.0","1","N","N","N","0","","0","0","0","","0","N","","1","0","0","0","0","0","0","2","0","1","","03","","N","","","","","","","","","",""
"2021019897","","0","0","0","0","0","0","0","0","0","1","0","","02","2","2021","6","40.437081","-79.972458","","11","0","0","0","0","1","0","0","0","","0","0","0","","","0","","6","","40 26:13.490","","0","79 58:20.848","0","0","0","0","2301","0","0","0","N","0","0","0","2","02301","0","","1.0","","1","N","N","N","0","","0","0","2","","2","","","2","0","0","0","0","0","0","2","0","2","","03","","N","","","","","","","","","",""
"2021021171","","1","0","0","0","0","0","0","0","0","1","0","","02","2","2021","6","40.496943","-79.920321","","11","0","0","0","0","0","1","0","0","","0","0","0","","","0","N","0","","40 29:48.994","1","0","79 55:13.154","0","0","0","0","2112","0","0","0","N","0","0","0","3","68D02","0","","1.0","1746.0","1","N","N","N","1","","0","0","1","","0","N","","3","0","0","0","0","0","0","2","0","3","","03","","N","","","","","","","","","",""
"2021021455","","1","0","0","0","0","0","0","0","0","7","0","","02","3","2021","5","40.437017","-79.837154","","11","0","0","0","0","0","0","0","0","","0","0","0","","","0","N","0","","40 26:13.261","","0","79 50:13.754","0","0","0","0","2419","0","0","0","N","0","0","0","1","02419","0","","5.0","","1","N","N","N","0","","0","0","0","","0","N","","1","0","0","0","0","0","0","2","0","1","","","","N","","","","","","","","","",""
"2021017420","","2","0","0","0","0","0","0","0","0","5","0","","02","2","2021","5","40.538806","-80.011575","","11","0","0","0","0","0","1","1","0","","0","0","0","","","0","N","0","","40 32:19.700","","0","80 00:41.671","0","0","0","0","2116","0","0","0","N","0","0","0","2","02116","0","","1.0","","1","N","N","N","0","","0","0","0","","0","N","","2","0","0","0","0","0","0","2","0","2","","","","N","","","","","","","","","",""
"2021039445","","2","0","0","0","0","0","0","0","0","4","0","","02","5","2021","1","40.448239","-79.986874","","11","0","0","0","0","0","0","0","0","","0","0","0","","","0","N","2","","40 26:53.660","","0","79 59:12.746","0","0","0","0","2301","0","0","0","N","0","0","0","2","02301","0","","1.0","","1","N","N","N","0","","0","0","0","","2","N","","2","0","0","0","0","0","0","2","0","2","","03","","N","","","","","","","","","",""
"2021018259","","2","0","0","0","0","0","0","0","0","2","0","","02","2","2021","2","40.381099","-79.811895","","11","0","0","0","0","0","0","0","0","","0","0","0","","","0","N","1","","40 22:51.958","5","0","79 48:42.822","0","0","0","0","2424","0","0","0","N","0","0","0","3","02424","0","","1.0","2152.0","1","N","N","N","0","","0","0","0","","2","Y","","2","0","3","0","0","0","0","2","0","2","","03","","N","","","","","","","","","",""
"2021012149","","1","0","0","0","0","0","0","0","0","2","1","","02","2","2021","6","40.311863","-79.893743","","11","0","0","0","0","0","0","0","0","","0","1","0","","","1","N","0","","40 18:42.707","","0","79 53:37.476","2","0","0","0","2302","0","0","0","N","0","0","0","2","02302","0","","1.0","","1","N","N","N","0","","0","1","0","","0","","","2","1","1","0","1","0","0","2","0","2","","03","","N","","","","","","","","","",""
"2021017905","","1","0","0","0","0","0","0","0","0","1","0","","02","2","2021","2","40.45504","-79.710831","","11","0","0","0","0","0","0","0","0","","0","0","0","","","1","N","0","","40 27:18.143","2","0","79 42:38.993","4","0","0","0","2466","0","0","0","N","0","0","0","2","02466","1","","1.0","902.0","9","N","N","N","0","","0","0","1","","2","N","","2","1","0","0","0","0","0","2","0","2","","","","N","","","","","","","","","",""
"2021018690","","1","0","0","0","0","0","0","0","0","7","0","","02","2","2021","2","40.338378","-79.898228","","11","0","0","0","1","0","0","0","0","","0","0","0","","","0","N","0","","40 20:18.160","2","1","79 53:53.622","0","0","0","0","2473","0","0","0","N","0","0","0","1","02473","0","","2.0","620.0","7","N","N","N","0","","0","0","0","","0","N","","1","0","0","0","0","0","0","2","0","1","","10","","N","","","","","","","","","",""
"2021039679","","1","0","0","0","0","0","0","0","0","7","0","","02","4","2021","2","40.34075","-80.025781","","11","0","0","0","0","0","0","0","0","","1","0","0","","","0","N","0","","40 20:26.701","7","0","80 01:32.813","1","0","0","0","2407","0","0","0","Y","0","0","0","1","02407","0","2","5.0","650.0","1","N","N","N","0","0","0","0","0","","0","Y","","1","0","1","1","0","0","0","2","0","1","","","","N","","","","","","","","","",""
"2021018132","","1","0","0","0","0","0","0","0","0","1","0","","02","2","2021","4","40.43594","-79.969533","","11","0","0","0","0","0","2","0","0","","0","0","0","","","3","Y","0","","40 26:09.385","4","0","79 58:10.318","3","0","0","0","2301","0","0","0","N","0","0","0","11","68B03","0","","1.0","1256.0","1","N","N","N","0","","3","0","3","","0","N","","5","3","0","0","0","0","0","2","1","5","","03","","N","","","","","","","","","",""
"2021009222","","1","0","0","0","0","0","0","0","0","1","0","","02","1","2021","6","40.512913","-80.2262","","11","0","0","1","0","0","0","0","0","","0","0","0","","","1","","2","","40 30:46.486","","0","80 13:34.321","3","0","0","0","2213","0","0","0","N","0","0","0","2","02213","0","","1.0","","1","N","N","N","0","","1","0","0","","0","","","2","1","0","0","0","0","0","2","1","2","","","","N","","","","","","","","","",""
"2021021885","","1","0","0","0","0","0","0","0","0","6","0","","02","3","2021","6","40.458106","-79.908401","","11","0","0","0","0","0","0","0","0","","0","0","0","","","0","N","2","","40 27:29.181","3","0","79 54:30.243","0","0","0","0","2301","0","0","0","N","0","0","0","2","02301","0","","1.0","1752.0","1","N","N","N","0","","0","0","1","","0","N","","2","0","0","0","0","0","0","2","0","2","","","","N","","","","","","","","","",""
"2021019834","","0","0","0","0","0","0","0","0","0","1","0","","02","2","2021","5","40.350992","-79.922794","","11","0","0","0","0","1","0","0","0","","0","0","0","","","0","N","0","","40 21:03.570","3","0","79 55:22.059","0","0","0","0","2473","0","0","0","N","0","0","0","4","02473","0","","1.0","1530.0","1","N","N","N","0","","0","0","2","","0","N","","2","0","0","0","0","0","0","2","0","2","","03","","N","","","","","","","","","",""
"2021019751","","1","0","0","0","0","0","0","0","0","7","0","","02","2","2021","7","40.469832","-79.963717","","11","0","0","0","0","0","0","0","0","","0","0","0","","","1","","2","","40 28:11.396","2","0","79 57:49.382","3","0","0","0","2301","0","0","0","N","0","0","0","1","02301","0","","5.0","635.0","1","N","N","N","0","","1","0","0","","3","N","","1","1","0","0","0","0","0","2","0","1","","03","","N","","","","","","","","","",""
"2021017399","","0","0","0","0","0","0","0","0","0","7","0","","02","2","2021","7","40.518983","-79.805902","","11","1","0","0","0","0","0","0","0","","0","0","0","","","0","N","0","","40 31:08.339","1","0","79 48:21.248","0","0","0","0","2466","0","0","0","N","0","0","0","1","02466","0","","4.0","829.0","6","N","N","N","0","","0","0","1","","0","N","","1","0","0","0","0","0","0","2","0","1","","03","","N","","","","","","","","","",""
"2021021282","","1","0","0","0","0","0","0","0","0","7","0","","02","2","2021","7","40.42975","-79.878975","","11","0","0","0","0","0","0","0","0","","0","0","0","","","1","N","0","","40 25:47.099","4","0","79 52:44.310","3","0","0","0","2426","0","0","0","Y","0","0","0","1","68B03","0","","4.0","131.0","1","N","N","N","0","","1","0","0","","0","N","","1","1","0","0","0","0","0","2","0","1","","","","N","","","","","","","","","",""
"2021021890","","1","0","0","0","0","0","0","0","0","8","0","","02","3","2021","6","40.45699","-79.91675","","11","0","0","0","0","0","0","0","0","","0","0","0","","","1","N","1","","40 27:25.165","","0","79 55:00.301","3","0","0","0","2301","1","0","0","N","1","0","0","2","02301","0","","1.0","","1","N","N","N","0","","1","0","0","","0","","","2","1","0","0","0","0","0","2","0","1","","03","","N","","","","","","","","","",""
"2021019489","","0","0","0","0","0","0","1","0","0","0","1","","02","2","2021","6","40.429466","-80.007342","","11","0","0","0","0","0","0","0","1","","0","0","0","","","0","N","1","","40 25:46.076","","0","80 00:26.431","0","0","0","0","2301","0","0","0","N","0","0","0","2","02301","0","","1.0","","1","Y","N","N","0","","0","0","0","","1","","","1","0","0","0","0","0","0","2","0","1","","03","","N","","","","","","","","","",""
"2021038001","","1","0","0","0","0","0","0","0","0","7","0","","02","4","2021","3","40.373661","-79.873741","","11","0","0","0","0","0","0","0","0","","0","0","0","","","0","N","1","","40 22:25.179","","0","79 52:25.467","0","0","0","0","2473","0","0","0","N","0","0","0","1","02473","0","","2.0","","1","N","N","N","0","","0","0","0","","0","","","1","0","0","0","0","0","0","2","0","1","","03","","N","","","","","","","","","",""
"2021020197","","2","0","0","0","0","0","0","0","0","2","0","","02","2","2021","1","40.484182","-79.819301","","11","0","0","0","0","0","0","0","0","","0","0","0","","","0","N","1","","40 29:03.056","","0","79 49:09.482","0","0","0","0","2113","0","0","0","N","0","0","0","2","02113","0","","1.0","","9","N","N","N","0","","0","0","0","","2","","","2","0","0","0","0","0","0","2","0","2","","","","N","","","","","","","","","",""
"2021019304","","0","0","0","0","0","0","0","0","0","0","1","","02","2","2021","6","40.543025","-80.217738","","11","0","0","0","0","0","0","0","0","","0","1","0","","","0","","2","","40 32:34.890","6","3","80 13:03.856","0","0","0","0","2213","0","0","0","N","0","0","0","1","02213","0","","1.0","1615.0","9","N","N","N","0","","0","0","0","","1","Y","","1","0","1","0","0","0","0","2","0","1","","03","","N","","","","","","","","","",""
"2021038711","","0","0","0","0","0","0","0","0","0","7","0","","02","4","2021","5","40.461677","-79.890002","","11","0","0","0","0","0","0","0","0","","0","0","0","","","2","N","2","","40 27:42.037","5","0","79 53:24.007","4","0","0","0","2301","0","0","0","N","0","0","0","3","02301","2","","2.0","2000.0","9","N","N","N","0","","0","0","1","","0","Y","","1","2","0","0","0","0","0","2","0","1","","07","","N","","","","","","","","","",""