"CRN","ARRIVAL_TM","AUTOMOBILE_COUNT","BELTED_DEATH_COUNT","BELTED_SUSP_SERIOUS_INJ_COUNT","BICYCLE_COUNT","BICYCLE_DEATH_COUNT","BICYCLE_SUSP_SERIOUS_INJ_COUNT","BUS_COUNT","CHLDPAS_DEATH_COUNT","CHLDPAS_SUSP_SERIOUS_INJ_COUNT","COLLISION_TYPE","COMM_VEH_COUNT","CONS_ZONE_SPD_LIM","COUNTY","CRASH_MONTH","CRASH_YEAR","DAY_OF_WEEK","DEC_LATITUDE","DEC_LONGITUDE","DISPATCH_TM","DISTRICT","DRIVER_COUNT_16YR","DRIVER_COUNT_17YR","DRIVER_COUNT_18YR","DRIVER_COUNT_19YR","DRIVER_COUNT_20YR","DRIVER_COUNT_50_64YR","DRIVER_COUNT_65_74YR","DRIVER_COUNT_75PLUS","EST_HRS_CLOSED","FATAL_COUNT","HEAVY_TRUCK_COUNT","HORSE_BUGGY_COUNT","HOUR_OF_DAY","ILLUMINATION","INJURY_COUNT","INTERSECTION_RELATED","INTERSECT_TYPE","LANE_CLOSED","LATITUDE","LN_CLOSE_DIR","LOCATION_TYPE","LONGITUDE","MAX_SEVERITY_LEVEL","MCYCLE_DEATH_COUNT","MCYCLE_SUSP_SERIOUS_INJ_COUNT","MOTORCYCLE_COUNT","MUNICIPALITY","NONMOTR_COUNT","NONMOTR_DEATH_COUNT","NONMOTR_SUSP_SERIOUS_INJ_COUNT","NTFY_HIWY_MAINT","PED_COUNT","PED_DEATH_COUNT","PED_SUSP_SERIOUS_INJ_COUNT","PERSON_COUNT","POLICE_AGCY","POSSIBLE_INJ_COUNT","RDWY_SURF_TYPE_CD","RELATION_TO_ROAD","ROADWAY_CLEARED","ROAD_CONDITION","SCH_BUS_IND","SCH_ZONE_IND","SECONDARY_CRASH","SMALL_TRUCK_COUNT","SPEC_JURIS_CD","SUSP_MINOR_INJ_COUNT","SUSP_SERIOUS_INJ_COUNT","SUV_COUNT","TCD_FUNC_CD","TCD_TYPE","TFC_DETOUR_IND","TIME_OF_DAY","TOTAL_UNITS","TOT_INJ_COUNT","UNBELTED_OCC_COUNT","UNB_DEATH_COUNT","UNB_SUSP_SERIOUS_INJ_COUNT","UNK_INJ_DEG_COUNT","UNK_INJ_PER_COUNT","URBAN_RURAL","VAN_COUNT","VEHICLE_COUNT","WEATHER1","WEATHER2","WORKERS_PRES","WORK_ZONE_IND","WORK_ZONE_LOC","WORK_ZONE_TYPE","WZ_CLOSE_DETOUR","WZ_FLAGGER","WZ_LAW_OFFCR_IND","WZ_LN_CLOSURE","WZ_MOVING","WZ_OTHER","WZ_SHLDER_MDN","WZ_WORKERS_INJ_KILLED"
"2021018861","","1","0","0","0","0","0","0","0","0","1","0","","02","2","2021","7","40.429965","-79.874395","","11","0","0","0","0","0","0","0","0","","0","0","0","","","0","N","0","","40 25:47.874","4","0","79 52:27.821","9","0","0","0","2426","0","0","0","N","0","0","0","1","68B03","0","","1.0","2130.0","1","N","N","Y","0","","0","0","1","","0","N","","2","0","0","0","0","0","1","2","0","2","","","","N","","","","","","","","","",""
"2021008455","","0","0","0","0","0","0","0","0","0","2","0","","02","1","2021","2","40.521378","-79.766047","","11","0","0","0","0","0","0","0","0","","0","0","0","","","0","N","0","","40 31:16.960","","0","79 45:57.770","0","0","0","0","2466","0","0","0","N","0","0","0","1","02466","0","","5.0","","9","N","N","N","0","","0","0","1","","0","","","1","0","0","0","0","0","0","2","0","1","","","","N","","","","","","","","","",""
"2021026402","","2","0","0","0","0","0","0","0","0","4","0","","02","3","2021","5","40.335487","-80.024079","","11","0","0","0","0","0","0","1","0","","0","0","0","","","2","N","0","","40 20:07.752","","6","80 01:26.684","8","0","0","0","2407","0","0","0","N","0","0","0","2","02407","0","","1.0","","9","N","N","N","0","","0","0","0","","0","","","2","2","0","0","0","2","0","2","0","2","","","","N","","","","","","","","","",""
"2021018524","","1","0","0","0","0","0","0","0","0","7","0","","02","2","2021","1","40.367972","-80.012841","","11","0","0","0","0","0","0","0","0","","0","0","0","","","1","N","0","","40 22:04.698","","0","80 00:46.226","4","0","0","0","2416","0","0","0","N","0","0","0","1","02416","1","","5.0","","1","N","N","N","0","","0","0","0","","0","","","1","1","1","0","0","0","0","2","0","1","","03","","N","","","","","","","","","",""
"2021014835","","1","0","0","0","0","0","0","0","0","4","0","","02","2","2021","5","40.515909","-80.009951","","11","0","0","0","0","0","0","1","0","","0","0","0","","","2","N","0","","40 30:57.274","","0","80 00:35.822","3","0","0","0","2116","0","0","0","N","0","0","0","2","02116","1","","1.0","","1","N","N","N","0","","1","0","1","","0","","","2","2","0","0","0","0","0","2","0","2","","","","N","","","","","","","","","",""
"2021018709","","0","0","0","0","0","0","0","0","0","7","0","","02","2","2021","3","40.327042","-79.815826","","11","0","0","0","0","0","0","0","0","","0","0","0","","","1","N","0","","40 19:37.351","2","0","79 48:56.974","8","0","0","0","2304","0","0","0","N","0","0","0","1","02304","0","","5.0","23.0","2","N","N","N","1","","0","0","0","","0","N","","1","1","0","0","0","1","0","2","0","1","","","","N","","","","","","","","","",""
"2021033797","","2","0","0","0","0","0","0","0","0","1","0","","02","4","2021","3","40.622607","-79.943086","","11","0","0","0","0","0","1","0","0","","0","0","0","","","0","N","0","","40 37:21.385","","0","79 56:35.109","0","0","0","0","2217","0","0","0","N","0","0","0","2","02505","0","","1.0","","1","N","N","N","0","","0","0","0","","0","","","2","0","0","0","0","0","0","2","0","2","","","","N","","","","","","","","","",""
"2021018989","","0","0","0","0","0","0","0","0","0","4","0","","02","2","2021","4","40.355067","-79.900433","","11","0","0","0","1","0","1","0","0","","0","0","0","","","0","Y","0","","40 21:18.240","5","0","79 54:01.560","0","0","0","0","2473","0","0","0","N","0","0","0","2","02473","0","","1.0","1820.0","9","N","N","N","1","","0","0","1","","0","Y","","2","0","0","0","0","0","0","2","0","2","","","","N","","","","","","","","","",""
"2021017906","","3","0","0","0","0","0","0","0","0","2","0","","02","2","2021","7","40.615681","-80.094185","","11","0","0","1","0","0","0","1","0","","0","0","0","","","1","N","6","","40 36:56.450","","3","80 05:39.065","4","0","0","0","2481","0","0","0","N","0","0","0","5","02481","1","","1.0","","1","N","N","N","0","","0","0","0","","2","","","3","1","0","0","0","0","0","2","0","3","","03","","N","","","","","","","","","",""
"2021018019","","1","0","0","0","0","0","0","0","0","7","0","","02","2","2021","2","40.448275","-79.984438","","11","0","0","0","1","0","0","0","0","","0","0","0","","","0","N","0","","40 26:53.790","","0","79 59:03.977","0","0","0","0","2301","0","0","0","N","0","0","0","1","02301","0","","2.0","","2","N","N","N","0","","0","0","0","","0","N","","1","0","0","0","0","0","0","2","0","1","","06","","N","","","","","","","","","",""
"2021015523","","0","0","0","0","0","0","0","0","0","1","2","","02","2","2021","2","40.431158","-79.959208","","11","0","0","0","0","0","0","0","0","","0","0","0","","","0","","1","","40 25:52.168","4","0","79 57:33.149","0","0","0","0","2301","0","0","0","N","0","0","0","2","02301","0","","1.0","1021.0","7","N","N","N","2","","0","0","0","","2","N","","2","0","0","0","0","0","0","2","0","2","","","","N","","","","","","","","","",""
"2021019301","","1","0","0","0","0","0","0","0","0","7","0","","02","2","2021","4","40.537897","-80.20001","","11","0","0","0","0","1","0","0","0","","0","0","0","","","1","N","0","","40 32:16.429","1","0","80 12:00.037","3","0","0","0","2213","0","0","0","N","0","0","0","1","02213","0","","1.0","1129.0","2","N","N","N","0","","1","0","0","","0","N","","1","1","0","0","0","0","0","2","0","1","","03","","N","","","","","","","","","",""
"2021005902","","0","0","0","0","0","0","0","0","0","4","0","","02","1","2021","6","40.650026","-79.799031","","11","0","0","0","0","0","1","0","1","","0","0","0","","","0","","3","","40 39:00.094","","0","79 47:56.512","0","0","0","0","2202","0","0","0","N","0","0","0","2","02202","0","","1.0","","9","N","N","N","1","","0","0","1","","3","","","2","0","0","0","0","0","0","1","0","2","","","","N","","","","","","","","","",""
"2021009845","","1","0","0","0","0","0","0","0","0","4","0","","02","1","2021","7","40.239423","-79.866894","","11","0","0","0","0","0","1","0","0","","0","0","0","","","0","Y","0","","40 14:21.923","","0","79 52:00.819","0","0","0","0","2204","0","0","0","N","0","0","0","2","02204","0","","1.0","","1","N","N","N","0","","0","0","1","","0","","","3","0","0","0","0","0","0","1","0","2","","03","","N","","","","","","","","","",""
"2021021948","","3","0","0","0","0","0","0","0","0","5","0","","02","1","2021","6","40.463288","-79.937286","","11","0","0","0","0","1","0","0","0","","0","0","0","","","0","N","0","","40 27:47.838","","0","79 56:14.229","0","0","0","0","2301","0","0","0","N","0","0","0","1","02301","0","","6.0","","1","N","N","N","0","","0","0","1","","0","","","4","0","0","0","0","0","0","2","0","4","","03","","N","","","","","","","","","",""
"2021007921","","2","0","0","0","0","0","0","0","0","2","0","","02","1","2021","7","40.515242","-80.010611","","11","0","0","0","0","0","0","0","0","","0","0","0","","","0","N","0","","40 30:54.870","","0","80 00:38.200","0","0","0","0","2116","0","0","0","N","0","0","0","2","02116","0","","1.0","","2","N","N","N","0","","0","0","0","","0","","","2","0","0","0","0","0","0","2","0","2","","","","N","","","","","","","","","",""
"2021017825","","0","0","0","0","0","0","0","0","0","0","1","","02","2","2021","1","40.480849","-80.286972","","11","0","0","0","0","0","1","0","0","","0","1","0","","","0","N","0","","40 28:51.058","","0","80 17:13.099","0","0","0","0","2203","0","0","0","N","0","0","0","2","02203","0","","1.0","","1","N","N","N","0","","0","0","0","","0","","","2","0","0","0","0","0","0","1","1","2","","03","","N","","","","","","","","","",""
"2021003240","","1","0","0","0","0","0","0","0","0","8","0","","02","1","2021","1","40.453981","-80.014537","","11","0","0","0","0","0","0","1","0","","0","0","0","","","1","N","1","","40 27:14.331","","0","80 00:52.333","3","0","0","0","2301","1","0","0","N","1","0","0","2","02301","0","","1.0","","1","N","N","N","0","","1","0","0","","2","","","2","1","0","0","0","0","0","2","0","1","","03","","N","","","","","","","","","",""
"2021018210","","1","0","0","0","0","0","0","0","0","1","0","","02","2","2021","6","40.435927","-80.01673","","11","0","0","0","0","0","1","0","0","","0","0","0","","","0","N","0","","40 26:09.338","","4","80 01:00.227","0","0","0","0","2301","0","0","0","N","0","0","0","3","68B03","0","","1.0","","1","N","N","N","0","","0","0","2","","0","","","3","0","0","0","0","0","0","2","0","3","","03","","N","","","","","","","","","",""
"2021014096","","1","0","0","0","0","0","0","0","0","7","0","","02","2","2021","2","40.424999","-80.039261","","11","0","0","0","0","0","0","0","0","","0","0","0","","","0","N","2","","40 25:29.995","","7","80 02:21.341","0","0","0","0","2435","0","0","0","N","0","0","0","1","02435","0","","2.0","","9","N","N","Y","0","","0","0","0","","0","","","1","0","1","0","0","0","0","2","0","1","","98","","N","","","","","","","","","",""
"2021002226","","1","0","0","0","0","0","0","0","0","1","0","","02","1","2021","5","40.572333","-80.004301","","11","0","0","0","0","0","1","0","0","","0","0","0","","","0","Y","0","","40 34:20.397","","0","80 00:15.482","0","0","0","0","2108","0","0","0","N","0","0","0","2","02108","0","","1.0","","1","N","N","N","0","","0","0","1","","0","","","2","0","0","0","0","0","0","2","0","2","","","","N","","","","","","","","","",""
"2021015228","","1","0","0","0","0","0","0","0","0","7","0","","02","2","2021","1","40.441605","-79.965672","","11","0","0","0","0","1","0","0","0","","0","0","0","","","0","N","2","","40 26:29.777","","0","79 57:56.419","0","0","0","0","2301","0","0","0","N","0","0","0","1","02301","0","","5.0","","2","N","N","N","0","","0","0","0","","0","","","1","0","0","0","0","0","0","2","0","1","","98","","N","","","","","","","","","",""
"2021015435","","0","0","0","0","0","0","0","0","0","7","0","","02","2","2021","1","40.526165","-79.781472","","11","0","0","0","0","0","0","0","0","","0","0","0","","","0","N","0","","40 31:34.195","1","0","79 46:53.299","0","0","0","0","2466","0","0","0","N","0","0","0","0","02466","0","","5.0","600.0","2","N","N","N","1","","0","0","0","","0","N","","1","0","0","0","0","0","0","2","0","1","","06","","N","","","","","","","","","",""
"2021019091","","2","0","0","0","0","0","0","0","0","4","0","","02","2","2021","4","40.452917","-79.920736","","11","0","0","0","0","0","0","0","0","","0","0","0","","","3","","1","","40 27:10.501","2","0","79 55:14.649","3","0","0","0","2301","0","0","0","N","0","0","0","4","02301","0","","1.0","2030.0","9","N","N","N","0","","3","0","0","","2","Y","","2","3","1","0","0","0","0","2","0","2","","","","N","","","","","","","","","",""
"2021015407","","0","0","0","0","0","0","0","0","0","7","1","","02","2","2021","1","40.417123","-79.9776","","11","0","0","0","0","0","0","0","0","","0","0","0","","","0","N","0","","40 25:01.643","","0","79 58:39.360","0","0","0","0","2301","0","0","0","N","0","0","0","1","02503","0","","4.0","","2","N","N","N","1","","0","0","0","","3","","","1","0","1","0","0","0","0","2","0","1","","","","N","","","","","","","","","",""
"2021017334","","1","0","0","0","0","0","0","0","0","2","0","","02","2","2021","6","40.521919","-79.842617","","11","0","0","0","0","0","0","0","0","","0","0","0","","","0","","1","","40 31:18.910","6","0","79 50:33.420","0","0","0","0","2451","0","0","0","N","0","0","0","2","02451","0","","1.0","2200.0","9","N","N","N","0","","0","0","1","","3","N","","2","0","0","0","0","0","0","2","0","2","","","","N","","","","","","","","","",""
"2021015171","","1","0","0","0","0","0","0","0","0","7","0","","02","2","2021","1","40.410192","-79.843968","","11","0","0","0","0","0","0","0","0","","0","0","0","","","1","N","0","","40 24:36.691","4","0","79 50:38.285","8","0","0","0","2417","0","0","0","Y","0","0","0","1","02431","0","","2.0","110.0","9","N","N","N","0","","0","0","0","","0","Y","","1","1","0","0","0","1","0","2","0","1","","","","N","","","","","","","","","",""
"2021018113","","0","0","0","0","0","0","0","0","0","7","0","","02","2","2021","3","40.408677","-80.024766","","11","0","0","0","0","0","0","0","0","","0","0","0","","","0","N","1","","40 24:31.237","3","0","80 01:29.157","0","0","0","0","2301","0","0","0","N","0","0","0","1","02301","0","","2.0","2115.0","6","N","N","N","0","","0","0","1","","3","N","","1","0","0","0","0","0","0","2","0","1","","","","N","","","","","","","","","",""
"2021004280","","2","0","0","0","0","0","0","0","0","6","0","","02","1","2021","3","40.524441","-80.071101","","11","1","0","0","0","0","0","0","0","","0","0","0","","","0","N","2","","40 31:27.988","","2","80 04:15.962","0","0","0","0","2215","0","0","0","N","0","0","0","3","02215","0","","1.0","","1","N","N","N","0","","0","0","0","","2","","","2","0","0","0","0","0","0","2","0","2","","03","","N","","","","","","","","","",""
"2021005592","","0","0","0","0","0","0","0","0","0","1","0","","02","1","2021","7","40.430831","-79.998165","","11","0","0","0","0","0","0","0","0","","0","0","0","","","0","N","0","","40 25:50.993","","3","79 59:53.394","0","0","0","0","2301","0","0","0","N","0","0","0","2","02301","0","","1.0","","1","N","N","N","1","","0","0","1","","0","","","2","0","0","0","0","0","0","2","0","2","","03","","N","","","","","","","","","",""
"2021018045","","1","0","0","0","0","0","0","0","0","7","0","","02","2","2021","2","40.505861","-79.793169","","11","0","0","1","0","0","0","0","0","","0","0","0","","","0","N","2","","40 30:21.099","5","0","79 47:35.409","0","0","0","0","2113","0","0","0","N","0","0","0","1","02113","0","","2.0","1604.0","9","N","N","N","0","","0","0","0","","3","N","","1","0","0","0","0","0","0","2","0","1","","","","N","","","","","","","","","",""
"2021016103","","1","0","0","0","0","0","0","0","0","7","0","","02","2","2021","3","40.620687","-79.968282","","11","0","0","0","0","0","0","0","0","","0","0","0","","","0","N","0","","40 37:14.472","","0","79 58:05.815","0","0","0","0","2217","0","0","0","N","0","0","0","1","02505","0","","2.0","","7","N","N","N","0","","0","0","0","","0","","","1","0","0","0","0","0","0","2","0","1","","","","N","","","","","","","","","",""
"2021019158","","1","0","0","0","0","0","0","0","0","1","0","","02","2","2021","4","40.355851","-80.028223","","11","0","0","0","0","0","0","1","0","","0","0","0","","","1","","2","","40 21:21.063","","0","80 01:41.601","3","0","0","0","2407","0","0","0","N","0","0","0","3","02407","0","","1.0","","1","N","N","N","0","","1","0","1","","2","","","2","1","0","0","0","0","0","2","0","2","","03","","N","","","","","","","","","",""
"2021015819","","1","0","0","0","0","0","0","0","0","1","0","","02","2","2021","7","40.456427","-79.878464","","11","0","0","0","0","0","0","0","0","","0","0","0","","","0","N","0","","40 27:23.137","","0","79 52:42.470","0","0","0","0","2301","0","0","0","N","0","0","0","1","02301","0","","1.0","","1","N","N","N","0","","0","0","1","","0","","","2","0","0","0","0","0","0","2","0","2","","03","","N","","","","","","","","","",""
"2021015291","","2","0","0","0","0","0","0","0","0","4","0","","02","2","2021","7","40.275569","-79.837998","","11","0","1","0","0","0","1","0","0","","0","0","0","","","0","","2","","40 16:32.048","5","0","79 50:16.793","0","0","0","0","2105","0","0","0","N","0","0","0","2","02105","0","","1.0","1325.0","1","N","N","N","0","","0","0","0","","3","N","","2","0","0","0","0","0","0","1","0","2","","","","N","","","","","","","","","",""
"2021018214","","2","0","0","0","0","0","0","0","0","1","0","","02","2","2021","7","40.420886","-80.047618","","11","0","0","0","0","0","1","0","0","","0","0","0","","","0","N","0","","40 25:15.188","4","0","80 02:51.425","0","0","0","0","2435","0","0","0","N","0","0","0","2","68B03","0","","1.0","814.0","1","N","N","N","0","","0","0","0","","0","N","","2","0","0","0","0","0","0","2","0","2","","","","N","","","","","","","","","",""
"2021018439","","3","0","0","0","0","0","0","0","0","1","0","","02","2","2021","1","40.426061","-79.895738","","11","0","0","0","0","0","0","0","0","","0","0","0","","","1","N","0","","40 25:33.819","","0","79 53:44.656","3","0","0","0","2301","0","0","0","N","0","0","0","3","68B03","0","","1.0","","1","N","N","N","0","","1","0","0","","0","","","3","1","0","0","0","0","0","2","0","3","","","","N","","","","","","","","","",""
"2021009906","","1","0","0","0","0","0","0","0","0","2","0","","02","1","2021","7","40.468651","-80.019456","","11","0","0","0","0","0","0","0","0","","0","0","0","","","0","","3","","40 28:07.142","","0","80 01:10.042","0","0","0","0","2301","0","0","0","N","0","0","0","0","02301","0","","4.0","","1","N","N","N","0","","0","0","0","","0","","","1","0","0","0","0","0","0","2","0","1","","03","","N","","","","","","","","","",""
"2021017733","","3","0","0","0","0","0","0","0","0","1","0","","02","2","2021","7","40.509646","-80.003816","","11","0","1","0","0","0","0","0","0","","0","0","0","","","1","Y","0","","40 30:34.724","1","0","80 00:13.736","8","0","0","0","2116","0","0","0","N","0","0","0","4","02116","0","","1.0","1320.0","1","N","N","N","0","","0","0","0","","2","N","","3","1","0","0","0","1","0","2","0","3","","03","","N","","","","","","","","","",""
"2021018912","","2","0","0","0","0","0","0","0","0","1","0","","02","2","2021","4","40.608778","-79.968303","","11","0","0","0","0","1","0","1","0","","0","0","0","","","1","","3","","40 36:31.599","","0","79 58:05.891","3","0","0","0","2207","0","0","0","N","0","0","0","2","02207","0","","1.0","","1","N","N","N","0","","1","0","0","","0","","","2","1","0","0","0","0","0","2","0","2","","03","","N","","","","","","","","","",""
"2021015176","","1","0","0","0","0","0","0","0","0","7","0","","02","2","2021","1","40.485326","-80.009494","","11","0","0","0","0","0","0","0","0","","0","0","0","","","0","","1","","40 29:07.174","","0","80 00:34.178","9","0","0","0","2301","0","0","0","N","0","0","0","1","02301","0","","5.0","","2","N","N","N","0","","0","0","0","","0","","","1","0","0","0","0","0","1","2","0","1","","","","N","","","","","","","","","",""
"2021017787","","0","0","0","0","0","0","0","0","0","5","1","","02","2","2021","4","40.608371","-79.945477","","11","0","0","0","0","0","1","0","0","","0","1","0","","","1","N","0","","40 36:30.134","","0","79 56:43.716","4","0","0","0","2207","0","0","0","N","0","0","0","2","68T02","1","","1.0","","1","N","N","N","1","","0","0","0","","0","","","2","1","0","0","0","0","0","2","0","2","","","","N","","","","","","","","","",""
"2021011328","","1","0","0","0","0","0","0","0","0","6","0","","02","1","2021","5","40.351204","-79.994141","","11","0","0","0","0","0","0","0","0","","0","0","0","","","0","","2","","40 21:04.334","3","0","79 59:38.907","0","0","0","0","2476","0","0","0","N","0","0","0","3","02476","0","","1.0","1630.0","1","N","N","N","0","","0","0","1","","3","N","","2","0","0","0","0","0","0","2","0","2","","","","N","","","","","","","","","",""
"2021008636","","2","0","0","0","0","0","0","0","0","4","0","","02","1","2021","3","40.332441","-79.891341","","11","0","0","0","0","0","0","0","0","","0","0","0","","","0","","1","","40 19:56.787","3","0","79 53:28.827","0","0","0","0","2433","0","0","0","N","0","0","0","2","02433","0","","1.0","1928.0","1","N","N","N","0","","0","0","0","","0","N","","2","0","0","0","0","0","0","2","0","2","","04","","N","","","","","","","","","",""
"2021018211","","0","0","0","0","0","0","0","0","0","1","1","","02","2","2021","6","40.439314","-80.008253","","11","0","0","0","0","0","2","0","0","","0","1","0","","","1","Y","0","","40 26:21.532","","3","80 00:29.710","4","0","0","0","2301","0","0","0","N","0","0","0","2","68B03","1","","1.0","","1","N","N","N","1","","0","0","0","","3","","","2","1","0","0","0","0","0","2","0","2","","03","","N","","","","","","","","","",""
"2021034953","","0","0","0","0","0","0","0","0","0","1","0","","02","4","2021","5","40.428326","-79.947577","","11","0","0","0","0","0","0","0","0","","0","0","0","","","1","N","0","","40 25:41.974","4","3","79 56:51.278","4","0","0","0","2301","0","0","0","N","0","0","0","2","68B03","1","","1.0","2250.0","2","N","N","N","1","","0","0","1","","0","N","","2","1","0","0","0","0","0","2","0","2","","","","N","","","","","","","","","",""
"2021017828","","1","0","0","0","0","0","0","0","0","8","0","","02","2","2021","1","40.353159","-79.846188","","11","0","0","0","0","0","0","0","0","","0","0","0","","","1","N","0","","40 21:11.372","4","0","79 50:46.276","8","0","0","0","2304","1","0","0","N","1","0","0","2","02304","0","","1.0","2140.0","1","N","N","N","0","","0","0","0","","0","N","","2","1","0","0","0","1","0","2","0","1","","03","","N","","","","","","","","","",""
"2021005648","","0","0","0","0","0","0","0","0","0","7","0","","02","1","2021","7","40.371184","-80.049456","","11","0","0","0","0","0","0","0","0","","0","0","0","","","0","","2","","40 22:16.264","3","0","80 02:58.042","0","0","0","0","2109","0","0","0","N","0","0","0","1","02109","0","","5.0","1200.0","7","N","N","N","0","","0","0","1","","3","N","","1","0","0","0","0","0","0","2","0","1","","04","","N","","","","","","","","","",""
"2021017090","","1","0","0","0","0","0","0","0","0","6","0","","02","2","2021","6","40.441129","-80.04684","","11","0","0","0","0","0","1","0","0","","0","1","0","","","0","Y","0","","40 26:28.066","","0","80 02:48.624","0","0","0","0","2301","0","0","0","N","0","0","0","3","02301","0","","1.0","","1","N","N","N","0","","0","0","0","","0","","","2","0","2","0","0","0","0","2","0","2","","","","N","","","","","","","","","",""
"2021034153","","2","0","0","0","0","0","0","0","0","5","0","","02","4","2021","5","40.335136","-79.836847","","11","0","0","0","0","0","0","0","0","","0","0","0","","","0","N","1","","40 20:06.489","","0","79 50:12.649","0","0","0","0","2304","0","0","0","N","0","0","0","1","02304","0","","1.0","","1","N","N","N","0","","0","0","1","","3","","","3","0","0","0","0","0","0","2","0","3","","03","","N","","","","","","","","","",""
"2021034715","","0","1","0","0","0","0","0","0","0","1","0","","02","4","2021","6","40.548493","-80.028134","","11","0","0","0","0","0","0","0","1","","1","0","0","","","1","N","1","","40 32:54.576","5","0","80 01:41.282","1","0","0","0","2116","0","0","0","N","0","0","0","3","02116","0","2","1.0","1330.0","1","N","N","N","0","0","1","0","2","","0","N","","2","1","0","0","0","0","0","2","0","2","","","","N","","","","","","","","","",""
"2021019445","","1","0","0","0","0","0","1","0","0","6","1","","02","2","2021","5","40.445932","-79.891513","","11","0","0","0","0","0","0","0","0","","0","0","0","","","0","","1","","40 26:45.354","","0","79 53:29.445","9","0","0","0","2478","0","0","0","N","0","0","0","2","02503","0","","1.0","","1","N","N","N","0","","0","0","0","","1","","","2","0","0","0","0","0","1","2","0","2","","03","","N","","","","","","","","","",""
"2021010598","","0","0","0","0","0","0","0","0","0","7","0","","02","1","2021","5","40.408042","-79.876319","","11","0","0","0","0","0","0","0","0","","0","0","0","","","0","N","0","","40 24:28.950","","0","79 52:34.750","9","0","0","0","2456","0","0","0","N","0","0","0","1","68B03","0","","4.0","","1","N","N","N","0","","0","0","1","","0","","","1","0","1","0","0","0","1","2","0","1","","","","N","","","","","","","","","",""
"2021005475","","0","0","0","0","0","0","0","0","0","4","0","","02","1","2021","7","40.425471","-80.012189","","11","0","0","0","0","0","0","0","0","","0","0","0","","","0","N","0","","40 25:31.694","6","0","80 00:43.879","0","0","0","0","2301","0","0","0","N","0","0","0","2","02301","0","","1.0","445.0","2","N","N","Y","0","","0","0","3","","0","Y","","3","0","0","0","0","0","0","2","0","3","","","","N","","","","","","","","","",""
"2021014903","","1","0","0","0","0","0","0","0","0","1","0","","02","2","2021","1","40.524019","-80.005363","","11","0","0","0","0","0","0","0","0","","0","0","0","","","1","N","0","","40 31:26.468","2","0","80 00:19.307","3","0","0","0","2116","0","0","0","N","0","0","0","2","02116","0","","1.0","1241.0","1","N","N","N","1","","1","0","0","","0","N","","2","1","0","0","0","0","0","2","0","2","","","","N","","","","","","","","","",""
"2021016595","","1","0","0","0","0","0","0","0","0","4","1","","02","2","2021","2","40.608314","-80.094737","","11","0","0","0","0","0","0","1","0","","0","1","0","","","1","N","0","","40 36:29.929","2","0","80 05:41.054","3","0","0","0","2481","0","0","0","N","0","0","0","2","68B03","0","","1.0","100.0","6","N","N","N","0","","1","0","0","","0","Y","","2","1","0","0","0","0","0","2","0","2","","","","N","","","","","","","","","",""
"2021015164","","1","0","0","0","0","0","0","0","0","2","0","","02","2","2021","1","40.407262","-79.939001","","11","0","0","0","0","0","0","0","0","","0","0","0","","","0","N","0","","40 24:26.143","4","0","79 56:20.403","9","0","0","0","2301","0","0","0","N","0","0","0","3","02301","0","","1.0","30.0","2","N","N","N","0","","0","0","2","","0","Y","","3","0","0","0","0","0","1","2","0","3","","","","N","","","","","","","","","",""
"2021016202","","1","0","0","0","0","0","0","0","0","7","0","","02","2","2021","1","40.439489","-80.010051","","11","0","0","0","0","0","0","0","0","","0","0","0","","","1","N","0","","40 26:22.161","3","3","80 00:36.183","3","0","0","0","2301","0","0","0","N","0","0","0","1","68B03","0","","3.0","555.0","9","N","N","N","0","","1","0","0","","0","N","","1","1","0","0","0","0","0","2","0","1","","","","N","","","","","","","","","",""
"2021011958","","1","0","0","0","0","0","0","0","0","4","0","","02","2","2021","5","40.455395","-79.884738","","11","0","0","0","0","0","0","0","0","","0","0","0","","","0","","2","","40 27:19.422","6","0","79 53:05.056","9","0","0","0","2301","0","0","0","N","0","0","0","4","02301","0","","1.0","2348.0","9","N","N","N","0","","0","0","1","","0","Y","","2","0","0","0","0","0","1","2","0","2","","","","N","","","","","","","","","",""
"2021010096","","2","0","0","0","0","0","0","0","0","1","0","","02","1","2021","1","40.519739","-80.025389","","11","0","0","0","0","0","0","0","0","","0","0","0","","","0","N","0","","40 31:11.061","1","0","80 01:31.399","0","0","0","0","2474","0","0","0","N","0","0","0","1","02474","0","","1.0","1105.0","2","N","N","N","0","","0","0","0","","0","Y","","2","0","0","0","0","0","0","2","0","2","","","","N","","","","","","","","","",""
"2021012548","","2","0","0","0","0","0","0","0","0","1","0","","02","2","2021","7","40.433388","-79.797985","","11","0","0","0","0","0","0","0","0","","0","0","0","","","0","Y","0","","40 26:00.195","4","0","79 47:52.746","0","0","0","0","2446","0","0","0","N","0","0","0","2","02446","0","","1.0","1900.0","1","N","N","N","0","","0","0","0","","0","N","","2","0","0","0","0","0","0","2","0","2","","03","","N","","","","","","","","","",""
"2021019184","","1","0","0","0","0","0","0","0","0","7","0","","02","2","2021","2","40.387003","-79.881609","","11","0","0","0","0","0","1","0","0","","0","0","0","","","1","N","2","","40 23:13.210","","0","79 52:53.792","3","0","0","0","2473","0","0","0","N","0","0","0","1","02473","0","","5.0","","2","N","N","N","0","","1","0","0","","0","","","1","1","0","0","0","0","0","2","0","1","","03","","N","","","","","","","","","",""