"CRN","ARRIVAL_TM","AUTOMOBILE_COUNT","BELTED_DEATH_COUNT","BELTED_SUSP_SERIOUS_INJ_COUNT","BICYCLE_COUNT","BICYCLE_DEATH_COUNT","BICYCLE_SUSP_SERIOUS_INJ_COUNT","BUS_COUNT","CHLDPAS_DEATH_COUNT","CHLDPAS_SUSP_SERIOUS_INJ_COUNT","COLLISION_TYPE","COMM_VEH_COUNT","CONS_ZONE_SPD_LIM","COUNTY","CRASH_MONTH","CRASH_YEAR","DAY_OF_WEEK","DEC_LATITUDE","DEC_LONGITUDE","DISPATCH_TM","DISTRICT","DRIVER_COUNT_16YR","DRIVER_COUNT_17YR","DRIVER_COUNT_18YR","DRIVER_COUNT_19YR","DRIVER_COUNT_20YR","DRIVER_COUNT_50_64YR","DRIVER_COUNT_65_74YR","DRIVER_COUNT_75PLUS","EST_HRS_CLOSED","FATAL_COUNT","HEAVY_TRUCK_COUNT","HORSE_BUGGY_COUNT","HOUR_OF_DAY","ILLUMINATION","INJURY_COUNT","INTERSECTION_RELATED","INTERSECT_TYPE","LANE_CLOSED","LATITUDE","LN_CLOSE_DIR","LOCATION_TYPE","LONGITUDE","MAX_SEVERITY_LEVEL","MCYCLE_DEATH_COUNT","MCYCLE_SUSP_SERIOUS_INJ_COUNT","MOTORCYCLE_COUNT","MUNICIPALITY","NONMOTR_COUNT","NONMOTR_DEATH_COUNT","NONMOTR_SUSP_SERIOUS_INJ_COUNT","NTFY_HIWY_MAINT","PED_COUNT","PED_DEATH_COUNT","PED_SUSP_SERIOUS_INJ_COUNT","PERSON_COUNT","POLICE_AGCY","POSSIBLE_INJ_COUNT","RDWY_SURF_TYPE_CD","RELATION_TO_ROAD","ROADWAY_CLEARED","ROAD_CONDITION","SCH_BUS_IND","SCH_ZONE_IND","SECONDARY_CRASH","SMALL_TRUCK_COUNT","SPEC_JURIS_CD","SUSP_MINOR_INJ_COUNT","SUSP_SERIOUS_INJ_COUNT","SUV_COUNT","TCD_FUNC_CD","TCD_TYPE","TFC_DETOUR_IND","TIME_OF_DAY","TOTAL_UNITS","TOT_INJ_COUNT","UNBELTED_OCC_COUNT","UNB_DEATH_COUNT","UNB_SUSP_SERIOUS_INJ_COUNT","UNK_INJ_DEG_COUNT","UNK_INJ_PER_COUNT","URBAN_RURAL","VAN_COUNT","VEHICLE_COUNT","WEATHER1","WEATHER2","WORKERS_PRES","WORK_ZONE_IND","WORK_ZONE_LOC","WORK_ZONE_TYPE","WZ_CLOSE_DETOUR","WZ_FLAGGER","WZ_LAW_OFFCR_IND","WZ_LN_CLOSURE","WZ_MOVING","WZ_OTHER","WZ_SHLDER_MDN","WZ_WORKERS_INJ_KILLED"
"2021016462","","2","0","0","0","0","0","0","0","0","4","0","","02","2","2021","4","40.457334","-79.997367","","11","0","0","0","0","0","1","0","0","","0","0","0","","","0","N","1","","40 27:26.402","3","0","79 59:50.522","0","0","0","0","2301","0","0","0","N","0","0","0","2","02301","0","","1.0","1630.0","1","N","N","N","0","","0","0","0","","3","Y","","2","0","0","0","0","0","0","2","0","2","","04","","N","","","","","","","","","",""
"2021019585","","2","0","0","0","0","0","0","0","0","4","0","","02","2","2021","6","40.485203","-79.856827","","11","0","0","0","0","0","1","0","0","","0","0","0","","","0","N","0","","40 29:06.732","3","7","79 51:24.578","0","0","0","0","2113","0","0","0","N","0","0","0","2","02113","0","","1.0","1400.0","1","N","N","N","0","","0","0","0","","0","N","","2","0","0","0","0","0","0","2","0","2","","03","","N","","","","","","","","","",""
"2021016231","","1","0","0","0","0","0","0","0","0","7","0","","02","1","2021","5","40.38586","-80.097617","","11","0","0","0","0","0","1","0","0","","0","0","0","","","1","Y","0","","40 23:09.097","","0","80 05:51.422","3","0","0","0","2102","0","0","0","N","0","0","0","1","68B03","0","","4.0","","1","N","N","N","0","","1","0","0","","0","","","1","1","0","0","0","0","0","2","0","1","","03","","N","","","","","","","","","",""
"2021015877","","2","0","0","0","0","0","0","0","0","4","0","","02","2","2021","2","40.392016","-79.885092","","11","0","0","0","0","0","0","0","0","","0","0","0","","","1","","3","","40 23:31.257","1","0","79 53:06.331","8","0","0","0","2473","0","0","0","N","0","0","0","2","02473","0","","1.0","1017.0","7","N","N","N","0","","0","0","0","","0","N","","2","1","0","0","0","1","0","2","0","2","","06","","N","","","","","","","","","",""
"2021015724","","1","0","0","0","0","0","0","0","0","7","0","","02","2","2021","4","40.43277","-79.870758","","11","0","0","0","0","0","0","0","0","","0","0","0","","","1","N","6","","40 25:57.972","4","0","79 52:14.727","4","0","0","0","2411","0","0","0","N","0","0","0","1","68B03","1","","4.0","1245.0","2","N","N","N","0","","0","0","0","","0","N","","1","1","1","0","0","0","0","2","0","1","","","","N","","","","","","","","","",""
"2021016477","","1","0","1","0","0","0","0","0","0","7","0","","02","2","2021","4","40.492315","-79.818855","","11","0","0","0","0","0","0","0","0","","0","0","0","","","1","N","0","","40 29:32.333","5","0","79 49:07.878","2","0","0","0","2113","0","0","0","N","0","0","0","1","02113","0","","5.0","1725.0","1","N","N","N","0","","0","1","0","","0","Y","","1","1","0","0","0","0","0","2","0","1","","","","N","","","","","","","","","",""
"2021011291","","1","0","0","0","0","0","0","0","0","4","1","","02","2","2021","4","40.458126","-80.002159","","11","0","0","0","0","0","1","0","1","","0","1","0","","","0","N","2","","40 27:29.253","","0","80 00:07.772","0","0","0","0","2301","0","0","0","N","0","0","0","2","02301","0","","1.0","","1","N","N","N","0","","0","0","0","","0","N","","2","0","0","0","0","0","0","2","0","2","","","","N","","","","","","","","","",""
"2021014734","","1","0","0","0","0","0","0","0","0","4","0","","02","2","2021","6","40.339381","-79.962079","","11","0","0","1","0","1","0","0","0","","0","0","0","","","0","N","0","","40 20:21.770","1","0","79 57:43.484","0","0","0","0","2454","0","0","0","N","0","0","0","2","02454","0","","1.0","1908.0","9","N","N","Y","0","","0","0","1","","0","N","","2","0","0","0","0","0","0","2","0","2","","98","","N","","","","","","","","","",""
"2021017269","","0","0","0","0","0","0","0","0","0","7","0","","02","2","2021","4","40.587719","-80.099878","","11","0","0","0","0","0","0","0","0","","0","0","0","","","0","Y","0","","40 35:15.788","","0","80 05:59.560","0","0","0","0","2481","0","0","0","N","0","0","0","1","68B03","0","","3.0","","7","N","N","N","0","","0","0","1","","0","","","1","0","0","0","0","0","0","2","0","1","","","","N","","","","","","","","","",""
"2021013433","","1","0","0","0","0","0","0","0","0","7","0","","02","2","2021","2","40.522271","-80.034395","","11","0","0","0","0","0","0","0","1","","0","0","0","","","1","","1","","40 31:20.176","","0","80 02:03.821","3","0","0","0","2474","0","0","0","N","0","0","0","1","02474","0","","5.0","","1","N","N","N","0","","1","0","0","","2","","","1","1","0","0","0","0","0","2","0","1","","04","","N","","","","","","","","","",""
"2021015251","","1","0","0","0","0","0","0","0","0","7","0","","02","2","2021","1","40.426654","-80.057249","","11","0","0","0","0","0","0","0","0","","0","0","0","","","0","N","0","","40 25:35.954","3","0","80 03:26.097","0","0","0","0","2301","0","0","0","N","0","0","0","1","02301","0","","2.0","839.0","2","N","N","N","0","","0","0","0","","0","N","","1","0","0","0","0","0","0","2","0","1","","","","N","","","","","","","","","",""
"2021016585","","1","0","0","0","0","0","0","0","0","7","0","","02","2","2021","1","40.441827","-79.826613","","11","0","0","0","0","0","0","0","0","","1","0","0","","","0","N","0","","40 26:30.578","3","0","79 49:35.808","1","0","0","0","2124","0","0","0","N","0","0","0","1","68B03","0","2","4.0","300.0","9","N","N","N","0","0","0","0","0","","0","N","","1","0","1","1","0","0","0","2","0","1","","10","","N","","","","","","","","","",""
"2021015222","","0","0","0","0","0","0","0","0","0","1","0","","02","2","2021","6","40.34837","-79.944808","","11","0","0","0","0","0","0","1","0","","0","0","0","","","1","N","1","","40 20:54.133","2","0","79 56:41.310","4","0","0","0","2473","0","0","0","N","0","0","0","3","02473","1","","1.0","1248.0","1","N","N","N","0","","0","0","2","","4","N","","2","1","0","0","0","0","0","2","0","2","","","","N","","","","","","","","","",""
"2021016643","","1","0","0","0","0","0","0","0","0","7","0","","02","2","2021","6","40.454341","-80.065891","","11","0","0","0","0","0","0","0","0","","0","0","0","","","0","N","0","","40 27:15.628","7","0","80 03:57.207","0","0","0","0","2301","0","0","0","N","0","0","0","2","02301","0","","2.0","545.0","7","N","N","N","0","","0","0","0","","0","N","","1","0","0","0","0","0","0","2","0","1","","","","N","","","","","","","","","",""
"2021015319","","2","0","0","0","0","0","0","0","0","4","0","","02","2","2021","1","40.460436","-79.913794","","11","0","0","0","0","0","0","1","0","","0","0","0","","","2","","1","","40 27:37.569","3","0","79 54:49.658","3","0","0","0","2301","0","0","0","N","0","0","0","2","02301","1","","1.0","1645.0","9","N","N","N","0","","1","0","0","","2","Y","","2","2","1","0","0","0","0","2","0","2","","03","","N","","","","","","","","","",""
"2021016431","","0","0","0","0","0","0","0","0","0","7","0","","02","2","2021","1","40.4412","-80.008806","","11","0","0","0","0","0","0","0","0","","0","0","0","","","0","N","0","","40 26:28.320","1","0","80 00:31.703","0","0","0","0","2301","0","0","0","Y","0","0","0","3","68B03","0","","4.0","1931.0","1","N","N","N","0","","0","0","1","","0","N","","1","0","0","0","0","0","0","2","0","1","","03","","N","","","","","","","","","",""
"2021016547","","1","0","0","0","0","0","0","0","0","4","0","","02","2","2021","7","40.394892","-79.838234","","11","0","0","0","0","0","0","0","0","","0","0","0","","","2","Y","0","","40 23:41.612","","0","79 50:17.643","3","0","0","0","2425","0","0","0","N","0","0","0","6","68B03","0","","1.0","","1","N","N","N","0","","2","0","1","","3","","","2","2","0","0","0","0","0","2","0","2","","","","N","","","","","","","","","",""
"2021014602","","2","0","0","0","0","0","0","0","0","4","0","","02","2","2021","1","40.325868","-80.049323","","11","0","0","0","0","0","0","1","0","","0","0","0","","","0","","1","","40 19:33.124","","0","80 02:57.561","0","0","0","0","2407","0","0","0","N","0","0","0","2","02407","0","","1.0","","1","N","N","N","0","","0","0","0","","2","","","2","0","0","0","0","0","0","2","0","2","","","","N","","","","","","","","","",""
"2021015659","","2","0","0","0","0","0","0","0","0","2","0","","02","2","2021","2","40.496426","-79.836806","","11","0","0","0","0","0","0","0","1","","0","0","0","","","1","","2","","40 29:47.133","6","0","79 50:12.501","8","0","0","0","2113","0","0","0","N","0","0","0","2","02113","0","","1.0","1700.0","1","N","N","N","0","","0","0","0","","3","N","","2","1","0","0","0","1","0","2","0","2","","","","N","","","","","","","","","",""
"2021011572","","0","0","0","0","0","0","0","0","0","7","0","","02","1","2021","1","40.431435","-80.053188","","11","0","0","0","0","0","1","0","0","","0","0","0","","","1","N","1","","40 25:53.167","","0","80 03:11.477","3","0","0","0","2301","0","0","0","N","0","0","0","1","02301","0","","4.0","","1","N","N","N","1","","1","0","0","","0","","","1","1","0","0","0","0","0","2","0","1","","03","","N","","","","","","","","","",""
"2021014875","","0","0","0","0","0","0","0","0","0","0","0","","02","2","2021","6","40.340602","-79.893506","","11","0","0","0","0","0","0","0","0","","1","0","0","","","0","N","0","","40 20:26.168","6","0","79 53:36.621","1","0","0","0","2423","0","0","0","N","0","0","0","2","02304","0","2","5.0","450.0","1","N","N","N","0","0","0","0","1","","0","Y","","1","0","0","0","0","0","0","2","0","1","","03","","N","","","","","","","","","",""
"2021016654","","1","0","0","0","0","0","0","0","0","2","0","","02","2","2021","6","40.442893","-79.742363","","11","0","0","0","0","0","1","0","0","","0","0","0","","","0","N","0","","40 26:34.415","","0","79 44:32.507","0","0","0","0","2446","0","0","0","N","0","0","0","1","02446","0","","4.0","","99","N","N","N","1","","0","0","0","","0","","","2","0","0","0","0","0","0","2","0","2","","03","","N","","","","","","","","","",""
"2021014858","","2","0","0","0","0","0","0","0","0","5","0","","02","2","2021","7","40.477345","-79.954017","","11","0","0","0","0","0","0","0","0","","0","0","0","","","1","N","2","","40 28:38.442","5","0","79 57:14.461","3","0","0","0","2301","0","0","0","N","0","0","0","1","02301","0","","1.0","100.0","98","N","N","Y","0","","1","0","1","","0","Y","","3","1","0","0","0","0","0","2","0","3","","03","","N","","","","","","","","","",""
"2021015178","","1","0","0","0","0","0","0","0","0","7","0","","02","2","2021","1","40.432686","-79.924651","","11","0","0","0","0","0","0","0","0","","0","0","0","","","0","N","0","","40 25:57.668","","0","79 55:28.744","0","0","0","0","2301","0","0","0","N","0","0","0","1","02301","0","","4.0","","2","N","N","N","0","","0","0","1","","0","","","2","0","0","0","0","0","0","2","0","2","","09","","N","","","","","","","","","",""
"2021015366","","3","0","0","0","0","0","0","0","0","4","0","","02","2","2021","1","40.452713","-79.826093","","11","0","0","0","0","0","1","0","0","","0","0","0","","","0","N","2","","40 27:09.765","5","0","79 49:33.933","0","0","0","0","2113","0","0","0","N","0","0","0","3","02113","0","","1.0","1854.0","1","N","Y","Y","0","","0","0","0","","0","Y","","3","0","0","0","0","0","0","2","0","3","","03","","N","","","","","","","","","",""
"2021015501","","0","0","0","0","0","0","0","0","0","8","0","","02","2","2021","1","40.424976","-79.928102","","11","0","0","0","0","0","1","0","0","","0","0","0","","","1","","1","","40 25:29.913","7","0","79 55:41.167","2","0","0","0","2301","1","0","1","N","1","0","1","2","02301","0","","1.0","2345.0","1","N","N","N","0","","0","1","1","","3","Y","","2","1","0","0","0","0","0","2","0","1","","","","N","","","","","","","","","",""
"2021028230","","2","0","0","0","0","0","0","0","0","4","0","","02","3","2021","7","40.432531","-79.790324","","11","0","0","0","0","0","0","0","0","","0","0","0","","","0","","2","","40 25:57.111","3","0","79 47:25.166","0","0","0","0","2446","0","0","0","N","0","0","0","4","02446","0","","1.0","1152.0","1","N","N","N","0","","0","0","0","","2","N","","2","0","0","0","0","0","0","2","0","2","","03","","N","","","","","","","","","",""
"2021015873","","1","0","0","0","0","0","0","0","0","6","1","","02","2","2021","2","40.329678","-79.91002","","11","0","0","0","0","0","1","0","0","","0","1","0","","","0","N","0","","40 19:46.842","5","0","79 54:36.072","0","0","0","0","2473","0","0","0","N","0","0","0","5","02473","0","","1.0","1110.0","2","N","N","N","0","","0","0","0","","0","N","","2","0","0","0","0","0","0","2","0","2","","10","","N","","","","","","","","","",""
"2021014935","","1","0","0","0","0","0","0","0","0","7","0","","02","2","2021","7","40.467562","-79.888643","","11","0","0","0","0","0","0","0","0","","0","0","0","","","0","","2","","40 28:03.223","","0","79 53:19.114","0","0","0","0","2113","0","0","0","N","0","0","0","1","02113","0","","5.0","","1","N","N","N","0","","0","0","0","","0","","","1","0","1","0","0","0","0","2","0","1","","","","N","","","","","","","","","",""
"2021012790","","0","0","0","0","0","0","0","0","0","3","1","","02","2","2021","4","40.629284","-80.054747","","11","0","0","0","0","0","2","0","0","","0","1","0","","","0","N","0","","40 37:45.423","3","0","80 03:17.090","0","0","0","0","2216","0","0","0","N","0","0","0","3","02505","0","","1.0","1952.0","1","N","N","N","0","","0","0","1","","0","N","","2","0","0","0","0","0","0","2","0","2","","","","N","","","","","","","","","",""
"2021014037","","0","0","0","0","0","0","0","0","0","7","0","","02","2","2021","4","40.499958","-79.747031","","11","0","0","0","0","0","0","0","0","","0","0","0","","","0","","2","","40 29:59.850","1","0","79 44:49.312","0","0","0","0","2466","0","0","0","N","0","0","0","1","02466","0","","5.0","2032.0","7","N","N","N","1","","0","0","0","","0","N","","1","0","0","0","0","0","0","2","0","1","","","","N","","","","","","","","","",""
"2021015551","","1","0","0","0","0","0","0","0","0","7","0","","02","2","2021","2","40.645997","-79.786303","","11","0","0","0","0","0","0","0","0","","0","0","0","","","1","N","0","","40 38:45.589","","0","79 47:10.691","8","0","0","0","2202","0","0","0","N","0","0","0","1","02202","0","","4.0","","9","N","N","N","0","","0","0","0","","0","N","","1","1","0","0","0","1","0","1","0","1","","10","","N","","","","","","","","","",""
"2021014475","","1","0","0","0","0","0","0","0","0","1","0","","02","2","2021","5","40.462367","-79.850752","","11","0","0","0","0","0","0","0","0","","0","0","0","","","0","N","0","","40 27:44.522","","0","79 51:02.707","0","0","0","0","2113","0","0","0","N","0","0","0","1","02113","0","","4.0","","2","N","N","N","0","","0","0","2","","0","","","3","0","0","0","0","0","0","2","0","3","","03","","N","","","","","","","","","",""
"2021014035","","2","0","0","0","0","0","0","0","0","5","0","","02","2","2021","4","40.604788","-79.919537","","11","0","0","0","0","0","0","0","0","","0","0","0","","","0","N","2","","40 36:17.237","4","0","79 55:10.334","0","0","0","0","2220","0","0","0","N","0","0","0","2","02220","0","","1.0","2003.0","7","N","N","N","0","","0","0","0","","3","Y","","2","0","0","0","0","0","0","2","0","2","","","","N","","","","","","","","","",""
"2021016761","","0","0","0","0","0","0","0","0","0","1","1","","02","2","2021","5","40.489393","-80.295364","","11","0","0","0","0","0","1","0","0","","0","1","0","","","1","Y","0","","40 29:21.813","","0","80 17:43.310","3","0","0","0","2203","0","0","0","N","0","0","0","2","02203","0","","1.0","","9","N","N","N","0","","1","0","1","","4","","","2","1","0","0","0","0","0","2","0","2","","04","","N","","","","","","","","","",""
"2021014856","","2","0","0","0","0","0","0","0","0","4","0","","02","2","2021","6","40.386244","-80.084255","","11","0","0","0","0","0","0","0","1","","0","0","0","","","6","N","1","","40 23:10.478","1","0","80 05:03.319","2","0","0","0","2117","0","0","0","N","0","0","0","6","02117","3","","1.0","2212.0","9","N","N","N","0","","1","2","0","","2","N","","2","6","0","0","0","0","0","2","0","2","","03","","N","","","","","","","","","",""
"2021010661","","1","0","0","0","0","0","0","0","0","6","0","","02","2","2021","3","40.516222","-80.029498","","11","0","0","0","0","0","1","0","0","","0","0","0","","","0","N","0","","40 30:58.399","","0","80 01:46.191","0","0","0","0","2474","0","0","0","N","0","0","0","3","02474","0","","1.0","","7","N","N","N","0","","0","0","1","","0","","","2","0","0","0","0","0","0","2","0","2","","","","N","","","","","","","","","",""
"2021015898","","1","0","0","0","0","0","0","0","0","1","0","","02","2","2021","6","40.561326","-80.013073","","11","0","0","0","0","0","1","0","0","","0","0","0","","","0","","1","","40 33:40.772","","0","80 00:47.064","0","0","0","0","2108","0","0","0","N","0","0","0","2","02108","0","","1.0","","9","N","N","N","0","","0","0","0","","2","","","2","0","0","0","0","0","0","2","1","2","","","","N","","","","","","","","","",""
"2021014854","","1","0","0","0","0","0","0","0","0","7","0","","02","2","2021","5","40.481453","-79.806295","","11","0","0","0","0","0","0","0","0","","0","0","0","","","0","N","0","","40 28:53.231","6","0","79 48:22.663","0","0","0","0","2113","0","0","0","N","0","0","0","1","02113","0","","2.0","30.0","1","N","N","N","0","","0","0","0","","0","N","","1","0","0","0","0","0","0","2","0","1","","03","","N","","","","","","","","","",""
"2021015620","","1","0","0","0","0","0","0","0","0","7","0","","02","2","2021","7","40.439271","-80.008798","","11","0","0","0","0","0","0","0","0","","0","0","0","","","0","N","0","","40 26:21.375","3","0","80 00:31.673","0","0","0","0","2301","0","0","0","N","0","0","0","1","68B03","0","","2.0","215.0","1","N","N","N","0","","0","0","0","","0","N","","1","0","1","0","0","0","0","2","0","1","","","","N","","","","","","","","","",""
"2021004768","","1","0","0","0","0","0","0","0","0","1","0","","02","1","2021","2","40.520415","-80.0407","","11","0","0","0","0","0","0","1","0","","0","0","0","","","1","N","0","","40 31:13.495","","0","80 02:26.521","4","0","0","0","2474","0","0","0","N","0","0","0","1","02474","1","","6.0","","1","N","N","N","0","","0","0","1","","0","","","2","1","0","0","0","0","0","2","0","2","","","","N","","","","","","","","","",""
"2021010703","","0","0","0","0","0","0","0","0","0","7","0","","02","2","2021","3","40.457022","-79.962633","","11","0","0","0","0","0","0","0","0","","0","0","0","","","0","N","0","","40 27:25.279","","0","79 57:45.478","0","0","0","0","2301","0","0","0","N","0","0","0","1","02301","0","","3.0","","6","N","N","N","0","","0","0","1","","0","","","1","0","0","0","0","0","0","2","0","1","","","","N","","","","","","","","","",""
"2021015797","","0","0","0","0","0","0","0","0","0","7","0","","02","2","2021","2","40.421239","-79.735074","","11","0","0","0","0","0","0","0","0","","0","0","0","","","0","N","0","","40 25:16.461","","0","79 44:06.267","0","0","0","0","2446","0","0","0","N","0","0","0","1","68T09","0","","4.0","","6","N","N","N","0","","0","0","1","","0","","","1","0","0","0","0","0","0","2","0","1","","","","N","","","","","","","","","",""
"2021014825","","0","0","0","0","0","0","0","0","0","7","0","","02","2","2021","6","40.491992","-79.818764","","11","0","0","0","0","0","1","1","0","","0","0","0","","","1","N","0","","40 29:31.171","","0","79 49:07.549","3","0","0","0","2113","0","0","0","N","0","0","0","2","02113","0","","2.0","","9","N","N","Y","0","","1","0","2","","0","","","2","1","1","0","0","0","0","2","0","2","","","","N","","","","","","","","","",""
"2021011600","","1","0","0","0","0","0","0","0","0","7","0","","02","2","2021","4","40.648775","-79.800531","","11","0","0","0","0","0","0","0","0","","0","0","0","","","0","N","0","","40 38:55.591","4","0","79 48:01.913","0","0","0","0","2202","0","0","0","N","0","0","0","1","02202","0","","4.0","1100.0","1","N","N","N","0","","0","0","0","","0","N","","1","0","0","0","0","0","0","1","0","1","","","","N","","","","","","","","","",""
"2021014481","","1","0","0","0","0","0","0","0","0","2","0","","02","2","2021","5","40.672686","-80.069486","","11","0","0","0","0","0","1","0","0","","0","0","0","","","0","Y","0","","40 40:21.670","2","0","80 04:10.148","9","0","0","0","2216","0","0","0","N","0","0","0","2","02505","0","","1.0","2330.0","1","N","N","N","0","","0","0","0","","0","N","","2","0","0","0","0","0","1","2","0","2","","","","N","","","","","","","","","",""
"2021003873","","0","0","0","0","0","0","0","0","0","1","0","","02","1","2021","3","40.396171","-79.987397","","11","0","0","0","0","0","1","0","0","","0","0","0","","","0","N","0","","40 23:46.214","","0","79 59:14.629","0","0","0","0","2301","0","0","0","N","0","0","0","1","02301","0","","6.0","","1","N","N","N","2","","0","0","1","","0","","","3","0","0","0","0","0","0","2","0","3","","03","","N","","","","","","","","","",""
"2021015166","","2","0","0","0","0","0","0","0","0","5","0","","02","2","2021","7","40.338722","-79.887848","","11","0","0","0","0","0","0","0","0","","0","0","0","","","1","N","0","","40 20:19.399","5","0","79 53:16.253","4","0","0","0","2433","0","0","0","N","0","0","0","1","02433","1","","1.0","500.0","1","N","N","N","0","","0","0","0","","0","Y","","2","1","1","0","0","0","0","2","0","2","","03","","N","","","","","","","","","",""
"2021016184","","1","0","0","0","0","0","0","0","0","7","0","","02","2","2021","6","40.445368","-79.847731","","11","0","0","0","0","0","0","0","0","","0","0","0","","","0","N","0","","40 26:43.324","3","0","79 50:51.833","0","0","0","0","2419","0","0","0","Y","0","0","0","1","68B03","0","","4.0","230.0","1","N","N","N","0","","0","0","0","","0","N","","1","0","0","0","0","0","0","2","0","1","","","","N","","","","","","","","","",""
"2021015889","","1","0","0","0","0","0","0","0","0","4","0","","02","2","2021","2","40.448804","-79.987505","","11","0","0","0","0","0","0","0","0","","0","0","0","","","0","","1","","40 26:55.694","","0","79 59:15.019","0","0","0","0","2301","0","0","0","N","0","0","0","2","02301","0","","1.0","","6","N","N","N","0","","0","0","1","","2","","","2","0","0","0","0","0","0","2","0","2","","10","","N","","","","","","","","","",""
"2021028469","","0","0","0","0","0","0","0","0","0","7","0","","02","3","2021","5","40.494774","-80.029162","","11","0","0","0","1","0","0","0","0","","0","0","0","","","0","N","0","","40 29:41.188","6","0","80 01:44.982","0","0","0","0","2116","0","0","0","N","0","0","0","2","02116","0","","5.0","1420.0","9","","","N","0","","0","0","1","","0","Y","","1","0","0","0","0","0","0","2","0","1","","","","N","","","","","","","","","",""
"2021016557","","0","0","0","0","0","0","0","0","0","7","0","","02","2","2021","3","40.496384","-79.9151","","11","0","0","0","0","0","0","0","0","","0","0","0","","","0","N","0","","40 29:46.984","1","0","79 54:54.359","0","0","0","0","2112","0","0","0","N","0","0","0","1","68D02","0","","4.0","700.0","7","N","N","N","1","","0","0","0","","0","N","","1","0","0","0","0","0","0","2","0","1","","","","N","","","","","","","","","",""
"2021011532","","2","0","0","0","0","0","0","0","0","4","0","","02","1","2021","1","40.455188","-79.874462","","11","0","0","0","0","0","0","0","0","","0","0","0","","","0","N","0","","40 27:18.677","","0","79 52:28.064","9","0","0","0","2301","0","0","0","N","0","0","0","2","02301","0","","6.0","","1","N","N","N","0","","0","0","0","","0","","","2","0","0","0","0","0","2","2","0","2","","","","N","","","","","","","","","",""
"2021015436","","0","0","0","0","0","0","0","0","0","7","0","","02","2","2021","1","40.428363","-79.973629","","11","0","0","0","0","0","0","0","0","","0","0","0","","","1","N","0","","40 25:42.107","","3","79 58:25.066","3","0","0","0","2301","0","0","0","N","0","0","0","1","02301","0","","1.0","","2","N","N","N","0","","1","0","1","","0","","","1","1","0","0","0","0","0","2","0","1","","04","","N","","","","","","","","","",""
"2021034418","","1","0","0","0","0","0","0","0","0","4","0","","02","4","2021","5","40.455699","-79.939307","","11","0","0","1","0","0","0","0","0","","0","0","0","","","3","N","0","","40 27:20.516","","0","79 56:21.504","8","0","0","0","2301","0","0","0","N","0","0","0","3","02301","0","","4.0","","1","N","N","N","0","","0","0","1","","0","","","2","3","0","0","0","3","0","2","0","2","","04","","N","","","","","","","","","",""
"2021018862","","2","0","0","0","0","0","0","0","0","5","0","","02","2","2021","1","40.428132","-79.955027","","11","0","0","0","0","0","1","0","0","","0","0","0","","","0","N","0","","40 25:41.276","4","0","79 57:18.098","0","0","0","0","2301","0","0","0","N","0","0","0","2","68B03","0","","1.0","120.0","1","N","N","N","0","","0","0","0","","0","N","","2","0","1","0","0","0","0","2","0","2","","","","N","","","","","","","","","",""
"2021015439","","1","0","0","0","0","0","0","0","0","8","0","","02","2","2021","5","40.347904","-79.840894","","11","0","0","0","0","0","0","0","0","","0","0","0","","","1","N","0","","40 20:52.456","5","0","79 50:27.217","2","0","0","0","2304","1","0","1","N","1","0","1","2","02304","0","","2.0","100.0","7","N","N","N","0","","0","1","0","","0","Y","","2","1","0","0","0","0","0","2","0","1","","03","","N","","","","","","","","","",""
"2021018680","","1","0","0","0","0","0","0","0","0","1","0","","02","2","2021","3","40.522469","-79.84248","","11","0","0","0","0","0","0","0","1","","0","0","0","","","0","Y","0","","40 31:20.889","","0","79 50:32.928","0","0","0","0","2451","0","0","0","N","0","0","0","2","02451","0","","2.0","","1","N","N","N","0","","0","0","1","","0","","","2","0","0","0","0","0","0","2","0","2","","03","","N","","","","","","","","","",""
"2021016630","","0","0","0","0","0","0","0","0","0","4","0","","02","2","2021","4","40.427906","-80.053673","","11","0","0","0","0","0","0","0","0","","0","0","0","","","0","N","0","","40 25:40.460","","7","80 03:13.224","0","0","0","0","2301","0","0","0","N","0","0","0","2","02301","0","","1.0","","1","N","N","N","0","","0","0","2","","0","","","2","0","0","0","0","0","0","2","0","2","","03","","N","","","","","","","","","",""
"2021015214","","2","0","0","0","0","0","0","0","0","2","0","","02","2","2021","1","40.425647","-80.000038","","11","0","0","0","0","0","0","0","0","","0","0","0","","","0","Y","0","","40 25:32.329","","0","80 00:00.138","0","0","0","0","2301","0","0","0","N","0","0","0","2","02301","0","","4.0","","2","N","N","N","0","","0","0","0","","0","","","2","0","0","0","0","0","0","2","0","2","","10","","N","","","","","","","","","",""
"2021013289","","0","0","0","0","0","0","0","0","0","4","0","","02","2","2021","3","40.489256","-80.047058","","11","0","0","0","0","0","0","0","0","","0","0","0","","","0","","2","","40 29:21.321","","0","80 02:49.408","0","0","0","0","2404","0","0","0","N","0","0","0","2","02404","0","","1.0","","6","N","N","N","0","","0","0","2","","3","","","2","0","0","0","0","0","0","2","0","2","","10","","N","","","","","","","","","",""
"2021015035","","0","0","0","0","0","0","0","0","0","7","0","","02","2","2021","3","40.545986","-80.147858","","11","0","0","0","0","0","0","0","1","","0","0","0","","","1","N","0","","40 32:45.549","2","0","80 08:52.290","4","0","0","0","2459","0","0","0","N","0","0","0","1","02459","1","","4.0","1055.0","9","N","N","N","0","","0","0","1","","0","N","","1","1","0","0","0","0","0","1","0","1","","","","N","","","","","","","","","",""