"CRN","ARRIVAL_TM","AUTOMOBILE_COUNT","BELTED_DEATH_COUNT","BELTED_SUSP_SERIOUS_INJ_COUNT","BICYCLE_COUNT","BICYCLE_DEATH_COUNT","BICYCLE_SUSP_SERIOUS_INJ_COUNT","BUS_COUNT","CHLDPAS_DEATH_COUNT","CHLDPAS_SUSP_SERIOUS_INJ_COUNT","COLLISION_TYPE","COMM_VEH_COUNT","CONS_ZONE_SPD_LIM","COUNTY","CRASH_MONTH","CRASH_YEAR","DAY_OF_WEEK","DEC_LATITUDE","DEC_LONGITUDE","DISPATCH_TM","DISTRICT","DRIVER_COUNT_16YR","DRIVER_COUNT_17YR","DRIVER_COUNT_18YR","DRIVER_COUNT_19YR","DRIVER_COUNT_20YR","DRIVER_COUNT_50_64YR","DRIVER_COUNT_65_74YR","DRIVER_COUNT_75PLUS","EST_HRS_CLOSED","FATAL_COUNT","HEAVY_TRUCK_COUNT","HORSE_BUGGY_COUNT","HOUR_OF_DAY","ILLUMINATION","INJURY_COUNT","INTERSECTION_RELATED","INTERSECT_TYPE","LANE_CLOSED","LATITUDE","LN_CLOSE_DIR","LOCATION_TYPE","LONGITUDE","MAX_SEVERITY_LEVEL","MCYCLE_DEATH_COUNT","MCYCLE_SUSP_SERIOUS_INJ_COUNT","MOTORCYCLE_COUNT","MUNICIPALITY","NONMOTR_COUNT","NONMOTR_DEATH_COUNT","NONMOTR_SUSP_SERIOUS_INJ_COUNT","NTFY_HIWY_MAINT","PED_COUNT","PED_DEATH_COUNT","PED_SUSP_SERIOUS_INJ_COUNT","PERSON_COUNT","POLICE_AGCY","POSSIBLE_INJ_COUNT","RDWY_SURF_TYPE_CD","RELATION_TO_ROAD","ROADWAY_CLEARED","ROAD_CONDITION","SCH_BUS_IND","SCH_ZONE_IND","SECONDARY_CRASH","SMALL_TRUCK_COUNT","SPEC_JURIS_CD","SUSP_MINOR_INJ_COUNT","SUSP_SERIOUS_INJ_COUNT","SUV_COUNT","TCD_FUNC_CD","TCD_TYPE","TFC_DETOUR_IND","TIME_OF_DAY","TOTAL_UNITS","TOT_INJ_COUNT","UNBELTED_OCC_COUNT","UNB_DEATH_COUNT","UNB_SUSP_SERIOUS_INJ_COUNT","UNK_INJ_DEG_COUNT","UNK_INJ_PER_COUNT","URBAN_RURAL","VAN_COUNT","VEHICLE_COUNT","WEATHER1","WEATHER2","WORKERS_PRES","WORK_ZONE_IND","WORK_ZONE_LOC","WORK_ZONE_TYPE","WZ_CLOSE_DETOUR","WZ_FLAGGER","WZ_LAW_OFFCR_IND","WZ_LN_CLOSURE","WZ_MOVING","WZ_OTHER","WZ_SHLDER_MDN","WZ_WORKERS_INJ_KILLED"
"2021032630","","1","0","0","0","0","0","0","0","0","7","0","","02","3","2021","1","40.395297","-79.843503","","11","0","0","0","0","0","1","0","0","","0","0","0","21","","0","N","0","","40 23:43.070","4","0","79 50:36.610","0","0","0","0","2425","0","0","0","N","0","0","0","1","68B03","0","","4.0","2212.0","9","N","N","N","0","","0","0","0","","0","N","2119","1","0","0","0","0","0","0","2","0","1","","","","N","","","","","","","","","",""
"2021019594","","2","0","0","0","0","0","0","0","0","1","0","","02","2","2021","3","40.244197","-79.87188","","11","0","0","0","0","0","1","1","0","","0","0","0","15","","0","N","0","","40 14:39.110","1","0","79 52:18.767","0","0","0","0","2204","0","0","0","N","0","0","0","3","02204","0","","1.0","1602.0","9","N","N","N","0","","0","0","1","","0","N","1513","3","0","0","0","0","0","0","1","0","3","","06","","N","","","","","","","","","",""
"2021033778","","0","0","0","0","0","0","0","0","0","4","0","","02","4","2021","3","40.346725","-79.855876","","11","0","0","0","0","0","1","0","0","","0","0","0","17","","0","","1","","40 20:48.210","6","0","79 51:21.155","0","0","0","0","2304","0","0","0","N","0","0","0","2","02304","0","","1.0","1827.0","1","N","N","N","0","","0","0","2","","3","Y","1752","2","0","0","0","0","0","0","2","0","2","","03","","N","","","","","","","","","",""
"2021032772","","1","0","0","0","0","0","0","0","0","7","0","","02","4","2021","7","40.243819","-79.80909","","11","0","0","0","0","0","0","0","0","","0","0","0","00","","0","N","0","","40 14:37.750","6","0","79 48:32.724","0","0","0","0","2105","0","0","0","Y","0","0","0","1","02105","0","","5.0","130.0","1","N","N","N","0","","0","0","0","","0","Y","0038","1","0","0","0","0","0","0","1","0","1","","","","N","","","","","","","","","",""
"2021031167","","1","0","0","0","0","0","0","0","0","7","0","","02","4","2021","2","40.242946","-79.860532","","11","0","0","0","0","0","0","0","0","","0","0","0","16","","1","N","0","","40 14:34.606","7","0","79 51:37.916","3","0","0","0","2105","0","0","0","N","0","0","0","1","02105","0","","5.0","1731.0","1","N","N","N","0","","1","0","0","","0","Y","1643","1","1","0","0","0","0","0","1","0","1","","03","","N","","","","","","","","","",""
"2021033792","","0","0","0","0","0","0","0","0","0","7","0","","02","4","2021","3","40.394861","-79.773774","","11","0","0","0","0","0","1","0","0","","0","0","0","18","","1","N","0","","40 23:41.500","1","3","79 46:25.587","3","0","0","0","2111","0","0","0","N","0","0","0","1","02111","0","","2.0","1932.0","1","N","N","N","0","","1","0","1","","0","N","1855","1","1","0","0","0","0","0","2","0","1","","03","","N","","","","","","","","","",""
"2021042058","","2","0","0","0","0","0","0","0","0","6","0","","02","5","2021","1","40.358322","-79.834807","","11","0","0","0","0","0","0","0","0","","0","0","0","17","","0","N","0","","40 21:29.960","","0","79 50:05.305","0","0","0","0","2304","0","0","0","N","0","0","0","3","02304","0","","2.0","","1","N","N","N","0","","0","0","0","","0","","1716","2","0","0","0","0","0","0","2","0","2","","03","","N","","","","","","","","","",""
"2021002171","","2","0","0","0","0","0","0","0","0","4","0","","02","1","2021","4","40.478908","-80.043019","","11","0","0","0","0","0","1","0","0","","0","0","0","19","","1","N","1","","40 28:44.067","2","0","80 02:34.868","4","0","0","0","2301","0","0","0","N","0","0","0","2","02301","1","","1.0","2032.0","1","N","N","N","0","","0","0","0","","2","N","1949","2","1","0","0","0","0","0","2","0","2","","03","","N","","","","","","","","","",""
"2021001420","","0","0","0","0","0","0","0","0","0","4","0","","02","1","2021","3","40.51388","-79.951465","","11","0","0","0","0","0","1","0","0","","0","0","0","08","","0","N","2","","40 30:49.967","2","0","79 57:05.273","0","0","0","0","2118","0","0","0","N","0","0","0","2","02118","0","","1.0","920.0","9","N","N","N","2","","0","0","0","","2","N","0856","2","0","0","0","0","0","0","2","0","2","","07","","N","","","","","","","","","",""
"2021014490","","0","0","0","0","0","0","0","0","0","7","0","","02","2","2021","3","40.51385","-79.973122","","11","0","0","0","0","0","0","0","0","","0","0","0","07","","1","N","0","","40 30:49.860","5","0","79 58:23.240","4","0","0","0","2118","0","0","0","Y","0","0","0","1","02118","1","","5.0","808.0","6","N","N","N","0","","0","0","1","","0","N","0735","1","1","0","0","0","0","0","2","0","1","","","","N","","","","","","","","","",""
"2021008146","","2","0","0","0","0","0","0","0","0","4","0","","02","1","2021","2","40.435667","-79.771056","","11","0","0","0","0","1","1","0","0","","0","0","0","18","","2","N","0","","40 26:08.400","3","7","79 46:15.800","3","0","0","0","2446","0","0","0","N","0","0","0","3","02446","0","","1.0","1915.0","9","N","N","N","0","","2","0","1","","2","Y","1820","3","2","0","0","0","0","0","2","0","3","","","","N","","","","","","","","","",""
"2021030409","","1","0","0","0","0","0","1","0","0","1","1","","02","4","2021","6","40.455112","-79.885976","","11","0","0","0","0","0","1","0","0","","0","0","0","23","","1","","2","","40 27:18.403","7","0","79 53:09.513","4","0","0","0","2301","0","0","0","N","0","0","0","16","02301","1","","1.0","2351.0","1","Y","N","N","0","","0","0","0","","3","N","2320","2","1","0","0","0","0","1","2","0","2","","","","N","","","","","","","","","",""
"2021008147","","2","0","0","0","0","0","0","0","0","98","0","","02","1","2021","2","40.472954","-80.072695","","11","0","0","0","0","0","0","1","0","","0","0","0","15","","3","","1","","40 28:22.635","6","0","80 04:21.703","3","0","0","0","2122","0","0","0","N","0","0","0","3","02122","0","","1.0","1536.0","1","N","N","N","0","","3","0","0","","0","N","1508","2","3","0","0","0","0","0","2","0","2","","03","","N","","","","","","","","","",""
"2021005009","","0","0","0","0","0","0","0","0","0","5","0","","02","1","2021","6","40.455364","-79.891837","","11","0","1","0","0","0","0","0","0","","0","0","0","20","","0","N","0","","40 27:19.310","6","0","79 53:30.612","0","0","0","0","2301","0","0","0","N","0","0","0","3","02301","0","","4.0","2130.0","9","N","N","N","0","","0","0","3","","0","N","2051","3","0","0","0","0","0","0","2","0","3","","04","","N","","","","","","","","","",""
"2021041137","","1","0","0","0","0","0","0","0","0","4","0","","02","5","2021","5","40.432435","-79.839279","","11","0","0","0","0","0","0","1","0","","0","0","0","16","","1","N","2","","40 25:56.765","","0","79 50:21.405","3","0","0","0","2419","0","0","0","N","0","0","0","2","02419","0","","1.0","","1","N","N","N","0","","1","0","0","","3","","1645","2","1","0","0","0","0","0","2","1","2","","03","","N","","","","","","","","","",""
"2021028436","","2","0","0","0","0","0","0","0","0","5","0","","02","3","2021","7","40.457025","-79.899035","","11","0","0","0","0","0","0","0","0","","0","0","0","10","","0","N","0","","40 27:25.291","","0","79 53:56.526","0","0","0","0","2301","0","0","0","N","0","0","0","1","02301","0","","1.0","","1","N","N","Y","0","","0","0","0","","0","N","1025","2","0","0","0","0","0","0","2","0","2","","03","","N","","","","","","","","","",""
"2021013739","","0","0","0","0","0","0","0","0","0","4","0","","02","2","2021","4","40.522696","-79.867749","","11","0","1","0","0","0","1","0","0","","0","0","0","09","","0","","2","","40 31:21.706","","0","79 52:03.895","0","0","0","0","2112","0","0","0","N","0","0","0","2","02112","0","","1.0","","98","N","N","Y","0","","0","0","1","","3","N","0917","2","0","0","0","0","0","0","2","1","2","","03","","N","","","","","","","","","",""
"2021041848","","0","0","0","0","0","0","0","0","0","4","0","","02","4","2021","6","40.377326","-79.850664","","11","0","0","0","0","0","0","0","0","","1","0","0","03","","1","N","2","","40 22:38.374","5","0","79 51:02.392","1","0","0","0","2303","0","0","0","Y","0","0","0","2","02303","0","2","4.0","811.0","9","N","N","N","0","0","1","0","1","","0","Y","0331","1","1","1","1","0","0","0","2","0","1","","","","N","","","","","","","","","",""
"2021011272","","0","0","0","0","0","0","0","0","0","1","0","","02","2","2021","3","40.414451","-80.082713","","11","0","0","0","0","0","0","0","1","","0","0","0","11","","1","N","0","","40 24:52.024","","3","80 04:57.765","8","0","0","0","2415","0","0","0","N","0","0","0","2","68B03","0","","1.0","","1","N","N","N","0","","0","0","2","","0","","1121","2","1","0","0","0","1","0","2","0","2","","03","","N","","","","","","","","","",""
"2021003918","","1","0","0","0","0","0","0","0","0","1","0","","02","1","2021","4","40.434155","-79.732465","","11","0","0","0","0","0","1","0","0","","0","0","0","18","","1","N","2","","40 26:02.958","4","0","79 43:56.875","4","0","0","0","2446","0","0","0","N","0","0","0","2","02446","1","","1.0","1852.0","1","N","N","N","0","","0","0","1","","2","N","1850","2","1","1","0","0","0","0","2","0","2","","03","","N","","","","","","","","","",""
"2021009899","","1","0","0","0","0","0","0","0","0","7","0","","02","1","2021","7","40.308386","-79.888983","","11","0","0","0","0","0","0","0","0","","0","0","0","01","","0","","1","","40 18:30.190","","0","79 53:20.337","0","0","0","0","2302","0","0","0","N","0","0","0","1","02302","0","","5.0","","1","N","N","N","0","","0","0","0","","0","N","0157","1","0","1","0","0","0","0","2","0","1","","03","","N","","","","","","","","","",""
"2021033310","","0","0","0","0","0","0","0","0","0","7","0","","02","3","2021","1","40.35","-80.117504","","11","0","0","0","0","0","0","0","0","","0","0","0","15","","1","N","0","","40 21:00.000","1","0","80 07:03.014","3","0","0","0","2119","0","0","0","N","0","0","0","1","68B03","0","","2.0","1615.0","1","N","N","N","0","","1","0","1","","0","N","1525","1","1","0","0","0","0","0","2","0","1","","","","N","","","","","","","","","",""
"2021021457","","1","0","1","0","0","0","0","0","0","2","1","","02","3","2021","4","40.580586","-79.981878","","11","0","1","0","0","0","0","0","0","","0","1","0","14","","1","N","0","","40 34:50.110","5","0","79 58:54.760","2","0","0","0","2207","0","0","0","N","0","0","0","2","02207","0","","1.0","1730.0","1","N","N","N","0","","0","1","0","","0","Y","1455","2","1","0","0","0","0","0","1","0","2","","03","","N","","","","","","","","","",""
"2021029696","","1","0","0","0","0","0","0","0","0","7","0","","02","3","2021","4","40.551729","-80.086499","","11","0","0","0","0","0","1","0","0","","0","0","0","08","","0","N","0","","40 33:06.225","","0","80 05:11.398","0","0","0","0","2215","0","0","0","N","0","0","0","1","68B03","0","","4.0","","9","N","N","N","0","","0","0","0","","0","","0801","1","0","0","0","0","0","0","2","0","1","","03","","N","","","","","","","","","",""
"2021032623","","0","0","0","0","0","0","0","0","0","1","0","","02","3","2021","6","40.428654","-79.930002","","11","0","0","0","0","0","0","1","0","","0","0","0","10","","0","N","0","","40 25:43.153","3","2","79 55:48.006","0","0","0","0","2301","0","0","0","N","0","0","0","4","68B03","0","","1.0","1040.0","1","N","N","N","0","","0","0","2","","0","N","1032","3","0","0","0","0","0","0","2","0","2","","","","N","","","","","","","","","",""
"2021001775","","1","0","0","0","0","0","0","0","0","1","0","","02","1","2021","3","40.292094","-79.963803","","11","0","0","0","0","0","0","0","0","","0","0","0","20","","1","N","0","","40 17:31.537","5","0","79 57:49.690","3","0","0","0","2440","0","0","0","N","0","0","0","2","02440","0","","1.0","2052.0","9","N","N","N","0","","1","0","1","","0","N","2001","2","1","0","0","0","0","0","2","0","2","","03","","N","","","","","","","","","",""
"2021006765","","0","0","0","0","0","0","0","0","0","0","0","","02","1","2021","2","40.508254","-80.045698","","11","0","0","0","0","0","1","0","0","","0","0","0","15","","2","N","0","","40 30:29.715","","0","80 02:44.514","8","0","0","0","2116","0","0","0","Y","0","0","0","2","68B03","0","","3.0","","1","N","N","N","1","","0","0","0","","0","","1534","1","2","0","0","0","2","0","2","0","1","","","","N","","","","","","","","","",""
"2021000760","","1","0","0","0","0","0","0","0","0","7","0","","02","1","2021","1","40.320335","-79.786943","","11","0","0","0","0","0","1","0","0","","0","0","0","17","","0","N","0","","40 19:13.206","","0","79 47:12.996","0","0","0","0","2477","0","0","0","Y","0","0","0","1","02477","0","","2.0","","1","N","N","N","0","","0","0","0","","0","","1702","1","0","0","0","0","0","0","2","0","1","","04","","N","","","","","","","","","",""
"2021004403","","1","0","0","0","0","0","0","0","0","7","0","","02","1","2021","3","40.403785","-79.907468","","11","0","0","0","0","0","0","0","0","","0","0","0","02","","2","N","0","","40 24:13.625","","0","79 54:26.884","2","0","0","0","2438","0","0","0","N","0","0","0","2","02438","0","","5.0","","1","","","N","0","","0","2","0","","3","N","0203","1","2","1","0","1","0","0","2","0","1","","","","N","","","","","","","","","",""
"2021041768","","1","0","0","0","0","0","0","0","0","7","0","","02","5","2021","1","40.410784","-79.955423","","11","0","0","0","0","0","0","0","0","","0","0","0","00","","0","N","0","","40 24:38.822","3","7","79 57:19.522","9","0","0","0","2403","0","0","0","N","0","0","0","1","02403","0","","5.0","54.0","1","N","N","N","0","","0","0","0","","0","N","0008","1","0","0","0","0","0","1","2","0","1","","","","N","","","","","","","","","",""
"2021037400","","1","0","0","0","0","0","0","0","0","7","0","","02","4","2021","2","40.462879","-79.850262","","11","0","0","0","0","0","0","0","0","","0","0","0","01","","1","N","0","","40 27:46.366","6","0","79 51:00.944","3","0","0","0","2113","0","0","0","Y","0","0","0","1","02113","0","","5.0","245.0","1","N","N","Y","0","","1","0","0","","0","Y","0109","1","1","0","0","0","0","0","2","0","1","","","","N","","","","","","","","","",""
"2021025560","","1","0","0","0","0","0","0","0","0","7","0","","02","3","2021","5","40.275764","-79.879566","","11","0","0","0","0","0","1","0","0","","0","0","0","07","","0","N","0","","40 16:32.752","","0","79 52:46.438","0","0","0","0","2105","0","0","0","N","0","0","0","1","02105","0","","2.0","","9","N","N","N","0","","0","0","0","","0","","0716","1","0","0","0","0","0","0","2","0","1","","","","N","","","","","","","","","",""
"2021029729","","1","0","0","0","0","0","0","0","0","7","0","","02","4","2021","5","40.484407","-80.040492","","11","0","0","0","0","0","0","0","0","","0","0","0","01","","0","N","3","","40 29:03.864","","0","80 02:25.771","9","0","0","0","2301","0","0","0","N","0","0","0","1","02301","0","","5.0","","9","N","N","N","0","","0","0","0","","2","","0142","1","0","0","0","0","0","1","2","0","1","","","","N","","","","","","","","","",""
"2021001094","","3","0","0","0","0","0","0","0","0","1","0","","02","1","2021","2","40.47152","-79.974017","","11","0","0","0","0","0","1","0","0","","0","0","0","16","","2","N","0","","40 28:17.471","2","0","79 58:26.462","4","0","0","0","2445","0","0","0","N","0","0","0","4","02445","2","","1.0","1651.0","1","N","N","N","0","","0","0","0","","0","N","1611","3","2","0","0","0","0","0","2","0","3","","03","","N","","","","","","","","","",""
"2021030305","","1","0","0","0","0","0","0","0","0","1","1","","02","4","2021","6","40.49054","-79.868961","","11","0","0","0","0","0","0","0","0","","0","1","0","16","","2","","2","","40 29:25.945","3","0","79 52:08.261","3","0","0","0","2112","0","0","0","N","0","0","0","5","02112","0","","1.0","1745.0","1","N","N","N","0","","2","0","0","","0","N","1657","2","2","0","0","0","0","0","2","0","2","","","","N","","","","","","","","","",""
"2021009691","","0","0","0","0","0","0","0","0","0","7","0","","02","1","2021","7","40.452531","-79.895235","","11","0","0","0","0","0","0","0","0","","0","0","0","00","","0","N","2","","40 27:09.111","","0","79 53:42.845","9","0","0","0","2301","0","0","0","Y","0","0","0","4","02301","0","","5.0","","1","N","N","N","0","","0","0","1","","0","","0010","1","0","0","0","0","0","1","2","0","1","","03","","N","","","","","","","","","",""
"2021032292","","2","0","0","0","0","0","0","0","0","4","0","","02","4","2021","6","40.482932","-79.938089","","11","0","0","0","0","0","0","0","0","","0","0","0","03","","0","N","0","","40 28:58.555","","0","79 56:17.119","0","0","0","0","2301","0","0","0","N","0","0","0","1","02301","0","","4.0","","9","N","N","N","0","","0","0","0","","0","","0351","2","0","0","0","0","0","0","2","0","2","","07","","N","","","","","","","","","",""
"2021018352","","2","0","0","0","0","0","0","0","0","4","0","","02","2","2021","3","40.363289","-79.907678","","11","0","0","0","0","0","0","0","0","","0","0","0","07","","2","N","0","","40 21:47.840","5","6","79 54:27.642","3","0","0","0","2301","0","0","0","N","0","0","0","4","02301","0","","1.0","820.0","1","N","N","N","0","","1","0","0","","0","N","0752","2","2","0","0","0","1","0","2","0","2","","03","","N","","","","","","","","","",""
"2021000763","","1","0","0","0","0","0","0","0","0","7","0","","02","1","2021","1","40.436455","-79.99479","","11","0","0","0","0","0","0","0","0","","0","0","0","20","","0","N","0","","40 26:11.238","1","8","79 59:41.244","0","0","0","0","2301","0","0","0","N","0","0","0","1","02301","0","","2.0","2053.0","9","N","N","N","0","","0","0","0","","0","N","2000","1","0","0","0","0","0","0","2","0","1","","","","N","","","","","","","","","",""
"2021032905","","2","0","0","0","0","0","0","0","0","4","0","","02","4","2021","1","40.563072","-79.966385","","11","0","0","0","0","0","0","0","1","","0","0","0","12","","0","N","1","","40 33:47.059","4","0","79 57:58.985","0","0","0","0","2207","0","0","0","N","0","0","0","3","02207","0","","1.0","1340.0","1","N","N","N","0","","0","0","0","","3","N","1254","2","0","0","0","0","0","0","2","0","2","","03","","N","","","","","","","","","",""
"2021033927","","0","0","0","0","0","0","0","0","0","1","0","","02","3","2021","1","40.426192","-79.914604","","11","0","0","0","0","0","1","0","0","","0","0","0","01","","1","N","0","","40 25:34.290","3","4","79 54:52.574","4","0","0","0","2301","0","0","0","N","0","0","0","3","68B03","1","","1.0","140.0","1","N","N","N","0","","0","0","1","","0","N","0131","2","1","0","0","0","0","1","2","0","2","","","","N","","","","","","","","","",""
"2021032258","","0","0","0","0","0","0","0","0","0","7","0","","02","4","2021","4","40.438056","-79.919356","","11","0","0","0","0","0","0","0","0","","0","0","0","03","","0","N","0","","40 26:17.001","","0","79 55:09.683","0","0","0","0","2301","0","0","0","N","0","0","0","0","02301","0","","2.0","","1","N","N","N","0","","0","0","1","","0","","0329","1","0","0","0","0","0","0","2","0","1","","","","N","","","","","","","","","",""
"2021033481","","2","0","0","0","0","0","0","0","0","2","0","","02","4","2021","2","40.369728","-79.912992","","11","0","0","0","0","1","0","0","0","","0","0","0","08","","0","N","2","","40 22:11.022","","0","79 54:46.770","0","0","0","0","2301","0","0","0","N","0","0","0","2","02301","0","","1.0","","1","N","N","N","0","","0","0","0","","0","","0836","2","0","0","0","0","0","0","2","0","2","","03","","N","","","","","","","","","",""
"2021025239","","1","0","0","0","0","0","0","0","0","1","0","","02","1","2021","4","40.530576","-80.009915","","11","0","0","0","0","0","0","0","0","","0","0","0","19","","1","","1","","40 31:50.073","4","0","80 00:35.695","8","0","0","0","2116","0","0","0","N","0","0","0","2","02116","0","","1.0","1932.0","1","N","N","N","0","","0","0","1","","4","Y","1909","2","1","0","0","0","1","0","2","0","2","","03","","N","","","","","","","","","",""
"2021040059","","1","0","0","0","0","0","0","0","0","1","0","","02","4","2021","3","40.638163","-79.723711","","11","0","0","0","0","0","0","0","0","","0","0","0","23","","0","N","0","","40 38:17.385","2","0","79 43:25.360","0","0","0","0","2106","0","0","0","N","0","0","0","1","68D02","0","","2.0","30.0","1","N","N","N","1","","0","0","0","","0","N","2326","2","0","0","0","0","0","0","2","0","2","","","","N","","","","","","","","","",""
"2021011528","","1","0","0","0","0","0","0","0","0","7","0","","02","2","2021","3","40.3835","-79.930815","","11","0","0","0","0","0","1","0","0","","0","0","0","06","","1","N","0","","40 23:00.601","","0","79 55:50.933","3","0","0","0","2301","0","0","0","N","0","0","0","2","02301","0","","4.0","","7","N","N","N","1","","1","0","0","","0","","0606","2","1","0","0","0","0","0","2","0","2","","","","N","","","","","","","","","",""
"2021003643","","1","0","0","0","0","0","0","0","0","7","0","","02","1","2021","2","40.350104","-80.106823","","11","0","0","0","0","0","0","0","0","","0","0","0","19","","1","","2","","40 21:00.374","","0","80 06:24.562","4","0","0","0","2414","0","0","0","N","0","0","0","1","02414","1","","5.0","9999.0","1","N","N","N","0","","0","0","0","","0","","1945","1","1","0","0","0","0","0","2","0","1","","03","","N","","","","","","","","","",""
"2021031407","","1","0","0","0","0","0","0","0","0","98","0","","02","3","2021","1","40.458362","-79.959643","","11","0","0","0","0","0","0","0","0","","0","0","0","20","","0","N","0","","40 27:30.104","3","0","79 57:34.713","0","0","0","0","2301","0","0","0","N","0","0","0","1","02301","0","","1.0","2130.0","9","N","N","N","0","","0","0","0","","0","Y","2010","1","0","0","0","0","0","0","2","0","1","","08","","N","","","","","","","","","",""
"2021022099","","1","0","0","0","0","0","0","0","0","4","0","","02","3","2021","7","40.377248","-80.004203","","11","0","0","0","0","0","0","0","0","","0","0","0","15","","0","N","2","","40 22:38.093","3","0","80 00:15.130","0","0","0","0","2301","0","0","0","N","0","0","0","3","02301","0","","1.0","1550.0","1","N","N","N","1","","0","0","0","","0","N","1510","2","0","0","0","0","0","0","2","0","2","","03","","N","","","","","","","","","",""
"2021001393","","2","0","0","0","0","0","0","0","0","4","0","","02","1","2021","2","40.435693","-80.064786","","11","0","0","0","0","0","1","1","0","","0","0","0","13","","0","","5","","40 26:08.496","","0","80 03:53.230","0","0","0","0","2421","0","0","0","N","0","0","0","2","02421","0","","1.0","","1","N","","N","0","","0","0","0","","2","","1341","2","0","0","0","0","0","0","2","0","2","","","","N","","","","","","","","","",""
"2021031068","","3","0","1","0","0","0","0","0","0","4","0","","02","4","2021","2","40.455048","-79.94148","","11","0","0","0","0","0","0","0","0","","0","0","0","17","","2","N","1","","40 27:18.172","","0","79 56:29.328","2","0","0","0","2301","0","0","0","N","0","0","0","3","02301","0","","1.0","","1","N","N","N","0","","1","1","0","","2","","1756","3","2","0","0","0","0","0","2","0","3","","03","","N","","","","","","","","","",""
"2021032966","","2","0","0","0","0","0","0","0","0","2","0","","02","4","2021","7","40.526","-80.157892","","11","0","0","0","0","0","0","1","0","","0","0","0","06","","2","N","0","","40 31:33.600","2","0","80 09:28.411","8","0","0","0","2436","0","0","0","N","0","0","0","2","68B03","0","","1.0","718.0","1","N","N","N","0","","0","0","0","","0","N","0636","2","2","0","0","0","2","0","2","0","2","","","","N","","","","","","","","","",""
"2021032353","","0","0","0","0","0","0","0","0","0","7","0","","02","4","2021","6","40.422002","-79.940524","","11","0","0","0","0","0","0","0","0","","0","0","0","12","","0","N","0","","40 25:19.207","","0","79 56:25.886","0","0","0","0","2301","0","0","0","N","0","0","0","1","02301","0","","5.0","","1","N","N","N","0","","0","0","1","","0","","1245","1","0","0","0","0","0","0","2","0","1","","","","N","","","","","","","","","",""
"2021013423","","1","0","0","0","0","0","0","0","0","4","0","","02","2","2021","6","40.410222","-79.863192","","11","0","0","0","0","0","1","0","0","","0","0","0","16","","0","N","1","","40 24:36.799","","0","79 51:47.491","0","0","0","0","2449","0","0","0","N","0","0","0","4","02501","0","","1.0","","2","N","N","N","0","","0","0","1","","0","","1611","2","0","4","0","0","0","0","2","0","2","","04","","N","","","","","","","","","",""
"2021014965","","1","0","0","0","0","0","0","0","0","7","0","","02","1","2021","2","40.546199","-80.084276","","11","0","0","0","0","0","0","0","0","","0","0","0","06","","0","N","0","","40 32:46.316","","0","80 05:03.395","9","0","0","0","2215","0","0","0","N","0","0","0","1","68B03","0","","4.0","","9","N","N","N","0","","0","0","0","","0","","0620","1","0","0","0","0","0","1","2","0","1","","","","N","","","","","","","","","",""
"2021037527","","0","0","0","0","0","0","0","0","0","98","0","","02","4","2021","3","40.425708","-80.030868","","11","0","0","0","0","0","0","0","0","","0","0","0","23","","0","N","0","","40 25:32.548","","0","80 01:51.125","0","0","0","0","2301","0","0","0","N","0","0","0","1","68B03","0","","1.0","","1","N","N","N","0","","0","0","1","","0","","2317","1","0","0","0","0","0","0","2","0","1","","","","N","","","","","","","","","",""
"2021032840","","2","0","0","0","0","0","0","0","0","5","0","","02","4","2021","1","40.448844","-80.06719","","11","0","0","0","0","0","1","0","0","","0","0","0","10","","0","","2","","40 26:55.837","","0","80 04:01.884","0","0","0","0","2301","0","0","0","N","0","0","0","2","02301","0","","1.0","","1","N","N","N","0","","0","0","0","","0","","1045","2","0","0","0","0","0","0","2","0","2","","03","","N","","","","","","","","","",""
"2021031294","","2","0","0","0","0","0","0","0","0","1","0","","02","4","2021","3","40.459411","-80.008816","","11","0","0","0","0","0","0","0","0","","0","0","0","11","","0","N","0","","40 27:33.879","","6","80 00:31.736","0","0","0","0","2301","0","0","0","N","0","0","0","1","02301","0","","4.0","","1","N","N","N","0","","0","0","0","","0","","1140","2","0","0","0","0","0","0","2","0","2","","03","","N","","","","","","","","","",""
"2021032342","","3","0","0","0","0","0","0","0","0","1","0","","02","4","2021","6","40.457088","-79.962678","","11","0","0","0","0","0","0","0","0","","0","0","0","10","","0","N","0","","40 27:25.516","","0","79 57:45.642","0","0","0","0","2301","0","0","0","N","0","0","0","3","02301","0","","1.0","","1","N","N","N","0","","0","0","0","","0","N","1000","3","0","0","0","0","0","0","2","0","3","","03","","N","","","","","","","","","",""
"2021033589","","2","0","0","0","0","0","0","0","0","4","0","","02","4","2021","3","40.33522","-79.947083","","11","1","0","0","0","0","0","0","0","","0","0","0","14","","0","N","1","","40 20:06.792","2","0","79 56:49.500","0","0","0","0","2454","0","0","0","N","0","0","0","3","02454","0","","1.0","1530.0","1","N","N","N","0","","0","0","0","","2","N","1455","2","0","0","0","0","0","0","2","0","2","","03","","N","","","","","","","","","",""
"2021003265","","1","0","0","0","0","0","0","0","0","7","0","","02","1","2021","1","40.424969","-79.977749","","11","0","0","0","0","0","0","0","0","","0","0","0","17","","0","N","0","","40 25:29.890","","0","79 58:39.895","0","0","0","0","2301","0","0","0","N","0","0","0","1","02301","0","","2.0","","1","N","N","N","0","","0","0","0","","0","","1704","1","0","0","0","0","0","0","2","0","1","","03","","N","","","","","","","","","",""