"CRN","ARRIVAL_TM","AUTOMOBILE_COUNT","BELTED_DEATH_COUNT","BELTED_SUSP_SERIOUS_INJ_COUNT","BICYCLE_COUNT","BICYCLE_DEATH_COUNT","BICYCLE_SUSP_SERIOUS_INJ_COUNT","BUS_COUNT","CHLDPAS_DEATH_COUNT","CHLDPAS_SUSP_SERIOUS_INJ_COUNT","COLLISION_TYPE","COMM_VEH_COUNT","CONS_ZONE_SPD_LIM","COUNTY","CRASH_MONTH","CRASH_YEAR","DAY_OF_WEEK","DEC_LATITUDE","DEC_LONGITUDE","DISPATCH_TM","DISTRICT","DRIVER_COUNT_16YR","DRIVER_COUNT_17YR","DRIVER_COUNT_18YR","DRIVER_COUNT_19YR","DRIVER_COUNT_20YR","DRIVER_COUNT_50_64YR","DRIVER_COUNT_65_74YR","DRIVER_COUNT_75PLUS","EST_HRS_CLOSED","FATAL_COUNT","HEAVY_TRUCK_COUNT","HORSE_BUGGY_COUNT","HOUR_OF_DAY","ILLUMINATION","INJURY_COUNT","INTERSECTION_RELATED","INTERSECT_TYPE","LANE_CLOSED","LATITUDE","LN_CLOSE_DIR","LOCATION_TYPE","LONGITUDE","MAX_SEVERITY_LEVEL","MCYCLE_DEATH_COUNT","MCYCLE_SUSP_SERIOUS_INJ_COUNT","MOTORCYCLE_COUNT","MUNICIPALITY","NONMOTR_COUNT","NONMOTR_DEATH_COUNT","NONMOTR_SUSP_SERIOUS_INJ_COUNT","NTFY_HIWY_MAINT","PED_COUNT","PED_DEATH_COUNT","PED_SUSP_SERIOUS_INJ_COUNT","PERSON_COUNT","POLICE_AGCY","POSSIBLE_INJ_COUNT","RDWY_SURF_TYPE_CD","RELATION_TO_ROAD","ROADWAY_CLEARED","ROAD_CONDITION","SCH_BUS_IND","SCH_ZONE_IND","SECONDARY_CRASH","SMALL_TRUCK_COUNT","SPEC_JURIS_CD","SUSP_MINOR_INJ_COUNT","SUSP_SERIOUS_INJ_COUNT","SUV_COUNT","TCD_FUNC_CD","TCD_TYPE","TFC_DETOUR_IND","TIME_OF_DAY","TOTAL_UNITS","TOT_INJ_COUNT","UNBELTED_OCC_COUNT","UNB_DEATH_COUNT","UNB_SUSP_SERIOUS_INJ_COUNT","UNK_INJ_DEG_COUNT","UNK_INJ_PER_COUNT","URBAN_RURAL","VAN_COUNT","VEHICLE_COUNT","WEATHER1","WEATHER2","WORKERS_PRES","WORK_ZONE_IND","WORK_ZONE_LOC","WORK_ZONE_TYPE","WZ_CLOSE_DETOUR","WZ_FLAGGER","WZ_LAW_OFFCR_IND","WZ_LN_CLOSURE","WZ_MOVING","WZ_OTHER","WZ_SHLDER_MDN","WZ_WORKERS_INJ_KILLED"
"2021011628","","2","0","0","0","0","0","0","0","0","4","0","","02","2","2021","5","40.414375","-79.990542","","11","0","0","0","0","0","1","1","0","","0","0","0","","","0","N","1","","40 24:51.750","3","0","79 59:25.951","0","0","0","0","2301","0","0","0","N","0","0","0","2","02301","0","","1.0","925.0","1","N","N","N","0","","0","0","0","3","3","N","","2","0","1","0","0","0","0","2","0","2","","03","","N","","","","","","","","","",""
"2021009077","","1","0","0","0","0","0","0","0","0","7","0","","02","1","2021","5","40.435851","-79.995309","","11","0","0","0","0","0","0","0","0","","0","0","0","","","0","","2","","40 26:09.064","1","1","79 59:43.112","0","0","0","0","2301","0","0","0","N","0","0","0","1","02301","0","","5.0","30.0","2","N","N","N","0","","0","0","0","3","2","N","","1","0","0","0","0","0","0","2","0","1","","08","","N","","","","","","","","","",""
"2021003507","","2","0","0","0","0","0","0","0","0","4","0","","02","1","2021","2","40.357543","-80.00061","","11","0","0","0","0","0","0","0","0","","0","0","0","","","0","","2","","40 21:27.153","1","0","80 00:02.196","0","0","0","0","2476","0","0","0","N","0","0","0","2","02476","0","","1.0","915.0","1","N","N","N","0","","0","0","0","3","2","N","","2","0","0","0","0","0","0","2","0","2","","","","N","","","","","","","","","",""
"2021041304","","2","0","0","0","0","0","0","0","0","4","0","","02","5","2021","2","40.438631","-79.768988","","11","0","0","0","0","0","0","0","0","","0","0","0","","","1","","2","","40 26:19.070","","0","79 46:08.357","4","0","0","0","2446","0","0","0","N","0","0","0","2","02446","1","","1.0","","1","N","N","N","0","","0","0","0","0","0","","","2","1","0","0","0","0","0","2","0","2","","","","N","","","","","","","","","",""
"2021014437","","1","0","0","0","0","0","0","0","0","1","0","","02","1","2021","7","40.413678","-80.064257","","11","1","0","0","0","0","0","0","0","","0","0","0","","","0","N","0","","40 24:49.239","4","0","80 03:51.326","0","0","0","0","2117","0","0","0","N","0","0","0","5","68B03","0","","1.0","1206.0","2","N","N","N","0","","0","0","4","0","0","N","","5","0","0","0","0","0","0","2","0","5","","10","","N","","","","","","","","","",""
"2021038002","","1","0","0","0","0","0","0","0","0","4","0","","02","4","2021","3","40.438073","-79.984168","","11","0","0","0","0","0","0","0","1","","0","0","0","","","0","","1","","40 26:17.062","","0","79 59:03.005","0","0","0","0","2301","0","0","0","N","0","0","0","2","02301","0","","1.0","","1","N","N","N","0","","0","0","1","3","3","","","2","0","0","0","0","0","0","2","0","2","","03","","N","","","","","","","","","",""
"2021034216","","1","0","0","0","0","0","0","0","0","7","0","","02","4","2021","5","40.558128","-80.023481","","11","0","0","0","0","0","1","0","0","","0","0","0","","","0","N","1","","40 33:29.259","","0","80 01:24.531","0","0","0","0","2108","0","0","0","N","0","0","0","1","02108","0","","2.0","","1","N","N","N","0","","0","0","0","3","2","","","2","0","0","0","0","0","0","2","0","1","","","","N","","","","","","","","","",""
"2021011990","","1","0","0","0","0","0","0","0","0","2","0","","02","2","2021","3","40.328266","-79.796403","","11","0","0","0","0","0","1","1","0","","0","0","0","","","2","N","0","","40 19:41.756","6","0","79 47:47.052","4","0","0","0","2477","0","0","0","N","0","0","0","2","02477","2","","1.0","2246.0","7","N","N","N","0","","0","0","1","0","0","Y","","2","2","0","0","0","0","0","2","0","2","","10","","N","","","","","","","","","",""
"2021008082","","0","0","0","0","0","0","0","0","0","7","0","","02","1","2021","1","40.561689","-79.782928","","11","0","0","0","0","0","0","0","0","","0","0","0","","","0","N","0","","40 33:42.079","","0","79 46:58.542","0","0","0","0","2121","0","0","0","N","0","0","0","1","02514","0","","5.0","","9","N","N","N","0","","0","0","1","0","0","","","1","0","0","0","0","0","0","1","0","1","","","","N","","","","","","","","","",""
"2021009926","","1","0","0","0","0","0","0","0","0","7","0","","02","1","2021","7","40.429041","-79.99836","","11","0","0","0","0","0","0","0","0","","0","0","0","","","0","","5","","40 25:44.548","","0","79 59:54.095","0","0","0","0","2301","0","0","0","N","0","0","0","1","02503","0","","5.0","","1","N","N","N","0","","0","0","0","3","2","","","1","0","0","0","0","0","0","2","0","1","","","","N","","","","","","","","","",""
"2021034657","","1","0","0","0","0","0","0","0","0","98","0","","02","4","2021","4","40.505561","-79.858499","","11","0","0","0","0","0","0","0","0","","0","0","0","","","0","N","0","","40 30:20.020","","0","79 51:30.595","0","0","0","0","2112","0","0","0","N","0","0","0","2","68D02","0","","1.0","","1","N","N","N","0","","0","0","0","0","0","","","1","0","0","0","0","0","0","2","0","1","","","","N","","","","","","","","","",""
"2021034939","","0","0","0","0","0","0","1","0","0","2","1","","02","4","2021","6","40.440577","-80.035596","","11","0","0","0","0","0","1","0","0","","0","0","0","","","0","N","3","","40 26:26.078","3","0","80 02:08.146","0","0","0","0","2301","0","0","0","N","0","0","0","2","02503","0","","1.0","1230.0","8","N","N","N","0","","0","0","1","0","0","Y","","2","0","0","0","0","0","0","2","0","2","","","","N","","","","","","","","","",""
"2021033063","","1","0","0","0","0","0","0","0","0","7","0","","02","4","2021","1","40.570177","-79.961594","","11","0","0","0","0","0","0","0","0","","0","0","0","","","0","N","0","","40 34:12.637","1","0","79 57:41.740","0","0","0","0","2207","0","0","0","N","0","0","0","2","02207","0","","5.0","47.0","1","N","N","N","0","","0","0","0","0","0","N","","1","0","0","0","0","0","0","2","0","1","","03","","N","","","","","","","","","",""
"2021042301","","2","0","0","0","0","0","0","0","0","4","0","","02","5","2021","1","40.228527","-79.855041","","11","0","0","0","1","0","0","0","0","","0","0","0","","","0","","1","","40 13:42.696","","0","79 51:18.146","9","0","0","0","2204","0","0","0","N","0","0","0","3","02204","0","","1.0","","9","N","N","N","0","","0","0","0","3","3","","","2","0","0","0","0","0","1","2","0","2","","","","N","","","","","","","","","",""
"2021038122","","0","0","0","0","0","0","0","0","0","1","1","","02","4","2021","3","40.446677","-79.713954","","11","0","0","0","0","0","0","0","0","","0","1","0","","","1","Y","0","","40 26:48.036","","0","79 42:50.236","8","0","0","1","2466","0","0","0","N","0","0","0","3","02466","0","","1.0","","1","N","N","N","0","","0","0","0","3","2","","","2","1","1","0","0","1","0","2","0","2","","03","","N","","","","","","","","","",""
"2021012698","","0","0","0","0","0","0","0","0","0","1","0","","02","2","2021","3","40.342707","-80.036296","","11","0","0","0","0","1","1","0","0","","0","0","0","","","1","","2","","40 20:33.745","3","0","80 02:10.665","4","0","0","0","2407","0","0","0","N","0","0","0","2","02407","1","","1.0","1618.0","1","Y","N","N","1","","0","0","1","3","2","N","","2","1","0","0","0","0","0","2","0","2","","","","N","","","","","","","","","",""
"2021007515","","2","0","0","0","0","0","0","0","0","1","0","","02","1","2021","2","40.427388","-80.000545","","11","0","0","0","0","0","0","0","0","","0","0","0","","","1","N","0","","40 25:38.596","2","4","80 00:01.961","4","0","0","0","2301","0","0","0","N","0","0","0","5","02301","1","","1.0","1330.0","1","N","N","Y","0","","0","0","2","3","2","N","","4","1","0","0","0","0","0","2","0","4","","","","N","","","","","","","","","",""
"2021036696","","1","0","0","0","0","0","0","0","0","4","0","","02","4","2021","3","40.43372","-79.963656","","11","0","0","0","0","0","0","0","0","","0","1","0","","","0","N","0","","40 26:01.393","3","0","79 57:49.161","9","0","0","0","2301","0","0","0","N","0","0","0","2","68B03","0","","1.0","1430.0","1","N","N","N","0","","0","0","0","0","0","N","","2","0","0","0","0","0","1","2","0","2","","","","N","","","","","","","","","",""
"2021011613","","0","0","0","0","0","0","0","0","0","0","0","","02","2","2021","2","40.559328","-79.792267","","11","0","0","0","0","0","0","0","0","","0","0","0","","","1","N","0","","40 33:33.580","6","0","79 47:32.160","3","0","0","0","2121","0","0","0","N","0","0","0","1","02514","0","","5.0","722.0","7","N","N","N","1","","1","0","0","0","0","Y","","1","1","0","0","0","0","0","2","0","1","","","","N","","","","","","","","","",""
"2021020414","","1","0","0","0","0","0","0","0","0","4","0","","02","2","2021","2","40.342707","-80.036296","","11","0","0","0","0","0","0","1","1","","0","0","0","","","1","","2","","40 20:33.745","","0","80 02:10.665","4","0","0","0","2407","0","0","0","N","0","0","0","3","02407","1","","1.0","","7","N","N","N","0","","0","0","1","3","2","","","2","1","0","0","0","0","0","2","0","2","","","","N","","","","","","","","","",""
"2021010365","","0","0","0","0","0","0","0","0","0","0","0","","02","2","2021","2","40.455204","-79.914026","","11","0","0","0","0","0","0","0","0","","0","0","0","","","1","N","0","","40 27:18.736","4","0","79 54:50.494","3","0","0","0","2301","0","0","0","N","0","0","0","2","02301","0","","1.0","1128.0","7","N","N","N","0","","1","0","1","0","0","N","","1","1","1","0","0","0","0","2","0","1","","04","","N","","","","","","","","","",""
"2021003878","","0","0","0","0","0","0","0","0","0","1","0","","02","1","2021","3","40.460338","-79.983811","","11","0","0","0","0","0","1","0","0","","0","0","0","","","2","N","0","","40 27:37.215","2","0","79 59:01.720","4","0","0","0","2301","0","0","0","N","0","0","0","3","02301","2","","1.0","1622.0","1","N","N","N","0","","0","0","2","0","0","N","","3","2","0","0","0","0","0","2","1","3","","03","","N","","","","","","","","","",""
"2021033947","","0","0","0","0","0","0","0","0","0","1","0","","02","4","2021","7","40.594896","-79.978041","","11","0","1","0","0","0","1","0","0","","0","0","0","","","2","N","0","","40 35:41.624","","0","79 58:40.947","8","0","0","0","2207","0","0","0","Y","0","0","0","2","02207","0","","1.0","","1","N","N","N","0","","0","0","2","0","0","","","2","2","0","0","0","2","0","2","0","2","","98","","N","","","","","","","","","",""
"2021033580","","1","0","0","0","0","0","0","0","0","1","0","","02","4","2021","2","40.418798","-80.201666","","11","0","0","0","1","0","0","0","1","","0","0","0","","","1","N","1","","40 25:07.672","1","0","80 12:05.999","8","0","0","0","2214","0","0","0","N","0","0","0","5","02214","0","","1.0","1415.0","1","N","N","N","0","","0","0","1","0","0","N","","2","1","0","0","0","1","0","1","0","2","","","","N","","","","","","","","","",""
"2021010364","","1","0","0","0","0","0","0","0","0","7","0","","02","1","2021","1","40.428315","-80.041286","","11","0","0","1","0","0","0","0","0","","0","0","0","","","0","N","2","","40 25:41.935","","0","80 02:28.630","0","0","0","0","2435","0","0","0","N","0","0","0","1","02301","0","","2.0","","2","N","N","N","0","","0","0","0","0","0","N","","1","0","0","0","0","0","0","2","0","1","","06","","N","","","","","","","","","",""
"2021011100","","1","0","0","0","0","0","0","0","0","7","0","","02","2","2021","3","40.313167","-79.886895","","11","0","0","0","0","0","1","0","0","","0","0","0","","","0","N","0","","40 18:47.401","4","3","79 53:12.821","0","0","0","0","2302","0","0","0","N","0","0","0","1","02302","0","","4.0","0.0","9","N","N","N","0","","0","0","0","0","0","N","","1","0","0","0","0","0","0","2","0","1","","02","","N","","","","","","","","","",""
"2021037581","","0","0","0","0","0","0","0","0","0","7","0","","02","4","2021","2","40.377456","-79.801671","","11","0","0","0","0","0","0","0","0","","0","0","0","","","1","Y","0","","40 22:38.841","3","0","79 48:06.016","4","0","0","0","2111","0","0","0","N","0","0","0","3","02111","1","","4.0","1533.0","1","N","N","N","0","","0","0","1","0","0","Y","","1","1","0","0","0","0","0","2","0","1","","03","","N","","","","","","","","","",""
"2021008139","","1","0","0","0","0","0","0","0","0","1","0","","02","1","2021","2","40.393783","-79.934633","","11","0","0","0","0","0","0","0","0","","0","0","0","","","2","N","6","","40 23:37.620","4","1","79 56:04.679","4","0","0","0","2301","0","0","0","N","0","0","0","2","02301","2","","1.0","1749.0","9","N","N","N","0","","0","0","1","3","4","N","","3","2","0","0","0","0","0","2","0","2","","03","","N","","","","","","","","","",""
"2021040419","","2","0","0","0","0","0","0","0","0","4","0","","02","5","2021","3","40.621853","-80.05428","","11","0","0","0","0","0","0","0","1","","0","0","0","","","0","","1","","40 37:18.669","2","0","80 03:15.408","0","0","0","0","2216","0","0","0","N","0","0","0","4","02505","0","","1.0","1222.0","1","N","N","N","0","","0","0","0","3","2","N","","2","0","0","0","0","0","0","1","0","2","","04","","N","","","","","","","","","",""
"2021031656","","0","0","0","0","0","0","0","0","0","4","0","","02","4","2021","3","40.412911","-79.908486","","11","0","0","0","0","0","0","0","0","","0","0","0","","","1","Y","0","","40 24:46.478","3","7","79 54:30.549","3","0","0","0","2301","0","0","0","N","0","0","0","3","02301","0","","1.0","1500.0","1","N","N","N","0","","1","0","2","3","3","Y","","2","1","0","0","0","0","0","2","0","2","","","","N","","","","","","","","","",""
"2021010919","","0","0","0","0","0","0","0","0","0","7","0","","02","1","2021","6","40.465147","-80.182928","","11","0","0","0","0","0","0","0","0","","0","0","0","","","0","N","0","","40 27:54.530","6","0","80 10:58.540","0","0","0","0","2213","0","0","0","N","0","0","0","1","02213","0","","4.0","1320.0","1","N","N","N","0","","0","0","1","0","0","N","","1","0","0","0","0","0","0","2","0","1","","","","N","","","","","","","","","",""
"2021013004","","1","0","0","0","0","0","0","0","0","7","0","","02","2","2021","1","40.399489","-79.878051","","11","0","0","0","0","0","0","0","0","","0","0","0","","","2","N","0","","40 23:58.162","1","0","79 52:40.983","8","0","0","0","2473","0","0","0","Y","0","0","0","2","02473","0","","3.0","2045.0","1","N","N","N","0","","0","0","0","0","0","N","","2","2","2","0","0","2","0","2","0","1","","","","N","","","","","","","","","",""
"2021040422","","1","0","0","0","0","0","0","0","0","4","0","","02","5","2021","4","40.275039","-79.893328","","11","0","0","0","0","0","2","0","0","","0","0","0","","","0","","3","","40 16:30.139","2","1","79 53:35.980","0","0","0","0","2440","0","0","0","N","0","0","0","2","02440","0","","1.0","850.0","9","N","N","N","1","","0","0","0","3","4","N","","2","0","0","0","0","0","0","2","0","2","","","","N","","","","","","","","","",""
"2021034287","","1","0","0","0","0","0","0","0","0","5","0","","02","4","2021","5","40.550894","-80.037316","","11","0","0","0","0","0","0","0","0","","0","0","0","","","0","N","0","","40 33:03.218","","0","80 02:14.337","0","0","0","0","2116","0","0","0","N","0","0","0","3","02116","0","","1.0","","1","N","N","N","1","","0","0","0","0","0","","","2","0","0","0","0","0","0","2","0","2","","","","N","","","","","","","","","",""
"2021036553","","1","0","0","0","0","0","0","0","0","4","0","","02","4","2021","3","40.458506","-79.901136","","11","0","0","0","0","0","1","0","0","","0","0","0","","","1","N","1","","40 27:30.621","","0","79 54:04.089","3","0","0","0","2301","0","0","0","N","0","0","0","2","02301","0","","1.0","","1","N","N","N","1","","1","0","0","3","2","","","2","1","0","0","0","0","0","2","0","2","","03","","N","","","","","","","","","",""
"2021004365","","0","0","0","0","0","0","0","0","0","7","0","","02","1","2021","4","40.614207","-79.911256","","11","0","0","0","0","0","0","0","0","","0","0","0","","","1","N","0","","40 36:51.144","5","0","79 54:40.522","8","0","0","0","2220","0","0","0","N","0","0","0","1","02220","0","","5.0","400.0","1","N","N","N","0","","0","0","1","0","0","Y","","1","1","0","0","0","1","0","2","0","1","","03","","N","","","","","","","","","",""
"2021024321","","0","0","0","0","0","0","0","0","0","1","0","","02","3","2021","1","40.614422","-80.098266","","11","0","0","0","0","0","0","1","0","","0","0","0","","","0","N","0","","40 36:51.918","3","6","80 05:53.757","0","0","0","0","2481","0","0","0","N","0","0","0","2","02481","0","","1.0","1640.0","1","N","N","N","0","","0","0","1","0","0","N","","2","0","0","0","0","0","0","2","0","2","","","","N","","","","","","","","","",""
"2021037524","","2","0","0","0","0","0","0","0","0","1","0","","02","4","2021","1","40.428752","-79.934637","","11","0","0","0","0","0","1","0","0","","0","0","0","","","1","N","0","","40 25:43.507","4","0","79 56:04.694","8","0","0","0","2301","0","0","0","N","0","0","0","2","68B03","0","","1.0","2328.0","1","N","N","N","0","","0","0","0","0","0","N","","2","1","1","0","0","1","0","2","0","2","","03","","N","","","","","","","","","",""
"2021006616","","1","0","0","0","0","0","0","0","0","1","0","","02","1","2021","4","40.451472","-79.826589","","11","0","0","0","0","1","0","0","0","","0","0","0","","","1","N","0","","40 27:05.300","2","0","79 49:35.719","3","0","0","0","2113","0","0","0","N","0","0","0","2","02113","0","","1.0","1515.0","1","N","N","N","0","","1","0","1","0","0","N","","2","1","0","0","0","0","0","2","0","2","","","","N","","","","","","","","","",""
"2021005189","","0","0","0","0","0","0","0","0","0","4","0","","02","1","2021","7","40.438231","-79.99604","","11","0","0","0","0","0","0","0","0","","0","0","0","","","0","N","1","","40 26:17.633","","0","79 59:45.745","0","0","0","0","2301","0","0","0","N","0","0","0","7","02301","0","","1.0","","9","N","N","Y","0","","0","0","3","3","2","","","3","0","0","0","0","0","0","2","0","3","","06","","N","","","","","","","","","",""
"2021018830","","0","0","0","0","0","0","0","0","0","2","0","","02","2","2021","5","40.525665","-80.036733","","11","0","0","0","0","0","0","0","0","","0","0","0","","","0","N","0","","40 31:32.393","4","0","80 02:12.239","0","0","0","0","2116","0","0","0","N","0","0","0","1","02116","0","","2.0","858.0","1","N","N","N","0","","0","0","1","","0","N","","1","0","0","0","0","0","0","2","0","1","","","","N","","","","","","","","","",""
"2021012314","","1","0","0","0","0","0","0","0","0","7","0","","02","2","2021","6","40.449083","-79.886778","","11","0","0","0","0","1","0","0","0","","0","0","0","","","0","N","0","","40 26:56.700","","0","79 53:12.400","9","0","0","0","2301","0","0","0","N","0","0","0","1","02301","0","","5.0","","1","N","N","N","0","","0","0","0","0","0","","","1","0","0","0","0","0","1","2","0","1","","","","N","","","","","","","","","",""
"2021007002","","1","0","0","0","0","0","0","0","0","1","0","","02","1","2021","3","40.425981","-79.899123","","11","0","0","0","0","0","0","0","0","","0","0","0","","","0","N","0","","40 25:33.531","4","0","79 53:56.841","0","0","0","0","2301","0","0","0","N","0","0","0","2","68B03","0","","1.0","900.0","1","N","N","N","0","","0","0","1","0","0","N","","2","0","0","0","0","0","0","2","0","2","","","","N","","","","","","","","","",""
"2021023903","","1","0","0","0","0","0","0","0","0","1","0","","02","1","2021","5","40.424601","-80.113844","","11","0","0","0","0","0","0","0","1","","0","0","0","","","0","N","0","","40 25:28.565","3","0","80 06:49.839","0","0","0","0","2115","0","0","0","N","0","0","0","2","68B03","0","","1.0","1048.0","2","N","N","N","0","","0","0","1","0","0","N","","2","0","0","0","0","0","0","2","0","2","","02","","N","","","","","","","","","",""
"2021033576","","1","0","0","0","0","0","0","0","0","5","1","","02","4","2021","3","40.503959","-80.140461","","11","0","0","0","0","0","0","0","0","","0","1","0","","","1","N","0","","40 30:14.253","4","0","80 08:25.659","4","0","0","0","2115","0","0","0","N","0","0","0","2","02115","1","","1.0","1100.0","1","N","N","N","0","","0","0","0","0","0","N","","2","1","0","0","0","0","0","2","0","2","","03","","N","","","","","","","","","",""
"2021035855","","0","0","0","0","0","0","0","0","0","4","1","","02","4","2021","3","40.456915","-79.877929","","11","0","0","0","0","0","1","0","0","","0","1","0","","","1","N","0","","40 27:24.893","","0","79 52:40.543","3","0","0","0","2301","0","0","0","N","0","0","0","3","02301","0","","1.0","","1","N","N","N","0","","1","0","1","0","0","","","2","1","1","0","0","0","0","2","0","2","","","","N","","","","","","","","","",""
"2021014434","","1","0","0","0","0","0","0","0","0","4","0","","02","1","2021","7","40.411003","-80.06988","","11","0","0","0","0","0","0","0","0","","0","0","0","","","2","N","0","","40 24:39.609","4","0","80 04:11.569","3","0","0","0","2117","0","0","0","N","0","0","0","5","68B03","0","","1.0","1210.0","2","N","N","Y","0","","2","0","3","0","0","Y","","4","2","0","0","0","0","0","2","0","4","","10","","N","","","","","","","","","",""
"2021008270","","0","0","0","0","0","0","0","0","0","0","0","","02","1","2021","3","40.42694","-80.005927","","11","0","0","0","0","0","1","0","0","","0","0","0","","","1","N","2","","40 25:36.985","2","0","80 00:21.338","4","0","0","0","2301","0","0","0","N","0","0","0","1","02301","1","","5.0","100.0","9","N","N","N","0","","0","0","1","3","3","N","","1","1","0","0","0","0","0","2","0","1","","","","N","","","","","","","","","",""
"2021017473","","3","0","0","0","0","0","0","0","0","1","0","","02","2","2021","3","40.327829","-80.033416","","11","0","0","0","0","0","0","0","0","","0","0","0","","","4","Y","0","","40 19:40.184","4","0","80 02:00.298","4","0","0","0","2407","0","0","0","N","0","0","0","4","02407","4","","1.0","1830.0","9","N","N","Y","0","","0","0","0","0","0","","","3","4","0","0","0","0","0","2","0","3","","","","N","","","","","","","","","",""
"2021039318","","1","0","0","0","0","0","0","0","0","98","0","","02","5","2021","1","40.464841","-79.828669","","11","0","0","0","0","0","0","0","0","","0","0","0","","","0","","2","","40 27:53.429","3","0","79 49:43.207","9","0","0","0","2113","0","0","0","N","0","0","0","1","02113","0","","2.0","58.0","1","N","N","N","0","","0","0","0","3","2","N","","1","0","0","0","0","0","1","2","0","1","","03","","N","","","","","","","","","",""
"2021005653","","1","0","0","0","0","0","0","0","0","4","0","","02","1","2021","6","40.518281","-80.166493","","11","0","0","0","0","0","0","0","0","","0","0","0","","","1","N","0","","40 31:05.811","2","0","80 09:59.376","3","0","0","0","2420","0","0","0","N","0","0","0","1","02420","0","","1.0","4.0","9","N","N","N","0","","1","0","1","3","2","Y","","2","1","1","0","0","0","0","2","0","2","","","","N","","","","","","","","","",""
"2021037744","","2","0","0","0","0","0","0","0","0","2","0","","02","4","2021","2","40.435128","-79.956419","","11","0","0","0","0","0","0","0","0","","0","0","0","","","0","","1","","40 26:06.460","2","0","79 57:23.109","0","0","0","0","2301","0","0","0","N","0","0","0","2","02301","0","","1.0","2355.0","1","N","N","N","0","","0","0","0","3","2","N","","2","0","0","0","0","0","0","2","0","2","","03","","N","","","","","","","","","",""
"2021009390","","1","0","0","0","0","0","0","0","0","4","0","","02","1","2021","5","40.366043","-80.1072","","11","0","0","0","0","0","0","0","1","","0","0","0","","","0","N","2","","40 21:57.756","","0","80 06:25.920","0","0","0","0","2102","0","0","0","N","0","0","0","3","02102","0","","1.0","","1","N","N","N","1","","0","0","0","3","2","","","2","0","0","0","0","0","0","2","0","2","","04","","N","","","","","","","","","",""
"2021008275","","1","0","0","0","0","0","0","0","0","5","0","","02","1","2021","4","40.417708","-79.981008","","11","0","0","0","0","0","0","0","0","","0","0","0","","","0","N","0","","40 25:03.750","","0","79 58:51.630","9","0","0","0","2301","0","0","0","N","0","0","0","1","02301","0","","2.0","","1","N","N","N","0","","0","0","1","0","0","","","2","0","0","0","0","0","1","2","0","2","","","","N","","","","","","","","","",""
"2021007530","","1","0","0","0","0","0","0","0","0","5","0","","02","1","2021","7","40.456409","-80.029123","","11","0","0","0","0","1","0","0","0","","0","0","0","","","0","","2","","40 27:23.074","","0","80 01:44.843","0","0","0","0","2301","0","0","0","N","0","0","0","1","02301","0","","2.0","","1","N","N","N","0","","0","0","0","0","0","","","1","0","0","0","0","0","0","2","0","1","","","","N","","","","","","","","","",""
"2021037159","","2","0","0","0","0","0","0","0","0","1","0","","02","4","2021","7","40.659793","-79.934093","","11","0","0","0","0","0","0","0","1","","0","0","0","","","3","N","0","","40 39:35.256","2","0","79 56:02.736","8","0","0","0","2217","0","0","0","N","0","0","0","3","02505","0","","1.0","1203.0","1","N","N","N","0","","0","0","0","0","0","N","","2","3","0","0","0","3","0","2","0","2","","","","N","","","","","","","","","",""
"2021007489","","0","0","0","0","0","0","0","0","0","1","0","","02","1","2021","7","40.436575","-79.973449","","11","0","0","0","0","0","0","0","0","","0","0","0","","","0","N","7","","40 26:11.669","4","2","79 58:24.418","0","0","0","0","2301","0","0","0","N","0","0","0","3","02301","0","","1.0","106.0","1","N","N","N","0","","0","0","2","0","0","N","","2","0","2","0","0","0","0","2","0","2","","","","N","","","","","","","","","",""
"2021036214","","1","0","0","0","0","0","0","0","0","5","0","","02","4","2021","1","40.292772","-79.88433","","11","0","0","0","0","0","0","0","0","","0","0","0","","","0","N","0","","40 17:33.980","","0","79 53:03.588","0","0","0","0","2302","0","0","0","N","0","0","0","0","02302","0","","1.0","","1","N","N","N","0","","0","0","0","0","0","","","2","0","0","0","0","0","0","2","0","2","","","","N","","","","","","","","","",""
"2021009917","","1","0","0","0","0","0","0","0","0","1","0","","02","1","2021","7","40.45862","-79.974849","","11","0","0","0","0","0","0","0","0","","0","0","0","","","0","N","0","","40 27:31.031","3","0","79 58:29.456","0","0","0","0","2301","0","0","0","N","0","0","0","1","02301","0","","1.0","30.0","1","N","N","N","0","","0","0","1","0","0","Y","","2","0","0","0","0","0","0","2","0","2","","03","","N","","","","","","","","","",""
"2021011380","","1","0","0","0","0","0","0","0","0","2","0","","02","2","2021","4","40.492719","-79.910152","","11","0","0","0","0","0","0","1","0","","0","0","0","","","0","N","5","","40 29:33.789","","0","79 54:36.548","0","0","0","0","2112","0","0","0","N","0","0","0","2","02112","0","","1.0","","1","N","N","N","0","","0","0","1","0","0","","","2","0","0","0","0","0","0","2","0","2","","03","","N","","","","","","","","","",""
"2021033418","","2","0","1","0","0","0","0","0","0","4","0","","02","4","2021","4","40.486249","-79.813748","","11","0","0","0","0","0","0","0","0","","0","0","0","","","2","N","0","","40 29:10.497","5","0","79 48:49.494","2","0","0","0","2113","0","0","0","N","0","0","0","2","02113","0","","1.0","200.0","1","N","N","N","0","","1","1","0","0","0","N","","2","2","0","0","0","0","0","2","0","2","","","","N","","","","","","","","","",""