"CRN","ARRIVAL_TM","AUTOMOBILE_COUNT","BELTED_DEATH_COUNT","BELTED_SUSP_SERIOUS_INJ_COUNT","BICYCLE_COUNT","BICYCLE_DEATH_COUNT","BICYCLE_SUSP_SERIOUS_INJ_COUNT","BUS_COUNT","CHLDPAS_DEATH_COUNT","CHLDPAS_SUSP_SERIOUS_INJ_COUNT","COLLISION_TYPE","COMM_VEH_COUNT","CONS_ZONE_SPD_LIM","COUNTY","CRASH_MONTH","CRASH_YEAR","DAY_OF_WEEK","DEC_LATITUDE","DEC_LONGITUDE","DISPATCH_TM","DISTRICT","DRIVER_COUNT_16YR","DRIVER_COUNT_17YR","DRIVER_COUNT_18YR","DRIVER_COUNT_19YR","DRIVER_COUNT_20YR","DRIVER_COUNT_50_64YR","DRIVER_COUNT_65_74YR","DRIVER_COUNT_75PLUS","EST_HRS_CLOSED","FATAL_COUNT","HEAVY_TRUCK_COUNT","HORSE_BUGGY_COUNT","HOUR_OF_DAY","ILLUMINATION","INJURY_COUNT","INTERSECTION_RELATED","INTERSECT_TYPE","LANE_CLOSED","LATITUDE","LN_CLOSE_DIR","LOCATION_TYPE","LONGITUDE","MAX_SEVERITY_LEVEL","MCYCLE_DEATH_COUNT","MCYCLE_SUSP_SERIOUS_INJ_COUNT","MOTORCYCLE_COUNT","MUNICIPALITY","NONMOTR_COUNT","NONMOTR_DEATH_COUNT","NONMOTR_SUSP_SERIOUS_INJ_COUNT","NTFY_HIWY_MAINT","PED_COUNT","PED_DEATH_COUNT","PED_SUSP_SERIOUS_INJ_COUNT","PERSON_COUNT","POLICE_AGCY","POSSIBLE_INJ_COUNT","RDWY_SURF_TYPE_CD","RELATION_TO_ROAD","ROADWAY_CLEARED","ROAD_CONDITION","SCH_BUS_IND","SCH_ZONE_IND","SECONDARY_CRASH","SMALL_TRUCK_COUNT","SPEC_JURIS_CD","SUSP_MINOR_INJ_COUNT","SUSP_SERIOUS_INJ_COUNT","SUV_COUNT","TCD_FUNC_CD","TCD_TYPE","TFC_DETOUR_IND","TIME_OF_DAY","TOTAL_UNITS","TOT_INJ_COUNT","UNBELTED_OCC_COUNT","UNB_DEATH_COUNT","UNB_SUSP_SERIOUS_INJ_COUNT","UNK_INJ_DEG_COUNT","UNK_INJ_PER_COUNT","URBAN_RURAL","VAN_COUNT","VEHICLE_COUNT","WEATHER1","WEATHER2","WORKERS_PRES","WORK_ZONE_IND","WORK_ZONE_LOC","WORK_ZONE_TYPE","WZ_CLOSE_DETOUR","WZ_FLAGGER","WZ_LAW_OFFCR_IND","WZ_LN_CLOSURE","WZ_MOVING","WZ_OTHER","WZ_SHLDER_MDN","WZ_WORKERS_INJ_KILLED"
"2021005466","","0","0","0","0","0","0","0","0","0","7","0","","02","1","2021","7","40.516986","-79.972072","","11","0","0","0","0","0","0","0","0","","0","0","0","","","0","Y","0","","40 31:01.150","","0","79 58:19.460","0","0","0","0","2118","0","0","0","N","0","0","0","1","02118","0","","5.0","","2","N","N","N","0","","0","0","1","0","0","","","1","0","0","0","0","0","0","2","0","1","","10","","N","","","","","","","","","",""
"2021035778","","2","0","0","0","0","0","0","0","0","7","0","","02","4","2021","7","40.65398","-80.082553","","11","0","0","0","0","0","2","0","0","","0","0","0","","","0","","1","","40 39:14.327","3","0","80 04:57.192","0","0","0","0","2212","0","0","0","N","0","0","0","2","02505","0","","2.0","2200.0","1","N","N","Y","0","","0","0","0","0","0","N","","2","0","0","0","0","0","0","2","0","2","","","","N","","","","","","","","","",""
"2021011783","","1","0","0","0","0","0","0","0","0","4","0","","02","2","2021","2","40.613579","-79.911751","","11","0","0","0","0","0","0","0","0","","0","0","0","","","1","N","2","","40 36:48.886","6","0","79 54:42.302","3","0","0","0","2220","0","0","0","N","0","0","0","2","02220","0","","1.0","1626.0","9","N","N","N","0","","1","0","1","0","0","N","","2","1","0","0","0","0","0","2","0","2","","03","","N","","","","","","","","","",""
"2021009824","","0","0","0","0","0","0","0","0","0","4","0","","02","1","2021","6","40.592687","-79.947884","","11","0","0","0","0","0","2","0","0","","0","0","0","","","0","N","0","","40 35:33.673","5","7","79 56:52.381","0","0","0","0","2207","0","0","0","N","0","0","0","2","02207","0","","1.0","1310.0","1","N","N","N","1","","0","0","1","0","0","N","","2","0","0","0","0","0","0","2","0","2","","","","N","","","","","","","","","",""
"2021038331","","1","0","0","0","0","0","0","0","0","1","0","","02","4","2021","7","40.428561","-79.929128","","11","0","1","0","0","0","0","0","0","","0","0","0","","","2","N","0","","40 25:42.820","","0","79 55:44.859","3","0","0","0","2301","0","0","0","N","0","0","0","4","68B03","0","","1.0","","1","N","N","N","0","","2","0","1","0","0","","","2","2","0","0","0","0","0","2","0","2","","04","","N","","","","","","","","","",""
"2021005421","","1","0","0","0","0","0","0","0","0","7","0","","02","1","2021","1","40.566578","-79.98084","","11","0","0","0","0","0","0","0","0","","0","0","0","","","0","N","0","","40 33:59.680","","0","79 58:51.024","0","0","0","0","2207","0","0","0","N","0","0","0","1","02207","0","","5.0","","9","N","N","N","0","","0","0","0","0","0","","","1","0","0","0","0","0","0","2","0","1","","","","N","","","","","","","","","",""
"2021012701","","2","0","0","0","0","0","0","0","0","1","0","","02","2","2021","7","40.343092","-80.024423","","11","0","1","0","0","0","0","1","0","","0","0","0","","","1","","2","","40 20:35.130","4","0","80 01:27.922","4","0","0","0","2407","0","0","0","N","0","0","0","4","02407","1","","1.0","1623.0","1","N","N","N","0","","0","0","0","0","0","N","","2","1","1","0","0","0","0","2","0","2","","","","N","","","","","","","","","",""
"2021009943","","4","0","0","0","0","0","0","0","0","4","0","","02","1","2021","1","40.421008","-79.985419","","11","0","0","0","0","0","0","0","0","","0","0","0","","","0","N","0","","40 25:15.630","","0","79 59:07.510","0","0","0","0","2301","0","0","0","N","0","0","0","1","02301","0","","2.0","","1","N","N","N","0","","0","0","1","0","0","","","5","0","0","0","0","0","0","2","0","5","","03","","N","","","","","","","","","",""
"2021035871","","1","0","0","0","0","0","0","0","0","4","0","","02","4","2021","5","40.437919","-79.99102","","11","0","0","0","0","0","0","0","0","","0","0","0","","","1","","2","","40 26:16.507","","0","79 59:27.672","3","0","0","0","2301","0","0","0","N","0","0","0","1","02301","0","","2.0","","1","N","N","N","0","","1","0","0","0","0","","","1","1","0","0","0","0","0","2","0","1","","03","","N","","","","","","","","","",""
"2021041442","","3","0","0","0","0","0","0","0","0","1","0","","02","5","2021","6","40.480997","-80.04544","","11","0","0","0","1","0","0","0","0","","0","0","0","","","1","N","0","","40 28:51.590","5","0","80 02:43.584","3","0","0","0","2301","0","0","0","N","0","0","0","7","02301","0","","1.0","1456.0","1","N","N","N","0","","1","0","0","0","0","N","","3","1","0","0","0","0","0","2","0","3","","03","","N","","","","","","","","","",""
"2021005910","","1","0","0","0","0","0","0","0","0","2","0","","02","1","2021","7","40.507156","-80.06888","","11","0","0","0","0","0","0","0","0","","0","0","0","","","0","N","0","","40 30:25.762","","0","80 04:07.967","0","0","0","0","2402","0","0","0","N","0","0","0","1","02402","0","","6.0","","7","N","N","N","0","","0","0","2","0","0","","","3","0","1","0","0","0","0","2","0","3","","06","","N","","","","","","","","","",""
"2021032224","","1","0","0","0","0","0","0","0","0","8","0","","02","4","2021","5","40.425972","-79.971781","","11","0","0","0","0","0","1","0","0","","0","0","0","","","1","N","1","","40 25:33.498","","0","79 58:18.412","4","0","0","0","2301","1","0","0","N","1","0","0","2","02301","1","","1.0","","1","N","N","N","0","","0","0","0","0","0","","","2","1","0","0","0","0","0","2","0","1","","","","N","","","","","","","","","",""
"2021035661","","1","0","0","0","0","0","0","0","0","7","0","","02","4","2021","4","40.447074","-80.166937","","11","0","0","0","0","0","0","0","0","","0","0","0","","","0","N","7","","40 26:49.465","3","2","80 10:00.973","0","0","0","0","2115","0","0","0","N","0","0","0","1","68B03","0","","4.0","104.0","1","N","N","N","0","","0","0","0","0","0","N","","1","0","1","0","0","0","0","2","0","1","","","","N","","","","","","","","","",""
"2021002863","","2","0","0","0","0","0","0","0","0","4","0","","02","1","2021","6","40.462373","-79.950371","","11","0","0","0","0","0","1","0","0","","0","0","0","","","0","","2","","40 27:44.541","","0","79 57:01.335","0","0","0","0","2301","0","0","0","N","0","0","0","2","02301","0","","1.0","","1","N","N","N","0","","0","0","0","0","0","","","2","0","0","0","0","0","0","2","0","2","","","","N","","","","","","","","","",""
"2021003590","","1","0","0","0","0","0","0","0","0","6","0","","02","1","2021","6","40.669212","-79.731901","","11","0","0","0","0","0","1","1","0","","0","0","0","","","0","N","1","","40 40:09.163","","0","79 43:54.844","0","0","0","0","2202","0","0","0","N","0","0","0","2","68D02","0","","1.0","","1","N","N","N","0","","0","0","0","0","0","","","2","0","0","0","0","0","0","2","1","2","","","","N","","","","","","","","","",""
"2021040504","","1","0","0","0","0","0","0","0","0","1","0","","02","5","2021","2","40.441547","-79.85803","","11","0","0","0","0","0","0","1","0","","0","0","0","","","1","N","0","","40 26:29.569","4","0","79 51:28.909","4","0","0","0","2419","0","0","0","N","0","0","0","3","68B03","1","","1.0","835.0","9","N","N","N","1","","0","0","1","0","0","N","","3","1","0","0","0","0","0","2","0","3","","07","","N","","","","","","","","","",""
"2021037793","","1","0","0","0","0","0","0","0","0","4","0","","02","4","2021","3","40.485208","-79.970006","","11","0","1","0","0","0","0","0","0","","0","0","0","","","0","N","2","","40 29:06.748","2","0","79 58:12.021","0","0","0","0","2445","0","0","0","N","0","0","0","1","02445","0","","1.0","744.0","1","N","N","N","0","","0","0","1","0","0","N","","2","0","0","0","0","0","0","2","0","2","","98","","N","","","","","","","","","",""
"2021030894","","1","0","0","0","0","0","0","0","0","4","0","","02","4","2021","1","40.437609","-79.984223","","11","0","0","0","0","0","0","0","0","","0","0","0","","","1","","1","","40 26:15.392","3","0","79 59:03.203","4","0","0","0","2301","0","0","0","N","0","0","0","2","02301","1","","1.0","314.0","1","N","N","N","0","","0","0","1","3","1","Y","","2","1","0","0","0","0","0","2","0","2","","","","N","","","","","","","","","",""
"2021009313","","2","0","0","0","0","0","0","0","0","2","0","","02","1","2021","5","40.421315","-79.884755","","11","0","0","0","0","0","1","0","0","","0","0","0","","","0","N","3","","40 25:16.733","7","0","79 53:05.117","0","0","0","0","2463","0","0","0","N","0","0","0","2","02463","0","","1.0","2104.0","9","N","N","N","0","","0","0","0","3","2","N","","2","0","0","0","0","0","0","2","0","2","","10","","N","","","","","","","","","",""
"2021012108","","1","0","0","0","0","0","0","0","0","7","0","","02","2","2021","2","40.502812","-80.137006","","11","0","0","0","0","0","0","0","0","","0","0","0","","","0","N","0","","40 30:10.124","2","0","80 08:13.223","0","0","0","0","2115","0","0","0","N","0","0","0","2","68B03","0","","5.0","946.0","6","N","N","N","0","","0","0","0","0","0","N","","1","0","0","0","0","0","0","2","0","1","","09","","N","","","","","","","","","",""
"2021041026","","0","0","0","0","0","0","0","0","0","98","1","","02","5","2021","3","40.301561","-79.863717","","11","0","0","0","0","0","0","0","0","","0","1","0","","","0","N","0","","40 18:05.618","6","0","79 51:49.382","9","0","0","0","2443","0","0","0","Y","0","0","0","1","02443","0","","4.0","1726.0","1","N","N","N","0","","0","0","0","0","0","Y","","1","0","0","0","0","0","1","1","0","1","","03","","N","","","","","","","","","",""
"2021034945","","1","0","0","0","0","0","0","0","0","4","0","","02","4","2021","7","40.419653","-79.933792","","11","0","0","0","0","0","1","0","0","","0","0","0","","","0","N","0","","40 25:10.750","1","0","79 56:01.650","0","0","0","0","2301","0","0","0","N","0","0","0","1","02301","0","","4.0","2345.0","1","N","N","N","1","","0","0","0","0","0","Y","","2","0","0","0","0","0","0","2","0","2","","","","N","","","","","","","","","",""
"2021005255","","0","0","0","0","0","0","0","0","0","4","0","","02","1","2021","7","40.271136","-79.898713","","11","0","1","0","0","0","0","0","0","","0","0","0","","","0","","2","","40 16:16.089","6","0","79 53:55.366","0","0","0","0","2471","0","0","0","N","0","0","0","2","02428","0","","1.0","2026.0","1","N","N","N","0","","0","0","2","3","3","Y","","2","0","0","0","0","0","0","2","0","2","","","","N","","","","","","","","","",""
"2021037753","","0","0","0","0","0","0","0","0","0","2","0","","02","4","2021","3","40.434805","-79.723019","","11","0","0","0","0","0","0","0","0","","0","0","0","","","1","N","0","","40 26:05.298","3","0","79 43:22.868","8","0","0","0","2446","0","0","0","N","0","0","0","1","02446","0","","1.0","420.0","1","N","N","Y","1","","0","0","1","0","0","N","","2","1","1","0","0","1","0","2","0","2","","","","N","","","","","","","","","",""
"2021025817","","2","0","0","0","0","0","0","0","0","4","0","","02","3","2021","5","40.338079","-79.806773","","11","0","0","1","0","0","0","0","0","","0","0","0","","","2","","2","","40 20:17.083","","0","79 48:24.384","3","0","0","0","2477","0","0","0","N","0","0","0","3","02477","0","","1.0","","9","N","N","N","0","","2","0","0","3","2","","","2","2","0","0","0","0","0","2","0","2","","07","","N","","","","","","","","","",""
"2021007495","","1","0","0","0","0","0","0","0","0","7","0","","02","1","2021","7","40.456457","-79.904666","","11","0","0","0","0","0","0","0","0","","0","0","0","","","3","N","2","","40 27:23.246","7","0","79 54:16.797","3","0","0","0","2301","0","0","0","N","0","0","0","3","02301","0","","2.0","330.0","1","N","N","N","0","","3","0","0","0","0","Y","","1","3","0","0","0","0","0","2","0","1","","","","N","","","","","","","","","",""
"2021034039","","2","0","0","0","0","0","0","0","0","5","0","","02","4","2021","4","40.481524","-80.046061","","11","0","0","0","0","0","1","0","0","","0","0","0","","","1","N","2","","40 28:53.488","3","0","80 02:45.818","4","0","0","0","2301","0","0","0","N","0","0","0","3","02301","1","","1.0","1745.0","1","N","N","N","0","","0","0","0","0","0","N","","2","1","0","0","0","0","0","2","0","2","","03","","N","","","","","","","","","",""
"2021010233","","1","0","0","0","0","0","0","0","0","2","0","","02","1","2021","1","40.335568","-79.981672","","11","0","0","0","0","0","0","0","0","","0","0","0","","","0","N","0","","40 20:08.044","","0","79 58:54.020","0","0","0","0","2403","0","0","0","N","0","0","0","1","02403","0","","5.0","","7","","","N","0","","0","0","0","9","9","","","1","0","0","0","0","0","0","2","0","1","","","","N","","","","","","","","","",""
"2021011114","","1","0","0","0","0","0","0","0","0","5","0","","02","1","2021","7","40.428456","-79.891629","","11","0","0","0","0","0","0","0","0","","0","0","0","","","0","","2","","40 25:42.442","","0","79 53:29.865","0","0","0","0","2426","0","0","0","N","0","0","0","3","02426","0","","1.0","","1","N","N","N","0","","0","0","1","0","0","","","2","0","0","0","0","0","0","2","0","2","","03","","N","","","","","","","","","",""
"2021034469","","0","0","0","0","0","0","0","0","0","8","0","","02","4","2021","6","40.61482","-79.740572","","11","0","0","0","0","0","1","0","0","","0","0","0","","","1","N","0","","40 36:53.353","2","0","79 44:26.059","2","0","0","0","2106","1","0","1","N","1","0","1","2","02106","0","","1.0","647.0","9","N","N","N","0","","0","1","1","0","0","N","","2","1","0","0","0","0","0","2","0","1","","","","N","","","","","","","","","",""
"2021005785","","1","0","0","0","0","0","0","0","0","7","0","","02","1","2021","7","40.518169","-80.130586","","11","0","0","0","0","1","0","0","0","","0","0","0","","","1","N","0","","40 31:05.407","","2","80 07:50.109","3","0","0","0","2434","0","0","0","N","0","0","0","1","68B03","0","","2.0","","9","N","N","N","0","","1","0","0","0","0","","","1","1","1","0","0","0","0","2","0","1","","03","","N","","","","","","","","","",""
"2021005200","","2","0","0","0","0","0","0","0","0","2","0","","02","1","2021","7","40.380819","-79.812111","","11","0","0","0","0","0","0","0","0","","0","0","0","","","1","Y","0","","40 22:50.950","","7","79 48:43.599","3","0","0","0","2424","0","0","0","N","0","0","0","2","02424","0","","1.0","","9","N","N","N","0","","1","0","0","3","3","N","","2","1","0","0","0","0","0","2","0","2","","04","","N","","","","","","","","","",""
"2021024812","","1","0","0","0","0","0","0","0","0","4","0","","02","3","2021","6","40.454566","-79.881466","","11","0","0","0","0","0","0","1","0","","0","0","0","","","2","N","0","","40 27:16.437","","6","79 52:53.276","8","0","0","0","2301","0","0","0","N","0","0","0","2","02301","0","","1.0","","1","N","N","N","1","","0","0","0","0","0","","","2","2","0","0","0","2","0","2","0","2","","03","","N","","","","","","","","","",""
"2021034231","","2","0","0","0","0","0","0","0","0","4","0","","02","4","2021","7","40.535686","-79.970536","","11","1","0","0","0","0","0","0","0","","0","0","0","","","0","N","1","","40 32:08.469","5","0","79 58:13.931","0","0","0","0","2118","0","0","0","N","0","0","0","3","02118","0","","1.0","1130.0","1","N","N","N","0","","0","0","0","3","2","N","","2","0","0","0","0","0","0","2","0","2","","","","N","","","","","","","","","",""
"2021037560","","1","0","0","0","0","0","0","0","0","7","0","","02","4","2021","1","40.41963","-80.051746","","11","0","0","0","0","0","0","0","0","","0","0","0","","","0","N","0","","40 25:10.669","4","0","80 03:06.286","0","0","0","0","2435","0","0","0","N","0","0","0","1","68B03","0","","4.0","308.0","9","N","N","N","0","","0","0","0","0","0","N","","1","0","0","0","0","0","0","2","0","1","","","","N","","","","","","","","","",""
"2021033147","","2","0","2","0","0","0","0","0","0","1","0","","02","4","2021","2","40.46882","-79.908787","","11","0","0","1","0","0","1","0","0","","0","0","0","","","2","Y","0","","40 28:07.752","","6","79 54:31.632","2","0","0","0","2301","0","0","0","N","0","0","0","3","02301","0","","1.0","","1","N","N","N","0","","0","2","0","0","0","","","2","2","0","0","0","0","0","2","0","2","","03","","N","","","","","","","","","",""
"2021041117","","1","0","0","0","0","0","0","0","0","2","0","","02","5","2021","6","40.460588","-79.922847","","11","0","0","0","0","0","1","0","0","","0","0","0","","","0","","1","","40 27:38.117","3","0","79 55:22.249","0","0","0","0","2301","0","0","0","N","0","0","0","2","02301","0","","1.0","947.0","9","N","N","Y","1","","0","0","0","3","2","N","","2","0","0","0","0","0","0","2","0","2","","04","","N","","","","","","","","","",""
"2021039104","","2","0","0","0","0","0","0","0","0","1","0","","02","5","2021","7","40.458802","-79.862534","","11","0","0","0","0","0","0","0","0","","0","0","0","","","0","N","0","","40 27:31.688","","0","79 51:45.122","0","0","0","0","2113","0","0","0","N","0","0","0","1","02113","0","","6.0","","1","N","N","N","0","","0","0","0","0","0","","","2","0","0","0","0","0","0","2","0","2","","","","N","","","","","","","","","",""
"2021034470","","3","0","0","0","0","0","0","0","0","1","0","","02","4","2021","6","40.396214","-79.998191","","11","0","0","0","0","0","0","0","0","","0","0","0","","","0","N","1","","40 23:46.371","","0","79 59:53.487","0","0","0","0","2301","0","0","0","N","0","0","0","3","02301","0","","1.0","","9","N","N","N","0","","0","0","0","0","0","","","3","0","0","0","0","0","0","2","0","3","","07","","N","","","","","","","","","",""
"2021012736","","1","0","0","0","0","0","0","0","0","4","0","","02","2","2021","1","40.435269","-79.945367","","11","0","0","0","0","0","0","0","0","","0","0","0","","","0","N","0","","40 26:06.970","","0","79 56:43.320","0","0","0","0","2301","0","0","0","N","0","0","0","3","02301","0","","1.0","","1","N","N","N","1","","0","0","0","0","0","","","2","0","0","0","0","0","0","2","0","2","","","","N","","","","","","","","","",""
"2021007710","","0","0","2","0","0","0","0","0","0","4","0","","02","1","2021","7","40.211383","-79.841264","","11","0","0","0","0","0","1","0","0","","0","0","0","","","2","N","2","","40 12:40.978","2","0","79 50:28.549","2","0","0","0","2204","0","0","0","N","0","0","0","3","02204","0","","1.0","1327.0","1","N","N","N","1","","0","2","1","0","0","Y","","2","2","0","0","0","0","0","1","0","2","","","","N","","","","","","","","","",""
"2021035426","","0","0","0","0","0","0","0","0","0","7","0","","02","4","2021","1","40.527129","-79.816606","","11","0","0","0","0","0","0","0","0","","0","0","0","","","0","N","2","","40 31:37.663","","0","79 48:59.780","0","0","0","0","2466","0","0","0","Y","0","0","0","1","02466","0","","3.0","","1","N","N","N","1","","0","0","0","3","2","","","1","0","0","0","0","0","0","2","0","1","","","","N","","","","","","","","","",""
"2021010226","","1","0","0","0","0","0","0","0","0","7","0","","02","1","2021","5","40.50394","-80.010078","","11","0","0","0","0","0","1","0","0","","0","0","0","","","1","N","0","","40 30:14.185","2","0","80 00:36.279","2","0","0","0","2116","0","0","0","N","0","0","0","1","02116","0","","3.0","2240.0","1","N","N","Y","0","","0","1","0","0","0","N","","1","1","1","0","1","0","0","2","0","1","","03","","N","","","","","","","","","",""
"2021036933","","1","0","0","0","0","0","0","0","0","7","0","","02","4","2021","7","40.351463","-79.891673","","11","0","0","0","0","0","0","0","0","","0","0","0","","","0","","1","","40 21:05.265","1","0","79 53:30.024","0","0","0","0","2423","0","0","0","N","0","0","0","1","02304","0","","2.0","333.0","1","N","N","N","0","","0","0","0","3","3","N","","1","0","0","0","0","0","0","2","0","1","","03","","N","","","","","","","","","",""
"2021009309","","1","0","0","0","0","0","0","0","0","4","0","","02","1","2021","4","40.385153","-79.802847","","11","0","0","0","0","0","0","0","0","","0","0","0","","","1","N","0","","40 23:06.550","5","0","79 48:10.250","3","0","0","0","2424","0","0","0","N","0","0","0","2","02424","0","","1.0","2345.0","1","N","N","N","0","","1","0","1","0","0","Y","","2","1","1","0","0","0","0","2","0","2","","03","","N","","","","","","","","","",""
"2021011970","","1","0","0","0","0","0","0","0","0","2","0","","02","1","2021","6","40.432578","-80.058761","","11","0","0","0","0","0","0","0","0","","0","1","0","","","0","N","0","","40 25:57.281","6","0","80 03:31.539","0","0","0","0","2421","0","0","0","N","0","0","0","1","02421","0","","6.0","300.0","1","N","N","N","0","","0","0","0","0","0","Y","","2","0","0","0","0","0","0","2","0","2","","","","N","","","","","","","","","",""
"2021036588","","1","0","0","0","0","0","0","0","0","7","0","","02","4","2021","6","40.428556","-79.918892","","11","0","0","0","0","0","0","0","0","","0","0","0","","","0","N","0","","40 25:42.802","","0","79 55:08.011","0","0","0","0","2301","0","0","0","N","0","0","0","1","02301","0","","9.0","","1","N","N","N","0","","0","0","0","0","0","","","1","0","0","0","0","0","0","2","0","1","","04","","N","","","","","","","","","",""
"2021015212","","1","0","0","0","0","0","0","0","0","7","0","","02","2","2021","1","40.452066","-79.962988","","11","0","0","0","0","0","0","0","0","","0","0","0","","","0","N","0","","40 27:07.437","","0","79 57:46.758","0","0","0","0","2301","0","0","0","N","0","0","0","1","02301","0","","2.0","","2","N","N","N","0","","0","0","0","0","0","","","1","0","0","0","0","0","0","2","0","1","","02","","N","","","","","","","","","",""
"2021023905","","0","0","0","0","0","0","0","0","0","7","0","","02","1","2021","6","40.448478","-80.007716","","11","0","0","0","0","0","0","0","0","","0","0","0","","","0","N","0","","40 26:54.519","2","3","80 00:27.777","9","0","0","0","2301","0","0","0","N","0","0","0","1","68B03","0","","4.0","930.0","1","N","N","N","0","","0","0","1","0","0","N","","1","0","0","0","0","0","1","2","0","1","","","","N","","","","","","","","","",""
"2021009009","","1","0","0","0","0","0","0","0","0","7","0","","02","1","2021","5","40.630355","-79.967501","","11","0","0","0","0","0","1","0","0","","0","0","0","","","0","N","0","","40 37:49.279","3","0","79 58:03.005","0","0","0","0","2217","0","0","0","Y","0","0","0","1","02505","0","","2.0","242.0","1","N","N","N","0","","0","0","0","0","0","N","","1","0","0","0","0","0","0","1","0","1","","03","","N","","","","","","","","","",""
"2021035344","","2","0","0","0","0","0","0","0","0","4","0","","02","4","2021","6","40.428567","-79.936342","","11","0","0","0","0","0","0","0","0","","0","0","0","","","0","N","0","","40 25:42.842","","0","79 56:10.832","0","0","0","0","2301","0","0","0","N","0","0","0","2","68B03","0","","1.0","","1","N","N","N","0","","0","0","0","0","0","","","2","0","0","0","0","0","0","2","0","2","","03","","N","","","","","","","","","",""
"2021038884","","1","0","0","0","0","0","0","0","0","5","1","","02","4","2021","6","40.521069","-79.949612","","11","0","0","0","0","0","0","0","0","","0","0","0","","","0","N","0","","40 31:15.850","","6","79 56:58.603","0","0","0","0","2118","0","0","0","N","0","0","0","3","02118","0","","1.0","","9","N","N","N","0","","0","0","1","0","0","","","2","0","0","0","0","0","0","2","0","2","","","","N","","","","","","","","","",""
"2021002629","","2","0","0","0","0","0","0","0","0","1","0","","02","1","2021","6","40.576459","-80.025834","","11","0","0","0","0","0","0","1","0","","0","0","0","","","2","","1","","40 34:35.251","","0","80 01:33.002","4","0","0","0","2108","0","0","0","N","0","0","0","3","02108","1","","1.0","","1","N","N","N","0","","0","0","0","3","2","","","2","2","0","0","0","1","0","2","0","2","","","","N","","","","","","","","","",""
"2021009007","","1","0","0","0","0","0","0","0","0","98","0","","02","1","2021","5","40.449249","-80.025317","","11","0","0","0","0","0","0","0","0","","0","0","0","","","0","N","0","","40 26:57.295","","0","80 01:31.142","9","0","0","0","2301","0","0","0","N","0","0","0","1","02301","0","","2.0","","1","N","N","N","0","","0","0","0","0","0","N","","1","0","0","0","0","0","1","2","0","1","","03","","N","","","","","","","","","",""
"2021037134","","0","0","0","0","0","0","0","0","0","5","0","","02","4","2021","6","40.429094","-79.940222","","11","0","0","0","0","0","1","0","0","","0","0","0","","","0","N","0","","40 25:44.738","","0","79 56:24.800","0","0","0","0","2301","0","0","0","N","0","0","0","2","68B03","0","","1.0","","1","N","N","N","0","","0","0","2","0","0","","","2","0","0","0","0","0","0","2","0","2","","","","N","","","","","","","","","",""
"2021023247","","1","0","0","0","0","0","0","0","0","7","0","","02","1","2021","7","40.201403","-79.865385","","11","0","0","0","0","0","0","0","0","","0","0","0","","","0","N","2","","40 12:05.049","","99","79 51:55.385","0","0","0","0","2204","0","0","0","N","0","0","0","1","02204","0","","2.0","","7","N","N","N","0","","0","0","0","0","0","","","1","0","1","0","0","0","0","1","0","1","","10","","N","","","","","","","","","",""
"2021011069","","0","0","0","0","0","0","0","0","0","2","0","","02","2","2021","3","40.427616","-79.705111","","11","0","0","0","0","1","0","0","0","","0","0","0","","","0","","1","","40 25:39.416","3","0","79 42:18.400","0","0","0","0","2446","0","0","0","N","0","0","0","2","02446","0","","1.0","2135.0","7","N","N","N","1","","0","0","1","3","2","N","","2","0","0","0","0","0","0","2","0","2","","10","","N","","","","","","","","","",""
"2021036839","","0","0","0","0","0","0","0","0","0","0","1","","02","4","2021","1","40.499215","-80.120732","","11","0","0","0","0","0","1","0","0","","0","1","0","","","0","N","0","","40 29:57.175","","0","80 07:14.636","0","0","0","0","2115","0","0","0","N","0","0","0","1","68B03","0","","4.0","","1","N","N","N","0","","0","0","0","3","8","","","1","0","0","0","0","0","0","2","0","1","","03","","N","","","","","","","","","",""
"2021005126","","2","0","0","0","0","0","0","0","0","1","0","","02","1","2021","7","40.384352","-79.980448","","11","0","0","0","0","0","0","0","0","","0","0","0","","","0","N","1","","40 23:03.667","","0","79 58:49.612","0","0","0","0","2301","0","0","0","N","0","0","0","3","02301","0","","1.0","","7","N","N","N","0","","0","0","0","0","0","","","2","0","0","0","0","0","0","2","0","2","","","","N","","","","","","","","","",""
"2021041003","","1","0","0","0","0","0","0","0","0","7","0","","02","5","2021","5","40.347071","-79.864108","","11","0","0","0","0","0","0","0","0","","0","0","0","","","0","","1","","40 20:49.457","","0","79 51:50.789","0","0","0","0","2304","0","0","0","N","0","0","0","1","02304","0","","5.0","","1","N","N","N","0","","0","0","0","3","2","","","1","0","0","0","0","0","0","2","0","1","","","","N","","","","","","","","","",""
"2021007410","","2","0","0","0","0","0","0","0","0","1","0","","02","1","2021","6","40.423475","-79.961646","","11","0","0","0","0","0","2","0","0","","0","0","0","","","0","N","0","","40 25:24.510","2","0","79 57:41.925","0","0","0","0","2301","0","0","0","N","0","0","0","4","02301","0","","1.0","1800.0","1","N","N","N","0","","0","0","1","3","2","Y","","3","0","0","0","0","0","0","2","0","3","","02","","N","","","","","","","","","",""
"2021007347","","0","0","0","0","0","0","0","0","0","7","0","","02","1","2021","4","40.433845","-79.991851","","11","0","0","0","0","0","0","0","0","","0","0","0","","","1","N","0","","40 26:01.842","3","0","79 59:30.665","3","0","0","0","2301","0","0","0","N","0","0","0","1","68B03","0","","4.0","825.0","9","N","N","N","0","","1","0","1","0","0","N","","1","1","0","0","0","0","0","2","0","1","","","","N","","","","","","","","","",""