"CRN","ARRIVAL_TM","AUTOMOBILE_COUNT","BELTED_DEATH_COUNT","BELTED_SUSP_SERIOUS_INJ_COUNT","BICYCLE_COUNT","BICYCLE_DEATH_COUNT","BICYCLE_SUSP_SERIOUS_INJ_COUNT","BUS_COUNT","CHLDPAS_DEATH_COUNT","CHLDPAS_SUSP_SERIOUS_INJ_COUNT","COLLISION_TYPE","COMM_VEH_COUNT","CONS_ZONE_SPD_LIM","COUNTY","CRASH_MONTH","CRASH_YEAR","DAY_OF_WEEK","DEC_LATITUDE","DEC_LONGITUDE","DISPATCH_TM","DISTRICT","DRIVER_COUNT_16YR","DRIVER_COUNT_17YR","DRIVER_COUNT_18YR","DRIVER_COUNT_19YR","DRIVER_COUNT_20YR","DRIVER_COUNT_50_64YR","DRIVER_COUNT_65_74YR","DRIVER_COUNT_75PLUS","EST_HRS_CLOSED","FATAL_COUNT","HEAVY_TRUCK_COUNT","HORSE_BUGGY_COUNT","HOUR_OF_DAY","ILLUMINATION","INJURY_COUNT","INTERSECTION_RELATED","INTERSECT_TYPE","LANE_CLOSED","LATITUDE","LN_CLOSE_DIR","LOCATION_TYPE","LONGITUDE","MAX_SEVERITY_LEVEL","MCYCLE_DEATH_COUNT","MCYCLE_SUSP_SERIOUS_INJ_COUNT","MOTORCYCLE_COUNT","MUNICIPALITY","NONMOTR_COUNT","NONMOTR_DEATH_COUNT","NONMOTR_SUSP_SERIOUS_INJ_COUNT","NTFY_HIWY_MAINT","PED_COUNT","PED_DEATH_COUNT","PED_SUSP_SERIOUS_INJ_COUNT","PERSON_COUNT","POLICE_AGCY","POSSIBLE_INJ_COUNT","RDWY_SURF_TYPE_CD","RELATION_TO_ROAD","ROADWAY_CLEARED","ROAD_CONDITION","SCH_BUS_IND","SCH_ZONE_IND","SECONDARY_CRASH","SMALL_TRUCK_COUNT","SPEC_JURIS_CD","SUSP_MINOR_INJ_COUNT","SUSP_SERIOUS_INJ_COUNT","SUV_COUNT","TCD_FUNC_CD","TCD_TYPE","TFC_DETOUR_IND","TIME_OF_DAY","TOTAL_UNITS","TOT_INJ_COUNT","UNBELTED_OCC_COUNT","UNB_DEATH_COUNT","UNB_SUSP_SERIOUS_INJ_COUNT","UNK_INJ_DEG_COUNT","UNK_INJ_PER_COUNT","URBAN_RURAL","VAN_COUNT","VEHICLE_COUNT","WEATHER1","WEATHER2","WORKERS_PRES","WORK_ZONE_IND","WORK_ZONE_LOC","WORK_ZONE_TYPE","WZ_CLOSE_DETOUR","WZ_FLAGGER","WZ_LAW_OFFCR_IND","WZ_LN_CLOSURE","WZ_MOVING","WZ_OTHER","WZ_SHLDER_MDN","WZ_WORKERS_INJ_KILLED"
"2021011965","","2","0","0","0","0","0","0","0","0","4","0","","02","2","2021","3","40.520959","-80.264821","","11","0","0","0","0","0","1","0","0","","0","0","0","","","1","N","0","","40 31:15.453","5","0","80 15:53.355","8","0","0","0","2203","0","0","0","N","0","0","0","2","02203","0","","1.0","705.0","7","N","N","N","0","","0","0","0","0","0","Y","","2","1","0","0","0","1","0","2","0","2","","04","","N","","","","","","","","","",""
"2021010622","","3","0","0","0","0","0","0","0","0","4","0","","02","2","2021","2","40.409539","-80.023689","","11","0","0","0","0","0","0","0","0","","0","0","0","","","0","N","0","","40 24:34.340","2","0","80 01:25.280","0","0","0","0","2301","0","0","0","N","0","0","0","3","02301","0","","1.0","2042.0","7","N","N","N","0","","0","0","1","0","0","N","","4","0","1","0","0","0","0","2","0","4","","02","","N","","","","","","","","","",""
"2021005688","","3","0","0","0","0","0","0","0","0","1","0","","02","1","2021","5","40.496287","-79.944328","","11","0","0","0","0","0","1","0","0","","0","0","0","","","0","N","1","","40 29:46.632","","0","79 56:39.582","9","0","0","0","2430","0","0","0","N","0","0","0","3","02430","0","","1.0","","1","N","N","N","0","","0","0","0","0","0","","","3","0","1","0","0","0","1","2","0","3","","","","N","","","","","","","","","",""
"2021036141","","1","0","0","0","0","0","0","0","0","4","0","","02","4","2021","3","40.449185","-79.762249","","11","0","0","0","0","0","1","0","0","","0","0","0","","","0","","1","","40 26:57.065","","0","79 45:44.095","0","0","0","0","2446","0","0","0","N","0","0","0","2","02446","0","","1.0","","1","N","N","N","0","","0","0","1","3","3","","","2","0","0","0","0","0","0","2","0","2","","03","","N","","","","","","","","","",""
"2021037996","","1","0","0","0","0","0","0","0","0","1","0","","02","4","2021","3","40.455395","-79.884738","","11","0","0","0","0","1","0","0","0","","0","0","0","","","0","","2","","40 27:19.422","4","0","79 53:05.056","0","0","0","1","2301","0","0","0","N","0","0","0","2","02301","0","","1.0","1820.0","1","N","N","N","0","","0","0","0","0","0","N","","2","0","0","0","0","0","0","2","0","2","","03","","N","","","","","","","","","",""
"2021033796","","0","0","0","0","0","0","0","0","0","7","0","","02","4","2021","3","40.572128","-80.023504","","11","0","0","0","0","0","0","0","1","","0","0","0","","","0","","1","","40 34:19.660","","0","80 01:24.616","0","0","0","0","2108","0","0","0","N","0","0","0","1","02108","0","","2.0","","1","N","N","N","0","","0","0","1","3","2","","","1","0","0","0","0","0","0","2","0","1","","03","","N","","","","","","","","","",""
"2021010655","","1","0","0","0","0","0","0","0","0","7","0","","02","1","2021","1","40.452189","-80.203372","","11","0","0","0","0","0","0","0","0","","0","0","0","","","0","N","0","","40 27:07.880","4","0","80 12:12.140","0","0","0","0","2203","0","0","0","N","0","0","0","1","02203","0","","5.0","104.0","7","N","N","N","0","","0","0","0","0","0","N","","1","0","0","0","0","0","0","2","0","1","","10","","N","","","","","","","","","",""
"2021014048","","0","0","0","0","0","0","0","0","0","7","0","","02","2","2021","4","40.509733","-79.815476","","11","0","0","0","0","0","0","0","0","","0","0","0","","","0","N","0","","40 30:35.038","6","0","79 48:55.712","0","0","0","0","2113","0","0","0","N","0","0","0","1","02113","0","","2.0","2215.0","7","N","N","N","0","","0","0","0","0","0","N","","1","0","0","0","0","0","0","2","1","1","","","","N","","","","","","","","","",""
"2021005323","","1","0","0","0","0","0","0","0","0","7","0","","02","1","2021","7","40.36589","-79.815315","","11","0","0","0","0","0","0","0","0","","0","0","0","","","0","N","0","","40 21:57.203","3","0","79 48:55.135","0","0","0","0","2111","0","0","0","N","0","0","0","1","02111","0","","2.0","1240.0","7","N","N","N","0","","0","0","0","0","0","N","","1","0","0","0","0","0","0","2","0","1","","","","N","","","","","","","","","",""
"2021036791","","1","0","0","0","0","0","0","0","0","5","0","","02","4","2021","1","40.430208","-79.892381","","11","0","0","0","0","0","0","0","0","","0","0","0","","","0","N","0","","40 25:48.750","1","0","79 53:32.570","0","0","0","0","2426","0","0","0","N","0","0","0","2","02426","0","","4.0","157.0","9","N","N","N","0","","0","0","1","0","0","N","","2","0","0","0","0","0","0","2","0","2","","07","","N","","","","","","","","","",""
"2021008435","","2","0","0","0","0","0","0","0","0","4","0","","02","1","2021","2","40.428588","-79.946022","","11","0","1","0","0","0","0","0","0","","0","0","0","","","1","N","0","","40 25:42.917","3","0","79 56:45.678","4","0","0","0","2301","0","0","0","N","0","0","0","2","68B03","1","","4.0","220.0","9","N","N","N","0","","0","0","0","0","0","N","","2","1","0","0","0","0","0","2","0","2","","","","N","","","","","","","","","",""
"2021032465","","0","0","0","0","0","0","0","0","0","4","0","","02","4","2021","5","40.359773","-79.933671","","11","0","0","0","0","0","0","0","0","","0","0","0","","","1","N","0","","40 21:35.182","1","7","79 56:01.216","3","0","0","0","2473","0","0","0","N","0","0","0","2","02473","0","","1.0","1500.0","1","N","N","N","1","","1","0","1","0","0","N","","2","1","0","0","0","0","0","2","0","2","","03","","N","","","","","","","","","",""
"2021007655","","1","0","0","0","0","0","0","0","0","7","0","","02","1","2021","7","40.338303","-79.951106","","11","0","0","0","0","0","0","0","0","","0","0","0","","","0","Y","0","","40 20:17.890","","7","79 57:03.980","0","0","0","0","2473","0","0","0","N","0","0","0","4","02473","0","","5.0","","1","N","N","N","0","","0","0","0","0","0","","","1","0","0","0","0","0","0","2","0","1","","03","","N","","","","","","","","","",""
"2021010128","","0","0","0","0","0","0","0","0","0","7","0","","02","1","2021","3","40.42781","-79.949127","","11","0","0","0","0","0","0","0","0","","0","0","0","","","0","N","0","","40 25:40.116","3","3","79 56:56.858","0","0","0","0","2301","0","0","0","Y","0","0","0","1","68B03","0","","2.0","855.0","9","N","N","N","1","","0","0","0","0","0","N","","1","0","0","0","0","0","0","2","0","1","","05","","N","","","","","","","","","",""
"2021010615","","1","0","0","0","0","0","0","0","0","6","0","","02","1","2021","6","40.495188","-80.066007","","11","0","0","0","0","0","1","0","0","","0","0","0","","","0","N","0","","40 29:42.676","","6","80 03:57.624","0","0","0","0","2402","0","0","0","N","0","0","0","2","02402","0","","1.0","","1","N","N","N","0","","0","0","1","0","0","","","2","0","0","0","0","0","0","2","0","2","","03","","N","","","","","","","","","",""
"2021036718","","1","0","0","0","0","0","0","0","0","1","0","","02","4","2021","2","40.423662","-80.107738","","11","0","0","0","0","0","0","0","0","","0","0","0","","","1","N","0","","40 25:25.183","3","0","80 06:27.857","4","0","0","0","2115","0","0","0","N","0","0","0","2","68B03","1","","1.0","1618.0","1","N","N","N","0","","0","0","1","0","0","N","","2","1","1","0","0","0","0","2","0","2","","","","N","","","","","","","","","",""
"2021031376","","1","0","0","0","0","0","0","0","0","1","0","","02","4","2021","3","40.40625","-80.00351","","11","0","0","0","0","0","0","0","0","","0","0","0","","","1","N","0","","40 24:22.501","1","99","80 00:12.636","3","0","0","0","2301","0","0","0","N","0","0","0","2","02301","0","","1.0","1540.0","1","N","N","Y","0","","1","0","1","0","0","N","","2","1","0","0","0","0","0","2","0","2","","03","","N","","","","","","","","","",""
"2021039313","","1","0","0","0","0","0","0","0","0","7","0","","02","5","2021","7","40.482933","-79.809695","","11","0","0","0","0","0","0","0","0","","0","0","0","","","0","Y","0","","40 28:58.559","4","0","79 48:34.901","0","0","0","0","2113","0","0","0","N","0","0","0","1","02113","0","","2.0","2325.0","1","N","N","N","0","","0","0","0","0","0","N","","1","0","0","0","0","0","0","2","0","1","","03","","N","","","","","","","","","",""
"2021011509","","0","0","0","0","0","0","0","0","0","7","0","","02","1","2021","1","40.578878","-80.087435","","11","0","0","0","0","0","1","0","0","","0","0","0","","","0","N","0","","40 34:43.962","","0","80 05:14.765","0","0","0","0","2481","0","0","0","N","0","0","0","1","02481","0","","5.0","","7","N","N","N","1","","0","0","0","0","0","N","","1","0","0","0","0","0","0","2","0","1","","02","","N","","","","","","","","","",""
"2021005546","","1","0","0","0","0","0","0","0","0","7","0","","02","1","2021","7","40.49938","-80.049532","","11","0","0","0","0","0","0","0","0","","0","0","0","","","0","N","0","","40 29:57.767","3","0","80 02:58.315","0","0","0","0","2116","0","0","0","N","0","0","0","1","02116","0","","5.0","1229.0","7","N","","N","0","","0","0","0","0","0","N","","1","0","0","0","0","0","0","2","0","1","","","","N","","","","","","","","","",""
"2021008138","","1","0","0","0","0","0","0","0","0","7","0","","02","1","2021","6","40.493101","-80.047219","","11","0","0","0","0","0","0","0","0","","0","0","0","","","0","N","0","","40 29:35.162","6","0","80 02:49.988","0","0","0","0","2404","0","0","0","N","0","0","0","1","02404","0","","2.0","1630.0","1","N","N","N","0","","0","0","0","0","0","N","","1","0","0","0","0","0","0","2","0","1","","","","N","","","","","","","","","",""
"2021005031","","4","0","0","0","0","0","0","0","0","2","0","","02","1","2021","6","40.419209","-80.011713","","11","0","0","0","0","0","0","0","0","","0","0","0","","","0","N","0","","40 25:09.151","","0","80 00:42.168","9","0","0","0","2301","0","0","0","N","0","0","0","4","02301","0","","1.0","","9","N","N","N","0","","0","0","0","0","0","","","4","0","2","0","0","0","2","2","0","4","","","","N","","","","","","","","","",""
"2021042126","","1","0","0","0","0","0","0","0","0","6","0","","02","5","2021","2","40.462155","-79.926857","","11","0","0","0","0","0","1","0","0","","0","0","0","","","0","","1","","40 27:43.758","6","0","79 55:36.685","0","0","0","0","2301","0","0","0","N","0","0","0","2","02301","0","","1.0","1750.0","1","N","N","N","0","","0","0","1","3","3","Y","","2","0","0","0","0","0","0","2","0","2","","03","","N","","","","","","","","","",""
"2021013414","","1","0","0","0","0","0","0","0","0","7","0","","02","1","2021","2","40.426906","-79.891751","","11","0","0","0","0","0","0","0","0","","0","0","0","","","0","N","0","","40 25:36.863","3","0","79 53:30.303","9","0","0","0","2301","0","0","0","N","0","0","0","1","68B03","0","","4.0","2118.0","9","N","N","N","0","","0","0","0","0","0","N","","1","0","1","0","0","0","1","2","0","1","","","","N","","","","","","","","","",""
"2021014435","","0","0","0","0","0","0","0","0","0","4","0","","02","1","2021","7","40.371865","-80.115086","","11","0","0","0","0","0","1","0","0","","0","0","0","","","0","N","0","","40 22:18.713","1","0","80 06:54.308","0","0","0","0","2102","0","0","0","N","0","0","0","3","68B03","0","","1.0","1100.0","7","N","N","N","1","","0","0","1","0","0","N","","2","0","0","0","0","0","0","2","0","2","","02","","N","","","","","","","","","",""
"2021034422","","1","0","0","0","0","0","0","0","0","6","0","","02","4","2021","6","40.459201","-79.819244","","11","0","0","0","0","0","0","0","0","","0","0","0","","","1","N","0","","40 27:33.123","","0","79 49:09.279","3","0","0","0","2113","0","0","0","N","0","0","0","1","02113","0","","2.0","","1","N","N","N","0","","1","0","1","0","0","","","2","1","0","0","0","0","0","2","0","2","","03","","N","","","","","","","","","",""
"2021033391","","1","0","0","0","0","0","0","0","0","4","0","","02","4","2021","2","40.451639","-80.157677","","11","0","0","1","0","0","1","0","0","","0","0","0","","","0","","1","","40 27:05.900","2","0","80 09:27.637","0","0","0","0","2115","0","0","0","N","0","0","0","2","02115","0","","1.0","2106.0","9","","","N","0","","0","0","1","3","2","N","","2","0","0","0","0","0","0","2","0","2","","","","N","","","","","","","","","",""
"2021034463","","2","0","0","0","0","0","0","0","0","4","0","","02","4","2021","2","40.457264","-79.934043","","11","0","0","0","0","0","1","0","1","","0","0","0","","","0","N","1","","40 27:26.151","5","0","79 56:02.553","0","0","0","0","2301","0","0","0","N","0","0","0","5","02301","0","","1.0","1600.0","1","N","N","N","0","","0","0","1","3","2","N","","3","0","0","0","0","0","0","2","0","3","","03","","N","","","","","","","","","",""
"2021004443","","1","0","0","0","0","0","0","0","0","5","0","","02","1","2021","5","40.440326","-79.992194","","11","0","0","0","0","0","0","0","0","","0","0","0","","","0","N","0","","40 26:25.174","1","2","79 59:31.898","0","0","0","0","2301","0","0","0","N","0","0","0","1","02301","0","","3.0","30.0","9","N","N","N","0","","0","0","0","0","0","N","","1","0","0","0","0","0","0","2","0","1","","10","","N","","","","","","","","","",""
"2021040591","","2","0","0","0","0","0","0","0","0","5","0","","02","5","2021","3","40.515816","-79.959102","","11","0","0","0","0","0","2","0","0","","0","0","0","","","2","N","0","","40 30:56.938","7","0","79 57:32.766","3","0","0","0","2118","0","0","0","N","0","0","0","3","02118","0","","1.0","2126.0","1","N","N","N","0","","2","0","0","0","0","Y","","2","2","2","0","0","0","0","2","0","2","","","","N","","","","","","","","","",""
"2021010322","","1","0","0","0","0","0","0","0","0","1","0","","02","2","2021","2","40.453497","-80.061794","","11","0","0","0","0","0","0","0","0","","0","0","0","","","0","Y","0","","40 27:12.590","","0","80 03:42.459","0","0","0","0","2301","0","0","0","N","0","0","0","1","02301","0","","2.0","","7","N","N","N","0","","0","0","1","0","0","","","2","0","0","0","0","0","0","2","0","2","","","","N","","","","","","","","","",""
"2021036054","","1","0","0","0","0","0","0","0","0","1","0","","02","4","2021","4","40.58679","-80.045018","","11","0","0","0","0","0","0","1","0","","0","0","0","","","1","","1","","40 35:12.445","","0","80 02:42.064","3","0","0","0","2108","0","0","0","N","0","0","0","4","02108","0","","1.0","","1","Y","N","N","0","","1","0","0","3","2","","","2","1","0","0","0","0","0","2","1","2","","","","N","","","","","","","","","",""
"2021039571","","0","0","0","0","0","0","0","0","0","7","0","","02","5","2021","1","40.448351","-79.784653","","11","0","0","0","1","0","0","0","0","","0","0","0","","","0","N","0","","40 26:54.063","5","0","79 47:04.752","0","0","0","0","2446","0","0","0","N","0","0","0","1","02446","0","","5.0","700.0","1","N","N","Y","0","","0","0","2","0","0","Y","","2","0","0","0","0","0","0","2","0","2","","03","","N","","","","","","","","","",""
"2021038877","","0","0","0","0","0","0","0","0","0","7","1","","02","4","2021","4","40.631669","-80.097391","","11","0","0","0","0","0","0","0","0","","0","1","0","","","1","N","0","","40 37:54.010","1","0","80 05:50.608","3","0","0","0","2212","0","0","0","Y","0","0","0","2","68B03","0","","4.0","805.0","1","N","N","N","0","","1","0","0","0","0","N","","1","1","0","0","0","0","0","2","0","1","","03","","N","","","","","","","","","",""
"2021005252","","1","0","0","0","0","0","0","0","0","7","0","","02","1","2021","7","40.411242","-79.923273","","11","0","0","0","1","0","0","0","0","","0","0","0","","","0","N","0","","40 24:40.471","2","0","79 55:23.781","0","0","0","0","2301","0","0","0","N","0","0","0","2","02301","0","","5.0","2030.0","2","N","N","N","0","","0","0","0","0","0","N","","1","0","0","0","0","0","0","2","0","1","","03","","N","","","","","","","","","",""
"2021036843","","1","0","0","0","0","0","0","0","0","7","0","","02","4","2021","6","40.445768","-80.16595","","11","0","0","0","0","0","1","0","0","","0","0","0","","","1","N","0","","40 26:44.764","3","2","80 09:57.421","3","0","0","0","2115","0","0","0","N","0","0","0","1","68B03","0","","4.0","1030.0","1","N","N","N","0","","1","0","0","0","0","N","","1","1","0","0","0","0","0","2","0","1","","03","","N","","","","","","","","","",""
"2021002612","","1","0","0","0","0","0","0","0","0","7","0","","02","1","2021","5","40.446542","-79.951923","","11","0","0","0","0","0","0","0","0","","0","0","0","","","0","","1","","40 26:47.551","4","0","79 57:06.922","0","0","0","0","2301","0","0","0","Y","0","0","0","1","02301","0","","5.0","120.0","1","N","N","N","0","","0","0","0","3","2","Y","","1","0","0","0","0","0","0","2","0","1","","","","N","","","","","","","","","",""
"2021012769","","0","0","0","0","0","0","0","0","0","7","0","","02","1","2021","1","40.613673","-79.957074","","11","0","0","0","0","0","0","0","0","","0","0","0","","","0","N","0","","40 36:49.224","","0","79 57:25.467","0","0","0","0","2207","0","0","0","N","0","0","0","1","68T02","0","","3.0","","9","N","N","N","0","","0","0","1","0","0","","","1","0","0","0","0","0","0","2","0","1","","","","N","","","","","","","","","",""
"2021011950","","1","0","0","0","0","0","0","0","0","5","0","","02","1","2021","6","40.393176","-79.93363","","11","0","0","0","0","0","0","0","0","","0","0","0","","","0","N","0","","40 23:35.435","","3","79 56:01.067","9","0","0","0","2301","0","0","0","N","0","0","0","1","02301","0","","1.0","","2","N","N","N","0","","0","0","0","0","0","","","1","0","0","0","0","0","1","2","0","1","","","","N","","","","","","","","","",""
"2021005296","","0","0","0","0","0","0","0","0","0","0","0","","02","1","2021","7","40.386759","-79.966833","","11","0","0","0","0","0","1","0","0","","0","0","0","","","0","N","0","","40 23:12.332","6","0","79 58:00.598","0","0","0","0","2403","0","0","0","N","0","0","0","1","02403","0","","1.0","1204.0","7","N","N","N","0","","0","0","1","0","0","Y","","1","0","0","0","0","0","0","2","0","1","","10","","N","","","","","","","","","",""
"2021040403","","1","0","0","0","0","0","1","0","0","4","1","","02","5","2021","3","40.408658","-79.824096","","11","0","0","0","0","0","0","0","0","","0","0","0","","","0","N","0","","40 24:31.168","","0","79 49:26.745","0","0","0","0","2467","0","0","0","N","0","0","0","0","02467","0","","1.0","","1","Y","N","N","0","","0","0","0","0","0","","","2","0","0","0","0","0","0","2","0","2","","04","","N","","","","","","","","","",""
"2021039615","","5","0","0","0","0","0","0","0","0","2","0","","02","5","2021","2","40.426395","-79.924114","","11","0","0","0","0","0","1","0","0","","0","0","0","","","1","N","0","","40 25:35.023","","0","79 55:26.811","3","0","0","0","2301","0","0","0","N","0","0","0","1","02301","0","","6.0","","1","N","N","N","0","","1","0","0","0","0","","","5","1","0","0","0","0","0","2","0","5","","03","","N","","","","","","","","","",""
"2021008442","","1","0","0","0","0","0","0","0","0","7","0","","02","1","2021","4","40.662035","-80.093342","","11","0","0","0","0","0","0","0","0","","0","0","0","","","0","N","0","","40 39:43.325","","0","80 05:36.032","0","0","0","0","2212","0","0","0","N","0","0","0","2","68T02","0","","4.0","","9","N","N","N","0","","0","0","0","0","0","","","1","0","0","0","0","0","0","2","0","1","","03","","N","","","","","","","","","",""
"2021035217","","0","0","0","0","0","0","0","0","0","0","0","","02","4","2021","3","40.514603","-79.952317","","11","0","0","0","0","0","1","0","0","","0","0","0","","","1","Y","0","","40 30:52.572","7","0","79 57:08.342","8","0","0","1","2118","0","0","0","N","0","0","0","1","02118","0","","1.0","108.0","1","N","N","N","0","","0","0","0","3","2","Y","","1","1","0","0","0","1","0","2","0","1","","03","","N","","","","","","","","","",""
"2021005263","","1","0","0","0","0","0","0","0","0","7","0","","02","1","2021","7","40.382733","-79.998388","","11","0","0","0","1","0","0","0","0","","0","0","0","","","0","N","0","","40 22:57.838","3","99","79 59:54.195","0","0","0","0","2301","0","0","0","N","0","0","0","1","02301","0","","2.0","2100.0","2","N","N","N","0","","0","0","0","0","0","N","","1","0","0","0","0","0","0","2","0","1","","09","","N","","","","","","","","","",""
"2021004193","","2","0","0","0","0","0","0","0","0","4","0","","02","1","2021","3","40.509968","-80.279729","","11","0","0","1","0","0","0","0","0","","0","0","0","","","1","","11","","40 30:35.883","2","0","80 16:47.023","8","0","0","0","2203","0","0","0","N","0","0","0","4","02203","0","","1.0","2247.0","1","N","N","N","0","","0","0","0","0","0","N","","2","1","0","0","0","1","0","1","0","2","","","","N","","","","","","","","","",""
"2021030868","","2","0","0","0","0","0","0","0","0","2","0","","02","4","2021","1","40.377899","-80.003751","","11","0","0","0","0","0","0","0","0","","0","0","0","","","1","","2","","40 22:40.436","5","0","80 00:13.503","4","0","0","0","2301","0","0","0","N","0","0","0","4","02301","1","","3.0","2117.0","1","N","N","N","0","","0","0","0","3","2","N","","2","1","0","0","0","0","0","2","0","2","","03","","N","","","","","","","","","",""
"2021014311","","1","0","0","0","0","0","0","0","0","7","0","","02","2","2021","6","40.541822","-80.247892","","11","0","0","0","0","0","1","0","0","","0","0","0","","","1","N","0","","40 32:30.560","3","0","80 14:52.410","4","0","0","0","2213","0","0","0","N","0","0","0","1","02213","1","","5.0","905.0","2","N","N","N","0","","0","0","0","0","0","N","","1","1","0","0","0","0","0","2","0","1","","03","","N","","","","","","","","","",""
"2021003358","","0","0","0","0","0","0","0","0","0","98","0","","02","1","2021","2","40.354164","-79.881025","","11","0","0","0","0","0","0","0","0","","0","0","0","","","0","","9","","40 21:14.992","6","0","79 52:51.691","9","0","0","0","2423","0","0","0","N","0","0","0","1","02304","0","","5.0","358.0","1","N","N","N","0","","0","0","1","3","6","N","","1","0","0","0","0","0","1","2","0","1","","","","N","","","","","","","","","",""
"2021036137","","0","0","0","0","0","0","1","0","0","4","1","","02","4","2021","4","40.440111","-79.886389","","11","0","0","0","0","0","0","0","0","","0","0","0","","","1","N","0","","40 26:24.400","","0","79 53:11.000","3","0","0","0","2301","0","0","0","N","0","0","0","2","02503","0","","1.0","","1","N","N","N","0","","1","0","1","0","0","","","2","1","0","0","0","0","0","2","0","2","","03","","N","","","","","","","","","",""
"2021012017","","1","0","0","0","0","0","0","0","0","4","0","","02","2","2021","6","40.352781","-80.139235","","11","0","0","0","0","0","1","0","0","","0","0","0","","","0","N","0","","40 21:10.010","3","0","80 08:21.247","0","0","0","0","2119","0","0","0","N","0","0","0","1","02119","0","","3.0","745.0","2","N","N","N","0","","0","0","0","0","0","N","","1","0","0","0","0","0","0","2","0","1","","","","N","","","","","","","","","",""
"2021024836","","0","0","0","0","0","0","0","0","0","2","0","","02","3","2021","6","40.420158","-80.007611","","11","0","0","0","0","0","0","0","0","","0","0","0","","","0","N","3","","40 25:12.568","","0","80 00:27.399","0","0","0","0","2301","0","0","0","N","0","0","0","1","02301","0","","2.0","","1","N","N","N","0","","0","0","1","0","0","","","2","0","0","0","0","0","0","2","1","2","","03","","N","","","","","","","","","",""
"2021036312","","1","0","0","0","0","0","0","0","0","4","0","","02","4","2021","5","40.453578","-79.946407","","11","0","0","0","0","0","1","0","0","","0","0","0","","","0","","2","","40 27:12.880","","0","79 56:47.065","0","0","0","0","2301","0","0","0","N","0","0","0","2","02301","0","","3.0","","1","N","N","N","0","","0","0","1","3","3","N","","2","0","0","0","0","0","0","2","0","2","","03","","N","","","","","","","","","",""
"2021004077","","1","0","0","0","0","0","0","0","0","4","0","","02","1","2021","7","40.357296","-79.901376","","11","0","0","0","0","0","1","0","0","","0","0","0","","","0","N","0","","40 21:26.264","2","7","79 54:04.955","0","0","0","0","2473","0","0","0","N","0","0","0","2","02111","0","","1.0","1434.0","1","N","N","N","0","","0","0","1","0","0","N","","2","0","0","0","0","0","0","2","0","2","","03","","N","","","","","","","","","",""
"2021032508","","3","0","0","0","0","0","0","0","0","2","0","","02","4","2021","6","40.537099","-80.185667","","11","0","0","0","0","0","0","0","1","","0","1","0","","","2","Y","0","","40 32:13.557","","0","80 11:08.401","3","0","0","0","2458","0","0","0","N","0","0","0","5","02458","1","","1.0","","1","N","N","N","0","","1","0","1","0","0","","","5","2","0","0","0","0","0","2","0","5","","03","","N","","","","","","","","","",""
"2021004918","","3","0","0","0","0","0","0","0","0","1","0","","02","1","2021","6","40.428506","-79.999685","","11","0","0","0","1","1","0","0","0","","0","0","0","","","0","N","0","","40 25:42.620","1","4","79 59:58.867","0","0","0","0","2301","0","0","0","N","0","0","0","3","02301","0","","1.0","1720.0","9","N","N","N","0","","0","0","0","0","0","N","","3","0","0","0","0","0","0","2","0","3","","03","","N","","","","","","","","","",""
"2021038371","","0","0","0","0","0","0","0","0","0","7","0","","02","4","2021","4","40.32771","-79.828293","","11","0","0","1","0","0","0","0","0","","0","0","0","","","0","N","0","","40 19:39.756","4","0","79 49:41.854","0","0","0","0","2304","0","0","0","N","0","0","0","1","02304","0","","2.0","2127.0","1","N","Y","N","0","","0","0","1","0","0","Y","","1","0","0","0","0","0","0","2","0","1","","","","N","","","","","","","","","",""
"2021037401","","0","0","0","0","0","0","0","0","0","7","0","","02","4","2021","7","40.349477","-79.933752","","11","0","0","0","1","0","0","0","0","","0","0","0","","","1","N","0","","40 20:58.118","3","0","79 56:01.506","8","0","0","0","2473","0","0","0","N","0","0","0","1","02473","0","","4.0","1132.0","9","N","N","N","0","","0","0","1","0","0","N","","1","1","1","0","0","1","0","2","0","1","","04","","N","","","","","","","","","",""
"2021004734","","2","0","0","0","0","0","0","0","0","1","0","","02","1","2021","5","40.411302","-79.913341","","11","0","0","0","0","1","0","0","0","","0","0","0","","","1","N","1","","40 24:40.687","","0","79 54:48.026","4","0","0","0","2438","0","0","0","N","0","0","0","2","02438","1","","1.0","","1","","","N","0","","0","0","0","3","2","","","2","1","2","0","0","0","0","2","0","2","","","","N","","","","","","","","","",""
"2021034890","","2","0","0","0","0","0","0","0","0","5","0","","02","4","2021","6","40.336614","-79.834213","","11","1","0","0","0","0","0","0","0","","0","0","0","","","0","N","0","","40 20:11.812","","0","79 50:03.168","0","0","0","0","2304","0","0","0","N","0","0","0","1","02304","0","","1.0","","9","N","N","N","0","","0","0","2","0","0","","","4","0","0","0","0","0","0","2","0","4","","07","","N","","","","","","","","","",""
"2021005484","","2","0","0","0","0","0","0","0","0","4","0","","02","1","2021","1","40.451989","-79.969478","","11","0","0","0","0","0","0","0","0","","0","0","0","","","1","N","2","","40 27:07.159","","0","79 58:10.122","4","0","0","0","2301","0","0","0","N","0","0","0","2","02301","1","","1.0","","9","N","N","N","0","","0","0","0","0","0","","","2","1","0","0","0","0","1","2","0","2","","10","","N","","","","","","","","","",""