"CRN","ARRIVAL_TM","AUTOMOBILE_COUNT","BELTED_DEATH_COUNT","BELTED_SUSP_SERIOUS_INJ_COUNT","BICYCLE_COUNT","BICYCLE_DEATH_COUNT","BICYCLE_SUSP_SERIOUS_INJ_COUNT","BUS_COUNT","CHLDPAS_DEATH_COUNT","CHLDPAS_SUSP_SERIOUS_INJ_COUNT","COLLISION_TYPE","COMM_VEH_COUNT","CONS_ZONE_SPD_LIM","COUNTY","CRASH_MONTH","CRASH_YEAR","DAY_OF_WEEK","DEC_LATITUDE","DEC_LONGITUDE","DISPATCH_TM","DISTRICT","DRIVER_COUNT_16YR","DRIVER_COUNT_17YR","DRIVER_COUNT_18YR","DRIVER_COUNT_19YR","DRIVER_COUNT_20YR","DRIVER_COUNT_50_64YR","DRIVER_COUNT_65_74YR","DRIVER_COUNT_75PLUS","EST_HRS_CLOSED","FATAL_COUNT","HEAVY_TRUCK_COUNT","HORSE_BUGGY_COUNT","HOUR_OF_DAY","ILLUMINATION","INJURY_COUNT","INTERSECTION_RELATED","INTERSECT_TYPE","LANE_CLOSED","LATITUDE","LN_CLOSE_DIR","LOCATION_TYPE","LONGITUDE","MAX_SEVERITY_LEVEL","MCYCLE_DEATH_COUNT","MCYCLE_SUSP_SERIOUS_INJ_COUNT","MOTORCYCLE_COUNT","MUNICIPALITY","NONMOTR_COUNT","NONMOTR_DEATH_COUNT","NONMOTR_SUSP_SERIOUS_INJ_COUNT","NTFY_HIWY_MAINT","PED_COUNT","PED_DEATH_COUNT","PED_SUSP_SERIOUS_INJ_COUNT","PERSON_COUNT","POLICE_AGCY","POSSIBLE_INJ_COUNT","RDWY_SURF_TYPE_CD","RELATION_TO_ROAD","ROADWAY_CLEARED","ROAD_CONDITION","SCH_BUS_IND","SCH_ZONE_IND","SECONDARY_CRASH","SMALL_TRUCK_COUNT","SPEC_JURIS_CD","SUSP_MINOR_INJ_COUNT","SUSP_SERIOUS_INJ_COUNT","SUV_COUNT","TCD_FUNC_CD","TCD_TYPE","TFC_DETOUR_IND","TIME_OF_DAY","TOTAL_UNITS","TOT_INJ_COUNT","UNBELTED_OCC_COUNT","UNB_DEATH_COUNT","UNB_SUSP_SERIOUS_INJ_COUNT","UNK_INJ_DEG_COUNT","UNK_INJ_PER_COUNT","URBAN_RURAL","VAN_COUNT","VEHICLE_COUNT","WEATHER1","WEATHER2","WORKERS_PRES","WORK_ZONE_IND","WORK_ZONE_LOC","WORK_ZONE_TYPE","WZ_CLOSE_DETOUR","WZ_FLAGGER","WZ_LAW_OFFCR_IND","WZ_LN_CLOSURE","WZ_MOVING","WZ_OTHER","WZ_SHLDER_MDN","WZ_WORKERS_INJ_KILLED"
"2021037811","","2","0","0","0","0","0","0","0","0","5","0","","02","4","2021","3","40.350377","-79.877669","","11","0","0","0","0","0","0","0","0","","0","0","0","","","0","N","0","","40 21:01.357","","0","79 52:39.610","0","0","0","0","2304","0","0","0","N","0","0","0","1","02304","0","","1.0","","1","N","N","N","0","","0","0","0","0","0","","","2","0","1","0","0","0","0","2","0","2","","03","","N","","","","","","","","","",""
"2021011860","","3","0","0","0","0","0","0","0","0","4","0","","02","2","2021","4","40.340341","-79.957516","","11","0","0","0","0","0","0","0","0","","0","0","0","","","1","N","0","","40 20:25.228","6","0","79 57:27.058","8","0","0","0","2454","0","0","0","N","0","0","0","1","02454","0","","1.0","2136.0","1","N","N","N","0","","0","0","0","0","0","Y","","3","1","1","0","0","1","0","2","0","3","","03","","N","","","","","","","","","",""
"2021023114","","1","0","0","0","0","0","0","0","0","4","0","","02","3","2021","4","40.459897","-79.973044","","11","0","0","0","0","0","1","0","0","","0","0","0","","","1","N","0","","40 27:35.629","","7","79 58:22.960","4","0","0","0","2301","0","0","0","N","0","0","0","2","02301","1","","1.0","","1","N","N","N","1","","0","0","1","0","0","","","3","1","0","0","0","0","0","2","0","3","","","","N","","","","","","","","","",""
"2021041122","","0","0","0","0","0","0","0","0","0","4","0","","02","5","2021","5","40.335281","-80.051166","","11","0","0","0","0","0","0","0","0","","0","0","0","","","0","","3","","40 20:07.011","","0","80 03:04.197","0","0","0","0","2407","0","0","0","N","0","0","0","2","02407","0","","1.0","","1","N","N","N","1","","0","0","1","3","2","","","2","0","0","0","0","0","0","2","0","2","","","","N","","","","","","","","","",""
"2021014834","","0","0","0","0","0","0","0","0","0","7","0","","02","1","2021","7","40.408248","-79.83079","","11","0","0","0","0","0","0","0","0","","0","0","0","","","0","N","0","","40 24:29.692","","0","79 49:50.845","0","0","0","0","2467","0","0","0","N","0","0","0","1","02467","0","","5.0","","1","N","N","Y","0","","0","0","2","0","0","N","","2","0","1","0","0","0","0","2","0","2","","","","N","","","","","","","","","",""
"2021004024","","0","0","0","0","0","0","0","0","0","4","0","","02","1","2021","3","40.437115","-79.954969","","11","0","0","0","0","0","0","0","0","","0","0","0","","","1","","1","","40 26:13.614","","0","79 57:17.889","3","0","0","0","2301","0","0","0","N","0","0","0","2","02301","0","","1.0","","1","N","N","Y","0","","1","0","2","0","0","","","2","1","0","0","0","0","0","2","0","2","","","","N","","","","","","","","","",""
"2021011163","","1","0","0","0","0","0","0","0","0","98","0","","02","1","2021","2","40.425262","-79.868959","","11","0","0","0","0","0","0","0","0","","0","0","0","","","0","N","0","","40 25:30.944","","0","79 52:08.251","0","0","0","0","2411","0","0","0","N","0","0","0","1","02411","0","","1.0","","1","N","N","N","0","","0","0","0","0","0","","","1","0","0","0","0","0","0","2","0","1","","03","","N","","","","","","","","","",""
"2021005002","","2","0","0","0","0","0","0","0","0","4","0","","02","1","2021","6","40.393031","-80.013225","","11","0","0","0","0","1","0","0","0","","0","0","0","","","0","","1","","40 23:34.911","6","0","80 00:47.609","0","0","0","0","2301","0","0","0","N","0","0","0","3","02301","0","","1.0","2007.0","9","N","N","N","0","","0","0","0","3","3","Y","","2","0","0","0","0","0","0","2","0","2","","07","","N","","","","","","","","","",""
"2021034577","","1","0","0","0","0","0","0","0","0","2","0","","02","4","2021","5","40.364314","-80.027544","","11","0","1","0","0","0","0","0","0","","0","0","0","","","1","N","0","","40 21:51.530","7","0","80 01:39.160","4","0","0","0","2416","0","0","0","N","0","0","0","2","02416","1","","1.0","2225.0","9","N","N","N","0","","0","0","1","0","0","Y","","2","1","0","0","0","0","0","2","0","2","","","","N","","","","","","","","","",""
"2021003143","","0","0","0","0","0","0","0","0","0","7","0","","02","1","2021","1","40.483179","-79.705989","","11","0","0","0","0","0","0","0","0","","0","0","0","","","1","N","0","","40 28:59.444","","0","79 42:21.560","3","0","0","0","2466","0","0","0","N","0","0","0","3","02466","0","","5.0","","1","N","N","N","0","","1","0","1","0","0","","","1","1","2","0","0","0","1","2","0","1","","03","","N","","","","","","","","","",""
"2021008782","","1","0","0","0","0","0","0","0","0","4","0","","02","1","2021","5","40.296819","-79.919641","","11","1","0","0","0","0","0","0","0","","0","0","0","","","2","","2","","40 17:48.550","1","0","79 55:10.707","3","0","0","0","2440","0","0","0","N","0","0","0","2","02440","0","","1.0","1847.0","1","N","N","N","1","","2","0","0","3","2","N","","2","2","0","0","0","0","0","2","0","2","","","","N","","","","","","","","","",""
"2021030739","","4","0","0","0","0","0","0","0","0","6","0","","02","4","2021","1","40.396246","-79.998129","","11","0","0","0","0","0","1","1","0","","0","0","0","","","3","","1","","40 23:46.484","1","0","79 59:53.264","3","0","0","0","2301","0","0","0","N","0","0","0","6","02301","0","","1.0","1304.0","1","N","N","N","0","","3","0","0","3","2","Y","","4","3","2","0","0","0","0","2","0","4","","","","N","","","","","","","","","",""
"2021010658","","1","0","0","0","0","0","0","0","0","7","0","","02","2","2021","2","40.62687","-80.032498","","11","0","0","0","0","0","0","0","0","","0","0","0","","","0","N","0","","40 37:36.733","","0","80 01:56.991","0","0","0","0","2216","0","0","0","N","0","0","0","1","02505","0","","2.0","","7","N","N","N","0","","0","0","0","0","0","","","1","0","0","0","0","0","0","1","0","1","","","","N","","","","","","","","","",""
"2021003195","","1","0","0","0","0","0","0","0","0","1","0","","02","1","2021","1","40.429364","-79.999101","","11","0","0","0","0","0","0","0","0","","0","0","0","","","0","N","1","","40 25:45.712","1","3","79 59:56.762","0","0","0","0","2301","0","0","0","N","0","0","0","2","02301","0","","1.0","1145.0","1","N","N","N","0","","0","0","1","3","2","N","","2","0","0","0","0","0","0","2","0","2","","04","","N","","","","","","","","","",""
"2021039267","","2","0","0","0","0","0","0","0","0","2","0","45","02","4","2021","5","40.494811","-79.905783","","11","0","0","0","0","0","0","0","0","","0","0","0","","","0","N","0","","40 29:41.321","2","0","79 54:20.820","0","0","0","0","2401","0","0","0","N","0","0","0","2","68D02","0","","5.0","805.0","9","N","N","N","0","","0","0","0","0","0","N","","2","0","0","0","0","0","0","2","0","2","","04","Y","Y","4","1","N","N","N","N","Y","N","N","N"
"2021038156","","1","0","0","0","0","0","0","0","0","1","0","","02","4","2021","3","40.479757","-79.96595","","11","0","0","0","0","0","0","0","1","","0","0","0","","","1","N","6","","40 28:47.125","1","2","79 57:57.419","4","0","0","0","2118","0","0","0","N","0","0","0","3","02118","1","","4.0","1415.0","1","N","N","N","0","","0","0","0","0","0","N","","2","1","0","0","0","0","0","2","1","2","","03","","N","","","","","","","","","",""
"2021036857","","1","0","0","0","0","0","0","0","0","1","0","","02","4","2021","7","40.425504","-79.908024","","11","0","1","0","0","0","0","0","0","","0","0","0","","","1","N","0","","40 25:31.816","4","0","79 54:28.886","3","0","0","0","2301","0","0","0","N","0","0","0","3","68B03","0","","1.0","1953.0","1","N","N","N","0","","1","0","1","0","0","N","","2","1","0","0","0","0","0","2","0","2","","03","","N","","","","","","","","","",""
"2021005692","","0","0","0","0","0","0","0","0","0","4","0","","02","1","2021","7","40.480493","-79.951894","","11","0","0","0","0","0","0","0","0","","0","0","0","","","0","N","0","","40 28:49.775","","0","79 57:06.820","9","0","0","0","2301","0","0","0","N","0","0","0","1","02301","0","","6.0","","1","N","N","N","2","","0","0","1","0","0","","","3","0","0","0","0","0","1","2","0","3","","03","","N","","","","","","","","","",""
"2021018128","","0","0","0","0","0","0","0","0","0","7","0","","02","2","2021","2","40.554359","-80.085792","","11","0","0","0","0","0","0","0","0","","0","0","0","","","0","N","0","","40 33:15.694","","0","80 05:08.850","0","0","0","0","2215","0","0","0","N","0","0","0","1","68B03","0","","4.0","","6","N","N","N","0","","0","0","1","0","0","","","1","0","0","0","0","0","0","2","0","1","","","","N","","","","","","","","","",""
"2021011225","","1","0","0","0","0","0","0","0","0","7","0","","02","2","2021","3","40.413991","-79.850746","","11","0","0","0","0","0","0","0","0","","0","0","0","","","0","N","0","","40 24:50.366","","0","79 51:02.685","0","0","0","0","2411","0","0","0","N","0","0","0","1","02411","0","","5.0","","7","N","N","N","0","","0","0","0","0","0","","","1","0","0","0","0","0","0","2","0","1","","","","N","","","","","","","","","",""
"2021040973","","0","0","0","0","0","0","0","0","0","7","0","","02","5","2021","5","40.452797","-80.03924","","11","0","0","0","0","0","0","0","0","","0","0","0","","","1","N","2","","40 27:10.070","4","0","80 02:21.263","3","0","0","0","2301","0","0","0","N","0","0","0","2","02301","0","","5.0","300.0","1","N","N","N","0","","1","0","0","0","0","N","","1","1","0","0","0","0","0","2","1","1","","03","","N","","","","","","","","","",""
"2021008305","","1","0","0","0","0","0","0","0","0","7","0","","02","1","2021","2","40.405944","-79.946306","","11","0","0","0","0","0","0","0","0","","0","0","0","","","0","N","0","","40 24:21.400","","0","79 56:46.700","0","0","0","0","2301","0","0","0","N","0","0","0","1","02301","0","","5.0","","2","N","N","N","0","","0","0","0","0","0","N","","1","0","0","0","0","0","0","2","0","1","","","","N","","","","","","","","","",""
"2021006573","","0","0","0","0","0","0","0","0","0","7","0","45","02","1","2021","4","40.342354","-80.125025","","11","0","0","0","0","0","0","0","0","","0","0","0","","","0","N","0","","40 20:32.474","1","0","80 07:30.089","0","0","0","0","2119","0","0","0","N","0","0","0","1","68B03","0","","1.0","1055.0","1","N","N","N","0","","0","0","1","0","0","Y","","1","0","0","0","0","0","0","2","0","1","","03","Y","Y","4","1","N","N","N","N","N","N","Y","N"
"2021003388","","0","0","0","0","0","0","0","0","0","8","0","","02","1","2021","2","40.438811","-79.990942","","11","0","0","0","0","0","0","1","0","","0","0","0","","","1","N","1","","40 26:19.719","2","0","79 59:27.392","3","0","0","0","2301","1","0","0","N","1","0","0","2","02301","0","","1.0","720.0","1","N","N","N","0","","1","0","1","3","2","Y","","2","1","0","0","0","0","0","2","0","1","","03","","N","","","","","","","","","",""
"2021038437","","0","0","0","0","0","0","0","0","0","7","0","","02","4","2021","4","40.583373","-80.002287","","11","0","0","0","0","0","1","0","0","","0","0","0","","","1","Y","0","","40 35:00.141","","0","80 00:08.234","4","0","0","0","2108","0","0","0","N","0","0","0","1","02108","1","","4.0","","1","N","N","Y","0","","0","0","1","0","0","","","1","1","0","0","0","0","0","2","0","1","","","","N","","","","","","","","","",""
"2021003678","","1","0","0","0","0","0","0","0","0","98","0","","02","1","2021","3","40.434219","-79.985694","","11","0","0","0","0","0","0","0","0","","0","0","0","","","1","N","0","","40 26:03.187","","0","79 59:08.500","4","0","0","0","2301","0","0","0","N","0","0","0","1","02301","1","","1.0","","1","N","N","N","0","","0","0","0","0","0","","","1","1","0","0","0","0","0","2","0","1","","03","","N","","","","","","","","","",""
"2021013637","","1","0","0","0","0","0","0","0","0","4","0","","02","2","2021","6","40.4382","-80.068627","","11","0","0","0","0","0","0","0","0","","0","0","0","","","4","N","2","","40 26:17.519","","0","80 04:07.058","3","0","0","0","2421","0","0","0","N","0","0","0","5","02421","0","","1.0","","1","N","N","N","0","","4","0","1","3","2","","","2","4","4","0","0","0","0","2","0","2","","","","N","","","","","","","","","",""
"2021036980","","0","0","0","0","0","0","0","0","0","4","0","","02","4","2021","6","40.381226","-80.172851","","11","0","0","0","0","0","0","0","1","","0","0","0","","","1","","1","","40 22:52.412","7","0","80 10:22.262","4","0","0","0","2119","0","0","0","N","0","0","0","4","02119","1","","1.0","925.0","1","N","N","N","0","","0","0","2","3","3","N","","2","1","0","0","0","0","0","1","0","2","","03","","N","","","","","","","","","",""
"2021014665","","1","0","0","0","0","0","0","0","0","7","0","","02","1","2021","5","40.465581","-80.113308","","11","0","0","0","0","0","0","0","0","","0","0","0","","","1","N","0","","40 27:56.090","","0","80 06:47.910","3","0","0","0","2126","0","0","0","N","0","0","0","1","02126","0","","5.0","","1","N","N","N","0","","1","0","0","0","0","","","1","1","0","0","0","0","0","2","0","1","","","","N","","","","","","","","","",""
"2021011139","","1","0","0","0","0","0","0","0","0","5","0","","02","2","2021","3","40.436","-79.785318","","11","0","0","0","1","0","0","1","0","","0","0","0","","","0","N","1","","40 26:09.601","3","0","79 47:07.146","0","0","0","0","2446","0","0","0","N","0","0","0","4","02446","0","","1.0","1340.0","6","N","N","N","0","","0","0","1","3","2","N","","2","0","0","0","0","0","0","2","0","2","","04","","N","","","","","","","","","",""
"2021009010","","2","0","0","0","0","0","0","0","0","1","0","","02","1","2021","4","40.452797","-80.03924","","11","0","0","0","0","0","1","0","0","","0","0","0","","","0","","2","","40 27:10.070","2","0","80 02:21.263","0","0","0","0","2301","0","0","0","N","0","0","0","3","02301","0","","1.0","20.0","1","N","N","N","0","","0","0","1","3","2","Y","","3","0","0","0","0","0","0","2","0","3","","03","","N","","","","","","","","","",""
"2021005654","","1","0","0","0","0","0","0","0","0","2","0","","02","1","2021","7","40.552492","-80.144967","","11","0","0","1","0","0","0","0","0","","0","0","0","","","0","N","0","","40 33:08.970","6","0","80 08:41.880","0","0","0","0","2459","0","0","0","N","0","0","0","3","02459","0","","1.0","1135.0","7","N","N","N","0","","0","0","1","0","0","N","","2","0","0","0","0","0","0","1","0","2","","","","N","","","","","","","","","",""
"2021005081","","0","0","0","0","0","0","0","0","0","7","0","","02","1","2021","6","40.433851","-79.836758","","11","0","0","0","0","0","0","0","0","","0","0","0","","","0","","3","","40 26:01.863","","0","79 50:12.328","0","0","0","0","2419","0","0","0","N","0","0","0","1","02419","0","","5.0","","1","N","N","N","0","","0","0","1","3","3","","","1","0","0","0","0","0","0","2","0","1","","","","N","","","","","","","","","",""
"2021011687","","0","0","0","0","0","0","0","0","0","7","0","","02","2","2021","5","40.401675","-80.040011","","11","0","0","0","0","0","0","0","0","","0","0","0","","","0","N","2","","40 24:06.030","","0","80 02:24.039","0","0","0","0","2301","0","0","0","N","0","0","0","2","02301","0","","1.0","","1","N","N","Y","1","","0","0","1","0","0","","","2","0","0","0","0","0","0","2","0","2","","03","","N","","","","","","","","","",""
"2021006926","","0","0","0","0","0","0","0","0","0","7","0","","02","1","2021","5","40.468928","-80.038319","","11","0","0","0","0","0","1","0","0","","0","0","0","","","0","N","0","","40 28:08.140","","0","80 02:17.950","0","0","0","0","2301","0","0","0","N","0","0","0","1","02301","0","","4.0","","1","N","Y","N","0","","0","0","1","0","0","","","1","0","0","0","0","0","0","2","0","1","","","","N","","","","","","","","","",""
"2021041834","","1","0","0","0","0","0","0","0","0","1","0","","02","5","2021","1","40.39919","-80.025075","","11","0","0","0","0","0","0","0","0","","0","0","0","","","0","","2","","40 23:57.084","2","0","80 01:30.271","0","0","0","0","2301","0","0","0","N","0","0","0","1","02301","0","","1.0","406.0","9","N","N","N","1","","0","0","0","0","0","Y","","2","0","0","0","0","0","0","2","0","2","","","","N","","","","","","","","","",""
"2021040140","","2","0","0","0","0","0","0","0","0","4","0","","02","5","2021","3","40.581605","-79.921753","","11","1","0","0","0","0","0","0","0","","0","0","0","","","0","","1","","40 34:53.777","","0","79 55:18.311","0","0","0","0","2207","0","0","0","N","0","0","0","4","02207","0","","1.0","","1","N","N","N","0","","0","0","0","3","3","","","2","0","0","0","0","0","0","1","0","2","","04","","N","","","","","","","","","",""
"2021004203","","2","0","0","0","0","0","0","0","0","4","0","","02","1","2021","4","40.583226","-79.954816","","11","0","0","0","0","0","0","0","0","","0","0","0","","","0","N","0","","40 34:59.612","","0","79 57:17.337","0","0","0","0","2207","0","0","0","N","0","0","0","2","02207","0","","1.0","","1","N","N","N","0","","0","0","0","0","0","","","2","0","0","0","0","0","0","2","0","2","","","","N","","","","","","","","","",""
"2021038046","","1","0","0","0","0","0","0","0","0","1","0","","02","4","2021","6","40.436285","-79.97227","","11","0","0","0","1","0","0","0","0","","0","0","0","","","0","N","0","","40 26:10.626","","0","79 58:20.171","0","0","0","0","2301","0","0","0","N","0","0","0","2","68B03","0","","1.0","","1","N","N","N","0","","0","0","1","0","0","","","2","0","0","0","0","0","0","2","0","2","","03","","N","","","","","","","","","",""
"2021037288","","1","0","0","0","0","0","0","0","0","1","1","","02","4","2021","1","40.438043","-79.919366","","11","0","0","1","0","0","0","0","0","","0","1","0","","","0","N","1","","40 26:16.954","","0","79 55:09.717","0","0","0","0","2301","0","0","0","N","0","0","0","3","02301","0","","1.0","","1","N","N","N","0","","0","0","0","3","2","","","2","0","0","0","0","0","0","2","0","2","","03","","N","","","","","","","","","",""
"2021012989","","1","0","0","0","0","0","0","0","0","7","0","","02","2","2021","7","40.549618","-79.819963","","11","0","0","0","0","0","0","1","0","","0","0","0","","","0","N","0","","40 32:58.625","","0","79 49:11.865","0","0","0","0","2208","0","0","0","N","0","0","0","1","68D02","0","","5.0","","1","N","N","N","0","","0","0","0","0","0","","","1","0","0","0","0","0","0","2","0","1","","","","N","","","","","","","","","",""
"2021007724","","0","0","0","0","0","0","0","0","0","4","0","","02","1","2021","5","40.516229","-79.842937","","11","0","0","0","0","0","1","0","0","","0","0","0","","","1","","1","","40 30:58.424","","0","79 50:34.573","9","0","0","0","2451","0","0","0","N","0","0","0","3","02451","0","","1.0","","1","N","N","N","1","","0","0","1","3","3","","","2","0","0","0","0","0","1","2","0","2","","03","","N","","","","","","","","","",""
"2021039586","","1","0","0","0","0","0","0","0","0","7","0","","02","5","2021","1","40.572025","-80.030761","","11","0","1","0","0","0","0","0","0","","0","0","0","","","1","","11","","40 34:19.291","","7","80 01:50.741","2","0","0","0","2108","0","0","0","N","0","0","0","1","02108","0","","5.0","","1","N","N","N","0","","0","1","1","0","0","","","2","1","1","0","1","0","0","2","0","2","","","","N","","","","","","","","","",""
"2021014480","","0","0","0","0","0","0","0","0","0","1","0","","02","2","2021","6","40.551652","-80.10218","","11","0","0","0","0","0","0","0","0","","0","0","0","","","0","N","1","","40 33:05.948","","0","80 06:07.847","0","0","0","0","2215","0","0","0","N","0","0","0","2","02215","0","","1.0","","1","N","N","N","0","","0","0","2","3","2","","","2","0","0","0","0","0","0","2","0","2","","03","","N","","","","","","","","","",""
"2021009381","","0","0","0","0","0","0","0","0","0","1","0","","02","1","2021","6","40.343663","-79.985162","","11","0","0","0","0","0","1","0","0","","0","0","0","","","0","N","2","","40 20:37.186","","0","79 59:06.583","0","0","0","0","2403","0","0","0","N","0","0","0","2","02403","0","","1.0","","1","N","N","N","0","","0","0","2","0","0","","","2","0","0","0","0","0","0","2","0","2","","03","","N","","","","","","","","","",""
"2021008649","","1","0","0","0","0","0","0","0","0","7","0","","02","1","2021","3","40.440846","-79.973973","","11","0","0","0","0","0","0","0","0","","0","0","0","","","0","","1","","40 26:27.045","","0","79 58:26.302","9","0","0","0","2301","0","0","0","Y","0","0","0","1","02301","0","","4.0","","1","N","N","N","0","","0","0","0","0","0","","","1","0","0","0","0","0","1","2","0","1","","","","N","","","","","","","","","",""
"2021011677","","1","0","0","0","0","0","0","0","0","0","0","","02","2","2021","5","40.396443","-79.90682","","11","0","0","0","1","0","0","0","0","","0","0","0","","","0","N","0","","40 23:47.193","5","0","79 54:24.551","0","0","0","0","2448","0","0","0","N","0","0","0","1","02448","0","","5.0","1110.0","2","N","N","N","0","","0","0","0","0","0","N","","1","0","0","0","0","0","0","2","0","1","","03","","N","","","","","","","","","",""
"2021005554","","1","0","0","0","0","0","0","0","0","7","0","","02","1","2021","2","40.4206","-79.792614","","11","0","0","0","0","0","1","0","0","","0","0","0","","","0","","2","","40 25:14.159","3","0","79 47:33.410","0","0","0","0","2446","0","0","0","N","0","0","0","1","02446","0","","5.0","905.0","7","N","N","N","0","","0","0","0","0","0","Y","","1","0","0","0","0","0","0","2","0","1","","","","N","","","","","","","","","",""
"2021036984","","0","0","0","0","0","0","0","0","0","4","0","","02","4","2021","6","40.530556","-80.010662","","11","0","1","0","0","0","1","0","0","","0","0","0","","","1","N","0","","40 31:50.000","","0","80 00:38.382","3","0","0","0","2116","0","0","0","N","0","0","0","2","02116","0","","1.0","","1","N","N","N","0","","1","0","2","0","0","","","2","1","1","0","0","0","0","2","0","2","","03","","N","","","","","","","","","",""
"2021039545","","2","0","0","0","0","0","0","0","0","5","0","","02","5","2021","1","40.474264","-79.908338","","11","0","0","0","0","0","0","0","0","","0","0","0","","","0","N","2","","40 28:27.352","2","0","79 54:30.015","9","0","0","0","2301","0","0","0","N","0","0","0","3","02301","0","","1.0","2235.0","1","N","N","N","0","","0","0","0","0","0","N","","2","0","0","0","0","0","1","2","0","2","","","","N","","","","","","","","","",""
"2021039744","","1","0","0","0","0","0","0","0","0","7","0","","02","5","2021","7","40.347073","-80.08655","","11","0","0","0","0","0","0","0","0","","0","0","0","","","0","N","0","","40 20:49.464","2","0","80 05:11.581","0","0","0","0","2123","0","0","0","N","0","0","0","1","02123","0","","4.0","1130.0","1","N","N","N","0","","0","0","0","0","0","N","","1","0","0","0","0","0","0","2","0","1","","03","","N","","","","","","","","","",""
"2021018770","","1","0","0","0","0","0","0","0","0","4","0","","02","2","2021","6","40.37632","-79.798788","","11","0","0","0","0","0","1","0","0","","0","0","0","","","1","N","0","","40 22:34.751","6","6","79 47:55.635","8","0","0","0","2111","0","0","0","N","0","0","0","3","02111","0","","1.0","1341.0","1","N","N","N","0","","0","0","1","0","0","N","","2","1","1","0","0","1","0","2","0","2","","03","","N","","","","","","","","","",""
"2021006431","","1","0","0","0","0","0","0","0","0","7","0","","02","1","2021","3","40.28639","-80.023006","","11","0","0","0","0","0","0","1","0","","0","0","0","","","0","","1","","40 17:11.005","3","0","80 01:22.820","0","0","0","0","2219","0","0","0","Y","0","0","0","1","02219","0","","2.0","1337.0","1","N","N","N","0","","0","0","0","0","0","N","","1","0","0","0","0","0","0","2","0","1","","03","","N","","","","","","","","","",""
"2021010251","","2","0","0","0","0","0","0","0","0","1","0","","02","2","2021","2","40.391537","-79.986673","","11","0","0","0","0","0","0","0","0","","0","0","0","","","0","N","0","","40 23:29.534","","0","79 59:12.022","0","0","0","0","2301","0","0","0","N","0","0","0","0","02301","0","","6.0","","7","N","N","N","1","","0","0","0","0","0","","","3","0","0","0","0","0","0","2","0","3","","10","","N","","","","","","","","","",""
"2021011311","","0","0","0","0","0","0","0","0","0","4","0","","02","2","2021","4","40.338961","-79.960654","","11","0","0","0","0","0","0","0","0","","0","0","0","","","2","N","0","","40 20:20.258","","7","79 57:38.355","8","0","0","0","2454","0","0","0","N","0","0","0","3","02454","0","","1.0","","1","N","N","N","0","","0","0","2","0","0","N","","2","2","0","0","0","2","0","2","0","2","","","","N","","","","","","","","","",""
"2021008531","","0","0","0","0","0","0","0","0","0","4","0","","02","1","2021","3","40.424686","-79.85932","","11","0","0","0","0","0","0","0","0","","0","0","0","","","0","","1","","40 25:28.868","","0","79 51:33.553","0","0","0","0","2431","0","0","0","Y","0","0","0","2","02431","0","","1.0","","9","N","N","N","1","","0","0","1","3","2","","","2","0","0","0","0","0","0","2","0","2","","07","","N","","","","","","","","","",""
"2021009728","","2","0","0","0","0","0","0","0","0","4","0","","02","1","2021","6","40.623432","-80.053788","","11","0","0","0","0","0","0","0","0","","0","0","0","","","2","N","1","","40 37:24.356","2","0","80 03:13.636","4","0","0","0","2216","0","0","0","N","0","0","0","6","02505","2","","1.0","1715.0","1","N","N","N","0","","0","0","0","3","2","N","","2","2","0","0","0","0","0","1","0","2","","03","","N","","","","","","","","","",""
"2021011123","","1","0","0","0","0","0","0","0","0","7","0","","02","1","2021","1","40.452797","-80.03924","","11","0","0","0","0","0","0","0","0","","0","0","0","","","2","","2","","40 27:10.070","7","0","80 02:21.263","2","0","0","0","2301","0","0","0","N","0","0","0","2","02301","0","","4.0","250.0","1","N","N","N","0","","0","2","0","3","2","Y","","1","2","2","0","2","0","0","2","0","1","","","","N","","","","","","","","","",""
"2021023835","","0","0","0","0","0","0","0","0","0","7","0","","02","1","2021","3","40.344183","-80.014828","","11","0","0","0","0","0","0","0","0","","0","0","0","","","1","N","0","","40 20:39.059","","0","80 00:53.382","4","0","0","0","2407","0","0","0","N","0","0","0","1","02407","1","","4.0","","1","N","N","N","0","","0","0","1","0","0","","","1","1","0","0","0","0","0","2","0","1","","","","N","","","","","","","","","",""
"2021024779","","0","0","0","0","0","0","0","0","0","1","0","","02","3","2021","1","40.490872","-79.883534","","11","0","0","0","0","0","1","1","0","","0","0","0","","","0","N","0","","40 29:27.140","","0","79 53:00.722","0","0","0","0","2112","0","0","0","N","0","0","0","3","68D02","0","","1.0","","1","N","N","N","1","","0","0","1","0","0","","","2","0","0","0","0","0","0","2","0","2","","","","N","","","","","","","","","",""
"2021011801","","2","0","0","0","0","0","0","0","0","1","0","","02","2","2021","5","40.463694","-79.952928","","11","0","0","0","0","0","0","0","0","","0","0","0","","","0","N","1","","40 27:49.298","3","0","79 57:10.540","0","0","0","0","2301","0","0","0","N","0","0","0","5","02301","0","","1.0","1639.0","1","N","N","N","0","","0","0","0","3","2","N","","2","0","1","0","0","0","0","2","0","2","","03","","N","","","","","","","","","",""