"CRN","ARRIVAL_TM","AUTOMOBILE_COUNT","BELTED_DEATH_COUNT","BELTED_SUSP_SERIOUS_INJ_COUNT","BICYCLE_COUNT","BICYCLE_DEATH_COUNT","BICYCLE_SUSP_SERIOUS_INJ_COUNT","BUS_COUNT","CHLDPAS_DEATH_COUNT","CHLDPAS_SUSP_SERIOUS_INJ_COUNT","COLLISION_TYPE","COMM_VEH_COUNT","CONS_ZONE_SPD_LIM","COUNTY","CRASH_MONTH","CRASH_YEAR","DAY_OF_WEEK","DEC_LATITUDE","DEC_LONGITUDE","DISPATCH_TM","DISTRICT","DRIVER_COUNT_16YR","DRIVER_COUNT_17YR","DRIVER_COUNT_18YR","DRIVER_COUNT_19YR","DRIVER_COUNT_20YR","DRIVER_COUNT_50_64YR","DRIVER_COUNT_65_74YR","DRIVER_COUNT_75PLUS","EST_HRS_CLOSED","FATAL_COUNT","HEAVY_TRUCK_COUNT","HORSE_BUGGY_COUNT","HOUR_OF_DAY","ILLUMINATION","INJURY_COUNT","INTERSECTION_RELATED","INTERSECT_TYPE","LANE_CLOSED","LATITUDE","LN_CLOSE_DIR","LOCATION_TYPE","LONGITUDE","MAX_SEVERITY_LEVEL","MCYCLE_DEATH_COUNT","MCYCLE_SUSP_SERIOUS_INJ_COUNT","MOTORCYCLE_COUNT","MUNICIPALITY","NONMOTR_COUNT","NONMOTR_DEATH_COUNT","NONMOTR_SUSP_SERIOUS_INJ_COUNT","NTFY_HIWY_MAINT","PED_COUNT","PED_DEATH_COUNT","PED_SUSP_SERIOUS_INJ_COUNT","PERSON_COUNT","POLICE_AGCY","POSSIBLE_INJ_COUNT","RDWY_SURF_TYPE_CD","RELATION_TO_ROAD","ROADWAY_CLEARED","ROAD_CONDITION","SCH_BUS_IND","SCH_ZONE_IND","SECONDARY_CRASH","SMALL_TRUCK_COUNT","SPEC_JURIS_CD","SUSP_MINOR_INJ_COUNT","SUSP_SERIOUS_INJ_COUNT","SUV_COUNT","TCD_FUNC_CD","TCD_TYPE","TFC_DETOUR_IND","TIME_OF_DAY","TOTAL_UNITS","TOT_INJ_COUNT","UNBELTED_OCC_COUNT","UNB_DEATH_COUNT","UNB_SUSP_SERIOUS_INJ_COUNT","UNK_INJ_DEG_COUNT","UNK_INJ_PER_COUNT","URBAN_RURAL","VAN_COUNT","VEHICLE_COUNT","WEATHER1","WEATHER2","WORKERS_PRES","WORK_ZONE_IND","WORK_ZONE_LOC","WORK_ZONE_TYPE","WZ_CLOSE_DETOUR","WZ_FLAGGER","WZ_LAW_OFFCR_IND","WZ_LN_CLOSURE","WZ_MOVING","WZ_OTHER","WZ_SHLDER_MDN","WZ_WORKERS_INJ_KILLED"
"2021009657","","2","0","0","0","0","0","0","0","0","1","0","","02","1","2021","6","40.400919","-79.822562","","11","0","0","0","1","0","0","0","0","","0","0","0","","","1","N","0","","40 24:03.308","5","6","79 49:21.224","8","0","0","0","2111","0","0","0","N","0","0","0","2","02111","0","","1.0","2009.0","1","N","N","N","0","","0","0","0","0","0","Y","","2","1","0","0","0","1","0","2","0","2","","03","","N","","","","","","","","","",""
"2021032584","","1","0","0","0","0","0","0","0","0","7","0","","02","4","2021","6","40.497498","-80.020008","","11","0","0","0","0","0","0","0","0","","0","0","0","","","0","N","0","","40 29:50.991","1","3","80 01:12.027","0","0","0","0","2116","0","0","0","N","0","0","0","2","02116","0","","4.0","930.0","2","N","N","N","0","","0","0","0","0","0","N","","1","0","0","0","0","0","0","2","0","1","","","","N","","","","","","","","","",""
"2021012506","","2","0","0","0","0","0","0","0","0","1","0","","02","2","2021","7","40.558128","-80.023481","","11","0","0","0","0","0","1","0","1","","0","0","0","","","2","","1","","40 33:29.259","2","0","80 01:24.531","8","0","0","0","2108","0","0","0","N","0","0","0","5","02108","0","","1.0","1950.0","1","N","N","Y","1","","0","0","0","3","2","N","","3","2","0","0","0","2","1","2","0","3","","03","","N","","","","","","","","","",""
"2021030904","","1","0","0","0","0","0","0","0","0","7","0","","02","4","2021","1","40.466885","-80.025028","","11","0","0","0","0","0","0","0","0","","0","0","0","","","0","","1","","40 28:00.786","","0","80 01:30.099","0","0","0","0","2301","0","0","0","N","0","0","0","1","02301","0","","5.0","","1","N","N","N","0","","0","0","0","","0","","","1","0","0","0","0","0","0","2","0","1","","","","N","","","","","","","","","",""
"2021001779","","1","0","0","0","0","0","0","0","0","7","0","","02","1","2021","4","40.390898","-80.059248","","11","0","0","0","0","0","0","0","0","","0","0","0","","","1","N","2","","40 23:27.233","","0","80 03:33.292","3","0","0","0","2117","0","0","0","N","0","0","0","1","02117","0","","3.0","","1","N","N","N","0","","1","0","0","","2","","","1","1","0","0","0","0","0","2","0","1","","","","N","","","","","","","","","",""
"2021037103","","1","0","0","0","0","0","0","0","0","1","0","","02","3","2021","2","40.425796","-79.910788","","11","0","0","0","0","0","0","0","0","","0","0","0","","","0","N","0","","40 25:32.865","","0","79 54:38.838","9","0","0","0","2301","0","0","0","N","0","0","0","2","68B03","0","","1.0","","1","N","N","N","0","","0","0","0","","0","","","2","0","0","0","0","0","1","2","0","2","","03","","N","","","","","","","","","",""
"2021009870","","0","0","0","0","0","0","0","0","0","7","1","","02","1","2021","6","40.439597","-80.009904","","11","0","0","0","0","0","0","0","0","","0","1","0","","","0","N","0","","40 26:22.549","4","3","80 00:35.656","0","0","0","0","2301","0","0","0","N","0","0","0","1","68B03","0","","2.0","521.0","1","N","N","N","0","","0","0","0","","0","N","","1","0","0","0","0","0","0","2","0","1","","","","N","","","","","","","","","",""
"2021012220","","1","0","0","0","0","0","0","0","0","4","0","","02","2","2021","6","40.458109","-79.934708","","11","0","0","0","0","0","0","0","0","","0","0","0","","","0","","1","","40 27:29.191","","0","79 56:04.947","0","0","0","0","2301","0","0","0","N","0","0","0","3","02301","0","","1.0","","1","N","N","N","0","","0","0","1","","2","","","2","0","0","0","0","0","0","2","0","2","","03","","N","","","","","","","","","",""
"2021004103","","2","0","0","0","0","0","0","0","0","4","0","","02","1","2021","2","40.458691","-79.908058","","11","0","0","0","0","0","1","0","0","","0","0","0","","","1","","1","","40 27:31.287","","0","79 54:29.010","8","0","0","0","2301","0","0","0","N","0","0","0","4","02301","0","","1.0","","1","N","N","N","0","","0","0","0","","2","","","2","1","0","0","0","1","1","2","0","2","","","","N","","","","","","","","","",""
"2021009531","","3","0","1","0","0","0","0","0","0","1","0","","02","1","2021","6","40.410965","-80.006047","","11","0","0","0","0","0","1","0","0","","0","0","0","","","1","N","2","","40 24:39.473","2","0","80 00:21.770","2","0","0","0","2301","0","0","0","N","0","0","0","6","02301","0","","1.0","1505.0","1","N","N","N","0","","0","1","0","","2","Y","","3","1","0","0","0","0","0","2","0","3","","03","","N","","","","","","","","","",""
"2021014496","","1","0","0","0","0","0","0","0","0","7","0","","02","2","2021","3","40.327403","-80.041654","","11","0","0","0","0","0","0","0","0","","0","0","0","","","0","N","0","","40 19:38.649","3","0","80 02:29.953","0","0","0","0","2407","0","0","0","N","0","0","0","1","02407","0","","4.0","626.0","7","N","N","N","0","","0","0","0","","0","N","","1","0","0","0","0","0","0","2","0","1","","10","","N","","","","","","","","","",""
"2021009543","","1","0","0","0","0","0","0","0","0","4","0","","02","1","2021","2","40.486953","-80.055027","","11","0","0","0","0","0","0","0","0","","0","0","0","","","0","N","2","","40 29:13.030","2","0","80 03:18.097","9","0","0","0","2404","0","0","0","N","0","0","0","2","02404","0","","1.0","2229.0","1","N","N","N","1","","0","0","0","","0","Y","","2","0","0","0","0","0","1","2","0","2","","","","N","","","","","","","","","",""
"2021014176","","1","0","1","0","0","0","0","0","0","4","0","","02","2","2021","1","40.390147","-79.868707","","11","0","0","0","0","0","0","0","0","","0","0","0","","","1","N","2","","40 23:24.529","1","0","79 52:07.346","2","0","0","0","2473","0","0","0","N","0","0","0","2","02473","0","","1.0","2230.0","2","N","N","N","0","","0","1","1","","0","Y","","2","1","0","0","0","0","0","2","0","2","","04","","N","","","","","","","","","",""
"2021010894","","3","0","0","0","0","0","0","0","0","5","0","","02","1","2021","6","40.406109","-79.909837","","11","0","0","0","0","0","1","0","0","","0","0","0","","","0","N","0","","40 24:21.991","5","0","79 54:35.414","0","0","0","0","2438","0","0","0","N","0","0","0","1","02438","0","","6.0","2150.0","1","N","N","N","0","","0","0","0","","0","Y","","3","0","0","0","0","0","0","2","0","3","","03","","N","","","","","","","","","",""
"2021008527","","1","0","0","0","0","0","0","0","0","4","0","","02","1","2021","6","40.411992","-79.984295","","11","0","0","0","0","0","0","0","0","","0","0","0","","","1","N","1","","40 24:43.171","","0","79 59:03.462","3","0","0","0","2447","0","0","0","N","0","0","0","2","02447","0","","1.0","","1","N","N","Y","0","","1","0","3","","3","","","4","1","0","0","0","0","0","2","0","4","","03","","N","","","","","","","","","",""
"2021011951","","1","0","0","0","0","0","0","0","0","2","0","","02","1","2021","1","40.408788","-79.822693","","11","0","0","0","0","0","0","0","0","","0","0","0","","","0","","3","","40 24:31.636","","0","79 49:21.694","0","0","0","0","2467","0","0","0","N","0","0","0","1","02467","0","","5.0","","7","N","N","N","0","","0","0","0","","3","","","1","0","0","0","0","0","0","2","0","1","","02","","N","","","","","","","","","",""
"2021014263","","1","0","0","0","0","0","0","0","0","1","1","","02","2","2021","3","40.595091","-79.913091","","11","0","0","0","0","0","1","0","0","","0","1","0","","","0","N","0","","40 35:42.328","","0","79 54:47.128","0","0","0","0","2207","0","0","0","N","0","0","0","2","68T02","0","","1.0","","9","N","N","N","0","","0","0","0","","0","","","2","0","0","0","0","0","0","1","0","2","","10","","N","","","","","","","","","",""
"2021023999","","1","0","0","0","0","0","0","0","0","5","0","","02","3","2021","6","40.416652","-79.98886","","11","0","0","0","0","0","0","0","0","","0","0","0","","","0","N","0","","40 24:59.948","","0","79 59:19.896","9","0","0","0","2301","0","0","0","N","0","0","0","1","02301","0","","1.0","","1","N","N","N","0","","0","0","0","","0","","","2","0","0","0","0","0","1","2","0","2","","","","N","","","","","","","","","",""
"2021010306","","1","0","0","0","0","0","0","0","0","4","0","","02","2","2021","2","40.488174","-79.921541","","11","0","0","0","0","0","1","0","0","","0","0","0","","","0","N","2","","40 29:17.428","1","0","79 55:17.549","0","0","0","0","2301","0","0","0","N","0","0","0","5","02301","0","","1.0","747.0","7","N","N","N","0","","0","0","0","","0","N","","2","0","0","0","0","0","0","2","1","2","","10","","N","","","","","","","","","",""
"2021005634","","1","0","0","0","0","0","0","0","0","4","0","","02","1","2021","6","40.408675","-79.91245","","11","0","0","0","0","0","0","0","0","","0","0","0","","","0","N","0","","40 24:31.229","","7","79 54:44.821","9","0","0","0","2438","0","0","0","N","0","0","0","3","02438","0","","1.0","","1","N","N","N","0","","0","0","1","","0","","","2","0","0","0","0","0","1","2","0","2","","","","N","","","","","","","","","",""
"2021010307","","1","0","0","0","0","0","0","0","0","7","0","","02","2","2021","2","40.447888","-79.720735","","11","0","0","0","0","0","0","0","0","","0","0","0","","","0","N","0","","40 26:52.398","6","0","79 43:14.645","0","0","0","0","2466","0","0","0","N","0","0","0","1","02466","0","","5.0","742.0","7","N","N","N","0","","0","0","0","","0","N","","1","0","0","0","0","0","0","2","0","1","","","","N","","","","","","","","","",""
"2021010630","","0","0","0","0","0","0","0","0","0","7","0","","02","2","2021","2","40.461228","-79.791572","","11","0","0","0","0","0","0","0","0","","0","0","0","","","0","N","0","","40 27:40.422","7","0","79 47:29.660","0","0","0","0","2113","0","0","0","N","0","0","0","1","02113","0","","5.0","832.0","2","N","N","N","0","","0","0","1","","0","Y","","1","0","0","0","0","0","0","2","0","1","","10","","N","","","","","","","","","",""
"2021005468","","1","0","0","0","0","0","0","0","0","4","0","","02","1","2021","6","40.448557","-80.062856","","11","0","0","0","0","0","0","0","0","","0","0","0","","","2","","1","","40 26:54.805","7","0","80 03:46.282","4","0","0","0","2301","0","0","0","N","0","0","0","5","02301","2","","1.0","50.0","1","N","N","N","0","","0","0","1","","3","Y","","2","2","1","0","0","0","3","2","0","2","","","","N","","","","","","","","","",""
"2021013010","","1","0","0","0","0","0","0","0","0","1","0","","02","2","2021","3","40.568099","-80.021893","","11","0","0","0","0","0","1","0","0","","0","0","0","","","0","","1","","40 34:05.157","4","0","80 01:18.816","0","0","0","0","2108","0","0","0","N","0","0","0","2","02108","0","","1.0","1634.0","1","N","N","N","0","","0","0","1","","2","N","","2","0","0","0","0","0","0","2","0","2","","","","N","","","","","","","","","",""
"2021013023","","0","0","0","0","0","0","0","0","0","4","0","","02","2","2021","1","40.454457","-79.837396","","11","0","0","0","0","0","0","0","0","","0","0","0","","","0","N","2","","40 27:16.045","","0","79 50:14.624","9","0","0","0","2113","0","0","0","N","0","0","0","2","02113","0","","1.0","","1","N","N","N","0","","0","0","2","","0","","","2","0","1","0","0","0","1","2","0","2","","03","","N","","","","","","","","","",""
"2021012368","","1","0","0","0","0","0","0","0","0","1","0","","02","2","2021","6","40.538044","-80.036334","","11","0","0","0","1","0","0","0","0","","0","0","0","","","1","N","0","","40 32:16.960","","0","80 02:10.804","3","0","0","0","2116","0","0","0","N","0","0","0","1","02116","0","","6.0","","1","N","N","N","0","","1","0","1","","0","","","2","1","0","0","0","0","0","2","0","2","","","","N","","","","","","","","","",""
"2021009983","","1","0","0","0","0","0","0","0","0","7","0","","02","1","2021","5","40.285009","-79.823212","","11","0","0","0","0","0","0","1","0","","0","0","0","","","1","N","0","","40 17:06.031","6","0","79 49:23.564","8","0","0","0","2105","0","0","0","N","0","0","0","1","02105","0","","5.0","1458.0","1","N","N","N","0","","0","0","0","","0","Y","","1","1","0","0","0","1","0","2","0","1","","03","","N","","","","","","","","","",""
"2021005555","","1","0","0","0","0","0","0","0","0","6","0","","02","1","2021","2","40.417338","-79.973691","","11","0","0","0","0","0","0","0","0","","0","0","0","","","0","N","0","","40 25:02.418","","0","79 58:25.286","0","0","0","0","2301","0","0","0","N","0","0","0","1","02301","0","","2.0","","1","N","N","N","0","","0","0","1","","0","","","2","0","0","0","0","0","0","2","0","2","","","","N","","","","","","","","","",""
"2021002986","","0","0","0","0","0","0","0","0","0","7","0","","02","1","2021","7","40.395752","-79.817672","","11","0","0","0","0","0","0","0","0","","0","0","0","","","1","N","0","","40 23:44.707","6","0","79 49:03.619","3","0","0","0","2111","0","0","0","N","0","0","0","1","02111","0","","5.0","1201.0","1","N","N","N","0","","1","0","1","","0","Y","","1","1","0","0","0","0","0","2","0","1","","03","","N","","","","","","","","","",""
"2021010519","","0","0","0","0","0","0","0","0","0","1","0","","02","1","2021","3","40.432839","-80.022578","","11","0","0","0","0","0","0","0","0","","0","0","0","","","0","N","0","","40 25:58.220","3","4","80 01:21.281","0","0","0","0","2301","0","0","0","N","0","0","0","4","68B03","0","","1.0","750.0","9","N","N","N","1","","0","0","3","","0","N","","4","0","0","0","0","0","0","2","0","4","","","","N","","","","","","","","","",""
"2021011996","","1","0","0","0","0","0","0","0","0","4","0","","02","2","2021","5","40.461662","-79.922107","","11","0","0","0","0","0","0","1","0","","0","0","0","","","0","N","1","","40 27:41.983","","0","79 55:19.585","0","0","0","0","2301","0","0","0","N","0","0","0","4","02301","0","","1.0","","1","N","N","N","0","","0","0","1","","2","N","","2","0","0","0","0","0","0","2","0","2","","03","","N","","","","","","","","","",""
"2021009540","","0","0","0","0","0","0","0","0","0","1","0","","02","1","2021","6","40.427827","-79.969802","","11","0","0","0","0","0","0","0","0","","0","0","0","","","0","N","2","","40 25:40.177","","0","79 58:11.287","0","0","0","0","2301","0","0","0","N","0","0","0","6","02301","0","","1.0","","1","N","N","N","0","","0","0","2","","0","","","2","0","0","0","0","0","0","2","0","2","","03","","N","","","","","","","","","",""
"2021012157","","0","0","0","0","0","0","0","0","0","4","0","","02","2","2021","6","40.317622","-79.899108","","11","0","0","0","0","0","0","0","0","","0","0","0","","","1","N","0","","40 19:03.439","4","0","79 53:56.787","4","0","0","0","2302","0","0","0","N","0","0","0","1","02302","1","","5.0","900.0","2","N","N","N","0","","0","0","1","","0","N","","1","1","0","0","0","0","0","2","0","1","","03","","N","","","","","","","","","",""
"2021012397","","1","0","0","0","0","0","0","0","0","7","0","","02","2","2021","5","40.33798","-79.894971","","11","0","0","0","0","0","0","0","0","","0","0","0","","","1","N","1","","40 20:16.728","3","0","79 53:41.897","8","0","0","0","2473","0","0","0","Y","0","0","0","1","02473","0","","2.0","1100.0","1","N","N","N","0","","0","0","0","","2","N","","1","1","1","0","0","1","0","2","0","1","","","","N","","","","","","","","","",""
"2021010323","","2","0","0","0","0","0","0","0","0","5","0","","02","2","2021","2","40.427906","-79.93552","","11","0","0","0","0","0","0","0","0","","0","0","0","","","0","N","0","","40 25:40.463","","0","79 56:07.872","0","0","0","0","2301","0","0","0","N","0","0","0","1","02301","0","","1.0","","7","N","N","N","0","","0","0","0","","0","","","2","0","0","0","0","0","0","2","0","2","","10","","N","","","","","","","","","",""
"2021010361","","1","0","0","0","0","0","0","0","0","7","0","","02","2","2021","2","40.438034","-79.913079","","11","0","0","0","0","0","0","0","0","","0","0","0","","","0","","1","","40 26:16.922","3","0","79 54:47.084","0","0","0","0","2301","0","0","0","N","0","0","0","1","02301","0","","5.0","1100.0","7","N","N","N","0","","0","0","0","","0","N","","1","0","0","0","0","0","0","2","0","1","","","","N","","","","","","","","","",""
"2021012410","","0","0","0","0","0","0","0","0","0","4","0","","02","2","2021","7","40.32958","-79.988225","","11","0","0","0","0","0","0","0","1","","0","0","0","","","0","N","2","","40 19:46.488","2","0","79 59:17.610","0","0","0","0","2219","0","0","0","N","0","0","0","3","02219","0","","1.0","1231.0","1","N","N","N","0","","0","0","2","","3","Y","","2","0","0","0","0","0","0","2","0","2","","03","","N","","","","","","","","","",""
"2021011806","","2","0","0","0","0","0","0","0","0","4","0","","02","1","2021","1","40.361731","-80.010953","","11","0","0","0","0","0","0","0","0","","0","0","0","","","0","N","0","","40 21:42.230","4","0","80 00:39.430","0","0","0","0","2416","0","0","0","N","0","0","0","3","02416","0","","1.0","1822.0","7","N","N","N","0","","0","0","0","","0","N","","2","0","0","0","0","0","0","2","0","2","","10","","N","","","","","","","","","",""
"2021006401","","1","0","0","0","0","0","0","0","0","98","0","","02","1","2021","4","40.391627","-79.869636","","11","0","0","0","0","0","0","0","0","","0","0","0","","","0","N","0","","40 23:29.856","2","0","79 52:10.690","0","0","0","0","2473","0","0","0","N","0","0","0","1","02473","0","","1.0","218.0","9","N","N","N","0","","0","0","0","","0","N","","1","0","1","0","0","0","0","2","0","1","","","","N","","","","","","","","","",""
"2021012951","","2","0","0","0","0","0","0","0","0","4","0","","02","2","2021","4","40.362147","-80.097705","","11","0","0","0","0","0","1","0","0","","0","0","0","","","2","","1","","40 21:43.729","6","0","80 05:51.738","3","0","0","0","2414","0","0","0","N","0","0","0","2","02414","1","","1.0","1105.0","1","N","N","N","0","","1","0","0","","0","N","","2","2","0","0","0","0","0","2","0","2","","","","N","","","","","","","","","",""
"2021005317","","2","0","0","0","0","0","0","0","0","1","0","","02","1","2021","7","40.381655","-79.997536","","11","0","1","0","0","0","1","0","0","","0","0","0","","","0","N","0","","40 22:53.957","","0","79 59:51.129","0","0","0","0","2301","0","0","0","N","0","0","0","4","02301","0","","1.0","","2","N","N","Y","1","","0","0","2","","0","","","5","0","0","0","0","0","0","2","0","5","","10","","N","","","","","","","","","",""
"2021006209","","1","0","0","0","0","0","0","0","0","7","0","","02","1","2021","7","40.537897","-80.20001","","11","0","0","0","0","0","0","0","0","","0","0","0","","","0","","5","","40 32:16.429","","0","80 12:00.037","0","0","0","0","2213","0","0","0","N","0","0","0","1","02213","0","","1.0","","2","N","N","N","0","","0","0","0","","2","","","1","0","0","0","0","0","0","2","0","1","","06","","N","","","","","","","","","",""
"2021009758","","2","0","0","0","0","0","0","0","0","6","0","","02","1","2021","7","40.414295","-79.99302","","11","0","0","0","0","0","0","0","1","","0","0","0","","","1","N","1","","40 24:51.461","","0","79 59:34.871","4","0","0","0","2301","0","0","0","N","0","0","0","2","02301","1","","1.0","","1","N","N","N","0","","0","0","0","","3","","","2","1","0","0","0","0","0","2","0","2","","03","","N","","","","","","","","","",""
"2021025927","","0","0","0","0","0","0","0","0","0","5","0","","02","3","2021","5","40.36159","-79.903929","","11","0","0","0","1","1","0","0","0","","0","0","0","","","0","N","0","","40 21:41.724","1","6","79 54:14.143","0","0","0","0","2473","0","0","0","N","0","0","0","2","02473","0","","1.0","1255.0","9","N","N","N","2","","0","0","0","","0","Y","","2","0","0","0","0","0","0","2","0","2","","07","","N","","","","","","","","","",""
"2021034719","","0","0","0","0","0","0","0","0","0","7","0","","02","4","2021","7","40.467528","-80.026636","","11","0","0","0","0","0","0","0","0","","0","0","0","","","2","N","1","","40 28:03.100","7","0","80 01:35.889","3","0","0","0","2301","0","0","0","N","0","0","0","2","02301","0","","2.0","200.0","1","N","N","N","0","","2","0","1","","3","Y","","1","2","0","0","0","0","0","2","0","1","","03","","N","","","","","","","","","",""
"2021012170","","1","0","0","0","0","0","0","0","0","7","0","","02","2","2021","6","40.328026","-80.073743","","11","0","0","0","0","0","0","0","0","","0","0","0","","","0","N","3","","40 19:40.892","","0","80 04:25.475","0","0","0","0","2123","0","0","0","N","0","0","0","1","02123","0","","2.0","","9","N","N","N","0","","0","0","0","","0","","","1","0","0","0","0","0","0","2","0","1","","03","","N","","","","","","","","","",""
"2021039196","","2","0","0","0","0","0","0","0","0","1","0","","02","5","2021","7","40.424783","-79.92699","","11","0","0","0","0","0","0","1","0","","0","0","0","","","2","N","2","","40 25:29.218","","0","79 55:37.164","3","0","0","0","2301","0","0","0","N","0","0","0","7","02301","0","","1.0","","1","N","N","Y","0","","2","0","2","","0","","","4","2","0","0","0","0","0","2","0","4","","03","","N","","","","","","","","","",""
"2021014540","","0","0","0","0","0","0","0","0","0","2","0","","02","2","2021","4","40.629586","-79.717599","","11","0","0","0","0","0","0","0","0","","0","0","0","","","1","","1","","40 37:46.510","3","0","79 43:03.356","8","0","0","0","2106","0","0","0","N","0","0","0","2","02106","0","","1.0","30.0","9","N","N","N","0","","0","0","2","","2","Y","","2","1","0","0","0","1","0","2","0","2","","03","","N","","","","","","","","","",""
"2021014493","","0","0","0","0","0","0","0","0","0","7","0","","02","2","2021","6","40.348893","-80.030267","","11","0","0","0","0","1","0","0","0","","0","0","0","","","0","N","0","","40 20:56.015","6","0","80 01:48.962","0","0","0","0","2407","0","0","0","N","0","0","0","1","02407","0","","4.0","730.0","2","N","N","N","1","","0","0","0","","0","Y","","1","0","0","0","0","0","0","2","0","1","","","","N","","","","","","","","","",""
"2021013664","","0","0","0","0","0","0","0","0","0","1","0","","02","2","2021","7","40.390928","-80.059294","","11","0","0","0","1","0","0","0","0","","0","0","0","","","0","","2","","40 23:27.340","2","0","80 03:33.459","0","0","0","0","2109","0","0","0","N","0","0","0","2","02109","0","","1.0","100.0","1","N","N","N","1","","0","0","1","","2","N","","2","0","0","0","0","0","0","2","0","2","","03","","N","","","","","","","","","",""
"2021012308","","0","0","0","0","0","0","0","0","0","7","0","","02","2","2021","4","40.352942","-79.939995","","11","0","0","0","0","0","0","0","0","","0","0","0","","","0","N","0","","40 21:10.591","1","0","79 56:23.982","0","0","0","0","2473","0","0","0","N","0","0","0","1","02473","0","","3.0","1420.0","1","N","N","N","1","","0","0","0","","0","Y","","1","0","0","0","0","0","0","2","0","1","","03","","N","","","","","","","","","",""
"2021014384","","2","0","0","0","0","0","0","0","0","1","0","","02","2","2021","4","40.4317","-80.0246","","11","0","1","0","0","0","0","0","0","","0","0","0","","","1","N","0","","40 25:54.119","","0","80 01:28.560","4","0","0","0","2301","0","0","0","N","0","0","0","4","68B03","1","","1.0","","1","N","N","N","0","","0","0","2","","0","","","4","1","0","0","0","0","0","2","0","4","","","","N","","","","","","","","","",""
"2021010745","","1","0","0","0","0","0","0","0","0","7","0","","02","2","2021","3","40.525362","-79.702353","","11","0","0","0","0","0","0","0","0","","0","0","0","","","1","N","0","","40 31:31.303","","0","79 42:08.471","8","0","0","0","2466","0","0","0","N","0","0","0","1","02466","0","","5.0","","6","N","N","N","0","","0","0","0","","0","","","1","1","0","0","0","1","0","1","0","1","","","","N","","","","","","","","","",""
"2021002630","","1","0","0","0","0","0","0","0","0","5","0","","02","1","2021","5","40.491004","-79.867349","","11","0","0","0","0","1","1","0","0","","0","0","0","","","1","N","0","","40 29:27.614","3","0","79 52:02.457","4","0","0","0","2112","0","0","0","N","0","0","0","2","02112","1","","1.0","1252.0","1","N","N","N","0","","0","0","1","","0","N","","2","1","0","0","0","0","0","2","0","2","","","","N","","","","","","","","","",""
"2021011096","","1","0","0","0","0","0","0","0","0","7","0","","02","2","2021","4","40.449706","-80.025099","","11","0","0","0","0","0","0","0","0","","0","0","0","","","0","N","2","","40 26:58.940","","3","80 01:30.356","0","0","0","0","2301","0","0","0","N","0","0","0","1","02301","0","","2.0","","9","N","N","N","0","","0","0","0","","2","","","1","0","0","0","0","0","0","2","0","1","","","","N","","","","","","","","","",""
"2021012148","","0","0","0","0","0","0","0","0","0","7","0","","02","2","2021","5","40.355171","-79.83524","","11","0","0","0","0","0","0","0","0","","0","0","0","","","0","N","0","","40 21:18.617","","0","79 50:06.865","0","0","0","0","2304","0","0","0","N","0","0","0","1","02304","0","","4.0","","9","N","N","N","0","","0","0","1","","0","","","1","0","0","0","0","0","0","2","0","1","","","","N","","","","","","","","","",""
"2021009058","","1","0","0","0","0","0","0","0","0","3","0","","02","1","2021","5","40.428413","-79.974637","","11","0","0","0","0","0","2","0","0","","0","0","0","","","0","","1","","40 25:42.286","","0","79 58:28.692","0","0","0","0","2301","0","0","0","N","0","0","0","2","02301","0","","1.0","","1","N","N","N","1","","0","0","0","","2","","","2","0","0","0","0","0","0","2","0","2","","03","","N","","","","","","","","","",""
"2021009514","","2","0","0","0","0","0","0","0","0","5","0","","02","1","2021","4","40.438999","-79.840278","","11","0","0","0","0","0","0","0","0","","0","0","0","","","0","N","0","","40 26:20.397","5","0","79 50:24.999","0","0","0","0","2419","0","0","0","N","0","0","0","2","02419","0","","2.0","2210.0","1","N","N","N","0","","0","0","0","","0","N","","2","0","2","0","0","0","0","2","0","2","","","","N","","","","","","","","","",""
"2021012750","","2","0","0","0","0","0","0","0","0","2","0","","02","2","2021","1","40.424848","-79.984638","","11","0","0","0","0","1","0","0","0","","0","0","0","","","0","N","3","","40 25:29.451","","0","79 59:04.697","9","0","0","0","2301","0","0","0","N","0","0","0","3","02301","0","","1.0","","1","N","N","N","0","","0","0","0","","3","","","2","0","0","0","0","0","1","2","0","2","","03","","N","","","","","","","","","",""
"2021012454","","1","0","0","0","0","0","0","0","0","6","0","","02","2","2021","7","40.448557","-80.062856","","11","0","0","0","0","0","0","0","1","","0","0","0","","","1","","1","","40 26:54.805","1","0","80 03:46.282","3","0","0","0","2301","0","0","0","N","0","0","0","2","02301","0","","1.0","1440.0","1","N","N","N","0","","1","0","1","","3","N","","2","1","0","0","0","0","0","2","0","2","","03","","N","","","","","","","","","",""
"2021010865","","0","0","0","0","0","0","0","0","0","7","0","","02","1","2021","2","40.452209","-80.110958","","11","0","0","0","0","0","0","0","0","","0","0","0","","","1","N","0","","40 27:07.952","1","0","80 06:39.449","3","0","0","0","2115","0","0","0","Y","0","0","0","1","68B03","0","","4.0","406.0","2","N","N","N","0","","1","0","1","","0","N","","1","1","0","0","0","0","0","2","0","1","","","","N","","","","","","","","","",""
"2021020438","","0","0","0","0","0","0","0","0","0","8","0","","02","1","2021","6","40.51498","-80.154654","","11","0","0","0","0","0","1","0","0","","0","1","0","","","1","","1","","40 30:53.928","6","0","80 09:16.756","2","0","0","0","2420","1","0","1","N","1","0","1","2","02420","0","","1.0","1614.0","9","N","N","N","0","","0","1","0","","2","Y","","2","1","0","0","0","0","0","2","0","1","","","","N","","","","","","","","","",""