"CRN","ARRIVAL_TM","AUTOMOBILE_COUNT","BELTED_DEATH_COUNT","BELTED_SUSP_SERIOUS_INJ_COUNT","BICYCLE_COUNT","BICYCLE_DEATH_COUNT","BICYCLE_SUSP_SERIOUS_INJ_COUNT","BUS_COUNT","CHLDPAS_DEATH_COUNT","CHLDPAS_SUSP_SERIOUS_INJ_COUNT","COLLISION_TYPE","COMM_VEH_COUNT","CONS_ZONE_SPD_LIM","COUNTY","CRASH_MONTH","CRASH_YEAR","DAY_OF_WEEK","DEC_LATITUDE","DEC_LONGITUDE","DISPATCH_TM","DISTRICT","DRIVER_COUNT_16YR","DRIVER_COUNT_17YR","DRIVER_COUNT_18YR","DRIVER_COUNT_19YR","DRIVER_COUNT_20YR","DRIVER_COUNT_50_64YR","DRIVER_COUNT_65_74YR","DRIVER_COUNT_75PLUS","EST_HRS_CLOSED","FATAL_COUNT","HEAVY_TRUCK_COUNT","HORSE_BUGGY_COUNT","HOUR_OF_DAY","ILLUMINATION","INJURY_COUNT","INTERSECTION_RELATED","INTERSECT_TYPE","LANE_CLOSED","LATITUDE","LN_CLOSE_DIR","LOCATION_TYPE","LONGITUDE","MAX_SEVERITY_LEVEL","MCYCLE_DEATH_COUNT","MCYCLE_SUSP_SERIOUS_INJ_COUNT","MOTORCYCLE_COUNT","MUNICIPALITY","NONMOTR_COUNT","NONMOTR_DEATH_COUNT","NONMOTR_SUSP_SERIOUS_INJ_COUNT","NTFY_HIWY_MAINT","PED_COUNT","PED_DEATH_COUNT","PED_SUSP_SERIOUS_INJ_COUNT","PERSON_COUNT","POLICE_AGCY","POSSIBLE_INJ_COUNT","RDWY_SURF_TYPE_CD","RELATION_TO_ROAD","ROADWAY_CLEARED","ROAD_CONDITION","SCH_BUS_IND","SCH_ZONE_IND","SECONDARY_CRASH","SMALL_TRUCK_COUNT","SPEC_JURIS_CD","SUSP_MINOR_INJ_COUNT","SUSP_SERIOUS_INJ_COUNT","SUV_COUNT","TCD_FUNC_CD","TCD_TYPE","TFC_DETOUR_IND","TIME_OF_DAY","TOTAL_UNITS","TOT_INJ_COUNT","UNBELTED_OCC_COUNT","UNB_DEATH_COUNT","UNB_SUSP_SERIOUS_INJ_COUNT","UNK_INJ_DEG_COUNT","UNK_INJ_PER_COUNT","URBAN_RURAL","VAN_COUNT","VEHICLE_COUNT","WEATHER1","WEATHER2","WORKERS_PRES","WORK_ZONE_IND","WORK_ZONE_LOC","WORK_ZONE_TYPE","WZ_CLOSE_DETOUR","WZ_FLAGGER","WZ_LAW_OFFCR_IND","WZ_LN_CLOSURE","WZ_MOVING","WZ_OTHER","WZ_SHLDER_MDN","WZ_WORKERS_INJ_KILLED"
"2021012288","","3","0","0","0","0","0","0","0","0","4","0","","02","2","2021","6","40.443885","-79.768655","","11","0","0","0","0","1","0","0","0","","0","0","0","","","0","","1","","40 26:37.986","","0","79 46:07.158","0","0","0","0","2446","0","0","0","N","0","0","0","3","02446","0","","1.0","","1","N","N","N","0","","0","0","0","","3","","","3","0","0","0","0","0","0","2","0","3","","","","N","","","","","","","","","",""
"2021010329","","0","0","0","0","0","0","0","0","0","4","1","","02","2","2021","2","40.37312","-80.124217","","11","0","0","0","0","0","0","0","0","","0","1","0","","","0","N","0","","40 22:23.232","6","0","80 07:27.182","0","0","0","0","2102","0","0","0","N","0","0","0","2","02102","0","","1.0","836.0","7","N","N","N","0","","0","0","1","","0","Y","","2","0","0","0","0","0","0","2","0","2","","","","N","","","","","","","","","",""
"2021011127","","0","1","1","0","0","0","0","0","0","2","0","","02","1","2021","7","40.456561","-79.990244","","11","0","0","0","0","0","1","0","0","","2","0","0","","","1","N","0","","40 27:23.619","4","0","79 59:24.880","1","0","0","0","2301","0","0","0","N","0","0","0","3","02301","0","1","1.0","1228.0","1","N","N","N","0","0","0","1","2","","0","Y","","2","1","0","0","0","0","0","2","0","2","","","","N","","","","","","","","","",""
"2021010489","","1","0","0","0","0","0","0","0","0","4","0","","02","2","2021","2","40.35151","-79.865072","","11","0","0","0","0","0","0","0","0","","0","0","0","","","0","","1","","40 21:05.436","","0","79 51:54.259","0","0","0","0","2304","0","0","0","N","0","0","0","3","02304","0","","1.0","","9","N","N","N","0","","0","0","0","","2","","","2","0","0","0","0","0","0","2","1","2","","","","N","","","","","","","","","",""
"2021010375","","1","0","0","0","0","0","0","0","0","4","0","","02","2","2021","2","40.525598","-79.840956","","11","0","0","0","0","0","1","0","0","","0","0","0","","","0","","1","","40 31:32.153","","0","79 50:27.440","0","0","0","0","2451","0","0","0","N","0","0","0","2","02451","0","","1.0","","6","N","N","N","0","","0","0","1","","2","","","2","0","0","0","0","0","0","2","0","2","","","","N","","","","","","","","","",""
"2021012599","","0","0","0","0","0","0","0","0","0","0","1","","02","2","2021","6","40.332563","-79.961694","","11","0","0","0","0","0","1","0","0","","0","1","0","","","0","N","0","","40 19:57.225","5","0","79 57:42.097","0","0","0","0","2440","0","0","0","N","0","0","0","1","02440","0","","5.0","1712.0","1","N","N","N","0","","0","0","0","","0","Y","","1","0","0","0","0","0","0","2","0","1","","","","N","","","","","","","","","",""
"2021010201","","1","0","0","0","0","0","0","0","0","2","0","","02","1","2021","6","40.367955","-80.103569","","11","0","0","0","0","0","0","0","0","","0","0","0","","","1","Y","0","","40 22:04.638","4","0","80 06:12.847","3","0","0","0","2102","0","0","0","N","0","0","0","1","02102","0","","5.0","341.0","1","Y","Y","N","2","","1","0","1","","7","N","","5","1","1","0","0","0","0","2","1","5","","03","","N","","","","","","","","","",""
"2021010701","","1","0","0","0","0","0","0","0","0","7","0","","02","2","2021","3","40.456663","-79.820693","","11","0","0","0","0","0","0","0","0","","0","0","0","","","1","N","0","","40 27:23.988","","0","79 49:14.494","4","0","0","0","2113","0","0","0","N","0","0","0","1","02113","1","","2.0","","7","N","N","N","0","","0","0","0","","0","","","1","1","1","0","0","0","0","2","0","1","","","","N","","","","","","","","","",""
"2021008480","","1","0","0","0","0","0","0","0","0","1","0","","02","1","2021","4","40.465757","-79.907721","","11","0","0","0","0","0","0","0","0","","0","0","0","","","0","N","0","","40 27:56.724","","0","79 54:27.797","0","0","0","0","2301","0","0","0","N","0","0","0","2","02301","0","","1.0","","1","N","N","N","0","","0","0","1","","0","","","2","0","0","0","0","0","0","2","0","2","","","","N","","","","","","","","","",""
"2021009318","","1","0","0","0","0","0","0","0","0","1","0","","02","1","2021","5","40.403871","-79.990172","","11","0","0","0","0","0","0","0","0","","0","0","0","","","0","","2","","40 24:13.935","2","0","79 59:24.619","0","0","0","0","2301","0","0","0","N","0","0","0","2","02301","0","","1.0","1615.0","1","N","N","N","0","","0","0","1","","2","Y","","2","0","0","0","0","0","0","2","0","2","","03","","N","","","","","","","","","",""
"2021012502","","1","0","0","0","0","0","0","0","0","7","0","","02","1","2021","1","40.34889","-79.939012","","11","0","0","0","0","0","0","0","0","","0","0","0","","","0","N","2","","40 20:56.003","","0","79 56:20.443","0","0","0","0","2473","0","0","0","N","0","0","0","1","02473","0","","3.0","","7","N","N","N","0","","0","0","0","","4","","","1","0","0","0","0","0","0","2","0","1","","10","","N","","","","","","","","","",""
"2021009687","","1","0","0","0","0","0","0","0","0","7","0","","02","1","2021","6","40.449154","-79.823546","","11","0","0","0","0","0","0","0","0","","0","0","0","","","0","N","0","","40 26:56.956","","0","79 49:24.766","0","0","0","0","2113","0","0","0","N","0","0","0","1","02113","0","","5.0","","1","N","N","N","0","","0","0","0","","0","","","1","0","0","0","0","0","0","2","0","1","","","","N","","","","","","","","","",""
"2021013434","","1","0","0","0","0","0","0","0","0","7","0","","02","2","2021","2","40.470164","-79.957706","","11","0","0","0","0","0","0","0","0","","0","0","0","","","1","N","0","","40 28:12.590","5","0","79 57:27.740","8","0","0","0","2301","0","0","0","N","0","0","0","1","02301","0","","2.0","2230.0","1","N","N","N","0","","0","0","0","","3","Y","","1","1","0","0","0","1","0","2","0","1","","","","N","","","","","","","","","",""
"2021010188","","1","0","0","0","0","0","0","0","0","7","0","","02","1","2021","1","40.479329","-80.042949","","11","0","0","0","0","0","0","0","1","","0","0","0","","","0","N","0","","40 28:45.586","3","0","80 02:34.615","9","0","0","0","2301","0","0","0","N","0","0","0","3","02301","0","","2.0","2050.0","6","N","N","N","0","","0","0","0","","0","N","","1","0","0","0","0","0","3","2","0","1","","04","","N","","","","","","","","","",""
"2021011248","","0","0","0","0","0","0","0","0","0","1","0","","02","1","2021","3","40.436569","-80.001641","","11","0","0","0","0","0","0","0","0","","0","0","0","","","0","N","0","","40 26:11.649","3","0","80 00:05.906","0","0","0","0","2301","0","0","0","N","0","0","0","2","68B03","0","","1.0","1545.0","1","N","N","N","0","","0","0","2","","0","N","","2","0","0","0","0","0","0","2","0","2","","03","","N","","","","","","","","","",""
"2021010547","","1","0","0","0","0","0","0","0","0","4","0","","02","1","2021","6","40.472237","-80.004644","","11","0","0","0","0","0","0","0","0","","0","0","0","","","0","N","0","","40 28:20.053","","0","80 00:16.718","0","0","0","0","2301","0","0","0","N","0","0","0","2","68B03","0","","4.0","","1","N","N","N","0","","0","0","1","","0","","","2","0","0","0","0","0","0","2","0","2","","","","N","","","","","","","","","",""
"2021009680","","0","0","0","0","0","0","0","0","0","4","0","","02","1","2021","6","40.403486","-79.889636","","11","0","0","0","0","0","0","0","0","","0","0","0","","","0","N","0","","40 24:12.548","6","0","79 53:22.688","0","0","0","0","2448","0","0","0","N","0","0","0","1","02448","0","","6.0","2352.0","1","N","N","N","0","","0","0","2","","0","N","","2","0","0","0","0","0","0","2","0","2","","03","","N","","","","","","","","","",""
"2021011500","","2","0","0","0","0","0","0","0","0","4","0","","02","2","2021","4","40.430369","-79.785854","","11","0","0","0","0","0","0","0","0","","0","0","0","","","0","","1","","40 25:49.328","4","0","79 47:09.074","0","0","0","0","2446","0","0","0","N","0","0","0","5","02446","0","","1.0","2107.0","1","N","N","N","0","","0","0","0","","2","N","","2","0","0","0","0","0","0","2","0","2","","03","","N","","","","","","","","","",""
"2021010030","","1","0","0","0","0","0","0","0","0","7","0","","02","1","2021","1","40.394796","-79.83854","","11","0","0","0","0","1","0","0","0","","0","0","0","","","0","N","0","","40 23:41.264","","0","79 50:18.745","0","0","0","0","2425","0","0","0","N","0","0","0","2","68B03","0","","4.0","","9","N","N","N","0","","0","0","0","","0","","","1","0","0","0","0","0","0","2","0","1","","","","N","","","","","","","","","",""
"2021009356","","2","0","0","0","0","0","0","0","0","4","0","","02","1","2021","6","40.455884","-79.922558","","11","0","0","0","0","0","0","0","0","","0","0","0","","","0","","1","","40 27:21.184","6","0","79 55:21.209","0","0","0","0","2301","0","0","0","N","0","0","0","1","02301","0","","4.0","45.0","9","N","N","Y","0","","0","0","2","","2","Y","","4","0","0","0","0","0","0","2","0","4","","","","N","","","","","","","","","",""
"2021010493","","0","0","0","0","0","0","0","0","0","4","0","","02","2","2021","2","40.392202","-80.012095","","11","0","0","0","0","0","0","0","0","","0","0","0","","","1","N","0","","40 23:31.926","4","0","80 00:43.543","8","0","0","0","2301","0","0","0","N","0","0","0","1","02301","0","","1.0","1744.0","6","N","N","Y","1","","0","0","2","","0","N","","3","1","0","0","0","1","0","2","0","3","","04","","N","","","","","","","","","",""
"2021010848","","1","0","0","0","0","0","0","0","0","4","0","","02","2","2021","2","40.491136","-80.009835","","11","0","0","0","0","0","0","0","0","","0","0","0","","","0","N","0","","40 29:28.089","1","0","80 00:35.406","0","0","0","0","2301","0","0","0","N","0","0","0","1","68B03","0","","2.0","214.0","7","N","N","N","0","","0","0","0","","0","N","","1","0","0","0","0","0","0","2","0","1","","","","N","","","","","","","","","",""
"2021009376","","2","0","0","0","0","0","0","0","0","1","0","","02","1","2021","5","40.457505","-79.917383","","11","0","0","0","0","0","1","0","0","","0","0","0","","","0","","1","","40 27:27.018","1","0","79 55:02.578","9","0","0","0","2301","0","0","0","N","0","0","0","3","02301","0","","1.0","1445.0","1","N","N","N","0","","0","0","1","","2","N","","3","0","0","0","0","0","1","2","0","3","","98","","N","","","","","","","","","",""
"2021013186","","0","0","0","0","0","0","0","0","0","7","0","","02","2","2021","2","40.408474","-79.890375","","11","0","0","1","0","0","0","0","0","","0","0","0","","","0","N","0","","40 24:30.508","","8","79 53:25.350","0","0","0","0","2448","0","0","0","N","0","0","0","1","02448","0","","2.0","","7","N","N","N","0","","0","0","1","","0","N","","1","0","0","0","0","0","0","2","0","1","","","","N","","","","","","","","","",""
"2021026042","","1","0","0","0","0","0","0","0","0","4","0","","02","3","2021","6","40.501996","-80.204806","","11","0","0","0","0","0","1","0","0","","0","0","0","","","0","","1","","40 30:07.184","2","0","80 12:17.303","0","0","0","0","2213","0","0","0","N","0","0","0","3","02213","0","","1.0","910.0","1","N","N","N","0","","0","0","1","","2","Y","","2","0","0","0","0","0","0","2","0","2","","","","N","","","","","","","","","",""
"2021010121","","0","0","0","0","0","0","0","0","0","7","0","","02","1","2021","1","40.3658","-79.814051","","11","0","1","0","0","0","0","0","0","","0","0","0","","","0","N","0","","40 21:56.881","3","0","79 48:50.583","0","0","0","0","2111","0","0","0","N","0","0","0","2","02111","0","","5.0","1922.0","7","N","N","N","0","","0","0","1","","0","N","","1","0","0","0","0","0","0","2","0","1","","06","","N","","","","","","","","","",""
"2021005489","","0","0","0","0","0","0","0","0","0","7","1","","02","1","2021","2","40.543691","-79.816273","","11","0","0","0","0","0","0","0","0","","0","1","0","","","0","N","0","","40 32:37.287","6","1","79 48:58.582","0","0","0","0","2208","0","0","0","N","0","0","0","1","02208","0","","5.0","2200.0","1","N","N","N","0","","0","0","0","","0","Y","","1","0","0","0","0","0","0","2","0","1","","04","","N","","","","","","","","","",""
"2021012707","","1","0","0","0","0","0","0","0","0","4","0","","02","2","2021","5","40.642646","-80.067623","","11","0","1","0","0","0","0","0","0","","0","0","0","","","0","","1","","40 38:33.524","2","0","80 04:03.444","0","0","0","0","2216","0","0","0","N","0","0","0","3","02505","0","","1.0","1735.0","1","N","N","Y","0","","0","0","2","","2","N","","3","0","0","0","0","0","0","2","0","3","","","","N","","","","","","","","","",""
"2021011635","","3","0","1","0","0","0","0","0","0","4","0","","02","2","2021","4","40.452758","-80.165019","","11","0","1","0","0","0","1","0","0","","0","0","0","","","2","","1","","40 27:09.927","4","0","80 09:54.068","2","0","0","0","2115","0","0","0","N","0","0","0","3","02115","0","","1.0","1400.0","1","N","N","N","0","","1","1","0","","2","N","","3","2","0","0","0","0","0","2","0","3","","03","","N","","","","","","","","","",""
"2021009219","","1","0","0","0","0","0","0","0","0","4","0","","02","1","2021","5","40.484349","-80.036986","","11","0","0","0","0","0","1","1","0","","0","0","0","","","0","N","1","","40 29:03.656","","0","80 02:13.149","0","0","0","0","2301","0","0","0","N","0","0","0","2","02301","0","","1.0","","1","N","N","N","1","","0","0","0","","3","","","2","0","0","0","0","0","0","2","0","2","","","","N","","","","","","","","","",""
"2021010227","","0","0","0","0","0","0","0","0","0","7","0","","02","1","2021","1","40.537308","-79.764088","","11","0","0","0","0","0","0","0","0","","0","0","0","","","0","N","0","","40 32:14.307","5","0","79 45:50.718","0","0","0","0","2466","0","0","0","N","0","0","0","1","02466","0","","2.0","23.0","7","N","N","N","0","","0","0","1","","0","Y","","1","0","0","0","0","0","0","1","0","1","","","","N","","","","","","","","","",""
"2021005079","","1","0","0","0","0","0","0","0","0","4","1","","02","1","2021","5","40.431639","-80.136384","","11","0","0","0","0","0","0","0","0","","0","2","0","","","0","","2","","40 25:53.900","","0","80 08:10.982","0","0","0","0","2115","0","0","0","N","0","0","0","3","02115","0","","1.0","","9","N","N","N","0","","0","0","0","","0","N","","3","0","0","0","0","0","0","2","0","3","","04","","N","","","","","","","","","",""
"2021010111","","2","0","0","0","0","0","0","0","0","4","0","","02","1","2021","1","40.599576","-79.947521","","11","0","0","0","0","0","0","0","0","","0","0","0","","","2","","1","","40 35:58.473","","0","79 56:51.075","8","0","0","0","2207","0","0","0","N","0","0","0","3","02207","0","","1.0","","7","N","N","N","0","","0","0","0","","2","","","2","2","0","0","0","2","0","2","0","2","","04","","N","","","","","","","","","",""
"2021009998","","2","0","0","0","0","0","0","0","0","4","0","","02","1","2021","5","40.63096","-79.951118","","11","0","0","0","0","0","1","0","0","","0","0","0","","","1","N","0","","40 37:51.456","5","0","79 57:04.026","3","0","0","0","2217","0","0","0","N","0","0","0","2","02505","0","","1.0","1225.0","9","N","N","N","0","","1","0","0","","0","Y","","2","1","0","0","0","0","0","2","0","2","","","","N","","","","","","","","","",""
"2021024496","","0","0","0","0","0","0","0","0","0","2","0","","02","3","2021","1","40.47995","-79.83433","","11","0","0","0","0","0","0","0","0","","0","0","0","","","1","N","0","","40 28:47.819","2","0","79 50:03.588","3","0","0","0","2113","0","0","0","N","0","0","0","1","02113","0","","5.0","615.0","1","N","N","Y","1","","1","0","1","","0","N","","2","1","0","0","0","0","0","2","0","2","","","","N","","","","","","","","","",""
"2021012961","","2","0","0","0","0","0","0","0","0","4","0","","02","2","2021","1","40.463348","-79.980853","","11","0","0","0","0","0","0","0","0","","0","0","0","","","1","","1","","40 27:48.052","3","0","79 58:51.071","8","0","0","0","2301","0","0","0","N","0","0","0","3","02301","0","","1.0","2253.0","1","N","N","N","0","","0","0","0","","2","N","","2","1","0","0","0","1","0","2","0","2","","03","","N","","","","","","","","","",""
"2021010355","","1","0","0","0","0","0","0","0","0","7","0","","02","2","2021","2","40.627397","-80.052319","","11","0","0","0","0","0","0","0","0","","0","0","0","","","0","N","2","","40 37:38.630","","0","80 03:08.348","0","0","0","0","2216","0","0","0","N","0","0","0","1","02505","0","","2.0","","7","N","N","N","0","","0","0","0","","0","","","1","0","0","0","0","0","0","1","0","1","","","","N","","","","","","","","","",""
"2021011107","","1","0","0","0","0","0","0","0","0","7","0","","02","1","2021","6","40.350711","-80.014841","","11","0","0","0","0","0","0","0","0","","0","0","0","","","0","","1","","40 21:02.560","","0","80 00:53.427","9","0","0","0","2407","0","0","0","N","0","0","0","2","02407","0","","5.0","","1","N","N","N","0","","0","0","0","","2","","","1","0","0","0","0","0","1","2","0","1","","","","N","","","","","","","","","",""
"2021005166","","2","0","0","0","0","0","0","0","0","1","1","","02","1","2021","6","40.449706","-80.025099","","11","0","0","0","0","0","1","0","0","","0","1","0","","","0","","2","","40 26:58.940","5","8","80 01:30.356","0","0","0","0","2301","0","0","0","N","0","0","0","3","02301","0","","1.0","2124.0","1","N","N","Y","0","","0","0","0","","2","N","","3","0","0","0","0","0","0","2","0","3","","","","N","","","","","","","","","",""
"2021010116","","1","0","0","0","0","0","0","0","0","7","0","","02","1","2021","1","40.447701","-79.936939","","11","0","0","0","0","0","0","0","0","","0","0","0","","","0","N","0","","40 26:51.722","1","0","79 56:12.979","0","0","0","0","2301","0","0","0","N","0","0","0","1","02301","0","","5.0","1910.0","6","N","N","N","0","","0","0","0","","2","N","","1","0","0","0","0","0","0","2","0","1","","02","","N","","","","","","","","","",""
"2021011603","","0","0","0","0","0","0","0","0","0","6","0","","02","2","2021","5","40.437266","-79.975954","","11","0","0","0","0","0","0","0","0","","0","0","0","","","1","N","1","","40 26:14.159","","0","79 58:33.435","3","0","0","0","2301","0","0","0","N","0","0","0","3","02301","0","","1.0","","2","N","N","N","1","","1","0","1","","0","","","2","1","0","0","0","0","0","2","0","2","","10","","N","","","","","","","","","",""
"2021010195","","1","0","0","0","0","0","0","0","0","6","0","","02","1","2021","1","40.445243","-79.975111","","11","0","0","0","0","0","1","0","0","","0","0","0","","","1","N","0","","40 26:42.874","","0","79 58:30.399","3","0","0","0","2301","0","0","0","N","0","0","0","3","02301","0","","4.0","","7","N","N","N","1","","1","0","0","","0","","","2","1","0","0","0","0","1","2","0","2","","","","N","","","","","","","","","",""
"2021007919","","1","0","0","0","0","0","0","0","0","1","1","","02","1","2021","1","40.453006","-79.891178","","11","0","0","0","0","0","0","0","0","","0","1","0","","","1","N","0","","40 27:10.820","7","0","79 53:28.240","3","0","0","0","2301","0","0","0","N","0","0","0","1","02301","0","","2.0","500.0","1","N","N","N","0","","1","0","0","","0","Y","","2","1","0","0","0","0","0","2","0","2","","03","","N","","","","","","","","","",""
"2021013190","","1","0","0","0","0","0","0","0","0","7","0","","02","2","2021","2","40.475374","-79.823478","","11","0","0","0","0","0","0","0","1","","0","0","0","","","0","","2","","40 28:31.346","","0","79 49:24.520","0","0","0","0","2113","0","0","0","N","0","0","0","1","02113","0","","5.0","","1","N","N","N","0","","0","0","0","","3","","","1","0","0","0","0","0","0","2","0","1","","03","","N","","","","","","","","","",""
"2021010380","","0","0","0","0","0","0","0","0","0","7","0","","02","2","2021","2","40.623866","-79.921676","","11","0","0","0","0","0","0","0","0","","0","0","0","","","1","N","2","","40 37:25.917","","0","79 55:18.033","3","0","0","0","2217","0","0","0","N","0","0","0","1","02505","0","","5.0","","7","N","N","N","1","","1","0","0","","3","","","1","1","0","0","0","0","0","2","0","1","","","","N","","","","","","","","","",""
"2021010292","","1","0","0","0","0","0","0","0","0","7","0","","02","1","2021","1","40.288968","-80.007571","","11","1","0","0","0","0","0","0","0","","0","0","0","","","0","","2","","40 17:20.286","2","0","80 00:27.255","0","0","0","0","2219","0","0","0","N","0","0","0","1","02219","0","","4.0","955.0","7","N","N","N","0","","0","0","0","","0","N","","1","0","0","0","0","0","0","2","0","1","","","","N","","","","","","","","","",""
"2021011281","","0","0","0","0","0","0","0","0","0","98","0","","02","2","2021","3","40.344865","-79.837564","","11","0","0","0","0","0","0","0","0","","0","0","0","","","0","N","0","","40 20:41.515","","0","79 50:15.230","0","0","0","0","2304","0","0","0","N","0","0","0","1","02304","0","","4.0","","2","N","N","N","0","","0","0","1","","0","N","","1","0","0","0","0","0","0","2","0","1","","02","","N","","","","","","","","","",""
"2021011848","","1","0","0","0","0","0","0","0","0","4","0","","02","2","2021","5","40.450801","-80.251115","","11","0","0","0","0","1","1","0","0","","0","0","0","","","0","","1","","40 27:02.883","","0","80 15:04.014","0","0","0","0","2203","0","0","0","N","0","0","0","3","02203","0","","1.0","","1","N","N","N","1","","0","0","0","","3","","","2","0","0","0","0","0","0","2","0","2","","","","N","","","","","","","","","",""
"2021014066","","1","0","0","0","0","0","0","0","0","4","0","","02","2","2021","4","40.395726","-80.086728","","11","0","0","0","0","0","1","0","0","","0","0","0","","","0","","1","","40 23:44.614","","0","80 05:12.221","0","0","0","0","2117","0","0","0","N","0","0","0","2","02117","0","","1.0","","6","N","N","N","0","","0","0","1","","2","","","2","0","1","0","0","0","0","2","0","2","","","","N","","","","","","","","","",""
"2021021687","","2","0","0","0","0","0","0","0","0","2","0","","02","2","2021","7","40.493749","-80.056726","","11","0","0","0","0","0","0","0","0","","0","0","0","","","3","N","0","","40 29:37.495","7","0","80 03:24.212","3","0","0","0","2404","0","0","0","N","0","0","0","3","02404","2","","1.0","130.0","1","N","N","N","0","","1","0","0","","0","N","","2","3","0","0","0","0","0","2","0","2","","","","N","","","","","","","","","",""
"2021010024","","1","0","0","0","0","0","0","0","0","1","0","55","02","1","2021","4","40.428978","-79.944496","","11","0","0","0","0","0","0","0","0","","0","0","0","","","0","N","0","","40 25:44.322","3","0","79 56:40.186","0","0","0","0","2301","0","0","0","N","0","0","0","2","68B03","0","","1.0","1955.0","1","N","N","N","0","","0","0","1","","8","N","","2","0","0","0","0","0","0","2","0","2","","","Y","Y","2","2","N","N","N","Y","N","N","N","N"
"2021007487","","3","0","0","0","0","0","0","0","0","5","0","","02","1","2021","7","40.474117","-79.959857","","11","0","0","0","0","0","0","0","0","","0","0","0","","","0","Y","0","","40 28:26.821","4","0","79 57:35.484","9","0","0","0","2301","0","0","0","N","0","0","0","1","02301","0","","6.0","159.0","9","N","N","Y","0","","0","0","0","","3","Y","","3","0","0","0","0","0","1","2","0","3","","","","N","","","","","","","","","",""
"2021009930","","1","0","0","0","0","0","0","0","0","2","0","","02","1","2021","2","40.465715","-80.026304","","11","0","0","0","0","0","0","0","0","","0","0","0","","","1","Y","0","","40 27:56.575","","0","80 01:34.693","3","0","0","0","2301","0","0","0","N","0","0","0","1","02301","0","","6.0","","9","N","N","N","0","","1","0","1","","2","","","2","1","1","0","0","0","0","2","0","2","","07","","N","","","","","","","","","",""
"2021024061","","1","0","0","0","0","0","0","0","0","4","0","","02","3","2021","7","40.438231","-79.99604","","11","0","0","0","0","0","1","0","0","","0","0","0","","","1","","1","","40 26:17.633","","0","79 59:45.745","3","0","0","0","2301","0","0","0","N","0","0","0","3","02301","0","","1.0","","1","N","N","N","0","","1","0","1","","2","","","2","1","0","0","0","0","0","2","0","2","","","","N","","","","","","","","","",""
"2021008361","","2","0","0","0","0","0","0","0","0","3","0","","02","1","2021","3","40.489267","-80.295231","","11","0","0","1","0","0","0","1","0","","0","0","0","","","1","","1","","40 29:21.362","","0","80 17:42.831","3","0","0","0","2203","0","0","0","N","0","0","0","2","02203","0","","1.0","","9","N","N","N","0","","1","0","0","","2","","","2","1","0","0","0","0","1","2","0","2","","05","","N","","","","","","","","","",""
"2021002041","","1","0","0","0","0","0","0","0","0","5","0","","02","1","2021","4","40.464428","-79.96253","","11","0","0","0","0","0","1","0","0","","0","0","0","","","1","","1","","40 27:51.939","","0","79 57:45.107","8","0","0","0","2301","0","0","0","N","0","0","0","2","02301","0","","1.0","","1","N","N","N","0","","0","0","1","","3","","","2","1","0","0","0","1","0","2","0","2","","03","","N","","","","","","","","","",""
"2021007413","","0","0","0","0","0","0","0","0","0","4","1","","02","1","2021","5","40.619471","-79.944743","","11","0","0","0","0","0","1","0","0","","0","1","0","","","0","N","2","","40 37:10.094","2","0","79 56:41.075","0","0","0","0","2217","0","0","0","N","0","0","0","3","02505","0","","1.0","1807.0","1","N","N","N","0","","0","0","1","","0","N","","2","0","0","0","0","0","0","2","0","2","","","","N","","","","","","","","","",""
"2021005401","","0","0","0","0","0","0","0","0","0","6","0","","02","1","2021","1","40.426427","-79.973241","","11","0","0","0","0","0","0","0","0","","0","0","0","","","1","Y","0","","40 25:35.137","","0","79 58:23.666","2","0","0","0","2301","0","0","0","N","0","0","0","1","02301","0","","6.0","","1","N","N","N","1","","0","1","1","","3","","","2","1","1","0","1","0","0","2","0","2","","03","","N","","","","","","","","","",""
"2021008029","","1","0","0","0","0","0","0","0","0","5","0","","02","1","2021","2","40.444516","-79.916666","","11","0","0","0","0","0","0","0","0","","0","0","0","","","0","N","2","","40 26:40.256","4","0","79 54:59.998","0","0","0","0","2301","0","0","0","N","0","0","0","2","02301","0","","1.0","1225.0","1","N","N","N","0","","0","0","1","","0","N","","2","0","0","0","0","0","0","2","0","2","","","","N","","","","","","","","","",""
"2021010632","","0","0","0","0","0","0","0","0","0","7","0","","02","2","2021","2","40.424747","-79.984784","","11","0","0","0","0","0","0","0","0","","0","0","0","","","0","N","0","","40 25:29.088","6","0","79 59:05.222","0","0","0","0","2301","0","0","0","N","0","0","0","2","02301","0","","5.0","809.0","7","N","N","N","0","","0","0","1","","0","Y","","1","0","0","0","0","0","0","2","0","1","","","","N","","","","","","","","","",""
"2021011087","","2","0","0","0","0","0","0","0","0","1","0","","02","2","2021","3","40.457443","-80.029774","","11","0","0","0","1","0","0","0","0","","0","0","0","","","0","N","0","","40 27:26.795","2","0","80 01:47.188","9","0","0","0","2301","0","0","0","N","0","0","0","2","02301","0","","1.0","2228.0","9","N","N","N","0","","0","0","0","","0","N","","2","0","0","0","0","0","1","2","0","2","","04","","N","","","","","","","","","",""
"2021011369","","2","0","0","0","0","0","0","0","0","4","0","","02","2","2021","4","40.435423","-79.98442","","11","0","0","0","0","0","0","0","0","","0","0","0","","","0","","1","","40 26:07.524","4","0","79 59:03.911","0","0","0","0","2301","0","0","0","N","0","0","0","3","02301","0","","1.0","1734.0","1","N","N","N","0","","0","0","0","","0","N","","2","0","0","0","0","0","0","2","0","2","","03","","N","","","","","","","","","",""