"CRN","ARRIVAL_TM","AUTOMOBILE_COUNT","BELTED_DEATH_COUNT","BELTED_SUSP_SERIOUS_INJ_COUNT","BICYCLE_COUNT","BICYCLE_DEATH_COUNT","BICYCLE_SUSP_SERIOUS_INJ_COUNT","BUS_COUNT","CHLDPAS_DEATH_COUNT","CHLDPAS_SUSP_SERIOUS_INJ_COUNT","COLLISION_TYPE","COMM_VEH_COUNT","CONS_ZONE_SPD_LIM","COUNTY","CRASH_MONTH","CRASH_YEAR","DAY_OF_WEEK","DEC_LATITUDE","DEC_LONGITUDE","DISPATCH_TM","DISTRICT","DRIVER_COUNT_16YR","DRIVER_COUNT_17YR","DRIVER_COUNT_18YR","DRIVER_COUNT_19YR","DRIVER_COUNT_20YR","DRIVER_COUNT_50_64YR","DRIVER_COUNT_65_74YR","DRIVER_COUNT_75PLUS","EST_HRS_CLOSED","FATAL_COUNT","HEAVY_TRUCK_COUNT","HORSE_BUGGY_COUNT","HOUR_OF_DAY","ILLUMINATION","INJURY_COUNT","INTERSECTION_RELATED","INTERSECT_TYPE","LANE_CLOSED","LATITUDE","LN_CLOSE_DIR","LOCATION_TYPE","LONGITUDE","MAX_SEVERITY_LEVEL","MCYCLE_DEATH_COUNT","MCYCLE_SUSP_SERIOUS_INJ_COUNT","MOTORCYCLE_COUNT","MUNICIPALITY","NONMOTR_COUNT","NONMOTR_DEATH_COUNT","NONMOTR_SUSP_SERIOUS_INJ_COUNT","NTFY_HIWY_MAINT","PED_COUNT","PED_DEATH_COUNT","PED_SUSP_SERIOUS_INJ_COUNT","PERSON_COUNT","POLICE_AGCY","POSSIBLE_INJ_COUNT","RDWY_SURF_TYPE_CD","RELATION_TO_ROAD","ROADWAY_CLEARED","ROAD_CONDITION","SCH_BUS_IND","SCH_ZONE_IND","SECONDARY_CRASH","SMALL_TRUCK_COUNT","SPEC_JURIS_CD","SUSP_MINOR_INJ_COUNT","SUSP_SERIOUS_INJ_COUNT","SUV_COUNT","TCD_FUNC_CD","TCD_TYPE","TFC_DETOUR_IND","TIME_OF_DAY","TOTAL_UNITS","TOT_INJ_COUNT","UNBELTED_OCC_COUNT","UNB_DEATH_COUNT","UNB_SUSP_SERIOUS_INJ_COUNT","UNK_INJ_DEG_COUNT","UNK_INJ_PER_COUNT","URBAN_RURAL","VAN_COUNT","VEHICLE_COUNT","WEATHER1","WEATHER2","WORKERS_PRES","WORK_ZONE_IND","WORK_ZONE_LOC","WORK_ZONE_TYPE","WZ_CLOSE_DETOUR","WZ_FLAGGER","WZ_LAW_OFFCR_IND","WZ_LN_CLOSURE","WZ_MOVING","WZ_OTHER","WZ_SHLDER_MDN","WZ_WORKERS_INJ_KILLED"
"2021004996","","2","0","0","0","0","0","0","0","0","4","0","","02","1","2021","6","40.391594","-80.060549","","11","0","0","0","0","0","0","0","1","","0","0","0","","","0","Y","0","","40 23:29.740","","7","80 03:37.977","0","0","0","0","2117","0","0","0","N","0","0","0","3","02117","0","","1.0","","9","N","N","N","0","","0","0","0","","0","N","","2","0","0","0","0","0","0","2","0","2","","","","N","","","","","","","","","",""
"2021007669","","2","0","0","0","0","0","0","0","0","5","0","","02","1","2021","7","40.45876","-79.928976","","11","0","0","0","0","0","0","0","0","","0","0","0","","","1","N","2","","40 27:31.535","6","0","79 55:44.313","4","0","0","0","2301","0","0","0","N","0","0","0","2","02301","1","","1.0","2240.0","1","N","N","N","0","","0","0","0","","2","N","","2","1","0","0","0","0","0","2","0","2","","03","","N","","","","","","","","","",""
"2021010108","","0","0","0","0","0","0","0","0","0","7","0","","02","1","2021","1","40.429796","-79.838736","","11","0","0","0","0","0","0","0","0","","0","0","0","","","0","N","0","","40 25:47.267","5","0","79 50:19.451","0","0","0","0","2419","0","0","0","N","0","0","0","1","02419","0","","2.0","1756.0","9","N","N","N","0","","0","0","0","","0","Y","","1","0","0","0","0","0","0","2","1","1","","03","","N","","","","","","","","","",""
"2021014038","","1","0","0","0","0","0","0","0","0","7","0","","02","2","2021","4","40.425109","-79.949522","","11","0","0","0","0","0","0","0","0","","0","0","0","","","2","","1","","40 25:30.391","","0","79 56:58.279","3","0","0","0","2301","0","0","0","N","0","0","0","5","02301","1","","1.0","","7","N","N","N","0","","1","0","0","","0","","","1","2","0","0","0","0","0","2","0","1","","10","","N","","","","","","","","","",""
"2021007591","","2","0","0","0","0","0","0","0","0","4","0","","02","1","2021","7","40.419706","-79.850146","","11","0","0","0","0","0","0","0","0","","0","0","0","","","2","","1","","40 25:10.941","3","0","79 51:00.525","3","0","0","0","2431","0","0","0","N","0","0","0","2","02431","0","","1.0","235.0","1","N","N","N","0","","1","0","0","","2","Y","","2","2","0","0","0","1","0","2","0","2","","","","N","","","","","","","","","",""
"2021010023","","1","0","0","0","0","0","0","0","0","0","0","","02","1","2021","2","40.434294","-79.964678","","11","0","0","0","0","1","0","0","0","","0","0","0","","","0","N","0","","40 26:03.459","4","0","79 57:52.840","0","0","0","0","2301","0","0","0","N","0","0","0","2","68B03","0","","1.0","2220.0","1","N","N","N","0","","0","0","0","","0","N","","1","0","0","0","0","0","0","2","0","1","","","","N","","","","","","","","","",""
"2021011853","","1","0","0","0","0","0","0","0","0","4","0","","02","2","2021","5","40.438334","-79.842884","","11","0","1","0","0","0","1","0","0","","0","0","0","","","0","","2","","40 26:18.004","","0","79 50:34.384","0","0","0","0","2419","0","0","0","N","0","0","0","2","02419","0","","1.0","","1","N","N","N","1","","0","0","0","","3","","","2","0","0","0","0","0","0","2","0","2","","03","","N","","","","","","","","","",""
"2021009671","","1","0","0","0","0","0","0","0","0","7","0","","02","1","2021","6","40.457954","-79.910811","","11","0","0","0","0","0","0","0","0","","0","0","0","","","1","N","0","","40 27:28.633","7","0","79 54:38.921","8","0","0","0","2301","0","0","0","N","0","0","0","1","02301","0","","5.0","2243.0","1","N","N","N","0","","0","0","0","","0","N","","1","1","1","0","0","1","0","2","0","1","","03","","N","","","","","","","","","",""
"2021010002","","1","0","0","0","0","0","0","0","0","7","0","","02","1","2021","1","40.659013","-79.974498","","11","0","0","0","0","0","0","0","0","","0","0","0","","","0","N","0","","40 39:32.447","","0","79 58:28.194","0","0","0","0","2217","0","0","0","N","0","0","0","1","02505","0","","2.0","","6","N","N","N","0","","0","0","0","","0","","","1","0","0","0","0","0","0","2","0","1","","","","N","","","","","","","","","",""
"2021010762","","4","0","0","0","0","0","0","0","0","1","0","","02","1","2021","7","40.635978","-80.061871","","11","0","0","0","0","0","1","1","0","","0","0","0","","","1","N","0","","40 38:09.519","2","0","80 03:42.735","4","0","0","0","2216","0","0","0","Y","0","0","0","9","02505","1","","1.0","1330.0","1","N","N","N","0","","0","0","0","","2","N","","4","1","0","0","0","0","0","2","0","4","","03","","N","","","","","","","","","",""
"2021011618","","1","0","0","0","0","0","0","0","0","1","0","","02","2","2021","5","40.442562","-79.774281","","11","0","0","0","0","0","1","1","0","","0","0","0","","","1","N","0","","40 26:33.223","6","0","79 46:27.413","4","0","0","0","2446","0","0","0","N","0","0","0","2","02446","1","","1.0","1015.0","1","N","N","N","0","","0","0","1","","0","Y","","2","1","0","0","0","0","0","2","0","2","","","","N","","","","","","","","","",""
"2021009993","","1","0","0","0","0","0","0","0","0","7","0","","02","1","2021","1","40.633207","-79.957265","","11","0","0","0","0","0","0","0","0","","0","0","0","","","0","N","0","","40 37:59.546","4","0","79 57:26.154","0","0","0","0","2217","0","0","0","N","0","0","0","2","02505","0","","5.0","1210.0","7","N","N","N","0","","0","0","0","","0","N","","1","0","0","0","0","0","0","2","0","1","","","","N","","","","","","","","","",""
"2021010733","","1","0","0","0","0","0","0","0","0","7","0","","02","2","2021","3","40.636704","-80.008567","","11","0","0","1","0","0","0","0","0","","0","0","0","","","0","N","2","","40 38:12.136","5","0","80 00:30.841","0","0","0","0","2216","0","0","0","Y","0","0","0","1","02505","0","","5.0","820.0","9","N","N","N","0","","0","0","0","","0","N","","1","0","0","0","0","0","0","2","0","1","","10","","N","","","","","","","","","",""
"2021010223","","3","0","0","0","0","0","0","0","0","1","0","","02","1","2021","7","40.433619","-79.918582","","11","0","0","0","0","0","0","0","0","","0","0","0","","","0","N","0","","40 26:01.027","5","0","79 55:06.894","9","0","0","0","2301","0","0","0","N","0","0","0","1","02301","0","","4.0","345.0","7","N","N","N","0","","0","0","0","","0","Y","","4","0","0","0","0","0","1","2","1","4","","02","","N","","","","","","","","","",""
"2021021983","","1","0","1","0","0","0","0","0","0","7","0","","02","3","2021","6","40.674865","-80.036027","","11","0","0","0","0","0","0","1","0","","0","0","0","","","1","N","0","","40 40:29.514","6","0","80 02:09.698","2","0","0","0","2216","0","0","0","N","0","0","0","1","02505","0","","5.0","300.0","1","N","N","N","0","","0","1","0","","0","Y","","1","1","0","0","0","0","0","2","0","1","","","","N","","","","","","","","","",""
"2021009400","","1","0","0","0","0","0","0","0","0","5","1","","02","1","2021","6","40.446121","-80.027091","","11","0","0","0","0","0","1","0","0","","0","1","0","","","0","N","0","","40 26:46.034","","3","80 01:37.527","0","0","0","0","2301","0","0","0","N","0","0","0","2","02301","0","","1.0","","1","N","N","N","0","","0","0","0","","0","","","2","0","0","0","0","0","0","2","0","2","","03","","N","","","","","","","","","",""
"2021009987","","0","0","0","0","0","0","0","0","0","7","0","","02","1","2021","1","40.306237","-79.975011","","11","0","1","0","0","0","0","0","0","","0","0","0","","","0","N","0","","40 18:22.453","5","0","79 58:30.040","0","0","0","0","2440","0","0","0","N","0","0","0","1","02440","0","","5.0","1048.0","7","N","N","N","1","","0","0","0","","0","N","","1","0","0","0","0","0","0","2","0","1","","","","N","","","","","","","","","",""
"2021014287","","2","0","0","0","0","0","0","0","0","2","0","","02","2","2021","6","40.438343","-80.069436","","11","0","0","0","0","0","1","0","0","","0","0","0","","","1","","2","","40 26:18.035","","0","80 04:09.968","4","0","0","0","2421","0","0","0","N","0","0","0","4","02421","1","","1.0","","1","N","N","N","0","","0","0","0","","2","","","2","1","0","0","0","0","0","2","0","2","","","","N","","","","","","","","","",""
"2021009701","","1","0","0","0","0","0","0","0","0","7","0","","02","1","2021","7","40.460815","-79.867514","","11","0","0","0","0","0","0","0","0","","0","0","0","","","0","N","0","","40 27:38.934","","0","79 52:03.052","0","0","0","0","2113","0","0","0","N","0","0","0","1","02113","0","","5.0","","1","N","N","N","0","","0","0","0","","2","","","1","0","0","0","0","0","0","2","0","1","","","","N","","","","","","","","","",""
"2021011097","","2","0","0","0","0","0","0","0","0","1","0","","02","2","2021","3","40.351126","-79.867875","","11","0","0","0","0","0","0","0","0","","0","0","0","","","0","N","3","","40 21:04.053","3","0","79 52:04.350","0","0","0","0","2304","0","0","0","N","0","0","0","4","02304","0","","1.0","2352.0","6","N","N","N","0","","0","0","0","","2","N","","2","0","0","0","0","0","0","2","0","2","","","","N","","","","","","","","","",""
"2021012276","","1","0","0","0","0","0","0","0","0","0","1","","02","2","2021","6","40.547295","-80.195301","","11","0","0","0","0","0","0","0","0","","0","1","0","","","0","N","0","","40 32:50.261","5","0","80 11:43.082","0","0","0","0","2458","0","0","0","Y","0","0","0","2","02458","0","","1.0","2100.0","1","N","N","N","0","","0","0","0","","0","Y","","2","0","0","0","0","0","0","2","0","2","","04","","N","","","","","","","","","",""
"2021011597","","2","0","1","0","0","0","0","0","0","7","0","","02","2","2021","5","40.300301","-79.816908","","11","0","0","0","0","0","1","0","1","","0","0","0","","","1","N","0","","40 18:01.082","5","0","79 49:00.869","2","0","0","0","2105","0","0","0","N","0","0","0","2","02105","0","","4.0","750.0","1","N","N","N","0","","0","1","0","","0","Y","","2","1","0","0","0","0","1","2","0","2","","","","N","","","","","","","","","",""
"2021008212","","2","0","0","0","0","0","0","0","0","4","0","","02","1","2021","7","40.432531","-79.790324","","11","1","1","0","0","0","1","0","0","","0","0","0","","","1","N","2","","40 25:57.111","3","0","79 47:25.166","8","0","0","0","2446","0","0","0","N","0","0","0","3","02446","0","","1.0","1935.0","9","N","N","N","0","","0","0","1","","2","N","","3","1","0","0","0","1","0","2","0","3","","","","N","","","","","","","","","",""
"2021010653","","1","0","0","0","0","0","0","0","0","7","0","","02","2","2021","3","40.443576","-79.797578","","11","0","0","0","1","0","0","0","0","","0","0","0","","","0","","2","","40 26:36.873","","0","79 47:51.280","0","0","0","0","2113","0","0","0","N","0","0","0","1","02113","0","","2.0","","7","N","N","N","0","","0","0","0","","3","N","","1","0","0","0","0","0","0","2","0","1","","10","","N","","","","","","","","","",""
"2021009808","","5","0","0","0","0","0","0","0","0","5","0","","02","1","2021","6","40.475758","-79.777897","","11","0","0","0","0","0","0","1","0","","0","0","0","","","1","N","0","","40 28:32.730","6","0","79 46:40.430","8","0","0","0","2466","0","0","0","N","0","0","0","5","02466","0","","1.0","1914.0","1","N","N","N","0","","0","0","0","","0","Y","","5","1","0","0","0","1","0","2","0","5","","03","","N","","","","","","","","","",""
"2021011235","","2","0","0","0","0","0","0","0","0","2","0","","02","2","2021","4","40.451682","-80.041971","","11","0","0","1","0","0","0","1","0","","0","0","0","","","1","N","2","","40 27:06.054","1","0","80 02:31.094","3","0","0","0","2301","0","0","0","N","0","0","0","2","02301","0","","1.0","1240.0","1","N","N","N","0","","1","0","0","","3","N","","2","1","0","0","0","0","0","2","0","2","","","","N","","","","","","","","","",""
"2021013257","","0","0","0","0","0","0","0","0","0","7","0","","02","2","2021","3","40.510666","-79.799958","","11","0","0","0","0","0","0","1","0","","0","0","0","","","0","N","0","","40 30:38.397","","0","79 47:59.847","0","0","0","0","2113","0","0","0","N","0","0","0","1","02113","0","","4.0","","7","N","N","N","0","","0","0","1","","0","","","1","0","0","0","0","0","0","2","0","1","","02","","N","","","","","","","","","",""
"2021011113","","0","0","0","0","0","0","0","0","0","7","0","","02","2","2021","3","40.351448","-80.113732","","11","0","0","0","0","0","0","0","0","","0","0","0","","","0","N","0","","40 21:05.211","","7","80 06:49.436","0","0","0","0","2119","0","0","0","N","0","0","0","1","02119","0","","4.0","","9","N","N","N","1","","0","0","0","","0","","","1","0","0","0","0","0","0","2","0","1","","","","N","","","","","","","","","",""
"2021011020","","0","0","0","0","0","0","0","0","0","7","0","","02","1","2021","1","40.55091","-80.086501","","11","0","0","0","0","0","0","0","0","","0","0","0","","","3","N","0","","40 33:03.276","","0","80 05:11.402","3","0","0","0","2215","0","0","0","N","0","0","0","3","68B03","0","","4.0","","7","N","N","N","0","","3","0","1","","0","","","1","3","0","0","0","0","0","2","0","1","","","","N","","","","","","","","","",""
"2021010721","","2","0","0","0","0","0","0","0","0","4","0","","02","2","2021","3","40.324349","-79.891411","","11","0","0","0","0","0","1","0","0","","0","0","0","","","1","","1","","40 19:27.656","7","0","79 53:29.079","8","0","0","0","2433","0","0","0","N","0","0","0","7","02433","0","","1.0","845.0","1","N","N","N","0","","0","0","0","","0","Y","","2","1","0","0","0","1","0","2","0","2","","04","","N","","","","","","","","","",""
"2021011307","","1","0","0","0","0","0","0","0","0","1","0","","02","2","2021","3","40.512106","-80.103853","","11","0","0","0","0","0","0","0","0","","0","0","0","","","0","N","0","","40 30:43.583","2","0","80 06:13.871","0","0","0","0","2301","0","0","0","N","0","0","0","3","02301","0","","1.0","2228.0","9","N","N","N","1","","0","0","0","","0","N","","2","0","0","0","0","0","0","2","0","2","","10","","N","","","","","","","","","",""
"2021010187","","1","0","0","0","0","0","0","0","0","98","0","","02","1","2021","1","40.425306","-80.07255","","11","0","0","1","0","0","0","0","0","","0","0","0","","","0","N","2","","40 25:31.101","","0","80 04:21.179","0","0","0","0","2301","0","0","0","N","0","0","0","1","02301","0","","1.0","","2","N","N","N","0","","0","0","0","","3","","","1","0","0","0","0","0","0","2","0","1","","10","","N","","","","","","","","","",""
"2021010326","","0","0","0","0","0","0","0","0","0","2","1","","02","2","2021","2","40.420437","-79.987731","","11","0","0","0","0","0","1","0","0","","0","1","0","","","0","N","0","","40 25:13.574","5","0","79 59:15.833","0","0","0","0","2301","0","0","0","N","0","0","0","1","02301","0","","5.0","855.0","7","N","N","N","0","","0","0","0","","0","Y","","1","0","0","0","0","0","0","2","0","1","","10","","N","","","","","","","","","",""
"2021008135","","2","0","0","0","0","0","0","0","0","6","0","","02","1","2021","2","40.34837","-79.944808","","11","0","0","0","0","0","0","0","0","","0","0","0","","","1","","1","","40 20:54.133","7","0","79 56:41.310","3","0","0","0","2473","0","0","0","N","0","0","0","2","02473","0","","1.0","1755.0","1","N","N","N","0","","1","0","0","","2","N","","2","1","1","0","0","0","0","2","0","2","","98","","N","","","","","","","","","",""
"2021019436","","2","0","0","0","0","0","0","0","0","4","0","","02","2","2021","5","40.456921","-80.050668","","11","0","0","0","0","0","0","0","0","","0","0","0","","","2","N","0","","40 27:24.914","","0","80 03:02.404","3","0","0","0","2301","0","0","0","N","0","0","0","2","02301","0","","1.0","","1","N","N","Y","0","","1","0","2","","0","","","4","2","1","0","0","1","0","2","0","4","","03","","N","","","","","","","","","",""
"2021008424","","1","0","0","0","0","0","0","0","0","7","0","","02","1","2021","7","40.445338","-79.846704","","11","0","0","0","0","0","0","0","0","","0","0","0","","","0","N","0","","40 26:43.216","3","0","79 50:48.136","0","0","0","0","2419","0","0","0","Y","0","0","0","1","68B03","0","","2.0","609.0","2","N","N","N","0","","0","0","0","","0","N","","1","0","0","0","0","0","0","2","0","1","","","","N","","","","","","","","","",""
"2021021956","","0","0","0","0","0","0","0","0","0","0","0","","02","2","2021","4","40.320213","-80.120149","","11","0","0","0","0","0","1","0","0","","0","0","0","","","1","N","0","","40 19:12.766","5","0","80 07:12.535","8","0","0","1","2119","0","0","0","N","0","0","0","1","02119","0","","1.0","1735.0","9","N","N","N","0","","0","0","0","","0","N","","1","1","0","0","0","1","0","2","0","1","","04","","N","","","","","","","","","",""
"2021009052","","1","0","0","0","0","0","0","0","0","7","0","","02","1","2021","5","40.455726","-79.965809","","11","0","0","0","0","0","0","0","0","","0","0","0","","","0","N","1","","40 27:20.615","","0","79 57:56.914","0","0","0","0","2301","0","0","0","N","0","0","0","2","02301","0","","2.0","","2","N","N","N","0","","0","0","0","","0","","","1","0","0","0","0","0","0","2","0","1","","06","","N","","","","","","","","","",""
"2021021416","","2","0","0","0","0","0","0","0","0","4","0","","02","3","2021","3","40.502853","-80.059556","","11","0","0","0","0","0","0","0","0","","0","0","0","","","1","","2","","40 30:10.270","6","0","80 03:34.401","3","0","0","0","2404","0","0","0","N","0","0","0","1","02404","0","","1.0","0.0","1","","","Y","0","","1","0","0","","0","Y","","2","1","0","0","0","0","0","2","0","2","","","","N","","","","","","","","","",""
"2021024890","","0","0","0","0","0","0","0","0","0","4","0","","02","3","2021","3","40.489255","-80.295251","","11","0","0","0","0","0","2","0","0","","0","0","0","","","0","","1","","40 29:21.319","4","0","80 17:42.902","0","0","0","0","2203","0","0","0","N","0","0","0","2","02203","0","","1.0","730.0","1","N","N","N","1","","0","0","1","","2","N","","2","0","0","0","0","0","0","2","0","2","","","","N","","","","","","","","","",""
"2021005110","","2","0","0","0","0","0","0","0","0","2","0","","02","1","2021","7","40.434013","-80.049683","","11","0","0","0","0","0","0","0","0","","0","0","0","","","0","N","0","","40 26:02.446","","0","80 02:58.860","0","0","0","0","2301","0","0","0","N","0","0","0","1","02301","0","","1.0","","7","N","N","N","0","","0","0","0","","0","N","","2","0","0","0","0","0","0","2","0","2","","","","N","","","","","","","","","",""
"2021024776","","1","0","0","0","0","0","0","0","0","7","0","","02","3","2021","1","40.494381","-79.90912","","11","0","0","0","0","0","0","0","0","","0","0","0","","","1","N","7","","40 29:39.772","4","2","79 54:32.832","8","0","0","0","2401","0","0","0","Y","0","0","0","1","68D02","0","","5.0","756.0","1","N","N","N","0","","0","0","0","","0","N","","1","1","0","0","0","1","0","2","0","1","","","","N","","","","","","","","","",""
"2021022854","","1","0","0","0","0","0","0","0","0","4","1","","02","3","2021","3","40.460232","-79.842633","","11","0","0","0","0","0","1","1","0","","0","1","0","","","0","","2","","40 27:36.835","2","0","79 50:33.477","0","0","0","0","2113","0","0","0","N","0","0","0","2","02113","0","","1.0","1455.0","1","N","N","N","0","","0","0","0","","3","Y","","2","0","0","0","0","0","0","2","0","2","","","","N","","","","","","","","","",""
"2021002887","","1","0","0","0","0","0","0","0","0","8","0","","02","1","2021","6","40.44496","-79.977488","","11","0","0","0","0","0","0","0","0","","0","0","0","","","1","","1","","40 26:41.856","5","0","79 58:38.956","8","0","0","0","2301","1","0","0","N","1","0","0","2","02301","0","","1.0","2345.0","1","N","N","N","0","","0","0","0","","0","Y","","2","1","0","0","0","1","0","2","0","1","","","","N","","","","","","","","","",""
"2021024891","","1","0","0","0","0","0","0","0","0","2","0","","02","3","2021","2","40.515785","-79.953451","","11","0","0","0","0","0","1","0","0","","0","0","0","","","0","N","0","","40 30:56.825","1","0","79 57:12.423","0","0","0","0","2118","0","0","0","N","0","0","0","2","02118","0","","1.0","1420.0","1","N","N","N","1","","0","0","0","","0","N","","2","0","0","0","0","0","0","2","0","2","","03","","N","","","","","","","","","",""
"2021025000","","2","0","0","0","0","0","0","0","0","4","0","","02","3","2021","3","40.486953","-80.055027","","11","0","0","0","0","0","0","0","0","","0","0","0","","","0","N","2","","40 29:13.030","2","0","80 03:18.097","0","0","0","0","2404","0","0","0","N","0","0","0","2","02404","0","","1.0","1550.0","1","N","N","N","0","","0","0","0","","0","N","","2","0","0","0","0","0","0","2","0","2","","03","","N","","","","","","","","","",""
"2021023058","","2","0","0","0","0","0","0","0","0","4","1","","02","3","2021","4","40.46878","-79.896077","","11","0","0","0","0","0","0","0","0","","0","1","0","","","0","N","1","","40 28:07.608","1","0","79 53:45.877","0","0","0","0","2301","0","0","0","N","0","0","0","3","02301","0","","1.0","136.0","1","N","N","Y","0","","0","0","0","","0","Y","","3","0","0","0","0","0","0","2","0","3","","04","","N","","","","","","","","","",""
"2021024327","","1","0","0","0","0","0","0","0","0","7","0","","02","3","2021","1","40.288876","-80.008506","","11","0","0","0","0","0","1","0","0","","0","0","0","","","0","N","0","","40 17:19.954","","0","80 00:30.620","0","0","0","0","2219","0","0","0","Y","0","0","0","1","02219","0","","5.0","","1","N","N","N","0","","0","0","0","","0","","","1","0","0","0","0","0","0","2","0","1","","","","N","","","","","","","","","",""
"2021013199","","1","0","0","0","0","0","0","0","0","7","0","","02","2","2021","2","40.403584","-80.041327","","11","0","0","0","0","0","0","0","0","","0","0","0","","","0","N","0","","40 24:12.902","6","0","80 02:28.776","0","0","0","0","2301","0","0","0","N","0","0","0","1","02301","0","","2.0","200.0","7","N","N","N","0","","0","0","0","","0","Y","","1","0","0","0","0","0","0","2","0","1","","","","N","","","","","","","","","",""
"2021020727","","0","0","0","0","0","0","1","0","0","5","2","","02","3","2021","3","40.405984","-79.912275","","11","0","0","0","0","0","2","0","0","","0","1","0","","","0","","1","","40 24:21.541","","0","79 54:44.191","0","0","0","0","2438","0","0","0","N","0","0","0","2","02503","0","","1.0","","1","N","N","N","0","","0","0","0","","0","","","2","0","0","0","0","0","0","2","0","2","","03","","N","","","","","","","","","",""
"2021023246","","2","0","0","0","0","0","0","0","0","4","0","","02","3","2021","4","40.440439","-79.964864","","11","0","0","0","1","0","0","0","0","","0","0","0","","","0","","1","","40 26:25.581","","0","79 57:53.511","0","0","0","0","2301","0","0","0","N","0","0","0","2","02301","0","","1.0","","1","N","N","N","0","","0","0","0","","3","","","2","0","0","0","0","0","0","2","0","2","","","","N","","","","","","","","","",""
"2021020207","","1","0","0","0","0","0","0","0","0","7","0","","02","2","2021","7","40.549419","-79.840008","","11","0","0","0","0","0","0","0","0","","0","0","0","","","0","","1","","40 32:57.910","","0","79 50:24.027","9","0","0","0","2208","0","0","0","N","0","0","0","2","02208","0","","5.0","","1","N","N","N","0","","0","0","0","","2","","","1","0","0","0","0","0","1","2","0","1","","03","","N","","","","","","","","","",""
"2021024224","","0","0","0","0","0","0","0","0","0","6","0","","02","2","2021","7","40.60617","-80.051434","","11","0","0","0","0","0","2","0","0","","0","0","0","","","0","","2","","40 36:22.212","","0","80 03:05.163","0","0","0","0","2108","0","0","0","N","0","0","0","3","02108","0","","1.0","","1","N","N","N","1","","0","0","1","","3","","","2","0","0","0","0","0","0","2","0","2","","03","","N","","","","","","","","","",""
"2021023565","","1","0","0","0","0","0","0","0","0","1","1","","02","3","2021","4","40.350794","-80.095929","","11","0","0","0","0","0","1","0","1","","0","1","0","","","1","N","0","","40 21:02.860","4","0","80 05:45.346","3","0","0","0","2123","0","0","0","N","0","0","0","2","02123","0","","1.0","1340.0","1","N","N","N","0","","1","0","0","","0","N","","2","1","0","0","0","0","0","2","0","2","","","","N","","","","","","","","","",""
"2021007969","","2","0","0","0","0","0","0","0","0","2","0","","02","1","2021","7","40.426576","-80.057038","","11","0","0","0","0","0","1","0","0","","0","0","0","","","0","N","2","","40 25:35.673","1","0","80 03:25.336","0","0","0","0","2301","0","0","0","N","0","0","0","2","02301","0","","1.0","1115.0","2","N","N","N","0","","0","0","0","","0","Y","","2","0","0","0","0","0","0","2","0","2","","10","","N","","","","","","","","","",""
"2021024007","","1","0","0","0","0","0","0","0","0","7","0","","02","3","2021","7","40.463051","-80.013775","","11","0","0","0","0","0","0","0","0","","0","0","0","","","0","","2","","40 27:46.983","","0","80 00:49.589","0","0","0","0","2301","0","0","0","N","0","0","0","1","02301","0","","2.0","","1","N","N","N","0","","0","0","0","","0","","","1","0","0","0","0","0","0","2","0","1","","03","","N","","","","","","","","","",""
"2021025112","","1","0","0","0","0","0","0","0","0","4","0","","02","3","2021","1","40.435435","-79.979426","","11","0","0","0","0","0","0","0","0","","0","0","0","","","0","N","0","","40 26:07.566","3","0","79 58:45.933","9","0","0","0","2301","0","0","0","N","0","0","0","1","68B03","0","","4.0","315.0","1","N","N","N","0","","0","0","0","","0","N","","1","0","0","0","0","0","1","2","0","1","","","","N","","","","","","","","","",""
"2021022658","","2","0","0","0","0","0","0","0","0","1","0","","02","3","2021","2","40.426921","-79.891721","","11","0","0","1","0","0","0","0","1","","0","0","0","","","0","N","0","","40 25:36.916","","2","79 53:30.195","0","0","0","0","2301","0","0","0","N","0","0","0","2","68B03","0","","1.0","","1","N","N","N","0","","0","0","0","","0","","","2","0","0","0","0","0","0","2","0","2","","03","","N","","","","","","","","","",""
"2021005336","","1","0","0","0","0","0","0","0","0","7","0","","02","1","2021","7","40.420193","-79.990791","","11","0","0","0","0","0","0","0","0","","0","0","0","","","0","","2","","40 25:12.694","","0","79 59:26.847","0","0","0","0","2301","0","0","0","Y","0","0","0","2","02301","0","","5.0","","2","N","N","N","0","","0","0","0","","0","","","1","0","0","0","0","0","0","2","0","1","","10","","N","","","","","","","","","",""
"2021021086","","2","0","0","0","0","0","0","0","0","1","0","","02","3","2021","4","40.481738","-80.031508","","11","0","0","0","0","0","0","0","0","","0","0","0","","","0","N","0","","40 28:54.257","","0","80 01:53.429","0","0","0","0","2301","0","0","0","N","0","0","0","1","02301","0","","4.0","","1","N","N","N","0","","0","0","0","","0","","","2","0","0","0","0","0","0","2","0","2","","","","N","","","","","","","","","",""
"2021002888","","1","0","0","0","0","0","0","0","0","7","0","","02","1","2021","6","40.477578","-79.73678","","11","0","0","0","0","0","1","0","0","","0","0","0","","","1","N","0","","40 28:39.279","","0","79 44:12.407","8","0","0","0","2466","0","0","0","N","0","0","0","2","02466","0","","5.0","","1","N","N","N","0","","0","0","0","","0","","","1","1","0","0","0","1","0","2","0","1","","03","","N","","","","","","","","","",""
"2021011250","","0","0","0","0","0","0","0","0","0","1","0","","02","1","2021","3","40.436576","-80.00166","","11","0","0","0","0","0","0","0","0","","0","0","0","","","1","N","0","","40 26:11.675","3","0","80 00:05.975","3","0","0","0","2301","0","0","0","N","0","0","0","2","68B03","0","","1.0","1630.0","1","N","N","Y","0","","1","0","1","","0","N","","2","1","0","0","0","0","1","2","0","2","","03","","N","","","","","","","","","",""