"CRN","ARRIVAL_TM","AUTOMOBILE_COUNT","BELTED_DEATH_COUNT","BELTED_SUSP_SERIOUS_INJ_COUNT","BICYCLE_COUNT","BICYCLE_DEATH_COUNT","BICYCLE_SUSP_SERIOUS_INJ_COUNT","BUS_COUNT","CHLDPAS_DEATH_COUNT","CHLDPAS_SUSP_SERIOUS_INJ_COUNT","COLLISION_TYPE","COMM_VEH_COUNT","CONS_ZONE_SPD_LIM","COUNTY","CRASH_MONTH","CRASH_YEAR","DAY_OF_WEEK","DEC_LATITUDE","DEC_LONGITUDE","DISPATCH_TM","DISTRICT","DRIVER_COUNT_16YR","DRIVER_COUNT_17YR","DRIVER_COUNT_18YR","DRIVER_COUNT_19YR","DRIVER_COUNT_20YR","DRIVER_COUNT_50_64YR","DRIVER_COUNT_65_74YR","DRIVER_COUNT_75PLUS","EST_HRS_CLOSED","FATAL_COUNT","HEAVY_TRUCK_COUNT","HORSE_BUGGY_COUNT","HOUR_OF_DAY","ILLUMINATION","INJURY_COUNT","INTERSECTION_RELATED","INTERSECT_TYPE","LANE_CLOSED","LATITUDE","LN_CLOSE_DIR","LOCATION_TYPE","LONGITUDE","MAX_SEVERITY_LEVEL","MCYCLE_DEATH_COUNT","MCYCLE_SUSP_SERIOUS_INJ_COUNT","MOTORCYCLE_COUNT","MUNICIPALITY","NONMOTR_COUNT","NONMOTR_DEATH_COUNT","NONMOTR_SUSP_SERIOUS_INJ_COUNT","NTFY_HIWY_MAINT","PED_COUNT","PED_DEATH_COUNT","PED_SUSP_SERIOUS_INJ_COUNT","PERSON_COUNT","POLICE_AGCY","POSSIBLE_INJ_COUNT","RDWY_SURF_TYPE_CD","RELATION_TO_ROAD","ROADWAY_CLEARED","ROAD_CONDITION","SCH_BUS_IND","SCH_ZONE_IND","SECONDARY_CRASH","SMALL_TRUCK_COUNT","SPEC_JURIS_CD","SUSP_MINOR_INJ_COUNT","SUSP_SERIOUS_INJ_COUNT","SUV_COUNT","TCD_FUNC_CD","TCD_TYPE","TFC_DETOUR_IND","TIME_OF_DAY","TOTAL_UNITS","TOT_INJ_COUNT","UNBELTED_OCC_COUNT","UNB_DEATH_COUNT","UNB_SUSP_SERIOUS_INJ_COUNT","UNK_INJ_DEG_COUNT","UNK_INJ_PER_COUNT","URBAN_RURAL","VAN_COUNT","VEHICLE_COUNT","WEATHER1","WEATHER2","WORKERS_PRES","WORK_ZONE_IND","WORK_ZONE_LOC","WORK_ZONE_TYPE","WZ_CLOSE_DETOUR","WZ_FLAGGER","WZ_LAW_OFFCR_IND","WZ_LN_CLOSURE","WZ_MOVING","WZ_OTHER","WZ_SHLDER_MDN","WZ_WORKERS_INJ_KILLED"
"2021024501","","0","0","0","0","0","0","0","0","0","4","0","","02","3","2021","7","40.322194","-80.056713","","11","0","0","0","0","0","0","2","0","","0","0","0","","","1","","1","","40 19:19.900","","0","80 03:24.166","8","0","0","0","2407","0","0","0","N","0","0","0","2","02407","0","","1.0","","1","N","N","N","0","","0","0","2","","0","","","2","1","0","0","0","1","0","2","0","2","","","","N","","","","","","","","","",""
"2021007795","","0","0","0","0","0","0","0","0","0","7","0","","02","1","2021","1","40.413419","-80.190329","","11","0","0","0","0","0","0","0","0","","0","0","0","","","1","N","0","","40 24:48.308","5","0","80 11:25.183","8","0","0","0","2214","0","0","0","Y","0","0","0","1","02214","0","","5.0","445.0","9","N","N","N","1","","0","0","0","","0","Y","","1","1","1","0","0","1","0","1","0","1","","","","N","","","","","","","","","",""
"2021023908","","0","0","0","0","0","0","0","0","0","7","1","","02","1","2021","1","40.540614","-80.122115","","11","0","0","0","0","0","0","0","0","","0","1","0","","","0","N","0","","40 32:26.212","2","0","80 07:19.614","0","0","0","0","2125","0","0","0","N","0","0","0","2","68B03","0","","4.0","2220.0","6","N","N","N","0","","0","0","0","","0","Y","","1","0","0","0","0","0","0","2","0","1","","","","N","","","","","","","","","",""
"2021024498","","1","0","0","0","0","0","0","0","0","1","0","","02","3","2021","2","40.317774","-79.995786","","11","0","0","0","0","0","0","0","0","","0","0","0","","","0","N","0","","40 19:03.985","5","0","79 59:44.830","0","0","0","0","2219","0","0","0","N","0","0","0","3","02219","0","","1.0","1629.0","1","N","N","N","0","","0","0","1","","0","N","","2","0","0","0","0","0","0","2","0","2","","","","N","","","","","","","","","",""
"2021024322","","1","0","0","0","0","0","0","0","0","7","0","","02","3","2021","4","40.528291","-80.002453","","11","0","0","0","0","0","0","0","0","","0","0","0","","","1","N","0","","40 31:41.846","","0","80 00:08.829","8","0","0","0","2116","0","0","0","N","0","0","0","1","02116","0","","5.0","","1","N","N","N","0","","0","0","0","","0","","","1","1","0","0","0","1","0","2","0","1","","03","","N","","","","","","","","","",""
"2021022337","","3","0","0","0","0","0","0","0","0","1","0","","02","3","2021","1","40.415451","-79.92486","","11","0","0","0","0","0","0","0","0","","0","0","0","","","0","N","1","","40 24:55.623","","0","79 55:29.496","0","0","0","0","2301","0","0","0","N","0","0","0","3","02301","0","","1.0","","1","N","N","Y","0","","0","0","0","","0","","","3","0","0","0","0","0","0","2","0","3","","03","","N","","","","","","","","","",""
"2021024584","","1","0","1","0","0","0","0","0","0","7","0","","02","3","2021","2","40.544969","-80.149567","","11","0","1","0","0","0","0","0","0","","0","0","0","","","1","N","0","","40 32:41.890","7","0","80 08:58.440","2","0","0","0","2459","0","0","0","N","0","0","0","1","02459","0","","4.0","1436.0","1","N","N","N","0","","0","1","0","","0","Y","","1","1","0","0","0","0","0","1","0","1","","","","N","","","","","","","","","",""
"2021005591","","1","0","0","0","0","0","0","0","0","4","0","","02","1","2021","6","40.633057","-80.063933","","11","0","0","0","0","0","0","0","0","","0","0","0","","","0","N","1","","40 37:59.005","","0","80 03:50.158","0","0","0","0","2216","0","0","0","N","0","0","0","2","02505","0","","1.0","","1","N","N","N","0","","0","0","1","","3","","","2","0","0","0","0","0","0","2","0","2","","03","","N","","","","","","","","","",""
"2021023799","","2","0","0","0","0","0","0","0","0","4","0","","02","3","2021","6","40.361154","-79.905694","","11","0","0","0","0","0","1","0","0","","0","0","0","","","0","","2","","40 21:40.156","7","0","79 54:20.499","0","0","0","0","2473","0","0","0","N","0","0","0","3","02473","0","","1.0","1145.0","1","N","N","N","0","","0","0","0","","3","N","","2","0","0","0","0","0","0","2","0","2","","03","","N","","","","","","","","","",""
"2021016870","","1","0","0","0","0","0","0","0","0","1","1","","02","2","2021","5","40.444796","-80.027898","","11","0","0","0","0","0","0","0","0","","0","1","0","","","0","N","0","","40 26:41.265","2","3","80 01:40.432","0","0","0","0","2301","0","0","0","N","0","0","0","3","02301","0","","1.0","1555.0","2","N","N","N","0","","0","0","0","","0","N","","2","0","0","0","0","0","0","2","0","2","","10","","N","","","","","","","","","",""
"2021024288","","1","0","0","0","0","0","0","0","0","4","0","","02","3","2021","1","40.29684","-79.919496","","11","0","0","0","0","0","1","0","0","","0","0","0","","","1","","2","","40 17:48.623","1","0","79 55:10.187","8","0","0","0","2440","0","0","0","N","0","0","0","2","02440","0","","1.0","1524.0","1","N","N","N","0","","0","0","1","","2","Y","","2","1","0","0","0","1","0","2","0","2","","","","N","","","","","","","","","",""
"2021023209","","1","0","0","0","0","0","0","0","0","7","0","","02","3","2021","1","40.563826","-80.088656","","11","0","0","0","1","0","0","0","0","","0","0","0","","","0","N","0","","40 33:49.775","","0","80 05:19.162","0","0","0","0","2481","0","0","0","Y","0","0","0","1","68B03","0","","4.0","","1","N","N","N","0","","0","0","0","","0","","","1","0","0","0","0","0","0","2","0","1","","","","N","","","","","","","","","",""
"2021014152","","1","0","0","0","0","0","0","0","0","7","0","","02","2","2021","4","40.561488","-79.999387","","11","0","0","0","0","0","0","0","0","","0","0","0","","","0","Y","0","","40 33:41.357","2","0","79 59:57.794","0","0","0","0","2108","0","0","0","N","0","0","0","1","02108","0","","4.0","2351.0","7","N","N","N","0","","0","0","0","","0","N","","1","0","0","0","0","0","0","2","0","1","","","","N","","","","","","","","","",""
"2021023975","","1","0","0","0","0","0","0","0","0","4","0","","02","3","2021","6","40.399653","-80.044235","","11","0","0","0","0","1","1","0","0","","0","0","0","","","0","","1","","40 23:58.752","","0","80 02:39.247","0","0","0","0","2301","0","0","0","N","0","0","0","2","02301","0","","1.0","","1","N","N","N","0","","0","0","1","","2","","","2","0","0","0","0","0","0","2","0","2","","03","","N","","","","","","","","","",""
"2021025317","","0","0","0","0","0","0","0","0","0","1","0","","02","3","2021","2","40.429919","-80.028326","","11","0","0","0","0","0","0","0","0","","0","0","0","","","0","N","0","","40 25:47.708","3","0","80 01:41.975","9","0","0","0","2301","0","0","0","N","0","0","0","2","68B03","0","","1.0","920.0","1","N","N","N","0","","0","0","2","","0","N","","2","0","0","0","0","0","1","2","0","2","","03","","N","","","","","","","","","",""
"2021001845","","1","0","0","0","0","0","0","0","0","1","0","","02","1","2021","4","40.426267","-79.965737","","11","0","0","0","0","0","2","0","0","","0","0","0","","","0","N","1","","40 25:34.560","","0","79 57:56.652","0","0","0","0","2301","0","0","0","N","0","0","0","2","02301","0","","1.0","","1","N","N","N","0","","0","0","0","","2","","","2","0","0","0","0","0","0","2","0","2","","03","","N","","","","","","","","","",""
"2021008689","","1","0","0","0","0","0","0","0","0","5","0","","02","1","2021","3","40.379775","-80.045032","","11","0","0","0","0","0","0","0","0","","0","0","0","","","0","N","0","","40 22:47.189","","0","80 02:42.115","0","0","0","0","2109","0","0","0","N","0","0","0","2","02109","0","","4.0","","1","N","Y","N","0","","0","0","1","","0","","","2","0","0","0","0","0","0","2","0","2","","","","N","","","","","","","","","",""
"2021022526","","1","0","0","0","0","0","0","0","0","3","0","","02","3","2021","2","40.480177","-80.121466","","11","0","0","0","0","0","1","1","0","","0","0","0","","","0","N","0","","40 28:48.638","2","0","80 07:17.276","0","0","0","0","2115","0","0","0","N","0","0","0","2","02115","0","","2.0","1330.0","1","N","N","N","0","","0","0","1","","0","N","","2","0","0","0","0","0","0","2","0","2","","03","","N","","","","","","","","","",""
"2021024098","","2","0","0","0","0","0","0","0","0","2","0","","02","3","2021","7","40.602107","-80.049468","","11","0","0","0","0","0","0","0","1","","0","0","0","","","3","N","0","","40 36:07.586","5","7","80 02:58.083","8","0","0","0","2108","0","0","0","N","0","0","0","3","02108","0","","1.0","1400.0","1","N","N","N","0","","0","0","0","","0","N","","2","3","0","0","0","3","0","2","0","2","","03","","N","","","","","","","","","",""
"2021022836","","1","0","0","0","0","0","0","0","0","7","0","","02","3","2021","5","40.44225","-80.111529","","11","0","0","0","0","0","0","0","0","","0","0","0","","","0","N","0","","40 26:32.100","2","0","80 06:41.503","0","0","0","0","2115","0","0","0","Y","0","0","0","1","68B03","0","","2.0","1210.0","1","N","N","N","0","","0","0","0","","0","N","","1","0","1","0","0","0","0","2","0","1","","","","N","","","","","","","","","",""
"2021004552","","2","0","0","0","0","0","0","0","0","4","0","","02","1","2021","5","40.433729","-79.922963","","11","0","0","0","0","0","0","1","0","","0","0","0","","","0","","1","","40 26:01.424","1","0","79 55:22.666","0","0","0","0","2301","0","0","0","N","0","0","0","2","02301","0","","1.0","1345.0","1","N","N","N","0","","0","0","0","","2","N","","2","0","0","0","0","0","0","2","0","2","","03","","N","","","","","","","","","",""
"2021008086","","2","0","0","0","0","0","0","0","0","2","0","","02","1","2021","2","40.452339","-79.983934","","11","0","0","0","0","0","1","0","0","","0","0","0","","","1","","1","","40 27:08.420","3","0","79 59:02.162","4","0","0","0","2301","0","0","0","N","0","0","0","2","02301","1","","1.0","1545.0","9","N","N","N","0","","0","0","0","","3","N","","2","1","0","0","0","0","0","2","0","2","","03","","N","","","","","","","","","",""
"2021022803","","1","0","0","0","0","0","0","0","0","4","0","","02","3","2021","3","40.300823","-79.926942","","11","0","0","0","0","0","0","0","0","","0","0","0","","","0","N","0","","40 18:02.963","2","0","79 55:36.991","0","0","0","0","2440","0","0","0","N","0","0","0","2","02440","0","","1.0","1120.0","1","N","N","N","0","","0","0","1","","0","Y","","2","0","0","0","0","0","0","2","0","2","","","","N","","","","","","","","","",""
"2021022232","","1","0","0","0","0","0","0","0","0","2","1","","02","3","2021","7","40.493936","-79.78402","","11","0","0","0","0","0","1","0","0","","0","1","0","","","0","N","2","","40 29:38.169","3","0","79 47:02.473","0","0","0","0","2466","0","0","0","N","0","0","0","2","02466","0","","1.0","1313.0","1","N","N","N","0","","0","0","0","","3","N","","2","0","0","0","0","0","0","2","0","2","","03","","N","","","","","","","","","",""
"2021020840","","0","0","0","0","0","0","1","0","0","1","0","","02","3","2021","3","40.449879","-79.998002","","11","0","0","0","0","0","0","1","0","","0","0","0","","","0","","6","","40 26:59.565","1","0","79 59:52.806","0","0","0","0","2301","0","0","0","N","0","0","0","4","02301","0","","1.0","1630.0","1","Y","N","N","1","","0","0","0","","0","Y","","2","0","0","0","0","0","0","2","0","2","","03","","N","","","","","","","","","",""
"2021007704","","0","0","0","0","0","0","0","0","0","2","0","","02","1","2021","1","40.434386","-79.989809","","11","0","0","0","0","0","0","0","0","","0","0","0","","","1","N","1","","40 26:03.789","2","0","79 59:23.314","8","0","0","0","2301","0","0","0","N","0","0","0","2","02301","0","","1.0","737.0","1","N","N","N","0","","0","0","2","","2","N","","2","1","0","0","0","1","0","2","0","2","","03","","N","","","","","","","","","",""
"2021007488","","2","0","0","0","0","0","0","0","0","4","0","","02","1","2021","7","40.440766","-79.995889","","11","0","0","0","0","1","0","0","0","","0","0","0","","","1","N","1","","40 26:26.756","2","0","79 59:45.202","4","0","0","0","2301","0","0","0","N","0","0","0","3","02301","1","","1.0","135.0","1","N","N","Y","0","","0","0","0","","2","N","","2","1","0","0","0","0","0","2","0","2","","","","N","","","","","","","","","",""
"2021003318","","1","0","0","0","0","0","0","0","0","7","0","","02","1","2021","1","40.458974","-79.900962","","11","0","0","0","0","0","0","0","0","","0","0","0","","","0","N","1","","40 27:32.306","","0","79 54:03.463","9","0","0","0","2301","0","0","0","N","0","0","0","1","02301","0","","1.0","","1","N","N","N","0","","0","0","0","","0","","","1","0","0","0","0","0","1","2","0","1","","03","","N","","","","","","","","","",""
"2021005107","","1","0","0","0","0","0","0","0","0","7","0","","02","1","2021","7","40.421939","-80.046186","","11","0","0","0","0","0","0","0","0","","0","0","0","","","0","N","1","","40 25:18.982","2","0","80 02:46.269","0","0","0","0","2435","0","0","0","N","0","0","0","1","02435","0","","5.0","1100.0","7","N","N","N","0","","0","0","0","","2","N","","1","0","0","0","0","0","0","2","0","1","","","","N","","","","","","","","","",""
"2021002626","","4","0","0","0","0","0","0","0","0","2","0","","02","1","2021","6","40.399243","-80.000154","","11","0","0","0","0","0","1","0","0","","0","0","0","","","3","N","0","","40 23:57.276","7","0","80 00:00.555","3","0","0","0","2301","0","0","0","N","0","0","0","4","02301","0","","1.0","815.0","1","N","N","N","0","","2","0","0","","0","N","","4","3","0","0","0","1","0","2","0","4","","03","","N","","","","","","","","","",""
"2021022594","","0","0","0","0","0","0","0","0","0","7","0","","02","3","2021","4","40.325078","-80.065357","","11","0","0","0","0","0","1","0","0","","0","0","0","","","1","N","0","","40 19:30.280","","0","80 03:55.286","3","0","0","0","2123","0","0","0","N","0","0","0","2","02123","0","","5.0","","1","N","N","N","1","","1","0","0","","0","","","1","1","2","0","0","0","0","2","0","1","","","","N","","","","","","","","","",""
"2021023755","","2","0","0","0","0","0","0","0","0","1","0","","02","3","2021","6","40.434239","-79.747021","","11","0","0","0","0","0","0","0","0","","0","0","0","","","0","N","0","","40 26:03.262","3","6","79 44:49.276","0","0","0","0","2446","0","0","0","N","0","0","0","2","02446","0","","1.0","720.0","1","N","N","N","0","","0","0","0","","0","N","","2","0","0","0","0","0","0","2","0","2","","","","N","","","","","","","","","",""
"2021007304","","1","0","0","0","0","0","0","0","0","8","0","","02","1","2021","6","40.444516","-79.916666","","11","0","0","0","0","0","0","0","0","","0","0","0","","","1","","2","","40 26:40.256","","0","79 54:59.998","3","0","0","0","2301","1","0","0","N","1","0","0","2","02301","0","","2.0","","1","N","N","N","0","","1","0","0","","0","","","2","1","0","0","0","0","0","2","0","1","","","","N","","","","","","","","","",""
"2021016452","","1","0","0","0","0","0","0","0","0","1","0","","02","2","2021","4","40.470639","-80.091281","","11","0","0","0","0","0","1","1","0","","0","0","0","","","0","","2","","40 28:14.301","6","0","80 05:28.613","0","0","0","0","2126","0","0","0","N","0","0","0","4","02126","0","","1.0","1450.0","1","N","N","N","0","","0","0","1","","3","Y","","2","0","0","0","0","0","0","2","0","2","","","","N","","","","","","","","","",""
"2021007369","","2","0","0","0","0","0","0","0","0","4","0","","02","1","2021","6","40.425765","-80.01976","","11","0","0","0","0","0","1","0","0","","0","0","0","","","1","","1","","40 25:32.754","7","0","80 01:11.135","8","0","0","0","2301","0","0","0","N","0","0","0","2","02301","0","","1.0","1457.0","1","N","N","N","0","","0","0","0","","2","Y","","2","1","0","0","0","1","0","2","0","2","","04","","N","","","","","","","","","",""
"2021023134","","1","0","0","0","0","0","0","0","0","4","0","","02","3","2021","4","40.395528","-80.022439","","11","0","0","0","0","0","1","0","0","","0","0","0","","","0","","2","","40 23:43.900","","0","80 01:20.780","0","0","0","0","2301","0","0","0","N","0","0","0","3","02301","0","","1.0","","1","N","N","N","0","","0","0","1","","0","","","2","0","0","0","0","0","0","2","0","2","","03","","N","","","","","","","","","",""
"2021022243","","0","0","0","0","0","0","0","0","0","2","0","","02","3","2021","1","40.4111","-80.006169","","11","0","0","0","0","0","0","0","0","","0","0","0","","","0","N","0","","40 24:39.961","2","0","80 00:22.207","9","0","0","0","2301","0","0","0","N","0","0","0","1","02301","0","","3.0","910.0","1","N","N","N","0","","0","0","1","","0","N","","1","0","0","0","0","0","1","2","0","1","","03","","N","","","","","","","","","",""
"2021017887","","0","0","0","0","0","0","0","0","0","4","1","","02","2","2021","3","40.539389","-79.80225","","11","0","0","0","0","0","0","0","0","","0","1","0","","","1","N","9","","40 32:21.800","5","7","79 48:08.100","4","0","0","0","2418","0","0","0","N","0","0","0","1","02514","1","","1.0","1500.0","9","N","N","N","0","","0","0","0","","6","N","","2","1","0","0","0","0","0","2","0","1","","10","","N","","","","","","","","","",""
"2021019898","","1","0","0","0","0","0","0","0","0","8","0","","02","2","2021","7","40.42087","-79.893121","","11","0","0","0","0","0","0","0","1","","0","0","0","","","1","N","1","","40 25:15.132","3","0","79 53:35.235","3","0","0","0","2463","1","0","0","N","1","0","0","2","02463","0","","1.0","1855.0","1","N","N","N","0","","1","0","0","","3","Y","","2","1","0","0","0","0","0","2","0","1","","03","","N","","","","","","","","","",""
"2021022512","","0","0","0","1","0","0","0","0","0","5","0","","02","3","2021","2","40.441179","-80.003999","","11","0","0","0","0","0","1","0","0","","0","0","0","","","1","N","2","","40 26:28.246","4","0","80 00:14.396","3","0","0","0","2301","1","0","0","N","0","0","0","2","02301","0","","1.0","1025.0","1","N","N","N","0","","1","0","1","","2","N","","2","1","0","0","0","0","0","2","0","1","","04","","N","","","","","","","","","",""
"2021022718","","0","0","0","0","0","0","0","0","0","7","0","","02","2","2021","2","40.44175","-79.742863","","11","0","0","0","0","0","0","0","0","","0","0","0","","","0","N","2","","40 26:30.300","","0","79 44:34.306","0","0","0","0","2446","0","0","0","N","0","0","0","1","02446","0","","5.0","","7","N","N","N","0","","0","0","1","","3","","","1","0","0","0","0","0","0","2","0","1","","","","N","","","","","","","","","",""
"2021022610","","0","0","0","0","0","0","0","0","0","4","0","","02","3","2021","2","40.344844","-79.938759","","11","0","0","0","0","0","1","1","0","","0","0","0","","","0","","1","","40 20:41.438","1","0","79 56:19.531","0","0","0","0","2473","0","0","0","N","0","0","0","2","02473","0","","1.0","1758.0","1","N","N","N","0","","0","0","1","","1","N","","2","0","1","0","0","0","0","2","1","2","","03","","N","","","","","","","","","",""
"2021018980","","2","0","0","0","0","0","0","0","0","4","0","","02","2","2021","4","40.430274","-80.000564","","11","0","0","0","0","0","0","0","0","","0","0","0","","","0","N","2","","40 25:48.986","","0","80 00:02.032","0","0","0","0","2301","0","0","0","N","0","0","0","2","02301","0","","1.0","","1","N","N","N","0","","0","0","0","","3","","","2","0","2","0","0","0","0","2","0","2","","04","","N","","","","","","","","","",""
"2021005109","","1","0","0","0","0","0","0","0","0","2","0","","02","1","2021","6","40.421372","-79.942436","","11","0","0","0","0","0","0","0","0","","0","0","0","","","0","Y","0","","40 25:16.938","5","0","79 56:32.770","0","0","0","0","2301","0","0","0","N","0","0","0","2","02301","0","","1.0","1221.0","7","N","N","N","0","","0","0","0","","0","N","","2","0","0","0","0","0","0","2","0","2","","","","N","","","","","","","","","",""
"2021022064","","1","0","0","0","0","0","0","0","0","4","0","","02","3","2021","6","40.41822","-80.049207","","11","0","0","0","0","0","0","1","0","","0","0","0","","","0","N","1","","40 25:05.592","","0","80 02:57.145","0","0","0","0","2435","0","0","0","N","0","0","0","2","02435","0","","1.0","","1","N","N","N","0","","0","0","1","","3","","","2","0","0","0","0","0","0","2","0","2","","03","","N","","","","","","","","","",""
"2021002553","","1","0","0","0","0","0","0","0","0","2","0","","02","1","2021","5","40.391086","-79.981794","","11","0","0","0","0","0","0","0","0","","0","0","0","","","1","N","0","","40 23:27.908","7","0","79 58:54.460","8","0","0","0","2301","0","0","0","N","0","0","0","2","02301","0","","1.0","2050.0","1","N","N","N","0","","0","0","1","","0","Y","","2","1","0","0","0","1","0","2","0","2","","03","","N","","","","","","","","","",""
"2021023458","","1","0","0","0","0","0","0","0","0","7","0","","02","3","2021","5","40.445908","-80.043808","","11","0","0","0","0","0","0","0","0","","0","0","0","","","1","N","0","","40 26:45.270","7","0","80 02:37.707","2","0","0","0","2301","0","0","0","N","0","0","0","1","02301","0","","5.0","827.0","1","N","N","N","0","","0","1","0","","0","Y","","1","1","0","0","0","0","0","2","0","1","","","","N","","","","","","","","","",""
"2021019733","","1","0","0","0","0","0","0","0","0","4","0","","02","2","2021","6","40.541053","-79.804163","","11","0","0","0","0","0","0","1","0","","0","0","0","","","1","","1","","40 32:27.791","","0","79 48:14.988","4","0","0","0","2418","0","0","0","N","0","0","0","1","02514","1","","4.0","","1","N","N","N","0","","0","0","0","","2","","","1","1","0","0","0","0","0","2","0","1","","","","N","","","","","","","","","",""
"2021004724","","2","0","0","0","0","0","0","0","0","4","0","","02","1","2021","1","40.534788","-79.990406","","11","0","0","1","0","0","1","0","0","","0","0","0","","","0","N","2","","40 32:05.236","","0","79 59:25.461","0","0","0","0","2116","0","0","0","N","0","0","0","2","02116","0","","1.0","","1","N","N","N","0","","0","0","0","","3","","","2","0","0","0","0","0","0","2","0","2","","","","N","","","","","","","","","",""
"2021023255","","1","0","0","0","0","0","0","0","0","1","0","","02","3","2021","2","40.355922","-80.034447","","11","1","0","0","0","0","0","0","0","","0","0","0","","","0","N","0","","40 21:21.320","3","0","80 02:04.010","0","0","0","0","2416","0","0","0","N","0","0","0","1","02416","0","","1.0","755.0","1","N","N","N","0","","0","0","1","","0","N","","2","0","0","0","0","0","0","2","0","2","","","","N","","","","","","","","","",""
"2021021897","","2","0","0","0","0","0","0","0","0","4","0","","02","3","2021","6","40.571894","-79.993596","","11","0","0","0","0","0","0","0","0","","0","0","0","","","0","","2","","40 34:18.820","2","0","79 59:36.944","0","0","0","0","2108","0","0","0","N","0","0","0","2","02108","0","","1.0","1815.0","1","N","N","N","0","","0","0","0","","3","N","","2","0","0","0","0","0","0","2","0","2","","03","","N","","","","","","","","","",""
"2021011598","","1","0","0","0","0","0","0","0","0","1","0","","02","2","2021","5","40.343419","-79.970091","","11","0","0","0","0","0","0","0","0","","0","0","0","","","0","N","2","","40 20:36.310","","0","79 58:12.327","0","0","0","0","2403","0","0","0","N","0","0","0","2","02403","0","","1.0","","1","N","N","N","0","","0","0","0","","2","","","2","0","0","0","0","0","0","2","1","2","","98","","N","","","","","","","","","",""
"2021022483","","1","0","0","0","0","0","0","0","0","4","0","","02","3","2021","3","40.387641","-80.090992","","11","0","0","0","0","0","0","0","0","","0","0","0","","","0","N","1","","40 23:15.509","","0","80 05:27.572","0","0","0","0","2437","0","0","0","N","0","0","0","3","02437","0","","1.0","","1","N","N","N","0","","0","0","0","","2","N","","2","0","0","0","0","0","0","2","1","2","","03","","N","","","","","","","","","",""
"2021015818","","0","0","0","0","0","0","0","0","0","7","0","","02","2","2021","4","40.33722","-79.991459","","11","0","0","0","0","0","0","0","0","","0","0","0","","","0","","2","","40 20:13.992","","0","79 59:29.252","0","0","0","0","2403","0","0","0","N","0","0","0","2","02403","0","","2.0","","7","N","N","N","0","","0","0","1","","3","","","1","0","0","0","0","0","0","2","0","1","","02","","N","","","","","","","","","",""
"2021023418","","0","0","0","0","0","0","0","0","0","7","0","","02","3","2021","3","40.645158","-79.849757","","11","0","0","0","0","0","0","0","0","","0","0","0","","","1","","2","","40 38:42.570","","0","79 50:59.124","4","0","0","0","2220","0","0","0","N","0","0","0","1","02220","1","","5.0","","1","N","N","N","0","","0","0","1","","0","","","1","1","0","0","0","0","0","1","0","1","","03","","N","","","","","","","","","",""
"2021022593","","1","0","0","0","0","0","0","0","0","4","0","","02","3","2021","2","40.43886","-80.00163","","11","0","0","0","0","0","0","0","0","","0","1","0","","","0","","1","","40 26:19.895","","0","80 00:05.867","0","0","0","0","2301","0","0","0","N","0","0","0","3","02301","0","","4.0","","1","N","N","N","0","","0","0","0","","0","","","2","0","0","0","0","0","0","2","0","2","","03","","N","","","","","","","","","",""
"2021023055","","0","0","0","0","0","0","0","0","0","1","1","","02","3","2021","3","40.436059","-79.92255","","11","0","0","0","0","0","0","0","0","","0","1","0","","","0","Y","0","","40 26:09.811","","0","79 55:21.179","0","0","0","0","2301","0","0","0","N","0","0","0","1","02301","0","","1.0","","1","N","N","N","0","","0","0","1","","0","","","2","0","0","0","0","0","0","2","0","2","","03","","N","","","","","","","","","",""
"2021007605","","0","0","0","0","0","0","0","0","0","0","0","","02","1","2021","7","40.511611","-80.038361","","11","0","0","0","0","0","0","0","0","","0","0","0","","","0","N","0","","40 30:41.800","6","0","80 02:18.100","0","0","0","0","2116","0","0","0","N","0","0","0","1","02116","0","","1.0","110.0","1","N","N","N","0","","0","0","1","","0","N","","1","0","0","0","0","0","0","2","0","1","","","","N","","","","","","","","","",""
"2021007691","","1","0","0","0","0","0","0","0","0","7","0","","02","1","2021","1","40.522496","-79.909501","","11","0","0","0","0","0","0","0","0","","0","0","0","","","0","N","0","","40 31:20.985","","0","79 54:34.202","0","0","0","0","2432","0","0","0","N","0","0","0","1","02432","0","","5.0","","1","N","N","N","0","","0","0","0","","0","","","1","0","0","0","0","0","0","2","0","1","","03","","N","","","","","","","","","",""
"2021021976","","0","0","0","0","0","0","0","0","0","7","0","","02","3","2021","6","40.503239","-79.806656","","11","0","0","0","0","0","0","0","0","","0","0","0","","","0","N","0","","40 30:11.659","","0","79 48:23.961","0","0","0","0","2113","0","0","0","N","0","0","0","1","02113","0","","5.0","","1","N","N","N","0","","0","0","1","","0","","","1","0","0","0","0","0","0","2","0","1","","03","","N","","","","","","","","","",""
"2021017859","","1","0","0","0","0","0","0","0","0","5","1","","02","2","2021","7","40.33649","-79.978225","","11","0","0","0","0","0","1","0","0","","0","1","0","","","2","N","0","","40 20:11.364","4","0","79 58:41.609","4","0","0","0","2403","0","0","0","N","0","0","0","3","02403","2","","1.0","1933.0","1","N","N","N","0","","0","0","0","","0","N","","2","2","0","0","0","0","0","2","0","2","","03","","N","","","","","","","","","",""
"2021023407","","1","0","0","0","0","0","0","0","0","7","0","","02","3","2021","3","40.433805","-79.767507","","11","0","0","0","0","0","0","0","0","","0","0","0","","","0","N","11","","40 26:01.698","1","0","79 46:03.024","0","0","0","0","2446","0","0","0","N","0","0","0","1","02446","0","","5.0","2348.0","1","N","N","N","0","","0","0","0","","0","N","","1","0","0","0","0","0","0","2","0","1","","03","","N","","","","","","","","","",""