"CRN","ARRIVAL_TM","AUTOMOBILE_COUNT","BELTED_DEATH_COUNT","BELTED_SUSP_SERIOUS_INJ_COUNT","BICYCLE_COUNT","BICYCLE_DEATH_COUNT","BICYCLE_SUSP_SERIOUS_INJ_COUNT","BUS_COUNT","CHLDPAS_DEATH_COUNT","CHLDPAS_SUSP_SERIOUS_INJ_COUNT","COLLISION_TYPE","COMM_VEH_COUNT","CONS_ZONE_SPD_LIM","COUNTY","CRASH_MONTH","CRASH_YEAR","DAY_OF_WEEK","DEC_LATITUDE","DEC_LONGITUDE","DISPATCH_TM","DISTRICT","DRIVER_COUNT_16YR","DRIVER_COUNT_17YR","DRIVER_COUNT_18YR","DRIVER_COUNT_19YR","DRIVER_COUNT_20YR","DRIVER_COUNT_50_64YR","DRIVER_COUNT_65_74YR","DRIVER_COUNT_75PLUS","EST_HRS_CLOSED","FATAL_COUNT","HEAVY_TRUCK_COUNT","HORSE_BUGGY_COUNT","HOUR_OF_DAY","ILLUMINATION","INJURY_COUNT","INTERSECTION_RELATED","INTERSECT_TYPE","LANE_CLOSED","LATITUDE","LN_CLOSE_DIR","LOCATION_TYPE","LONGITUDE","MAX_SEVERITY_LEVEL","MCYCLE_DEATH_COUNT","MCYCLE_SUSP_SERIOUS_INJ_COUNT","MOTORCYCLE_COUNT","MUNICIPALITY","NONMOTR_COUNT","NONMOTR_DEATH_COUNT","NONMOTR_SUSP_SERIOUS_INJ_COUNT","NTFY_HIWY_MAINT","PED_COUNT","PED_DEATH_COUNT","PED_SUSP_SERIOUS_INJ_COUNT","PERSON_COUNT","POLICE_AGCY","POSSIBLE_INJ_COUNT","RDWY_SURF_TYPE_CD","RELATION_TO_ROAD","ROADWAY_CLEARED","ROAD_CONDITION","SCH_BUS_IND","SCH_ZONE_IND","SECONDARY_CRASH","SMALL_TRUCK_COUNT","SPEC_JURIS_CD","SUSP_MINOR_INJ_COUNT","SUSP_SERIOUS_INJ_COUNT","SUV_COUNT","TCD_FUNC_CD","TCD_TYPE","TFC_DETOUR_IND","TIME_OF_DAY","TOTAL_UNITS","TOT_INJ_COUNT","UNBELTED_OCC_COUNT","UNB_DEATH_COUNT","UNB_SUSP_SERIOUS_INJ_COUNT","UNK_INJ_DEG_COUNT","UNK_INJ_PER_COUNT","URBAN_RURAL","VAN_COUNT","VEHICLE_COUNT","WEATHER1","WEATHER2","WORKERS_PRES","WORK_ZONE_IND","WORK_ZONE_LOC","WORK_ZONE_TYPE","WZ_CLOSE_DETOUR","WZ_FLAGGER","WZ_LAW_OFFCR_IND","WZ_LN_CLOSURE","WZ_MOVING","WZ_OTHER","WZ_SHLDER_MDN","WZ_WORKERS_INJ_KILLED"
"2021022576","","1","0","0","0","0","0","0","0","0","4","0","","02","3","2021","2","40.508979","-79.763064","","11","0","0","2","0","0","0","0","0","","0","0","0","","","1","","2","","40 30:32.326","7","0","79 45:47.029","8","0","0","0","2466","0","0","0","N","0","0","0","2","02466","0","","1.0","1509.0","1","N","N","N","0","","0","0","1","","3","Y","","2","1","0","0","0","1","0","1","0","2","","03","","N","","","","","","","","","",""
"2021006789","","2","0","0","0","0","0","0","0","0","6","0","","02","1","2021","4","40.4778","-79.841953","","11","0","0","1","0","0","0","0","0","","0","0","0","","","0","N","3","","40 28:40.079","","0","79 50:31.030","0","0","0","0","2113","0","0","0","N","0","0","0","2","02113","0","","3.0","","1","N","N","N","0","","0","0","0","","8","","","2","0","0","0","0","0","0","2","0","2","","03","","N","","","","","","","","","",""
"2021022702","","1","0","0","0","0","0","0","0","0","7","0","","02","3","2021","6","40.596251","-79.980374","","11","0","0","0","0","0","0","0","0","","0","0","0","","","1","N","0","","40 35:46.502","6","0","79 58:49.347","3","0","0","0","2207","0","0","0","N","0","0","0","1","02207","0","","5.0","1300.0","1","N","N","N","0","","1","0","0","","0","Y","","1","1","0","0","0","0","0","1","0","1","","03","","N","","","","","","","","","",""
"2021015320","","1","0","0","0","0","0","0","0","0","7","0","","02","2","2021","1","40.408677","-80.024766","","11","0","0","0","0","0","0","0","0","","0","0","0","","","0","","1","","40 24:31.237","","0","80 01:29.157","0","0","0","0","2301","0","0","0","N","0","0","0","0","02301","0","","4.0","","2","N","N","N","0","","0","0","0","","0","N","","1","0","0","0","0","0","0","2","0","1","","06","","N","","","","","","","","","",""
"2021021842","","1","0","0","0","0","0","0","0","0","4","0","","02","3","2021","5","40.340636","-79.964518","","11","0","0","0","1","0","0","0","0","","0","0","0","","","0","","1","","40 20:26.290","1","0","79 57:52.263","0","0","0","0","2454","0","0","0","N","0","0","0","2","02454","0","","1.0","1922.0","1","N","N","N","0","","0","0","0","","2","N","","2","0","0","0","0","0","0","2","1","2","","03","","N","","","","","","","","","",""
"2021006426","","0","0","0","0","0","0","0","0","0","5","1","","02","1","2021","3","40.31156","-79.938048","","11","0","0","0","0","0","0","0","0","","0","1","0","","","1","N","0","","40 18:41.616","2","7","79 56:16.974","3","0","0","0","2440","0","0","0","N","0","0","0","5","02440","0","","1.0","2240.0","9","N","N","N","0","","1","0","1","","0","N","","2","1","1","0","0","0","0","2","0","2","","","","N","","","","","","","","","",""
"2021005049","","1","0","0","0","0","0","0","0","0","7","0","","02","1","2021","6","40.509787","-80.028308","","11","0","1","0","0","0","0","0","0","","0","0","0","","","1","N","0","","40 30:35.233","3","0","80 01:41.907","3","0","0","0","2474","0","0","0","N","0","0","0","5","02474","0","","4.0","30.0","2","N","N","N","0","","1","0","0","","0","Y","","1","1","0","0","0","0","0","2","0","1","","","","N","","","","","","","","","",""
"2021024996","","0","0","0","0","0","0","0","0","0","2","0","","02","3","2021","1","40.475878","-79.957642","","11","0","0","0","0","0","0","0","0","","0","0","0","","","1","N","1","","40 28:33.159","4","0","79 57:27.511","3","0","0","0","2301","0","0","0","Y","0","0","0","1","02301","0","","1.0","2145.0","1","N","N","N","1","","1","0","0","","2","N","","1","1","0","0","0","0","0","2","0","1","","03","","N","","","","","","","","","",""
"2021004583","","1","0","0","0","0","0","0","0","0","7","0","","02","1","2021","7","40.564848","-79.956933","","11","0","0","0","0","0","1","0","0","","0","0","0","","","0","","2","","40 33:53.451","1","0","79 57:24.957","0","0","0","0","2207","0","0","0","N","0","0","0","1","02207","0","","4.0","1857.0","1","N","N","N","0","","0","0","0","","0","N","","1","0","0","0","0","0","0","2","0","1","","","","N","","","","","","","","","",""
"2021015941","","1","0","0","0","0","0","0","0","0","4","0","","02","2","2021","1","40.549606","-79.787066","","11","0","0","0","0","0","0","0","0","","0","0","0","","","0","N","0","","40 32:58.580","","0","79 47:13.439","9","0","0","0","2121","0","0","0","N","0","0","0","1","02514","0","","1.0","","6","N","N","N","1","","0","0","0","","0","","","2","0","0","0","0","0","1","2","0","2","","","","N","","","","","","","","","",""
"2021021999","","2","0","0","0","0","0","0","0","0","1","0","","02","3","2021","6","40.389664","-80.058269","","11","0","0","0","0","0","0","0","0","","0","0","0","","","0","N","0","","40 23:22.792","","0","80 03:29.767","0","0","0","0","2109","0","0","0","N","0","0","0","3","02109","0","","1.0","","1","N","N","N","0","","0","0","1","","0","","","3","0","0","0","0","0","0","2","0","3","","","","N","","","","","","","","","",""
"2021022272","","2","0","0","0","0","0","0","0","0","1","0","","02","3","2021","1","40.323614","-79.838883","","11","0","0","0","0","0","1","0","0","","0","0","0","","","0","N","2","","40 19:25.011","","0","79 50:19.979","0","0","0","0","2304","0","0","0","N","0","0","0","3","02304","0","","1.0","","1","N","N","N","0","","0","0","0","","4","","","2","0","0","0","0","0","0","2","0","2","","","","N","","","","","","","","","",""
"2021007315","","0","0","0","0","0","0","0","0","0","8","0","","02","1","2021","5","40.46452","-79.930097","","11","0","0","0","0","0","0","0","0","","0","0","0","","","1","","2","","40 27:52.272","","0","79 55:48.349","3","0","0","0","2301","1","0","0","N","1","0","0","2","02301","0","","1.0","","1","","","N","0","","1","0","0","","3","","","2","1","0","0","0","0","1","2","0","1","","","","N","","","","","","","","","",""
"2021022096","","0","0","0","0","0","0","0","0","0","7","0","","02","3","2021","7","40.384797","-79.970546","","11","0","0","0","1","0","0","0","0","","0","0","0","","","0","","2","","40 23:05.269","5","0","79 58:13.965","0","0","0","0","2413","0","0","0","N","0","0","0","1","02413","0","","5.0","1508.0","1","N","N","N","0","","0","0","1","","3","N","","1","0","0","0","0","0","0","2","0","1","","","","N","","","","","","","","","",""
"2021018815","","2","0","0","0","0","0","0","0","0","4","0","","02","2","2021","4","40.484659","-80.040927","","11","0","0","0","0","0","1","0","0","","0","0","0","","","0","N","0","","40 29:04.772","","0","80 02:27.336","0","0","0","0","2301","0","0","0","N","0","0","0","4","02301","0","","1.0","","1","N","N","N","0","","0","0","0","","0","","","2","0","0","0","0","0","0","2","0","2","","","","N","","","","","","","","","",""
"2021015466","","1","0","0","0","0","0","0","0","0","7","0","","02","2","2021","1","40.440283","-79.785297","","11","0","0","0","0","0","0","0","0","","0","0","0","","","0","N","0","","40 26:25.020","7","0","79 47:07.070","0","0","0","0","2446","0","0","0","N","0","0","0","4","02446","0","","5.0","152.0","2","N","N","N","0","","0","0","0","","0","Y","","1","0","0","0","0","0","0","2","0","1","","06","","N","","","","","","","","","",""
"2021023237","","1","0","0","0","0","0","0","0","0","7","0","","02","3","2021","3","40.527129","-79.816606","","11","0","0","0","0","0","0","0","0","","0","0","0","","","0","","2","","40 31:37.663","","0","79 48:59.780","0","0","0","0","2466","0","0","0","N","0","0","0","1","02466","0","","3.0","","1","N","N","N","0","","0","0","0","","2","N","","1","0","0","0","0","0","0","2","0","1","","","","N","","","","","","","","","",""
"2021003434","","2","0","0","0","0","0","0","0","0","1","0","","02","1","2021","2","40.440589","-80.248173","","11","0","0","0","0","0","0","2","0","","0","0","0","","","1","N","0","","40 26:26.119","4","0","80 14:53.424","3","0","0","0","2214","0","0","0","N","0","0","0","3","02214","0","","1.0","1050.0","1","N","N","N","0","","1","0","0","","0","N","","2","1","0","0","0","0","0","2","0","2","","","","N","","","","","","","","","",""
"2021021934","","2","0","0","0","0","0","0","0","0","1","0","","02","3","2021","6","40.445673","-79.828044","","11","0","0","0","1","0","0","0","0","","0","0","0","","","0","Y","0","","40 26:44.421","","0","79 49:40.958","0","0","0","0","2113","0","0","0","N","0","0","0","2","02113","0","","1.0","","1","N","N","N","0","","0","0","0","","0","","","2","0","0","0","0","0","0","2","0","2","","03","","N","","","","","","","","","",""
"2021023077","","1","0","0","0","0","0","0","0","0","7","0","","02","3","2021","2","40.3554","-80.050644","","11","0","0","0","0","0","0","0","0","","0","0","0","","","0","","2","","40 21:19.440","","0","80 03:02.318","0","0","0","0","2109","0","0","0","N","0","0","0","2","02109","0","","5.0","","1","N","N","N","0","","0","0","0","","0","","","1","0","0","0","0","0","0","2","0","1","","","","N","","","","","","","","","",""
"2021006181","","2","0","0","0","0","0","0","0","0","4","0","","02","1","2021","3","40.449027","-79.951897","","11","1","1","0","0","0","0","0","0","","0","0","0","","","1","N","1","","40 26:56.497","4","0","79 57:06.829","3","0","0","0","2301","0","0","0","N","0","0","0","3","02301","0","","1.0","1520.0","1","N","N","N","0","","1","0","0","","3","N","","2","1","0","0","0","0","0","2","0","2","","","","N","","","","","","","","","",""
"2021021481","","0","0","0","0","0","0","0","0","0","7","1","","02","3","2021","5","40.422156","-79.965426","","11","0","0","0","0","0","2","0","0","","0","1","0","","","0","N","0","","40 25:19.762","4","0","79 57:55.534","9","0","0","0","2301","0","0","0","N","0","0","0","2","02301","0","","5.0","1130.0","1","N","N","N","1","","0","0","0","","0","N","","2","0","0","0","0","0","1","2","0","2","","04","","N","","","","","","","","","",""
"2021021942","","1","0","0","0","0","0","0","0","0","98","0","","02","3","2021","6","40.635077","-80.06093","","11","0","0","1","0","0","0","0","0","","0","0","0","","","0","N","0","","40 38:06.276","","0","80 03:39.348","0","0","0","0","2216","0","0","0","N","0","0","0","1","02505","0","","3.0","","1","N","N","N","0","","0","0","0","","0","","","1","0","0","0","0","0","0","2","0","1","","","","N","","","","","","","","","",""
"2021023113","","2","0","0","0","0","0","0","0","0","4","0","","02","3","2021","4","40.450177","-80.117018","","11","0","0","0","0","0","1","0","0","","0","0","0","","","0","","2","","40 27:00.636","4","0","80 07:01.266","0","0","0","0","2115","0","0","0","N","0","0","0","2","02115","0","","1.0","800.0","1","N","N","N","0","","0","0","0","","3","N","","2","0","0","0","0","0","0","2","0","2","","","","N","","","","","","","","","",""
"2021022467","","2","0","0","0","0","0","0","0","0","2","0","","02","3","2021","5","40.582201","-79.882841","","11","1","0","0","0","0","0","0","0","","0","0","0","","","0","N","0","","40 34:55.922","","0","79 52:58.229","0","0","0","0","2209","0","0","0","N","0","0","0","2","02209","0","","1.0","","1","N","N","N","0","","0","0","0","","0","","","2","0","0","0","0","0","0","2","0","2","","03","","N","","","","","","","","","",""
"2021023122","","2","0","0","0","0","0","0","0","0","2","0","","02","3","2021","1","40.480177","-80.121466","","11","0","0","0","0","0","0","1","0","","0","0","0","","","0","N","0","","40 28:48.638","4","0","80 07:17.276","0","0","0","0","2115","0","0","0","N","0","0","0","2","02115","0","","1.0","1330.0","1","N","N","N","0","","0","0","0","","0","N","","2","0","0","0","0","0","0","2","0","2","","","","N","","","","","","","","","",""
"2021007227","","1","0","0","0","0","0","0","0","0","4","0","","02","1","2021","6","40.425196","-79.91987","","11","0","0","0","0","0","0","0","0","","0","0","0","","","0","N","0","","40 25:30.705","","0","79 55:11.532","0","0","0","0","2301","0","0","0","N","0","0","0","2","02301","0","","1.0","","1","N","N","N","0","","0","0","1","","0","","","2","0","0","0","0","0","0","2","0","2","","03","","N","","","","","","","","","",""
"2021023495","","2","0","0","0","0","0","0","0","0","6","0","","02","3","2021","1","40.457195","-79.904272","","11","0","0","0","0","0","0","0","0","","0","0","0","","","0","N","0","","40 27:25.901","","0","79 54:15.378","0","0","0","0","2301","0","0","0","N","0","0","0","2","02301","0","","1.0","","1","N","N","Y","0","","0","0","0","","0","N","","2","0","0","0","0","0","0","2","0","2","","03","","N","","","","","","","","","",""
"2021006657","","1","0","0","0","0","0","0","0","0","4","0","","02","1","2021","4","40.341124","-79.846444","","11","0","0","1","0","0","0","0","0","","0","0","0","","","0","N","0","","40 20:28.046","","0","79 50:47.198","0","0","0","0","2304","0","0","0","N","0","0","0","1","02304","0","","4.0","","1","N","N","Y","0","","0","0","1","","0","","","2","0","0","0","0","0","0","2","0","2","","","","N","","","","","","","","","",""
"2021021965","","1","0","1","0","0","0","0","0","0","7","0","","02","3","2021","2","40.402135","-79.867041","","11","0","0","0","0","0","0","0","0","","0","0","0","","","1","N","0","","40 24:07.687","4","0","79 52:01.349","2","0","0","0","2410","0","0","0","N","0","0","0","1","02410","0","","5.0","2244.0","1","N","N","N","0","","0","1","0","","0","Y","","1","1","0","0","0","0","0","2","0","1","","03","","N","","","","","","","","","",""
"2021021532","","4","0","0","0","0","0","0","0","0","4","1","","02","3","2021","5","40.423289","-79.941286","","11","0","0","0","0","0","0","0","0","","0","0","0","","","0","N","0","","40 25:23.841","","0","79 56:28.631","0","0","0","0","2301","0","0","0","N","0","0","0","2","02301","0","","1.0","","1","N","N","Y","0","","0","0","1","","0","","","6","0","0","0","0","0","0","2","1","6","","03","","N","","","","","","","","","",""
"2021022548","","2","0","0","0","0","0","0","0","0","1","0","","02","3","2021","6","40.425639","-79.910884","","11","0","0","0","1","0","0","0","0","","0","0","0","","","1","N","0","","40 25:32.299","","0","79 54:39.184","3","0","0","0","2301","0","0","0","N","0","0","0","2","68B03","0","","1.0","","1","N","N","N","0","","1","0","0","","0","","","2","1","0","0","0","0","0","2","0","2","","","","N","","","","","","","","","",""
"2021007153","","1","0","0","0","0","0","0","0","0","2","0","","02","1","2021","7","40.406118","-79.929657","","11","0","0","0","0","0","0","0","0","","0","0","0","","","0","N","0","","40 24:22.026","","0","79 55:46.764","9","0","0","0","2301","0","0","0","N","0","0","0","1","02301","0","","5.0","","2","N","N","N","0","","0","0","0","","0","","","1","0","0","0","0","0","1","2","0","1","","03","","N","","","","","","","","","",""
"2021007757","","2","0","0","0","0","0","0","0","0","4","0","","02","1","2021","2","40.444383","-79.713632","","11","0","0","0","0","0","0","0","0","","0","0","0","","","0","N","0","","40 26:39.779","","6","79 42:49.075","0","0","0","0","2446","0","0","0","N","0","0","0","2","02446","0","","1.0","","1","N","N","N","0","","0","0","0","","0","","","2","0","0","0","0","0","0","2","0","2","","","","N","","","","","","","","","",""
"2021022720","","0","0","0","0","0","0","0","0","0","0","0","","02","3","2021","3","40.442009","-80.045242","","11","0","0","0","0","0","0","0","0","","0","0","0","","","0","N","0","","40 26:31.232","","0","80 02:42.871","0","0","0","0","2301","0","0","0","N","0","0","0","1","02301","0","","1.0","","1","N","Y","N","1","","0","0","0","","0","","","1","0","0","0","0","0","0","2","0","1","","03","","N","","","","","","","","","",""
"2021008141","","1","0","0","0","0","0","0","0","0","0","0","","02","1","2021","2","40.489283","-80.010368","","11","0","0","0","0","0","0","0","0","","0","0","0","","","0","N","0","","40 29:21.420","2","0","80 00:37.324","0","0","0","0","2301","0","0","0","N","0","0","0","5","02301","0","","1.0","1830.0","1","N","N","N","0","","0","0","0","","0","N","","1","0","0","0","0","0","0","2","0","1","","","","N","","","","","","","","","",""
"2021004478","","1","0","0","0","0","0","0","0","0","7","0","","02","1","2021","5","40.491976","-79.848181","","11","0","0","0","0","0","0","0","0","","0","0","0","","","0","N","0","","40 29:31.115","1","0","79 50:53.452","0","0","0","0","2113","0","0","0","N","0","0","0","1","02113","0","","1.0","1045.0","1","N","N","N","0","","0","0","0","","0","N","","1","0","0","0","0","0","0","2","0","1","","03","","N","","","","","","","","","",""
"2021005794","","0","0","0","0","0","0","0","0","0","98","0","","02","1","2021","1","40.632916","-79.987972","","11","0","0","0","0","0","0","0","0","","0","0","0","","","0","N","0","","40 37:58.498","","0","79 59:16.700","0","0","0","0","2217","0","0","0","N","0","0","0","1","68T02","0","","1.0","","9","N","N","N","0","","0","0","0","","0","","","1","0","0","0","0","0","0","1","1","1","","10","","N","","","","","","","","","",""
"2021008012","","2","0","0","0","0","0","0","0","0","5","0","","02","1","2021","2","40.470311","-79.977861","","11","0","0","0","0","0","0","0","0","","0","0","0","","","0","N","2","","40 28:13.119","","0","79 58:40.299","0","0","0","0","2301","0","0","0","N","0","0","0","1","02301","0","","1.0","","9","N","Y","N","0","","0","0","0","","0","","","2","0","0","0","0","0","0","2","0","2","","10","","N","","","","","","","","","",""
"2021009256","","2","0","0","0","0","0","0","0","0","7","0","","02","1","2021","5","40.443683","-79.960944","","11","0","0","0","0","0","0","0","0","","0","0","0","","","0","","2","","40 26:37.258","","0","79 57:39.398","0","0","0","0","2301","0","0","0","N","0","0","0","1","02301","0","","9.0","","1","N","N","N","0","","0","0","0","","0","","","2","0","0","0","0","0","0","2","0","2","","03","","Y","","","","","","","","","",""
"2021025309","","1","0","0","0","0","0","0","0","0","7","0","","02","2","2021","1","40.593585","-80.095323","","11","0","0","0","0","0","1","0","0","","0","0","0","","","1","N","0","","40 35:36.905","1","0","80 05:43.163","4","0","0","0","2481","0","0","0","N","0","0","0","1","68B03","1","","4.0","810.0","9","N","N","N","0","","0","0","0","","0","N","","1","1","0","0","0","0","0","2","0","1","","04","","N","","","","","","","","","",""
"2021025302","","0","0","0","0","0","0","1","0","0","2","1","","02","2","2021","5","40.440495","-79.832259","","11","0","0","0","0","0","0","1","0","","0","0","0","","","0","N","0","","40 26:25.781","3","0","79 49:56.133","0","0","0","0","2419","0","0","0","N","0","0","0","11","68B03","0","","1.0","1610.0","1","Y","N","N","0","","0","0","1","","0","N","","2","0","0","0","0","0","0","2","0","2","","","","N","","","","","","","","","",""
"2021022425","","3","0","0","0","0","0","0","0","0","5","0","","02","3","2021","4","40.51845","-80.044158","","11","0","0","0","0","0","0","0","0","","0","0","0","","","0","N","0","","40 31:06.420","","0","80 02:38.968","0","0","0","0","2474","0","0","0","N","0","0","0","1","02474","0","","6.0","","1","N","N","N","0","","0","0","0","","0","","","3","0","0","0","0","0","0","2","0","3","","03","","N","","","","","","","","","",""
"2021004222","","0","0","0","0","0","0","0","0","0","4","0","","02","1","2021","4","40.460135","-79.866293","","11","0","0","0","0","0","0","1","0","","0","0","0","","","3","Y","0","","40 27:36.486","","0","79 51:58.655","8","0","0","0","2113","0","0","0","N","0","0","0","5","02113","0","","1.0","","1","N","N","Y","0","","0","0","2","","0","","","2","3","1","0","0","3","0","2","0","2","","04","","N","","","","","","","","","",""
"2021006248","","3","0","0","0","0","0","0","0","0","1","0","","02","1","2021","3","40.407569","-79.890955","","11","0","0","0","0","0","0","1","0","","0","0","0","","","1","N","0","","40 24:27.249","","0","79 53:27.437","3","0","0","0","2448","0","0","0","N","0","0","0","3","02448","0","","1.0","","1","","","N","0","","1","0","0","","0","","","3","1","0","0","0","0","0","2","0","3","","03","","N","","","","","","","","","",""
"2021002933","","1","0","0","0","0","0","0","0","0","4","0","","02","1","2021","3","40.331159","-79.986641","","11","0","0","0","0","0","0","1","0","","0","0","0","","","0","","2","","40 19:52.174","3","0","79 59:11.906","0","0","0","0","2403","0","0","0","N","0","0","0","2","02403","0","","1.0","1119.0","1","N","N","N","1","","0","0","0","","2","Y","","2","0","0","0","0","0","0","2","0","2","","04","","N","","","","","","","","","",""
"2021023474","","0","0","0","0","0","0","0","0","0","7","0","","02","3","2021","4","40.463631","-79.949082","","11","0","0","0","0","0","0","0","0","","0","0","0","","","1","Y","0","","40 27:49.070","4","0","79 56:56.696","8","0","0","0","2301","0","0","0","N","0","0","0","1","02301","0","","2.0","2205.0","1","N","N","N","0","","0","0","1","","2","Y","","1","1","0","0","0","1","0","2","0","1","","03","","N","","","","","","","","","",""
"2021016662","","0","0","0","0","0","0","0","0","0","7","0","","02","2","2021","5","40.451833","-79.755158","","11","0","0","0","0","0","1","0","0","","0","0","0","","","0","","2","","40 27:06.598","3","0","79 45:18.568","0","0","0","0","2446","0","0","0","N","0","0","0","1","02446","0","","4.0","44.0","7","N","N","N","0","","0","0","1","","3","N","","1","0","0","0","0","0","0","2","0","1","","02","","N","","","","","","","","","",""
"2021025082","","1","0","0","0","0","0","0","0","0","98","0","","02","2","2021","3","40.278258","-79.941318","","11","0","0","0","0","0","0","0","0","","0","0","0","","","1","N","0","","40 16:41.728","","0","79 56:28.743","3","0","0","0","2440","0","0","0","N","0","0","0","1","68T09","0","","1.0","","1","N","N","N","0","","1","0","0","","0","","","1","1","0","0","0","0","0","2","0","1","","","","N","","","","","","","","","",""
"2021023924","","0","0","0","0","0","0","0","0","0","5","1","","02","2","2021","5","40.437692","-80.003787","","11","0","0","0","0","0","0","0","0","","0","1","0","","","1","N","0","","40 26:15.692","4","0","80 00:13.633","4","0","0","0","2301","0","0","0","N","0","0","0","2","68B03","1","","1.0","955.0","1","N","N","N","0","","0","0","1","","0","N","","2","1","1","0","0","0","0","2","0","2","","03","","N","","","","","","","","","",""
"2021003487","","2","0","0","0","0","0","0","0","0","1","0","","02","1","2021","2","40.45022","-79.948684","","11","0","0","0","0","0","0","0","1","","0","0","0","","","1","N","0","","40 27:00.793","5","0","79 56:55.263","4","0","0","0","2301","0","0","0","N","0","0","0","1","02301","1","","6.0","1559.0","1","N","N","N","0","","0","0","0","","0","N","","3","1","0","0","0","0","0","2","0","2","","04","","N","","","","","","","","","",""
"2021003474","","2","0","0","0","0","0","0","0","0","4","0","","02","1","2021","5","40.673438","-80.097011","","11","0","0","0","1","0","0","0","0","","0","0","0","","","0","","1","","40 40:24.376","4","0","80 05:49.239","0","0","0","0","2212","0","0","0","N","0","0","0","2","02505","0","","1.0","1335.0","1","N","N","N","0","","0","0","0","","3","N","","2","0","0","0","0","0","0","2","0","2","","03","","N","","","","","","","","","",""
"2021024929","","0","0","0","0","0","0","0","0","0","3","0","","02","3","2021","7","40.559809","-80.014484","","11","0","0","0","0","0","1","0","0","","0","0","0","","","0","N","3","","40 33:35.312","4","0","80 00:52.143","0","0","0","0","2108","0","0","0","N","0","0","0","2","02108","0","","1.0","1343.0","1","N","N","N","0","","0","0","2","","3","Y","","2","0","0","0","0","0","0","2","0","2","","","","N","","","","","","","","","",""
"2021016978","","1","0","0","0","0","0","0","0","0","4","0","","02","2","2021","5","40.270739","-79.899237","","11","0","0","0","0","0","0","0","0","","0","0","0","","","0","N","2","","40 16:14.661","","0","79 53:57.252","0","0","0","0","2471","0","0","0","N","0","0","0","3","02428","0","","1.0","","9","N","N","N","0","","0","0","1","","3","","","2","0","0","0","0","0","0","2","0","2","","02","","N","","","","","","","","","",""
"2021023853","","1","0","0","0","0","0","0","0","0","8","0","","02","3","2021","6","40.438127","-79.95395","","11","0","0","1","0","0","0","0","0","","0","0","0","","","2","","1","","40 26:17.256","5","0","79 57:14.221","3","0","0","0","2301","1","0","0","N","1","0","0","2","02301","1","","5.0","1603.0","1","N","N","N","0","","1","0","0","","2","Y","","3","2","0","0","0","0","0","2","0","1","","03","","N","","","","","","","","","",""
"2021005118","","0","0","0","0","0","0","0","0","0","7","0","","02","1","2021","7","40.343559","-79.97197","","11","0","0","0","0","0","0","0","0","","0","0","0","","","1","N","0","","40 20:36.811","","0","79 58:19.091","8","0","0","0","2403","0","0","0","N","0","0","0","1","02403","0","","2.0","","7","N","N","N","0","","0","0","1","","0","","","1","1","0","0","0","1","0","2","0","1","","","","N","","","","","","","","","",""
"2021024114","","2","0","0","0","0","0","0","0","0","4","0","","02","3","2021","7","40.338991","-79.960201","","11","0","1","0","0","0","1","0","0","","0","0","0","","","0","","1","","40 20:20.366","2","0","79 57:36.725","0","0","0","0","2454","0","0","0","N","0","0","0","4","02454","0","","1.0","1632.0","1","N","N","N","0","","0","0","0","","2","N","","2","0","0","0","0","0","0","2","0","2","","03","","N","","","","","","","","","",""
"2021024907","","1","0","0","0","0","0","0","0","0","2","0","","02","3","2021","2","40.368813","-80.084834","","11","0","0","0","0","0","0","0","0","","0","0","0","","","0","N","2","","40 22:07.726","","0","80 05:05.402","0","0","0","0","2117","0","0","0","N","0","0","0","2","02117","0","","1.0","","1","N","N","N","0","","0","0","1","","0","N","","2","0","0","0","0","0","0","2","0","2","","98","","N","","","","","","","","","",""
"2021022082","","1","0","0","0","0","0","0","0","0","7","0","","02","2","2021","4","40.491431","-79.875401","","11","0","0","0","0","0","0","0","0","","0","0","0","","","1","N","0","","40 29:29.150","","0","79 52:31.442","3","0","0","0","2112","0","0","0","Y","0","0","0","2","68D02","0","","4.0","","1","N","N","N","0","","1","0","0","","0","","","1","1","0","0","0","0","0","2","0","1","","","","N","","","","","","","","","",""
"2021021081","","1","0","0","0","0","0","0","0","0","7","0","","02","3","2021","3","40.347642","-79.859497","","11","0","0","0","0","0","0","0","0","","0","0","0","","","0","N","0","","40 20:51.512","7","0","79 51:34.189","0","0","0","0","2304","0","0","0","N","0","0","0","2","02304","0","","5.0","1425.0","1","N","N","N","0","","0","0","0","","0","Y","","1","0","0","0","0","0","0","2","0","1","","03","","N","","","","","","","","","",""
"2021022615","","2","0","0","0","0","0","0","0","0","4","0","","02","3","2021","7","40.505861","-79.793169","","11","0","0","0","0","0","0","2","0","","0","0","0","","","1","N","2","","40 30:21.099","5","0","79 47:35.409","3","0","0","0","2113","0","0","0","N","0","0","0","2","02113","0","","1.0","1625.0","1","N","N","N","0","","1","0","0","","3","N","","2","1","0","0","0","0","0","2","0","2","","03","","N","","","","","","","","","",""
"2021023223","","1","0","0","0","0","0","0","0","0","7","0","","02","3","2021","4","40.422107","-79.927748","","11","0","0","0","0","0","0","1","0","","0","0","0","","","0","","2","","40 25:19.585","1","0","79 55:39.893","0","0","0","0","2301","0","0","0","N","0","0","0","1","02301","0","","5.0","1415.0","1","N","N","N","0","","0","0","0","","0","Y","","1","0","0","0","0","0","0","2","0","1","","","","N","","","","","","","","","",""