"CRN","ARRIVAL_TM","AUTOMOBILE_COUNT","BELTED_DEATH_COUNT","BELTED_SUSP_SERIOUS_INJ_COUNT","BICYCLE_COUNT","BICYCLE_DEATH_COUNT","BICYCLE_SUSP_SERIOUS_INJ_COUNT","BUS_COUNT","CHLDPAS_DEATH_COUNT","CHLDPAS_SUSP_SERIOUS_INJ_COUNT","COLLISION_TYPE","COMM_VEH_COUNT","CONS_ZONE_SPD_LIM","COUNTY","CRASH_MONTH","CRASH_YEAR","DAY_OF_WEEK","DEC_LATITUDE","DEC_LONGITUDE","DISPATCH_TM","DISTRICT","DRIVER_COUNT_16YR","DRIVER_COUNT_17YR","DRIVER_COUNT_18YR","DRIVER_COUNT_19YR","DRIVER_COUNT_20YR","DRIVER_COUNT_50_64YR","DRIVER_COUNT_65_74YR","DRIVER_COUNT_75PLUS","EST_HRS_CLOSED","FATAL_COUNT","HEAVY_TRUCK_COUNT","HORSE_BUGGY_COUNT","HOUR_OF_DAY","ILLUMINATION","INJURY_COUNT","INTERSECTION_RELATED","INTERSECT_TYPE","LANE_CLOSED","LATITUDE","LN_CLOSE_DIR","LOCATION_TYPE","LONGITUDE","MAX_SEVERITY_LEVEL","MCYCLE_DEATH_COUNT","MCYCLE_SUSP_SERIOUS_INJ_COUNT","MOTORCYCLE_COUNT","MUNICIPALITY","NONMOTR_COUNT","NONMOTR_DEATH_COUNT","NONMOTR_SUSP_SERIOUS_INJ_COUNT","NTFY_HIWY_MAINT","PED_COUNT","PED_DEATH_COUNT","PED_SUSP_SERIOUS_INJ_COUNT","PERSON_COUNT","POLICE_AGCY","POSSIBLE_INJ_COUNT","RDWY_SURF_TYPE_CD","RELATION_TO_ROAD","ROADWAY_CLEARED","ROAD_CONDITION","SCH_BUS_IND","SCH_ZONE_IND","SECONDARY_CRASH","SMALL_TRUCK_COUNT","SPEC_JURIS_CD","SUSP_MINOR_INJ_COUNT","SUSP_SERIOUS_INJ_COUNT","SUV_COUNT","TCD_FUNC_CD","TCD_TYPE","TFC_DETOUR_IND","TIME_OF_DAY","TOTAL_UNITS","TOT_INJ_COUNT","UNBELTED_OCC_COUNT","UNB_DEATH_COUNT","UNB_SUSP_SERIOUS_INJ_COUNT","UNK_INJ_DEG_COUNT","UNK_INJ_PER_COUNT","URBAN_RURAL","VAN_COUNT","VEHICLE_COUNT","WEATHER1","WEATHER2","WORKERS_PRES","WORK_ZONE_IND","WORK_ZONE_LOC","WORK_ZONE_TYPE","WZ_CLOSE_DETOUR","WZ_FLAGGER","WZ_LAW_OFFCR_IND","WZ_LN_CLOSURE","WZ_MOVING","WZ_OTHER","WZ_SHLDER_MDN","WZ_WORKERS_INJ_KILLED"
"2021009653","","0","0","0","0","0","0","0","0","0","7","0","","02","1","2021","6","40.440231","-80.079558","","11","0","0","0","0","0","0","0","0","","0","0","0","","","0","N","0","","40 26:24.833","4","0","80 04:46.407","0","0","0","0","2421","0","0","0","N","0","0","0","1","02421","0","","2.0","1557.0","1","N","N","N","1","","0","0","0","","0","N","","1","0","1","0","0","0","0","2","0","1","","03","","N","","","","","","","","","",""
"2021003494","","1","0","0","0","0","0","0","0","0","1","0","","02","1","2021","2","40.429013","-79.915696","","11","0","0","0","0","0","1","0","0","","0","0","0","","","2","N","0","","40 25:44.447","","0","79 54:56.507","3","0","0","0","2301","0","0","0","N","0","0","0","3","02301","0","","1.0","","1","N","N","N","0","","2","0","1","","0","","","2","2","0","0","0","0","0","2","0","2","","","","N","","","","","","","","","",""
"2021007625","","2","0","0","0","0","0","0","0","0","2","0","","02","1","2021","5","40.330527","-80.022053","","11","0","0","0","0","0","0","0","2","","0","0","0","","","1","","5","","40 19:49.897","1","0","80 01:19.389","3","0","0","0","2407","0","0","0","N","0","0","0","2","02407","0","","1.0","1911.0","1","N","N","N","0","","1","0","0","","2","Y","","2","1","0","0","0","0","0","2","0","2","","","","N","","","","","","","","","",""
"2021002818","","1","0","0","0","0","0","0","0","0","7","0","","02","1","2021","6","40.449979","-79.874106","","11","0","0","0","0","0","0","0","0","","0","0","0","","","0","","11","","40 26:59.924","4","0","79 52:26.781","9","0","0","0","2301","0","0","0","N","0","0","0","1","02301","0","","2.0","1915.0","1","N","N","N","0","","0","0","0","","0","N","","1","0","0","0","0","0","1","2","0","1","","03","","N","","","","","","","","","",""
"2021004922","","1","0","0","0","0","0","0","0","0","8","0","","02","1","2021","6","40.394894","-80.021547","","11","0","0","0","0","0","0","0","0","","0","0","0","","","2","","2","","40 23:41.618","5","0","80 01:17.569","2","0","0","0","2301","2","0","2","N","2","0","2","3","02301","0","","1.0","1813.0","9","N","N","N","0","","0","2","0","","2","N","","3","2","0","0","0","0","0","2","0","1","","07","","N","","","","","","","","","",""
"2021004542","","1","0","0","0","0","0","0","0","0","7","0","","02","1","2021","5","40.532301","-79.879701","","11","0","0","0","0","1","0","0","0","","0","0","0","","","0","N","0","","40 31:56.284","","0","79 52:46.923","0","0","0","0","2432","0","0","0","N","0","0","0","1","02432","0","","5.0","","9","N","N","N","0","","0","0","0","","0","","","1","0","0","0","0","0","0","2","0","1","","","","N","","","","","","","","","",""
"2021005199","","1","0","0","0","0","0","0","0","0","7","0","","02","1","2021","7","40.53677","-79.971401","","11","0","0","1","0","0","0","0","0","","0","0","0","","","0","","2","","40 32:12.371","","0","79 58:17.042","0","0","0","0","2118","0","0","0","N","0","0","0","1","02118","0","","5.0","","7","N","N","N","0","","0","0","0","","0","N","","1","0","0","0","0","0","0","2","0","1","","10","","N","","","","","","","","","",""
"2021005342","","1","0","0","0","0","0","0","0","0","4","0","","02","1","2021","1","40.336615","-79.971295","","11","0","0","0","1","0","0","0","0","","0","0","0","","","1","N","2","","40 20:11.814","3","0","79 58:16.662","8","0","0","0","2454","0","0","0","N","0","0","0","2","02454","0","","1.0","1233.0","1","N","N","N","0","","0","0","1","","2","N","","2","1","0","0","0","1","0","2","0","2","","03","","N","","","","","","","","","",""
"2021005131","","0","0","0","0","0","0","0","0","0","7","0","","02","1","2021","7","40.538899","-79.874032","","11","0","0","1","0","0","0","0","0","","0","0","0","","","1","N","0","","40 32:20.036","1","0","79 52:26.514","8","0","0","0","2432","0","0","0","N","0","0","0","1","02432","0","","5.0","1309.0","7","N","N","N","0","","0","0","1","","0","N","","1","1","0","0","0","1","0","2","0","1","","","","N","","","","","","","","","",""
"2021000229","","1","0","0","0","0","0","0","0","0","98","0","","02","1","2021","6","40.502983","-80.050444","","11","0","0","0","0","0","0","0","0","","0","0","0","","","1","N","0","","40 30:10.739","5","0","80 03:01.600","8","0","0","0","2404","0","0","0","N","0","0","0","1","02404","0","","5.0","322.0","1","N","N","N","0","","0","0","0","","0","Y","","1","1","0","0","0","1","0","2","0","1","","","","N","","","","","","","","","",""
"2021006435","","3","0","0","0","0","0","0","0","0","1","0","","02","1","2021","3","40.390586","-79.869194","","11","0","0","0","1","0","1","0","0","","0","0","0","","","1","N","1","","40 23:26.110","2","0","79 52:09.097","8","0","0","0","2473","0","0","0","N","0","0","0","5","02473","0","","1.0","738.0","9","N","N","N","0","","0","0","0","","2","N","","3","1","1","0","0","1","0","2","0","3","","","","N","","","","","","","","","",""
"2021002794","","3","0","0","0","0","0","0","0","0","1","0","","02","1","2021","6","40.405512","-80.083671","","11","0","0","0","0","0","0","0","0","","0","0","0","","","1","N","1","","40 24:19.843","","0","80 05:01.215","8","0","0","0","2415","0","0","0","N","0","0","0","5","02415","0","","1.0","","1","N","N","N","1","","0","0","0","","0","","","4","1","0","0","0","1","0","2","0","4","","03","","N","","","","","","","","","",""
"2021004682","","2","0","0","0","0","0","0","0","0","1","0","","02","1","2021","3","40.425791","-79.910754","","11","0","0","0","0","0","0","0","0","","0","0","0","","","0","N","0","","40 25:32.846","","4","79 54:38.713","0","0","0","0","2301","0","0","0","N","0","0","0","2","68B03","0","","1.0","","1","N","N","N","0","","0","0","0","","0","","","2","0","0","0","0","0","0","2","0","2","","03","","N","","","","","","","","","",""
"2021007509","","3","0","0","0","0","0","0","0","0","1","0","","02","1","2021","4","40.469301","-79.900018","","11","0","0","0","0","0","1","0","0","","0","0","0","","","1","N","0","","40 28:09.485","6","0","79 54:00.066","3","0","0","0","2301","0","0","0","N","0","0","0","1","02301","0","","6.0","800.0","1","N","N","N","0","","1","0","0","","0","Y","","3","1","1","0","0","0","0","2","0","3","","03","","N","","","","","","","","","",""
"2021003917","","1","0","0","0","0","0","0","0","0","7","0","","02","1","2021","1","40.345733","-79.831126","","11","0","0","0","0","0","0","0","0","","0","0","0","","","0","","2","","40 20:44.638","","0","79 49:52.053","0","0","0","0","2304","0","0","0","N","0","0","0","1","02304","0","","4.0","","1","N","N","N","0","","0","0","0","","0","","","1","0","0","0","0","0","0","2","0","1","","03","","N","","","","","","","","","",""
"2021003237","","1","0","0","0","0","0","0","0","0","7","0","","02","1","2021","1","40.463667","-79.816857","","11","0","0","0","0","0","0","0","0","","0","0","0","","","0","N","0","","40 27:49.201","6","0","79 49:00.685","9","0","0","0","2113","0","0","0","N","0","0","0","1","02113","0","","5.0","425.0","1","N","N","N","0","","0","0","0","","0","Y","","1","0","1","0","0","0","1","2","0","1","","","","N","","","","","","","","","",""
"2021002637","","0","0","0","0","0","0","0","0","0","4","0","","02","1","2021","5","40.44811","-79.709521","","11","0","0","0","0","0","2","0","0","","0","0","0","","","1","","1","","40 26:53.195","7","0","79 42:34.276","3","0","0","0","2466","0","0","0","N","0","0","0","3","02466","0","","1.0","1243.0","1","N","N","N","0","","1","0","2","","3","Y","","2","1","1","0","0","0","0","2","0","2","","03","","N","","","","","","","","","",""
"2021004503","","0","0","0","0","0","0","0","0","0","7","0","","02","1","2021","5","40.321182","-79.958327","","11","0","0","0","0","0","1","0","0","","0","0","0","","","0","N","0","","40 19:16.256","6","0","79 57:29.977","0","0","0","0","2454","0","0","0","N","0","0","0","1","02454","0","","5.0","1247.0","1","N","N","N","0","","0","0","1","","0","N","","1","0","0","0","0","0","0","2","0","1","","03","","N","","","","","","","","","",""
"2021002903","","2","0","0","0","0","0","0","0","0","4","0","","02","1","2021","7","40.454352","-79.977766","","11","0","0","0","0","0","0","0","0","","0","0","0","","","0","N","2","","40 27:15.668","4","0","79 58:39.957","0","0","0","0","2301","0","0","0","N","0","0","0","3","02301","0","","1.0","355.0","1","N","N","N","0","","0","0","0","","0","N","","2","0","0","0","0","0","0","2","0","2","","","","N","","","","","","","","","",""
"2021008550","","1","0","0","0","0","0","0","0","0","1","0","","02","1","2021","1","40.442624","-79.810796","","11","0","0","0","0","1","0","1","0","","0","0","0","","","1","N","0","","40 26:33.446","3","0","79 48:38.867","3","0","0","0","2113","0","0","0","N","0","0","0","4","68B03","0","","1.0","910.0","1","N","N","N","0","","1","0","1","","0","N","","2","1","1","0","0","0","0","2","0","2","","03","","N","","","","","","","","","",""
"2021008090","","1","0","0","0","0","0","0","0","0","3","0","","02","1","2021","1","40.46935","-79.86654","","11","0","0","0","0","0","0","0","0","","0","0","0","","","1","","2","","40 28:09.660","","0","79 51:59.544","3","0","0","0","2113","0","0","0","N","0","0","0","2","02113","0","","1.0","","1","N","N","N","0","","1","0","1","","3","","","2","1","0","0","0","0","1","2","0","2","","","","N","","","","","","","","","",""
"2021005927","","1","0","0","0","0","0","0","0","0","0","0","","02","1","2021","2","40.306965","-79.904813","","11","0","0","0","0","0","0","0","0","","0","0","0","","","0","N","2","","40 18:25.075","","0","79 54:17.327","0","0","0","0","2440","0","0","0","N","0","0","0","1","02440","0","","1.0","","1","N","N","N","0","","0","0","0","","0","","","1","0","0","0","0","0","0","2","0","1","","","","N","","","","","","","","","",""
"2021007036","","2","0","0","0","0","0","0","0","0","1","1","","02","1","2021","5","40.367964","-79.779834","","11","0","0","0","0","0","0","0","1","","0","1","0","","","0","N","1","","40 22:04.670","2","0","79 46:47.401","0","0","0","0","2111","0","0","0","N","0","0","0","5","02111","0","","1.0","1614.0","1","N","N","N","0","","0","0","0","","2","N","","3","0","2","0","0","0","0","2","0","3","","","","N","","","","","","","","","",""
"2021003533","","1","0","0","0","0","0","0","0","0","8","0","","02","1","2021","2","40.441265","-79.95918","","11","0","0","0","0","0","0","0","0","","0","0","0","","","1","N","1","","40 26:28.554","","0","79 57:33.047","3","0","0","0","2301","1","0","0","N","1","0","0","2","02301","0","","1.0","","1","N","N","N","0","","1","0","0","","2","","","2","1","0","0","0","0","0","2","0","1","","03","","N","","","","","","","","","",""
"2021005841","","1","0","0","0","0","0","0","0","0","7","0","","02","1","2021","2","40.566164","-80.038106","","11","0","0","0","0","0","0","0","0","","0","0","0","","","0","","2","","40 33:58.190","","0","80 02:17.182","0","0","0","0","2108","0","0","0","N","0","0","0","1","02108","0","","3.0","","7","N","N","N","0","","0","0","0","","2","N","","1","0","0","0","0","0","0","2","0","1","","","","N","","","","","","","","","",""
"2021002789","","0","0","0","0","0","0","0","0","0","1","0","","02","1","2021","6","40.349743","-79.885734","","11","0","0","0","1","0","1","0","0","","0","0","0","","","2","","2","","40 20:59.076","3","0","79 53:08.644","8","0","0","0","2423","0","0","0","N","0","0","0","3","02304","0","","1.0","1918.0","1","N","N","N","1","","0","0","1","","0","N","","2","2","0","0","0","2","0","2","0","2","","03","","N","","","","","","","","","",""
"2021000936","","1","0","0","0","0","0","0","0","0","5","1","","02","1","2021","2","40.44011","-79.996333","","11","0","0","0","0","0","1","0","0","","0","1","0","","","1","N","2","","40 26:24.395","2","0","79 59:46.799","8","0","0","0","2301","0","0","0","N","0","0","0","2","02301","0","","1.0","1140.0","1","N","N","N","0","","0","0","0","","2","Y","","2","1","0","0","0","1","0","2","0","2","","04","","N","","","","","","","","","",""
"2021002885","","1","0","0","0","0","0","0","0","0","7","0","","02","1","2021","6","40.477923","-79.932688","","11","0","0","0","0","0","0","0","0","","0","0","0","","","0","N","0","","40 28:40.523","5","0","79 55:57.675","0","0","0","0","2301","0","0","0","Y","0","0","0","3","02301","0","","2.0","2346.0","1","N","N","N","0","","0","0","0","","0","N","","2","0","0","0","0","0","0","2","0","1","","","","N","","","","","","","","","",""
"2021004368","","1","0","0","0","0","0","0","0","0","1","0","","02","1","2021","4","40.380041","-79.808974","","11","0","0","0","0","1","2","0","0","","0","0","0","","","2","N","0","","40 22:48.149","3","0","79 48:32.307","3","0","0","0","2111","0","0","0","N","0","0","0","4","02111","0","","1.0","1807.0","1","N","N","N","0","","2","0","2","","2","N","","3","2","0","0","0","0","0","2","0","3","","03","","N","","","","","","","","","",""
"2021006891","","1","0","0","0","0","0","0","0","0","4","0","","02","1","2021","5","40.582738","-79.953865","","11","0","0","0","0","0","1","0","0","","0","0","0","","","1","N","2","","40 34:57.855","2","0","79 57:13.914","3","0","0","0","2207","0","0","0","N","0","0","0","3","02207","0","","1.0","800.0","2","N","N","N","1","","1","0","0","","3","Y","","2","1","0","0","0","0","0","2","0","2","","","","N","","","","","","","","","",""
"2021005163","","2","0","0","0","0","0","0","0","0","6","0","","02","1","2021","7","40.419784","-79.929698","","11","0","0","0","0","0","1","1","0","","0","0","0","","","0","N","2","","40 25:11.222","4","0","79 55:46.913","0","0","0","0","2301","0","0","0","N","0","0","0","2","02301","0","","1.0","1350.0","9","N","N","N","0","","0","0","0","","0","N","","2","0","0","0","0","0","0","2","0","2","","","","N","","","","","","","","","",""
"2021004858","","1","0","0","0","0","0","0","0","0","1","0","","02","1","2021","3","40.496402","-79.915216","","11","0","0","0","0","0","1","0","0","","0","0","0","","","1","N","0","","40 29:47.047","1","0","79 54:54.779","4","0","0","0","2112","0","0","0","N","0","0","0","2","68D02","1","","1.0","1351.0","1","N","N","N","1","","0","0","0","","0","N","","2","1","0","0","0","0","0","2","0","2","","03","","N","","","","","","","","","",""
"2021008289","","0","0","0","0","0","0","0","0","0","7","0","","02","1","2021","7","40.361972","-80.011083","","11","0","0","0","0","0","1","0","0","","0","0","0","","","0","N","0","","40 21:43.100","4","0","80 00:39.900","0","0","0","0","2476","0","0","0","N","0","0","0","1","02416","0","","2.0","30.0","7","N","N","N","0","","0","0","1","","0","N","","1","0","0","0","0","0","0","2","0","1","","10","","N","","","","","","","","","",""
"2021002628","","1","0","0","0","0","0","0","0","0","7","0","","02","1","2021","6","40.510284","-79.823445","","11","0","0","0","0","0","0","0","0","","0","0","0","","","0","N","2","","40 30:37.022","","0","79 49:24.401","9","0","0","0","2113","0","0","0","N","0","0","0","1","02113","0","","5.0","","1","N","N","N","0","","0","0","0","","0","N","","1","0","0","0","0","0","1","2","0","1","","","","N","","","","","","","","","",""
"2021002890","","1","0","0","0","0","0","0","0","0","2","0","","02","1","2021","6","40.461375","-79.864754","","11","0","0","0","0","0","0","0","0","","0","0","0","","","0","N","0","","40 27:40.950","","0","79 51:53.114","0","0","0","0","2113","0","0","0","N","0","0","0","2","02113","0","","6.0","","1","N","N","N","0","","0","0","0","","0","","","1","0","0","0","0","0","0","2","0","1","","03","","N","","","","","","","","","",""
"2021008633","","1","0","0","0","0","0","0","0","0","4","0","","02","1","2021","3","40.454043","-79.912443","","11","0","0","0","0","0","1","0","0","","0","0","0","","","1","","1","","40 27:14.553","4","0","79 54:44.793","4","0","0","0","2301","0","0","0","N","0","0","0","2","02301","1","","1.0","1935.0","9","N","N","N","0","","0","0","0","","2","Y","","2","1","0","0","0","0","0","2","1","2","","","","N","","","","","","","","","",""
"2021006299","","1","0","0","0","0","0","0","0","0","1","0","","02","1","2021","3","40.425869","-79.901238","","11","0","0","0","0","0","1","0","0","","0","0","0","","","1","N","0","","40 25:33.129","4","0","79 54:04.458","4","0","0","0","2301","0","0","0","N","0","0","0","4","68B03","1","","1.0","2315.0","1","N","N","N","1","","0","0","2","","2","N","","4","1","0","0","0","0","0","2","0","4","","","","N","","","","","","","","","",""
"2021004998","","1","0","0","0","0","0","0","0","0","7","0","","02","1","2021","6","40.638039","-79.93824","","11","0","0","0","0","0","0","0","0","","0","0","0","","","1","N","0","","40 38:16.942","7","0","79 56:17.663","8","0","0","0","2217","0","0","0","N","0","0","0","2","02505","0","","5.0","1836.0","9","N","N","N","0","","0","0","0","","0","Y","","1","1","1","0","0","1","0","2","0","1","","","","N","","","","","","","","","",""
"2021005483","","1","0","0","0","0","0","0","0","0","7","0","","02","1","2021","7","40.341123","-79.932024","","11","0","0","0","0","0","0","0","0","","0","0","0","","","1","N","0","","40 20:28.043","","0","79 55:55.287","3","0","0","0","2473","0","0","0","N","0","0","0","1","02473","0","","2.0","","9","N","N","N","0","","1","0","0","","0","","","1","1","0","0","0","0","0","2","0","1","","05","","N","","","","","","","","","",""
"2021003338","","3","0","0","0","0","0","0","0","0","5","0","","02","1","2021","6","40.443052","-79.927896","","11","0","0","0","0","0","0","0","0","","0","0","0","","","0","N","2","","40 26:34.987","","0","79 55:40.425","0","0","0","0","2301","0","0","0","N","0","0","0","1","02301","0","","1.0","","1","N","N","N","0","","0","0","0","","0","","","3","0","0","0","0","0","0","2","0","3","","03","","N","","","","","","","","","",""
"2021005343","","1","0","0","0","0","0","0","0","0","7","0","","02","1","2021","7","40.483478","-79.761143","","11","0","0","0","0","0","0","0","0","","0","0","0","","","0","N","0","","40 29:00.522","","0","79 45:40.116","0","0","0","0","2466","0","0","0","N","0","0","0","1","02466","0","","2.0","","7","N","N","N","0","","0","0","0","","0","","","1","0","0","0","0","0","0","2","0","1","","","","N","","","","","","","","","",""
"2021004762","","1","0","0","0","0","0","0","0","0","6","0","","02","1","2021","6","40.46258","-79.894497","","11","0","0","0","0","0","0","0","0","","0","0","0","","","0","","3","","40 27:45.288","2","0","79 53:40.189","9","0","0","0","2301","0","0","0","N","0","0","0","5","02301","0","","1.0","1310.0","1","N","N","N","1","","0","0","0","","0","Y","","2","0","0","0","0","0","1","2","0","2","","03","","N","","","","","","","","","",""
"2021009138","","0","0","0","0","0","0","0","0","0","7","0","","02","1","2021","2","40.525088","-80.135171","","11","0","0","0","0","0","0","0","0","","0","0","0","","","0","N","0","","40 31:30.315","","0","80 08:06.614","0","0","0","0","2434","0","0","0","N","0","0","0","1","68B03","0","","4.0","","99","N","N","N","0","","0","0","1","","0","","","1","0","0","0","0","0","0","1","0","1","","","","N","","","","","","","","","",""
"2021009618","","0","0","0","0","0","0","0","0","0","2","0","","02","1","2021","5","40.419809","-80.103756","","11","0","0","0","0","0","1","1","0","","0","0","0","","","1","N","0","","40 25:11.314","","0","80 06:13.520","4","0","0","0","2115","0","0","0","N","0","0","0","3","68B03","1","","2.0","","7","N","N","N","1","","0","0","1","","0","","","2","1","0","0","0","0","0","2","0","2","","04","","N","","","","","","","","","",""
"2021004795","","1","0","0","0","0","0","0","0","0","8","0","","02","1","2021","5","40.421795","-79.993731","","11","0","0","0","0","0","0","0","0","","0","0","0","","","1","N","1","","40 25:18.461","5","0","79 59:37.432","8","0","0","0","2301","1","0","0","N","1","0","0","2","02301","0","","1.0","1230.0","1","N","N","N","0","","0","0","0","","0","N","","2","1","0","0","0","1","0","2","0","1","","03","","N","","","","","","","","","",""
"2021006670","","1","0","0","0","0","0","0","0","0","7","0","","02","1","2021","2","40.275865","-79.908446","","11","0","0","0","0","0","1","0","0","","0","0","0","","","0","","3","","40 16:33.114","","0","79 54:30.407","0","0","0","0","2440","0","0","0","N","0","0","0","1","02440","0","","5.0","","7","N","N","N","0","","0","0","0","","0","","","1","0","0","0","0","0","0","2","0","1","","","","N","","","","","","","","","",""
"2021007933","","1","0","0","0","0","0","0","0","0","4","0","","02","1","2021","2","40.546177","-79.770448","","11","0","1","0","1","0","0","0","0","","0","0","0","","","1","N","2","","40 32:46.237","2","0","79 46:13.611","3","0","0","0","2121","0","0","0","N","0","0","0","4","02514","0","","1.0","2150.0","1","N","N","N","0","","1","0","1","","3","Y","","2","1","0","0","0","0","0","1","0","2","","03","","N","","","","","","","","","",""
"2021003301","","1","0","0","0","0","0","0","0","0","1","0","","02","1","2021","7","40.493944","-79.902744","","11","0","0","0","0","0","0","0","0","","0","0","0","","","0","N","0","","40 29:38.197","","0","79 54:09.878","0","0","0","0","2401","0","0","0","N","0","0","0","4","68D02","0","","1.0","","1","N","N","N","0","","0","0","1","","0","","","2","0","0","0","0","0","0","2","0","2","","","","N","","","","","","","","","",""
"2021008528","","2","0","0","0","0","0","0","0","0","5","0","","02","1","2021","7","40.409544","-79.749741","","11","0","0","0","0","0","1","0","0","","0","0","0","","","0","N","0","","40 24:34.359","","0","79 44:59.069","0","0","0","0","2446","0","0","0","N","0","0","0","1","02446","0","","1.0","","1","N","N","N","1","","0","0","0","","0","","","3","0","0","0","0","0","0","2","0","3","","03","","N","","","","","","","","","",""
"2021005474","","1","0","0","0","0","0","0","0","0","7","0","","02","1","2021","2","40.512356","-80.034402","","11","1","0","0","0","0","0","0","0","","0","0","0","","","0","N","0","","40 30:44.481","","0","80 02:03.848","0","0","0","0","2116","0","0","0","N","0","0","0","1","02116","0","","2.0","","1","N","N","N","0","","0","0","0","","0","","","1","0","0","0","0","0","0","2","0","1","","","","N","","","","","","","","","",""
"2021005593","","0","0","0","0","0","0","0","0","0","2","0","","02","1","2021","2","40.320213","-80.120149","","11","0","0","0","0","0","0","0","0","","0","0","0","","","0","N","0","","40 19:12.766","4","0","80 07:12.535","0","0","0","0","2119","0","0","0","N","0","0","0","2","02119","0","","1.0","830.0","2","N","N","N","0","","0","0","2","","0","N","","2","0","0","0","0","0","0","2","0","2","","","","N","","","","","","","","","",""
"2021003057","","0","0","0","0","0","0","0","0","0","8","0","","02","1","2021","6","40.389563","-80.041494","","11","0","0","0","0","0","0","0","0","","0","0","0","","","1","","2","","40 23:22.428","6","0","80 02:29.377","2","0","0","0","2109","1","0","1","N","1","0","1","2","02109","0","","1.0","731.0","1","N","N","N","1","","0","1","0","","2","Y","","2","1","0","0","0","0","0","2","0","1","","03","","N","","","","","","","","","",""
"2021007937","","0","0","0","0","0","0","0","0","0","2","0","","02","1","2021","2","40.440055","-80.032166","","11","0","0","0","0","0","0","0","0","","0","0","0","","","0","N","0","","40 26:24.197","","0","80 01:55.796","0","0","0","0","2301","0","0","0","N","0","0","0","1","02301","0","","1.0","","2","N","N","N","0","","0","0","1","","0","","","1","0","0","0","0","0","0","2","0","1","","","","N","","","","","","","","","",""
"2021007455","","2","0","0","0","0","0","0","0","0","6","0","","02","1","2021","7","40.433981","-79.753307","","11","0","0","0","0","0","1","0","1","","0","0","0","","","1","N","1","","40 26:02.333","","0","79 45:11.904","8","0","0","0","2446","0","0","0","N","0","0","0","3","02446","0","","1.0","","9","N","N","N","0","","0","0","0","","2","","","2","1","1","0","0","1","0","2","0","2","","","","N","","","","","","","","","",""
"2021004668","","1","0","0","0","0","0","0","0","0","4","0","","02","1","2021","5","40.642184","-79.938391","","11","0","0","0","0","0","0","0","0","","0","0","0","","","0","N","1","","40 38:31.862","","0","79 56:18.208","0","0","0","0","2217","0","0","0","N","0","0","0","2","02505","0","","1.0","","1","N","N","N","0","","0","0","1","","2","","","2","0","0","0","0","0","0","2","0","2","","","","N","","","","","","","","","",""
"2021004812","","1","0","0","0","0","0","0","0","0","7","0","","02","1","2021","6","40.344844","-79.938759","","11","0","0","0","0","0","0","1","0","","0","0","0","","","1","N","1","","40 20:41.438","1","0","79 56:19.531","4","0","0","0","2473","0","0","0","N","0","0","0","1","02473","1","","5.0","1022.0","1","N","N","N","0","","0","0","0","","2","N","","1","1","0","0","0","0","0","2","0","1","","03","","N","","","","","","","","","",""
"2021005192","","1","0","0","0","0","0","0","0","0","7","0","","02","1","2021","7","40.515453","-80.027439","","11","0","0","0","0","0","0","0","0","","0","0","0","","","0","","2","","40 30:55.630","6","0","80 01:38.782","0","0","0","0","2474","0","0","0","N","0","0","0","1","02474","0","","4.0","1226.0","7","N","N","N","0","","0","0","0","","3","Y","","1","0","0","0","0","0","0","2","0","1","","06","","N","","","","","","","","","",""
"2021004516","","0","0","0","0","0","0","1","0","0","1","1","","02","1","2021","5","40.389708","-79.933338","","11","0","0","0","0","0","0","1","0","","0","0","0","","","3","","1","","40 23:22.947","1","0","79 56:00.018","4","0","0","0","2301","0","0","0","N","0","0","0","5","02301","3","","1.0","1345.0","1","N","N","N","0","","0","0","1","","2","N","","2","3","1","0","0","0","0","2","0","2","","","","N","","","","","","","","","",""
"2021004855","","0","0","0","0","0","0","0","0","0","1","0","","02","1","2021","2","40.428683","-79.934535","","11","0","0","0","0","0","0","0","0","","0","0","0","","","0","N","0","","40 25:43.259","3","0","79 56:04.325","0","0","0","0","2301","0","0","0","N","0","0","0","2","68B03","0","","1.0","1555.0","1","N","N","N","0","","0","0","2","","0","N","","2","0","0","0","0","0","0","2","0","2","","03","","N","","","","","","","","","",""
"2021002957","","2","0","0","0","0","0","0","0","0","5","0","","02","1","2021","7","40.425488","-79.885703","","11","0","0","0","0","0","1","0","0","","0","0","0","","","1","N","2","","40 25:31.756","7","0","79 53:08.530","8","0","0","0","2463","0","0","0","N","0","0","0","1","02463","0","","2.0","956.0","1","N","N","N","0","","0","0","0","","0","N","","2","1","0","0","0","1","0","2","0","2","","03","","N","","","","","","","","","",""
"2021003489","","0","0","0","0","0","0","0","0","0","7","0","","02","1","2021","5","40.528322","-79.984419","","11","0","0","0","0","0","0","0","0","","0","0","0","","","0","N","0","","40 31:41.959","5","0","79 59:03.907","0","0","0","0","2118","0","0","0","N","0","0","0","1","02118","0","","5.0","2300.0","1","N","N","N","0","","0","0","1","","0","Y","","1","0","0","0","0","0","0","2","0","1","","03","","N","","","","","","","","","",""