"CRN","ARRIVAL_TM","AUTOMOBILE_COUNT","BELTED_DEATH_COUNT","BELTED_SUSP_SERIOUS_INJ_COUNT","BICYCLE_COUNT","BICYCLE_DEATH_COUNT","BICYCLE_SUSP_SERIOUS_INJ_COUNT","BUS_COUNT","CHLDPAS_DEATH_COUNT","CHLDPAS_SUSP_SERIOUS_INJ_COUNT","COLLISION_TYPE","COMM_VEH_COUNT","CONS_ZONE_SPD_LIM","COUNTY","CRASH_MONTH","CRASH_YEAR","DAY_OF_WEEK","DEC_LATITUDE","DEC_LONGITUDE","DISPATCH_TM","DISTRICT","DRIVER_COUNT_16YR","DRIVER_COUNT_17YR","DRIVER_COUNT_18YR","DRIVER_COUNT_19YR","DRIVER_COUNT_20YR","DRIVER_COUNT_50_64YR","DRIVER_COUNT_65_74YR","DRIVER_COUNT_75PLUS","EST_HRS_CLOSED","FATAL_COUNT","HEAVY_TRUCK_COUNT","HORSE_BUGGY_COUNT","HOUR_OF_DAY","ILLUMINATION","INJURY_COUNT","INTERSECTION_RELATED","INTERSECT_TYPE","LANE_CLOSED","LATITUDE","LN_CLOSE_DIR","LOCATION_TYPE","LONGITUDE","MAX_SEVERITY_LEVEL","MCYCLE_DEATH_COUNT","MCYCLE_SUSP_SERIOUS_INJ_COUNT","MOTORCYCLE_COUNT","MUNICIPALITY","NONMOTR_COUNT","NONMOTR_DEATH_COUNT","NONMOTR_SUSP_SERIOUS_INJ_COUNT","NTFY_HIWY_MAINT","PED_COUNT","PED_DEATH_COUNT","PED_SUSP_SERIOUS_INJ_COUNT","PERSON_COUNT","POLICE_AGCY","POSSIBLE_INJ_COUNT","RDWY_SURF_TYPE_CD","RELATION_TO_ROAD","ROADWAY_CLEARED","ROAD_CONDITION","SCH_BUS_IND","SCH_ZONE_IND","SECONDARY_CRASH","SMALL_TRUCK_COUNT","SPEC_JURIS_CD","SUSP_MINOR_INJ_COUNT","SUSP_SERIOUS_INJ_COUNT","SUV_COUNT","TCD_FUNC_CD","TCD_TYPE","TFC_DETOUR_IND","TIME_OF_DAY","TOTAL_UNITS","TOT_INJ_COUNT","UNBELTED_OCC_COUNT","UNB_DEATH_COUNT","UNB_SUSP_SERIOUS_INJ_COUNT","UNK_INJ_DEG_COUNT","UNK_INJ_PER_COUNT","URBAN_RURAL","VAN_COUNT","VEHICLE_COUNT","WEATHER1","WEATHER2","WORKERS_PRES","WORK_ZONE_IND","WORK_ZONE_LOC","WORK_ZONE_TYPE","WZ_CLOSE_DETOUR","WZ_FLAGGER","WZ_LAW_OFFCR_IND","WZ_LN_CLOSURE","WZ_MOVING","WZ_OTHER","WZ_SHLDER_MDN","WZ_WORKERS_INJ_KILLED"
"2021004484","","1","0","0","0","0","0","0","0","0","4","0","","02","1","2021","5","40.453297","-79.924801","","11","0","0","0","0","0","0","0","0","","0","0","0","","","1","","1","","40 27:11.869","2","0","79 55:29.283","4","0","0","0","2301","0","0","0","N","0","0","0","2","02301","1","","1.0","845.0","9","N","N","N","0","","0","0","1","","3","N","","2","1","1","0","0","0","0","2","0","2","","","","N","","","","","","","","","",""
"2021004695","","2","0","0","0","0","0","0","0","0","4","0","","02","1","2021","5","40.56796","-80.049493","","11","0","0","0","0","0","1","0","1","","0","0","0","","","0","","1","","40 34:04.655","4","0","80 02:58.174","0","0","0","0","2108","0","0","0","N","0","0","0","3","02108","0","","1.0","1904.0","1","N","N","N","0","","0","0","0","","3","Y","","2","0","0","0","0","0","0","2","0","2","","03","","N","","","","","","","","","",""
"2021007411","","0","0","0","0","0","0","0","0","0","5","1","","02","1","2021","6","40.484222","-79.907838","","11","0","0","0","0","0","0","0","0","","0","1","0","","","0","","2","","40 29:03.199","4","0","79 54:28.216","0","0","0","0","2301","0","0","0","N","0","0","0","2","02301","0","","1.0","1930.0","1","N","N","N","1","","0","0","0","","2","N","","2","0","0","0","0","0","0","2","0","2","","04","","N","","","","","","","","","",""
"2021002791","","1","0","0","0","0","0","0","0","0","8","0","","02","1","2021","6","40.346068","-79.879125","","11","0","0","0","0","0","0","0","0","","0","0","0","","","1","N","0","","40 20:45.845","6","0","79 52:44.849","8","0","0","0","2304","1","0","0","N","1","0","0","5","02304","0","","1.0","1821.0","1","N","N","N","0","","0","0","0","","0","N","","2","1","0","0","0","1","0","2","0","1","","03","","N","","","","","","","","","",""
"2021004549","","0","0","0","0","0","0","0","0","0","1","0","","02","1","2021","5","40.342879","-80.117553","","11","0","0","0","0","0","1","0","0","","0","0","0","","","0","N","0","","40 20:34.366","1","0","80 07:03.191","0","0","0","0","2119","0","0","0","N","0","0","0","2","02119","0","","1.0","1255.0","1","N","N","N","1","","0","0","1","","0","N","","2","0","0","0","0","0","0","2","0","2","","","","N","","","","","","","","","",""
"2021003480","","2","0","0","0","0","0","0","0","0","2","0","","02","1","2021","2","40.458841","-80.021297","","11","0","0","0","0","0","0","0","0","","0","0","0","","","2","","2","","40 27:31.826","6","0","80 01:16.670","2","0","0","0","2301","0","0","0","N","0","0","0","2","02301","0","","1.0","1523.0","1","N","N","N","0","","1","1","0","","3","N","","2","2","0","0","0","0","0","2","0","2","","","","N","","","","","","","","","",""
"2021003359","","0","0","0","0","0","0","0","0","0","1","1","","02","1","2021","1","40.602791","-79.947129","","11","0","0","0","0","0","0","0","0","","0","1","0","","","1","N","0","","40 36:10.048","1","0","79 56:49.663","3","0","0","0","2207","0","0","0","N","0","0","0","2","02207","0","","1.0","2100.0","1","N","N","N","0","","1","0","1","","0","Y","","2","1","0","0","0","0","0","2","0","2","","","","N","","","","","","","","","",""
"2021002977","","1","0","0","0","0","0","0","0","0","8","0","","02","1","2021","6","40.346897","-79.926482","","11","0","0","0","0","0","0","0","0","","1","0","0","","","1","N","0","","40 20:48.830","5","0","79 55:35.334","1","0","0","0","2473","1","1","0","N","1","1","0","2","02473","0","2","2.0","1145.0","1","N","N","N","0","0","1","0","0","","0","Y","","2","1","1","0","0","0","0","2","0","1","","","","N","","","","","","","","","",""
"2021006791","","1","0","0","0","0","0","0","0","0","98","0","","02","1","2021","4","40.594896","-79.978041","","11","0","0","0","0","0","0","0","0","","0","0","0","","","0","N","0","","40 35:41.624","3","0","79 58:40.947","0","0","0","0","2207","0","0","0","N","0","0","0","1","02207","0","","4.0","1934.0","1","N","N","N","0","","0","0","0","","0","N","","1","0","0","0","0","0","0","2","0","1","","","","N","","","","","","","","","",""
"2021003737","","2","0","0","0","0","0","0","0","0","4","0","","02","1","2021","3","40.453367","-79.980657","","11","0","0","0","0","0","0","0","0","","0","0","0","","","0","","1","","40 27:12.120","","0","79 58:50.364","0","0","0","0","2301","0","0","0","N","0","0","0","2","02301","0","","1.0","","1","N","N","N","0","","0","0","0","","3","","","2","0","0","0","0","0","0","2","0","2","","","","N","","","","","","","","","",""
"2021004881","","0","0","0","0","0","0","0","0","0","7","0","","02","1","2021","6","40.500313","-80.07322","","11","0","0","0","0","0","0","0","0","","0","0","0","","","1","N","0","","40 30:01.126","5","0","80 04:23.592","4","0","0","0","2402","0","0","0","N","0","0","0","1","02402","1","","4.0","1507.0","9","N","N","N","0","","0","0","1","","0","Y","","1","1","1","0","0","0","0","2","0","1","","","","N","","","","","","","","","",""
"2021006534","","2","0","0","0","0","0","0","0","0","2","0","","02","1","2021","4","40.397167","-80.084298","","11","0","0","0","0","0","0","0","1","","0","0","0","","","1","N","0","","40 23:49.802","4","7","80 05:03.472","8","0","0","0","2102","0","0","0","N","0","0","0","2","02102","0","","1.0","1243.0","1","N","N","N","0","","0","0","0","","0","N","","2","1","0","0","0","1","0","2","0","2","","03","","N","","","","","","","","","",""
"2021005738","","2","0","0","0","0","0","0","0","0","1","0","","02","1","2021","3","40.436503","-80.001468","","11","0","0","0","0","0","1","1","0","","0","0","0","","","2","N","0","","40 26:11.411","3","0","80 00:05.286","3","0","0","0","2301","0","0","0","N","0","0","0","4","68B03","0","","1.0","1500.0","1","N","N","Y","1","","2","0","0","","0","N","","3","2","1","0","0","0","0","2","0","3","","03","","N","","","","","","","","","",""
"2021004178","","0","0","0","0","0","0","0","0","0","5","1","","02","1","2021","7","40.496142","-79.912235","","11","0","0","0","0","0","1","0","0","","0","1","0","","","1","N","0","","40 29:46.110","","0","79 54:44.047","4","0","0","0","2112","0","0","0","Y","0","0","0","2","68D02","1","","1.0","","1","N","N","N","0","","0","0","1","","0","","","2","1","0","0","0","0","0","2","0","2","","","","N","","","","","","","","","",""
"2021007310","","0","0","0","0","0","0","0","0","0","1","1","","02","1","2021","6","40.405678","-79.823707","","11","0","0","0","0","0","0","0","0","","0","1","0","","","0","","1","","40 24:20.441","","0","79 49:25.345","0","0","0","0","2467","0","0","0","N","0","0","0","2","02467","0","","1.0","","1","N","N","N","0","","0","0","0","","2","","","2","0","0","0","0","0","0","2","1","2","","","","N","","","","","","","","","",""
"2021005308","","3","0","0","0","0","0","0","0","0","1","0","","02","1","2021","7","40.408606","-80.028646","","11","0","0","0","0","0","0","1","0","","0","0","0","","","0","N","0","","40 24:30.982","3","0","80 01:43.126","0","0","0","0","2301","0","0","0","N","0","0","0","5","02301","0","","1.0","1300.0","2","N","N","N","0","","0","0","0","","0","N","","3","0","0","0","0","0","0","2","0","3","","10","","N","","","","","","","","","",""
"2021001388","","0","0","0","0","0","0","0","0","0","4","0","","02","1","2021","3","40.50273","-80.054275","","11","0","0","0","0","0","0","0","0","","0","0","0","","","1","N","0","","40 30:09.829","","0","80 03:15.390","3","0","0","0","2404","0","0","0","N","0","0","0","1","02404","0","","6.0","","9","N","N","N","1","","1","0","2","","0","","","3","1","0","0","0","0","0","2","0","3","","07","","N","","","","","","","","","",""
"2021004771","","1","0","0","0","0","0","0","0","0","4","0","","02","1","2021","5","40.468906","-80.097887","","11","0","0","0","0","0","1","0","0","","0","0","0","","","0","","1","","40 28:08.060","","0","80 05:52.393","0","0","0","0","2126","0","0","0","N","0","0","0","3","02126","0","","1.0","","1","N","N","N","0","","0","0","1","","2","","","2","0","0","0","0","0","0","2","0","2","","03","","N","","","","","","","","","",""
"2021006739","","1","0","0","0","0","0","0","0","0","1","0","","02","1","2021","5","40.565648","-79.79902","","11","0","0","0","0","0","0","0","0","","0","0","0","","","1","N","0","","40 33:56.332","","0","79 47:56.472","3","0","0","0","2206","0","0","0","N","0","0","0","5","68D02","0","","1.0","","1","N","N","Y","0","","1","0","1","","0","","","2","1","0","0","0","0","0","2","0","2","","","","N","","","","","","","","","",""
"2021003645","","1","0","0","0","0","0","0","0","0","4","0","","02","1","2021","2","40.461516","-79.86149","","11","0","0","0","0","0","0","0","0","","0","0","0","","","0","N","0","","40 27:41.458","","0","79 51:41.365","0","0","0","0","2113","0","0","0","N","0","0","0","1","02113","0","","2.0","","1","N","N","N","0","","0","0","1","","0","","","2","0","0","0","0","0","0","2","0","2","","03","","N","","","","","","","","","",""
"2021003537","","0","0","0","0","0","0","0","0","0","7","0","","02","1","2021","6","40.384724","-80.203427","","11","0","0","0","0","0","0","0","0","","0","0","0","","","0","N","0","","40 23:05.007","","0","80 12:12.338","0","0","0","0","2119","0","0","0","N","0","0","0","1","02119","0","","5.0","","1","N","N","N","0","","0","0","1","","0","","","1","0","0","0","0","0","0","2","0","1","","","","N","","","","","","","","","",""
"2021003879","","0","0","0","0","0","0","0","0","0","7","0","","02","1","2021","5","40.634254","-80.058191","","11","0","0","0","0","0","0","0","0","","0","0","0","","","0","","1","","40 38:03.314","2","0","80 03:29.488","9","0","0","0","2216","0","0","0","N","0","0","0","2","02505","0","","5.0","1953.0","1","N","N","N","0","","0","0","1","","0","N","","1","0","0","0","0","0","1","2","0","1","","","","N","","","","","","","","","",""
"2021005615","","0","0","0","0","0","0","0","0","0","7","0","","02","1","2021","7","40.419506","-80.103605","","11","0","0","0","0","0","0","0","0","","0","1","0","","","0","N","0","","40 25:10.222","2","3","80 06:12.978","0","0","0","0","2115","0","0","0","Y","0","0","0","1","68B03","0","","4.0","955.0","2","N","N","N","0","","0","0","0","","0","N","","1","0","0","0","0","0","0","2","0","1","","","","N","","","","","","","","","",""
"2021028000","","1","0","0","0","0","0","0","0","0","1","0","","02","3","2021","6","40.336431","-79.978503","","11","0","0","0","0","0","0","1","0","","0","0","0","","","0","","2","","40 20:11.151","3","0","79 58:42.609","0","0","0","0","2454","0","0","0","N","0","0","0","2","02454","0","","1.0","1215.0","1","N","N","N","0","","0","0","1","","2","N","","2","0","0","0","0","0","0","2","0","2","","04","","N","","","","","","","","","",""
"2021005260","","0","0","0","0","0","0","0","0","0","7","0","","02","1","2021","7","40.442665","-80.024258","","11","0","0","0","0","0","0","0","0","","0","0","0","","","1","N","0","","40 26:33.595","4","0","80 01:27.330","8","0","0","0","2301","0","0","0","N","0","0","0","1","02301","0","","5.0","700.0","2","N","N","N","0","","0","0","1","","0","N","","2","1","0","0","0","1","0","2","0","1","","","","N","","","","","","","","","",""
"2021027979","","0","0","0","0","0","0","1","0","0","1","1","","02","3","2021","6","40.39099","-80.183314","","11","0","0","0","0","0","0","0","1","","0","0","0","","","0","N","0","","40 23:27.564","","0","80 10:59.931","0","0","0","0","2119","0","0","0","N","0","0","0","18","02119","0","","1.0","","1","Y","N","N","0","","0","0","0","","0","","","2","0","1","0","0","0","0","1","1","2","","03","","N","","","","","","","","","",""
"2021000549","","2","0","0","0","0","0","0","0","0","4","0","","02","1","2021","1","40.452363","-79.887537","","11","0","0","0","0","0","1","0","0","","0","0","0","","","0","N","1","","40 27:08.506","","0","79 53:15.133","0","0","0","0","2301","0","0","0","N","0","0","0","3","02301","0","","1.0","","9","","","N","0","","0","0","0","","3","","","2","0","0","0","0","0","0","2","0","2","","","","N","","","","","","","","","",""
"2021005335","","1","0","0","0","0","0","0","0","0","1","0","","02","1","2021","6","40.508476","-80.004671","","11","0","0","0","0","1","1","0","0","","0","0","0","","","2","N","0","","40 30:30.515","1","0","80 00:16.814","3","0","0","0","2116","0","0","0","N","0","0","0","3","02116","1","","1.0","1645.0","1","N","N","N","0","","1","0","2","","0","N","","3","2","0","0","0","0","0","2","0","3","","03","","N","","","","","","","","","",""
"2021027816","","1","0","0","0","0","0","0","0","0","8","0","","02","3","2021","5","40.526014","-79.84271","","11","0","0","0","0","0","0","0","0","","0","0","0","","","1","","1","","40 31:33.650","","0","79 50:33.755","2","0","0","0","2451","1","0","1","N","1","0","1","2","02451","0","","1.0","","9","N","N","N","0","","0","1","0","","8","","","2","1","1","0","0","0","0","2","0","1","","","","N","","","","","","","","","",""
"2021003033","","2","0","0","0","0","0","0","0","0","4","0","","02","1","2021","6","40.461092","-80.151506","","11","0","1","0","0","0","0","0","0","","0","0","0","","","2","N","0","","40 27:39.931","4","0","80 09:05.422","8","0","0","0","2115","0","0","0","N","0","0","0","7","02115","0","","1.0","1905.0","1","N","N","N","0","","0","0","0","","0","N","","2","2","0","0","0","2","0","2","0","2","","","","N","","","","","","","","","",""
"2021026014","","1","0","0","0","0","0","0","0","0","7","0","","02","3","2021","3","40.577822","-79.953829","","11","0","0","0","0","0","0","0","0","","0","0","0","","","0","N","0","","40 34:40.158","1","0","79 57:13.785","0","0","0","0","2207","0","0","0","N","0","0","0","1","02207","0","","2.0","142.0","1","N","N","N","0","","0","0","0","","0","N","","1","0","0","0","0","0","0","2","0","1","","98","","N","","","","","","","","","",""
"2021002608","","0","0","0","0","0","0","0","0","0","98","0","","02","1","2021","5","40.584418","-79.950808","","11","0","0","0","0","0","0","0","0","","0","0","0","","","0","","2","","40 35:03.904","","0","79 57:02.907","0","0","0","0","2207","0","0","0","N","0","0","0","1","02207","0","","1.0","","1","N","N","N","0","","0","0","1","","0","","","1","0","0","0","0","0","0","2","0","1","","98","","N","","","","","","","","","",""
"2021006725","","1","0","0","0","0","0","0","0","0","7","0","","02","1","2021","3","40.429544","-79.878058","","11","0","0","1","0","0","0","0","0","","0","0","0","","","0","N","0","","40 25:46.360","4","0","79 52:41.007","0","0","0","0","2426","0","0","0","Y","0","0","0","1","68B03","0","","2.0","1830.0","1","N","N","N","0","","0","0","0","","0","N","","1","0","0","0","0","0","0","2","0","1","","","","N","","","","","","","","","",""
"2021004565","","3","0","0","0","0","0","0","0","0","7","0","","02","1","2021","5","40.433037","-80.029231","","11","0","0","1","0","0","0","0","0","","0","0","0","","","0","","2","","40 25:58.933","","0","80 01:45.231","0","0","0","0","2301","0","0","0","Y","0","0","0","2","02301","0","","4.0","","1","N","N","N","0","","0","0","0","","0","N","","3","0","0","0","0","0","0","2","0","3","","03","","N","","","","","","","","","",""
"2021001781","","3","0","0","0","0","0","0","0","0","7","0","","02","1","2021","4","40.454926","-80.224878","","11","0","0","0","0","0","0","0","0","","0","0","0","","","0","N","0","","40 27:17.732","","7","80 13:29.560","9","0","0","0","2214","0","0","0","N","0","0","0","1","02214","0","","5.0","","1","N","N","N","0","","0","0","0","","0","N","","3","0","0","0","0","0","1","2","0","3","","04","","N","","","","","","","","","",""
"2021027235","","2","0","0","0","0","0","0","0","0","1","0","","02","3","2021","3","40.468965","-80.097997","","11","0","0","1","0","0","1","0","0","","0","0","0","","","2","N","0","","40 28:08.273","3","0","80 05:52.789","8","0","0","0","2126","0","0","0","N","0","0","0","3","02126","0","","1.0","2150.0","1","N","N","N","0","","0","0","1","","0","N","","3","2","0","0","0","2","0","2","0","3","","03","","N","","","","","","","","","",""
"2021005068","","0","0","0","0","0","0","0","0","0","4","0","","02","1","2021","6","40.658288","-79.994019","","11","0","0","0","0","0","0","0","0","","0","0","0","","","1","","1","","40 39:29.836","7","0","79 59:38.470","8","0","0","0","2216","0","0","0","N","0","0","0","3","02505","0","","1.0","1410.0","1","N","N","N","1","","0","0","1","","3","N","","2","1","0","0","0","1","0","1","0","2","","","","N","","","","","","","","","",""
"2021021266","","2","0","0","0","0","0","0","0","0","1","0","","02","3","2021","4","40.328623","-79.817094","","11","0","0","0","0","0","1","0","1","","0","0","0","","","0","","2","","40 19:43.042","","0","79 49:01.539","0","0","0","0","2477","0","0","0","N","0","0","0","3","02477","0","","1.0","","1","N","N","N","0","","0","0","0","","0","","","2","0","0","0","0","0","0","2","0","2","","","","N","","","","","","","","","",""
"2021027094","","1","0","0","0","0","0","0","0","0","4","0","","02","3","2021","5","40.517798","-80.131488","","11","0","0","0","0","0","0","1","0","","0","0","0","","","0","N","0","","40 31:04.073","2","0","80 07:53.356","0","0","0","0","2434","0","0","0","N","0","0","0","5","68B03","0","","1.0","1240.0","9","N","N","N","0","","0","0","1","","0","N","","2","0","0","0","0","0","0","2","0","2","","07","","N","","","","","","","","","",""
"2021005044","","2","0","0","0","0","0","0","0","0","5","0","","02","1","2021","6","40.516433","-80.022351","","11","0","0","1","0","0","0","0","0","","0","0","0","","","0","Y","0","","40 30:59.159","","0","80 01:20.462","0","0","0","0","2474","0","0","0","N","0","0","0","1","02474","0","","2.0","","2","N","N","N","0","","0","0","0","","0","","","2","0","0","0","0","0","0","2","0","2","","","","N","","","","","","","","","",""
"2021006253","","2","0","0","0","0","0","0","0","0","4","0","","02","1","2021","3","40.385637","-80.01","","11","0","0","0","0","0","0","0","0","","0","0","0","","","0","N","0","","40 23:08.294","","0","80 00:35.999","0","0","0","0","2301","0","0","0","N","0","0","0","1","02301","0","","4.0","","1","N","N","Y","0","","0","0","0","","0","","","2","0","0","0","0","0","0","2","0","2","","03","","N","","","","","","","","","",""
"2021006805","","1","0","0","0","0","0","0","0","0","7","0","","02","1","2021","4","40.344844","-79.938759","","11","0","0","0","0","0","1","0","0","","0","0","0","","","0","","1","","40 20:41.438","","0","79 56:19.531","0","0","0","0","2473","0","0","0","N","0","0","0","1","02473","0","","2.0","","7","N","N","N","0","","0","0","0","","2","","","1","0","0","0","0","0","0","2","0","1","","09","","N","","","","","","","","","",""
"2021007237","","0","0","0","0","0","0","0","0","0","7","0","","02","1","2021","5","40.632582","-79.937256","","11","0","0","0","0","0","1","0","0","","0","0","0","","","1","N","2","","40 37:57.294","6","0","79 56:14.120","3","0","0","0","2217","0","0","0","Y","0","0","0","1","02505","0","","2.0","1420.0","1","N","N","N","1","","1","0","0","","0","N","","1","1","0","0","0","0","0","2","0","1","","","","N","","","","","","","","","",""
"2021027029","","1","0","0","0","0","0","0","0","0","7","0","","02","3","2021","2","40.454143","-79.890932","","11","0","0","0","0","0","0","0","0","","0","0","0","","","3","N","0","","40 27:14.916","","0","79 53:27.354","2","0","0","0","2301","0","0","0","N","0","0","0","3","02301","0","","5.0","","1","N","N","N","0","","2","1","0","","0","","","1","3","0","0","0","0","0","2","0","1","","","","N","","","","","","","","","",""
"2021005108","","0","0","0","0","0","0","0","0","0","7","0","","02","1","2021","7","40.449154","-79.92921","","11","0","0","0","0","0","0","0","0","","0","0","0","","","0","N","0","","40 26:56.956","","0","79 55:45.156","0","0","0","0","2301","0","0","0","N","0","0","0","1","02301","0","","4.0","","7","N","N","N","0","","0","0","1","","0","","","1","0","0","0","0","0","0","2","0","1","","10","","N","","","","","","","","","",""
"2021003035","","1","0","0","0","0","0","0","0","0","2","0","","02","1","2021","7","40.479824","-79.919657","","11","0","0","0","0","0","0","0","0","","0","0","0","","","0","N","2","","40 28:47.368","5","0","79 55:10.765","9","0","0","0","2301","0","0","0","N","0","0","0","3","02301","0","","1.0","1650.0","1","N","N","N","0","","0","0","0","","0","N","","2","0","0","0","0","0","1","2","0","2","","03","","N","","","","","","","","","",""
"2021024066","","3","0","0","0","0","0","0","0","0","1","0","","02","3","2021","7","40.400211","-80.098654","","11","0","0","0","0","0","2","0","0","","0","0","0","","","1","Y","0","","40 24:00.760","4","0","80 05:55.156","4","0","0","0","2102","0","0","0","N","0","0","0","6","02102","1","","1.0","1323.0","1","N","N","N","1","","0","0","0","","0","Y","","4","1","0","0","0","0","0","2","0","4","","03","","N","","","","","","","","","",""
"2021005558","","1","0","0","0","0","0","0","0","0","4","1","","02","1","2021","2","40.384491","-79.932617","","11","0","0","0","0","0","0","1","0","","0","1","0","","","0","N","0","","40 23:04.166","","0","79 55:57.420","0","0","0","0","2301","0","0","0","N","0","0","0","2","02301","0","","1.0","","9","N","N","N","0","","0","0","0","","0","","","2","0","0","0","0","0","0","2","0","2","","04","","N","","","","","","","","","",""
"2021026353","","1","0","0","0","0","0","0","0","0","7","0","","02","3","2021","7","40.42138","-79.852644","","11","0","0","0","0","0","0","0","0","","0","0","0","","","0","N","0","","40 25:16.968","4","0","79 51:09.520","0","0","0","0","2431","0","0","0","N","0","0","0","1","02431","0","","2.0","2349.0","1","N","N","N","0","","0","0","0","","0","N","","1","0","0","0","0","0","0","2","0","1","","","","N","","","","","","","","","",""
"2021026180","","1","0","0","0","0","0","0","0","0","7","0","","02","3","2021","7","40.454527","-79.881768","","11","0","0","0","0","0","0","0","0","","0","0","0","","","0","N","0","","40 27:16.298","","0","79 52:54.364","0","0","0","0","2301","0","0","0","N","0","0","0","1","02301","0","","2.0","","1","N","N","N","0","","0","0","0","","0","","","1","0","0","0","0","0","0","2","0","1","","03","","N","","","","","","","","","",""
"2021005819","","2","0","0","0","0","0","0","0","0","4","0","","02","1","2021","4","40.368781","-80.139438","","11","0","0","0","0","0","1","0","0","","0","0","0","","","0","N","0","","40 22:07.613","1","0","80 08:21.976","0","0","0","0","2119","0","0","0","N","0","0","0","1","02119","0","","2.0","1903.0","1","N","N","N","0","","0","0","0","","0","N","","2","0","0","0","0","0","0","2","0","2","","","","N","","","","","","","","","",""
"2021001747","","0","0","0","0","0","0","0","0","0","7","0","","02","1","2021","3","40.292597","-79.883344","","11","0","0","0","0","0","0","0","0","","0","0","0","","","1","N","1","","40 17:33.348","","0","79 53:00.040","3","0","0","0","2302","0","0","0","N","0","0","0","1","02302","0","","5.0","","1","N","N","N","1","","1","0","0","","0","","","1","1","1","0","0","0","0","2","0","1","","","","N","","","","","","","","","",""
"2021005490","","1","0","0","0","0","0","0","0","0","2","0","","02","1","2021","2","40.472645","-79.86998","","11","0","0","1","0","0","0","0","0","","0","0","0","","","0","N","0","","40 28:21.521","","0","79 52:11.928","0","0","0","0","2113","0","0","0","N","0","0","0","1","02113","0","","5.0","","9","N","N","N","0","","0","0","0","","0","","","1","0","1","0","0","0","0","2","0","1","","","","N","","","","","","","","","",""
"2021000923","","0","0","0","0","0","0","0","0","0","7","0","","02","1","2021","2","40.45004","-79.706761","","11","0","0","0","0","0","0","0","0","","0","0","0","","","0","N","0","","40 27:00.143","4","0","79 42:24.338","0","0","0","0","2466","0","0","0","N","0","0","0","2","02466","0","","5.0","1033.0","9","N","N","N","0","","0","0","1","","0","Y","","1","0","0","0","0","0","0","2","0","1","","","","N","","","","","","","","","",""
"2021041722","","1","0","0","0","0","0","0","0","0","7","0","","02","5","2021","3","40.359969","-80.111573","","11","0","0","0","0","0","0","0","0","","0","0","0","","","0","","1","","40 21:35.888","3","0","80 06:41.661","0","0","0","0","2414","0","0","0","N","0","0","0","2","02414","0","","4.0","1919.0","9","N","N","N","0","","0","0","0","","2","N","","1","0","0","0","0","0","0","2","0","1","","","","N","","","","","","","","","",""
"2021027499","","2","0","0","0","0","0","0","0","0","4","0","","02","3","2021","4","40.426891","-79.920144","","11","0","0","0","0","1","0","1","0","","0","0","0","","","1","","2","","40 25:36.807","6","0","79 55:12.518","3","0","0","0","2301","0","0","0","N","0","0","0","3","02301","0","","1.0","1628.0","1","N","N","N","0","","1","0","0","","0","N","","2","1","0","0","0","0","0","2","0","2","","03","","N","","","","","","","","","",""
"2021027109","","0","0","0","0","0","0","0","0","0","1","0","","02","3","2021","7","40.429763","-79.88511","","11","0","0","0","0","0","0","0","0","","0","0","0","","","0","N","0","","40 25:47.147","4","0","79 53:06.396","0","0","0","0","2426","0","0","0","N","0","0","0","2","68B03","0","","1.0","1830.0","1","N","N","N","1","","0","0","1","","0","N","","2","0","0","0","0","0","0","2","0","2","","","","N","","","","","","","","","",""
"2021005838","","1","0","0","0","0","0","0","0","0","7","0","","02","1","2021","6","40.35451","-80.114766","","11","0","0","0","0","0","0","0","0","","0","0","0","","","0","","2","","40 21:16.237","","0","80 06:53.157","0","0","0","0","2119","0","0","0","Y","0","0","0","1","02119","0","","3.0","","1","N","N","N","0","","0","0","0","","2","","","1","0","0","0","0","0","0","2","0","1","","","","N","","","","","","","","","",""
"2021002484","","1","0","0","0","0","0","0","0","0","8","0","","02","1","2021","2","40.545801","-80.016622","","11","0","0","0","0","0","1","0","0","","0","0","0","","","1","N","1","","40 32:44.885","1","0","80 00:59.838","8","0","0","0","2116","1","0","0","N","1","0","0","2","02116","0","","1.0","2130.0","1","N","N","N","0","","0","0","0","","2","Y","","2","1","1","0","0","1","0","2","0","1","","03","","N","","","","","","","","","",""
"2021006635","","1","0","0","0","0","0","0","0","0","7","0","","02","1","2021","7","40.495985","-80.183755","","11","0","0","0","0","0","1","0","0","","0","0","0","","","1","N","0","","40 29:45.547","7","0","80 11:01.518","3","0","0","0","2213","0","0","0","N","0","0","0","1","02213","0","","5.0","920.0","1","N","N","N","0","","1","0","0","","0","N","","1","1","0","0","0","0","0","2","0","1","","","","N","","","","","","","","","",""
"2021024104","","1","0","0","0","0","0","1","0","0","4","1","","02","3","2021","6","40.490856","-79.971621","","11","0","0","0","0","0","1","0","0","","0","0","0","","","1","","2","","40 29:27.083","","0","79 58:17.834","3","0","0","0","2445","0","0","0","N","0","0","0","2","02503","0","","1.0","","1","N","N","N","0","","1","0","0","","0","","","2","1","0","0","0","0","0","2","0","2","","03","","N","","","","","","","","","",""
"2021005539","","1","0","0","0","0","0","0","0","0","7","0","","02","1","2021","7","40.386972","-80.016916","","11","0","0","0","0","0","1","0","0","","0","0","0","","","0","N","2","","40 23:13.099","","0","80 01:00.897","0","0","0","0","2301","0","0","0","N","0","0","0","1","02301","0","","5.0","","2","N","N","N","0","","0","0","0","","0","","","1","0","0","0","0","0","0","2","0","1","","06","","N","","","","","","","","","",""