"CRN","ARRIVAL_TM","AUTOMOBILE_COUNT","BELTED_DEATH_COUNT","BELTED_SUSP_SERIOUS_INJ_COUNT","BICYCLE_COUNT","BICYCLE_DEATH_COUNT","BICYCLE_SUSP_SERIOUS_INJ_COUNT","BUS_COUNT","CHLDPAS_DEATH_COUNT","CHLDPAS_SUSP_SERIOUS_INJ_COUNT","COLLISION_TYPE","COMM_VEH_COUNT","CONS_ZONE_SPD_LIM","COUNTY","CRASH_MONTH","CRASH_YEAR","DAY_OF_WEEK","DEC_LATITUDE","DEC_LONGITUDE","DISPATCH_TM","DISTRICT","DRIVER_COUNT_16YR","DRIVER_COUNT_17YR","DRIVER_COUNT_18YR","DRIVER_COUNT_19YR","DRIVER_COUNT_20YR","DRIVER_COUNT_50_64YR","DRIVER_COUNT_65_74YR","DRIVER_COUNT_75PLUS","EST_HRS_CLOSED","FATAL_COUNT","HEAVY_TRUCK_COUNT","HORSE_BUGGY_COUNT","HOUR_OF_DAY","ILLUMINATION","INJURY_COUNT","INTERSECTION_RELATED","INTERSECT_TYPE","LANE_CLOSED","LATITUDE","LN_CLOSE_DIR","LOCATION_TYPE","LONGITUDE","MAX_SEVERITY_LEVEL","MCYCLE_DEATH_COUNT","MCYCLE_SUSP_SERIOUS_INJ_COUNT","MOTORCYCLE_COUNT","MUNICIPALITY","NONMOTR_COUNT","NONMOTR_DEATH_COUNT","NONMOTR_SUSP_SERIOUS_INJ_COUNT","NTFY_HIWY_MAINT","PED_COUNT","PED_DEATH_COUNT","PED_SUSP_SERIOUS_INJ_COUNT","PERSON_COUNT","POLICE_AGCY","POSSIBLE_INJ_COUNT","RDWY_SURF_TYPE_CD","RELATION_TO_ROAD","ROADWAY_CLEARED","ROAD_CONDITION","SCH_BUS_IND","SCH_ZONE_IND","SECONDARY_CRASH","SMALL_TRUCK_COUNT","SPEC_JURIS_CD","SUSP_MINOR_INJ_COUNT","SUSP_SERIOUS_INJ_COUNT","SUV_COUNT","TCD_FUNC_CD","TCD_TYPE","TFC_DETOUR_IND","TIME_OF_DAY","TOTAL_UNITS","TOT_INJ_COUNT","UNBELTED_OCC_COUNT","UNB_DEATH_COUNT","UNB_SUSP_SERIOUS_INJ_COUNT","UNK_INJ_DEG_COUNT","UNK_INJ_PER_COUNT","URBAN_RURAL","VAN_COUNT","VEHICLE_COUNT","WEATHER1","WEATHER2","WORKERS_PRES","WORK_ZONE_IND","WORK_ZONE_LOC","WORK_ZONE_TYPE","WZ_CLOSE_DETOUR","WZ_FLAGGER","WZ_LAW_OFFCR_IND","WZ_LN_CLOSURE","WZ_MOVING","WZ_OTHER","WZ_SHLDER_MDN","WZ_WORKERS_INJ_KILLED"
"2021002599","","2","0","0","0","0","0","0","0","0","2","0","","02","1","2021","4","40.385092","-80.026356","","11","0","0","0","0","0","1","0","0","","0","0","0","","","0","N","0","","40 23:06.330","1","0","80 01:34.880","0","0","0","0","2109","0","0","0","N","0","0","0","2","02109","0","","1.0","2130.0","1","N","N","N","0","","0","0","0","","0","N","","2","0","0","0","0","0","0","2","0","2","","","","N","","","","","","","","","",""
"2021022486","","1","0","0","0","0","0","0","0","0","5","0","","02","3","2021","2","40.438946","-79.99385","","11","0","0","0","0","0","0","0","0","","0","0","0","","","0","Y","0","","40 26:20.204","","0","79 59:37.861","0","0","0","0","2301","0","0","0","N","0","0","0","3","02301","0","","1.0","","1","N","N","N","1","","0","0","1","","0","","","3","0","0","0","0","0","0","2","0","3","","03","","N","","","","","","","","","",""
"2021000674","","2","0","0","0","0","0","0","0","0","4","0","","02","1","2021","1","40.485889","-79.926542","","11","0","0","0","0","0","0","0","1","","0","0","0","","","1","N","1","","40 29:09.200","7","0","79 55:35.551","3","0","0","0","2301","0","0","0","N","0","0","0","2","02301","0","","1.0","1705.0","9","N","N","N","0","","1","0","0","","3","Y","","2","1","0","0","0","0","0","2","0","2","","98","","N","","","","","","","","","",""
"2021027297","","2","0","0","0","0","0","0","0","0","5","0","","02","3","2021","6","40.476839","-80.012321","","11","0","0","0","0","0","0","0","0","","0","0","0","","","0","N","0","","40 28:36.620","","0","80 00:44.356","0","0","0","0","2301","0","0","0","N","0","0","0","2","02301","0","","1.0","","1","N","N","N","0","","0","0","0","","0","","","2","0","0","0","0","0","0","2","0","2","","03","","N","","","","","","","","","",""
"2021028008","","0","0","0","0","0","0","0","0","0","1","0","","02","3","2021","4","40.420719","-80.040721","","11","0","0","0","0","0","0","1","0","","0","0","0","","","1","N","0","","40 25:14.587","","0","80 02:26.594","3","0","0","0","2435","0","0","0","N","0","0","0","2","68B03","0","","1.0","","1","N","N","N","2","","1","0","0","","0","","","2","1","0","0","0","0","0","2","0","2","","03","","N","","","","","","","","","",""
"2021022235","","1","0","0","0","0","0","0","0","0","7","0","","02","3","2021","1","40.409164","-79.896901","","11","0","0","0","0","0","0","0","1","","0","0","0","","","1","N","0","","40 24:32.990","3","0","79 53:48.845","3","0","0","0","2448","0","0","0","N","0","0","0","1","02448","0","","5.0","750.0","1","N","N","N","0","","1","0","0","","0","N","","1","1","0","0","0","0","0","2","0","1","","03","","N","","","","","","","","","",""
"2021001708","","1","0","0","0","0","0","0","0","0","7","0","","02","1","2021","7","40.439508","-80.010194","","11","0","0","0","0","0","0","0","0","","0","0","0","","","2","N","0","","40 26:22.229","4","3","80 00:36.697","3","0","0","0","2301","0","0","0","N","0","0","0","2","68B03","0","","2.0","1145.0","9","N","N","N","0","","2","0","0","","0","N","","1","2","1","0","0","0","0","2","0","1","","03","","N","","","","","","","","","",""
"2021049373","","1","0","0","0","0","0","0","0","0","7","0","","02","5","2021","6","40.494498","-80.011688","","11","0","0","0","0","0","0","0","0","","0","0","0","","","1","N","0","","40 29:40.193","","3","80 00:42.076","8","0","0","0","2301","0","0","0","N","0","0","0","1","68B03","0","","4.0","","9","N","N","N","0","","0","0","0","","0","","","1","1","0","0","0","1","0","2","0","1","","","","N","","","","","","","","","",""
"2021050548","","0","0","0","0","0","0","0","0","0","1","0","","02","6","2021","4","40.351793","-79.863206","","11","0","0","0","0","0","2","0","0","","0","1","0","","","0","N","1","","40 21:06.455","","0","79 51:47.543","0","0","0","0","2304","0","0","0","N","0","0","0","2","02304","0","","1.0","","9","N","N","N","0","","0","0","1","","2","","","2","0","0","0","0","0","0","2","0","2","","","","N","","","","","","","","","",""
"2021049792","","1","0","0","0","0","0","0","0","0","7","0","","02","5","2021","2","40.464498","-79.903111","","11","0","0","0","1","0","0","0","0","","0","0","0","","","1","","1","","40 27:52.192","7","0","79 54:11.199","3","0","0","0","2301","0","0","0","N","0","0","0","1","02301","0","","5.0","2300.0","1","N","N","N","0","","1","0","0","","3","Y","","2","1","1","0","0","0","0","2","0","1","","03","","N","","","","","","","","","",""
"2021048577","","2","0","0","0","0","0","0","0","0","1","0","","02","5","2021","5","40.453186","-79.992688","","11","0","0","0","0","0","0","0","0","","0","0","0","","","2","","1","","40 27:11.469","","0","79 59:33.677","2","0","0","0","2301","0","0","0","N","0","0","0","3","02301","1","","1.0","","1","N","Y","N","0","","0","1","0","","2","","","2","2","0","0","0","0","0","2","0","2","","03","","N","","","","","","","","","",""
"2021028526","","0","0","0","0","0","0","0","0","0","8","0","","02","3","2021","7","40.403775","-80.069823","","11","0","0","0","0","0","0","0","0","","0","0","0","","","1","Y","0","","40 24:13.590","5","0","80 04:11.361","2","0","0","0","2415","1","0","1","N","1","0","1","2","02415","0","","1.0","1620.0","1","N","N","N","0","","0","1","1","","0","N","","2","1","1","0","0","0","0","2","0","1","","03","","N","","","","","","","","","",""
"2021021975","","1","0","0","0","0","0","0","0","0","0","0","","02","3","2021","6","40.411015","-80.005934","","11","0","0","0","0","0","0","0","0","","0","0","0","","","0","","2","","40 24:39.653","","0","80 00:21.363","0","0","0","0","2301","0","0","0","N","0","0","0","1","02301","0","","1.0","","1","N","N","N","0","","0","0","0","","0","","","1","0","0","0","0","0","0","2","0","1","","03","","N","","","","","","","","","",""
"2021027234","","1","0","0","0","0","0","0","0","0","7","0","","02","3","2021","7","40.38875","-79.830611","","11","0","0","0","0","0","1","0","0","","0","0","0","","","1","N","0","","40 23:19.500","5","0","79 49:50.200","3","0","0","0","2111","0","0","0","N","0","0","0","1","02111","0","","5.0","1412.0","1","N","N","N","0","","1","0","0","","4","Y","","1","1","1","0","0","0","0","2","0","1","","03","","N","","","","","","","","","",""
"2021044842","","1","0","0","0","0","0","0","0","0","4","0","","02","5","2021","5","40.410061","-80.080742","","11","0","0","0","0","0","1","0","0","","0","0","0","","","0","N","1","","40 24:36.218","","0","80 04:50.671","0","0","0","0","2415","0","0","0","N","0","0","0","2","02415","0","","1.0","","1","N","N","N","0","","0","0","1","","3","","","2","0","0","0","0","0","0","2","0","2","","03","","N","","","","","","","","","",""
"2021023035","","1","0","0","0","0","0","0","0","0","3","0","","02","3","2021","3","40.328643","-79.834156","","11","0","0","0","0","0","0","0","0","","0","0","0","","","1","N","2","","40 19:43.114","2","0","79 50:02.961","3","0","0","0","2304","0","0","0","N","0","0","0","2","02304","0","","1.0","2055.0","1","N","N","N","1","","1","0","0","","0","N","","2","1","0","0","0","0","0","2","0","2","","03","","N","","","","","","","","","",""
"2021049144","","1","0","0","0","0","0","0","0","0","7","0","","02","5","2021","6","40.550586","-79.818501","","11","0","0","0","0","0","0","0","0","","0","0","0","","","0","N","0","","40 33:02.109","","0","79 49:06.602","0","0","0","0","2208","0","0","0","N","0","0","0","2","68D02","0","","4.0","","9","N","N","N","0","","0","0","0","","0","","","1","0","0","0","0","0","0","2","0","1","","","","N","","","","","","","","","",""
"2021046404","","1","0","0","0","0","0","0","0","0","7","0","","02","5","2021","7","40.466446","-79.954901","","11","0","0","0","0","0","0","0","0","","0","0","0","","","0","N","0","","40 27:59.206","1","0","79 57:17.644","0","0","0","0","2301","0","0","0","N","0","0","0","1","02301","0","","5.0","330.0","1","N","N","N","0","","0","0","0","","0","N","","1","0","0","0","0","0","0","2","0","1","","03","","N","","","","","","","","","",""
"2021049248","","3","0","0","0","0","0","0","0","0","1","0","","02","5","2021","2","40.438509","-79.742692","","11","0","0","0","0","0","1","0","0","","0","0","0","","","0","N","0","","40 26:18.634","4","0","79 44:33.692","0","0","0","0","2446","0","0","0","N","0","0","0","3","02446","0","","1.0","800.0","9","N","N","N","0","","0","0","0","","0","N","","3","0","0","0","0","0","0","2","0","3","","","","N","","","","","","","","","",""
"2021048891","","0","0","0","0","0","0","0","0","0","6","0","","02","5","2021","6","40.437481","-79.981409","","11","0","0","0","0","0","0","0","0","","0","0","0","","","0","N","0","","40 26:14.931","","0","79 58:53.072","0","0","0","0","2301","0","0","0","N","0","0","0","1","02301","0","","6.0","","9","N","N","N","1","","0","0","2","","8","","","3","0","0","0","0","0","0","2","0","3","","","","N","","","","","","","","","",""
"2021023030","","1","0","0","0","0","0","0","0","0","7","0","","02","3","2021","3","40.658339","-79.985769","","11","1","0","0","0","0","0","0","0","","0","0","0","","","0","N","0","","40 39:30.020","","0","79 59:08.770","0","0","0","0","2217","0","0","0","N","0","0","0","1","02505","0","","5.0","","1","N","N","N","0","","0","0","0","","0","","","1","0","0","0","0","0","0","1","0","1","","03","","N","","","","","","","","","",""
"2021021643","","2","0","0","0","0","0","0","0","0","2","0","","02","3","2021","5","40.432714","-80.051726","","11","0","0","0","0","0","0","0","0","","0","0","0","","","0","N","0","","40 25:57.769","","0","80 03:06.213","0","0","0","0","2301","0","0","0","N","0","0","0","2","02301","0","","1.0","","1","N","N","N","0","","0","0","0","","0","","","2","0","0","0","0","0","0","2","0","2","","03","","N","","","","","","","","","",""
"2021050095","","1","0","0","0","0","0","0","0","0","7","0","","02","6","2021","3","40.453494","-80.041264","","11","0","0","0","0","0","0","0","0","","0","0","0","","","0","N","0","","40 27:12.578","5","1","80 02:28.550","0","0","0","0","2301","0","0","0","N","0","0","0","1","02301","0","","4.0","2218.0","3","N","N","N","0","","0","0","0","","0","N","","1","0","0","0","0","0","0","2","0","1","","03","","N","","","","","","","","","",""
"2021049407","","1","0","0","0","0","0","0","0","0","7","0","","02","5","2021","1","40.585238","-80.036192","","11","0","0","0","0","0","0","0","0","","0","0","0","","","0","N","0","","40 35:06.858","","7","80 02:10.291","0","0","0","0","2108","0","0","0","N","0","0","0","1","02108","0","","5.0","","1","N","N","N","0","","0","0","0","","0","","","1","0","0","0","0","0","0","2","0","1","","","","N","","","","","","","","","",""
"2021022440","","1","0","0","0","0","0","0","0","0","4","0","","02","3","2021","1","40.348866","-79.886487","","11","0","0","0","0","0","0","0","0","","0","0","0","","","0","N","0","","40 20:55.919","6","0","79 53:11.352","0","0","0","0","2423","0","0","0","Y","0","0","0","1","02304","0","","2.0","427.0","1","N","N","N","0","","0","0","0","","0","Y","","1","0","0","0","0","0","0","2","0","1","","03","","N","","","","","","","","","",""
"2021028999","","0","0","0","0","0","0","0","0","0","7","0","","02","3","2021","1","40.494769","-79.908797","","11","0","0","0","0","0","0","0","0","","0","0","0","","","0","N","0","","40 29:41.169","3","8","79 54:31.668","0","0","0","0","2401","0","0","0","N","0","0","0","1","68D02","0","","2.0","30.0","9","N","N","N","0","","0","0","1","","0","N","","1","0","0","0","0","0","0","2","0","1","","03","","N","","","","","","","","","",""
"2021024467","","0","0","1","0","0","0","0","0","0","4","0","","02","3","2021","2","40.298545","-79.875462","","11","0","0","0","0","0","2","0","0","","0","0","0","","","1","","2","","40 17:54.763","1","0","79 52:31.663","2","0","0","0","2302","0","0","0","N","0","0","0","3","02302","0","","1.0","1530.0","1","N","N","N","0","","0","1","3","","2","N","","3","1","0","0","0","0","0","2","0","3","","03","","N","","","","","","","","","",""
"2021049942","","0","0","0","0","0","0","0","0","0","8","0","","02","6","2021","3","40.369728","-79.912992","","11","0","0","0","0","0","0","0","0","","0","0","0","","","1","N","1","","40 22:11.022","","0","79 54:46.770","3","0","0","0","2301","1","0","0","N","1","0","0","2","02301","0","","1.0","","1","N","N","N","0","","1","0","1","","2","","","2","1","0","0","0","0","0","2","0","1","","03","","N","","","","","","","","","",""
"2021049973","","2","0","0","0","0","0","0","0","0","1","0","","02","5","2021","7","40.429748","-79.885185","","11","0","0","0","0","0","0","0","0","","0","0","0","","","0","N","0","","40 25:47.094","","0","79 53:06.666","0","0","0","0","2426","0","0","0","N","0","0","0","3","68B03","0","","1.0","","1","N","N","N","0","","0","0","0","","0","","","2","0","0","0","0","0","0","2","0","2","","03","","N","","","","","","","","","",""
"2021026117","","2","0","0","0","0","0","0","0","0","4","0","","02","3","2021","1","40.537567","-80.011323","","11","0","1","0","0","0","0","0","0","","0","0","0","","","2","N","0","","40 32:15.242","","7","80 00:40.761","4","0","0","0","2116","0","0","0","N","0","0","0","6","02116","1","","4.0","","1","N","N","N","0","","0","0","0","","3","","","2","2","1","0","0","1","0","2","0","2","","03","","N","","","","","","","","","",""
"2021022275","","3","0","0","0","0","0","0","0","0","1","0","","02","3","2021","1","40.4284","-79.999757","","11","0","0","0","0","0","1","0","0","","0","0","0","","","0","N","0","","40 25:42.240","","4","79 59:59.125","0","0","0","0","2301","0","0","0","N","0","0","0","5","02301","0","","1.0","","1","N","N","N","0","","0","0","1","","0","","","5","0","0","0","0","0","0","2","1","5","","03","","N","","","","","","","","","",""
"2021021988","","1","0","0","0","0","0","0","0","0","7","0","","02","3","2021","7","40.410949","-79.955491","","11","0","0","0","0","0","0","0","0","","0","0","0","","","1","N","2","","40 24:39.418","","0","79 57:19.769","8","0","0","0","2301","0","0","0","N","0","0","0","1","02301","0","","5.0","","99","N","N","N","0","","0","0","0","","1","N","","1","1","1","0","0","1","0","2","0","1","","03","","N","","","","","","","","","",""
"2021031447","","2","0","0","0","0","0","0","0","0","1","0","","02","4","2021","3","40.522262","-80.039463","","11","0","0","0","0","0","1","0","0","","0","0","0","","","0","N","0","","40 31:20.143","","0","80 02:22.067","0","0","0","0","2474","0","0","0","N","0","0","0","2","02474","0","","1.0","","1","N","N","N","0","","0","0","0","","0","","","2","0","0","0","0","0","0","2","0","2","","","","N","","","","","","","","","",""
"2021004379","","2","0","0","0","0","0","0","0","0","1","0","","02","1","2021","3","40.489794","-79.952811","","11","0","0","0","0","0","0","0","0","","0","0","0","","","1","N","0","","40 29:23.258","2","0","79 57:10.119","8","0","0","0","2430","0","0","0","N","0","0","0","2","02430","0","","1.0","1639.0","1","N","N","N","0","","0","0","0","","0","N","","2","1","0","0","0","1","0","2","0","2","","","","N","","","","","","","","","",""
"2021049002","","1","0","0","0","0","0","0","0","0","1","0","","02","5","2021","6","40.336431","-79.978503","","11","0","0","0","0","0","2","0","0","","0","0","0","","","0","N","2","","40 20:11.151","3","0","79 58:42.609","0","0","0","0","2454","0","0","0","N","0","0","0","3","02454","0","","1.0","1445.0","1","N","N","N","0","","0","0","1","","2","N","","2","0","1","0","0","0","0","2","0","2","","03","","N","","","","","","","","","",""
"2021048862","","2","0","0","0","0","0","0","0","0","4","0","","02","5","2021","6","40.419626","-79.927168","","11","0","0","0","0","0","1","0","0","","0","0","0","","","0","","1","","40 25:10.655","","0","79 55:37.803","0","0","0","0","2301","0","0","0","N","0","0","0","2","02301","0","","1.0","","9","N","N","N","0","","0","0","0","","2","","","2","0","1","0","0","0","0","2","0","2","","07","","N","","","","","","","","","",""
"2021021391","","0","0","0","0","0","0","0","0","0","7","0","","02","3","2021","4","40.444631","-79.969843","","11","0","0","1","0","0","0","0","0","","0","0","0","","","0","N","1","","40 26:40.671","6","0","79 58:11.433","0","0","0","0","2301","0","0","0","N","0","0","0","2","02301","0","","2.0","1910.0","1","N","N","N","0","","0","0","1","","0","N","","1","0","0","0","0","0","0","2","0","1","","03","","N","","","","","","","","","",""
"2021049421","","1","0","0","0","0","0","0","0","0","7","0","","02","5","2021","7","40.444936","-79.745456","","11","0","0","0","0","0","0","0","0","","0","0","0","","","0","N","0","","40 26:41.770","6","0","79 44:43.640","9","0","0","0","2446","0","0","0","N","0","0","0","1","02446","0","","5.0","2331.0","9","N","N","N","0","","0","0","0","","0","Y","","1","0","0","0","0","0","1","2","0","1","","07","","N","","","","","","","","","",""
"2021049975","","1","0","0","0","0","0","0","0","0","1","0","","02","5","2021","2","40.42917","-80.028853","","11","0","0","0","0","0","0","0","0","","0","0","0","","","0","N","0","","40 25:45.013","","0","80 01:43.869","0","0","0","0","2301","0","0","0","N","0","0","0","3","68B03","0","","1.0","","1","N","N","N","0","","0","0","2","","0","","","3","0","0","0","0","0","0","2","0","3","","03","","N","","","","","","","","","",""
"2021049672","","0","0","0","0","0","0","0","0","0","2","0","","02","5","2021","2","40.503982","-80.140638","","11","0","1","0","0","0","1","0","0","","0","0","0","","","0","","2","","40 30:14.334","6","0","80 08:26.297","0","0","0","0","2115","0","0","0","N","0","0","0","3","02115","0","","1.0","2257.0","1","N","N","N","0","","0","0","2","","3","Y","","2","0","0","0","0","0","0","2","0","2","","","","N","","","","","","","","","",""
"2021023562","","0","0","0","1","0","0","0","0","0","8","0","","02","3","2021","4","40.449793","-79.950765","","11","0","0","0","0","0","0","0","0","","0","0","0","","","1","N","1","","40 26:59.254","","0","79 57:02.753","8","0","0","0","2301","1","0","0","N","0","0","0","2","02301","0","","1.0","","1","N","N","N","1","","0","0","0","","2","","","2","1","0","0","0","1","0","2","0","1","","03","","N","","","","","","","","","",""
"2021021062","","1","0","0","0","0","0","0","0","0","7","0","","02","3","2021","4","40.424123","-80.030681","","11","0","0","0","0","0","0","0","0","","0","0","0","","","0","","6","","40 25:26.842","4","2","80 01:50.452","0","0","0","0","2301","0","0","0","N","0","0","0","1","02301","0","","7.0","451.0","2","N","N","N","0","","0","0","0","","0","Y","","1","0","0","0","0","0","0","2","0","1","","","","N","","","","","","","","","",""
"2021052708","","2","0","0","0","0","0","0","0","0","7","0","","02","6","2021","3","40.451951","-79.923991","","11","0","0","0","0","0","0","0","0","","0","0","0","","","0","","2","","40 27:07.023","","0","79 55:26.367","0","0","0","0","2301","0","0","0","N","0","0","0","2","02301","0","","5.0","","1","N","N","N","0","","0","0","0","","2","","","2","0","0","0","0","0","0","2","0","2","","","","N","","","","","","","","","",""
"2021022452","","2","0","0","0","0","0","0","0","0","4","0","","02","3","2021","1","40.442789","-79.896925","","11","0","0","0","0","0","0","0","0","","0","0","0","","","0","N","0","","40 26:34.040","1","0","79 53:48.930","9","0","0","0","2301","0","0","0","N","0","0","0","1","02301","0","","1.0","1325.0","1","N","N","N","0","","0","0","1","","0","Y","","3","0","0","0","0","0","1","2","0","3","","03","","N","","","","","","","","","",""
"2021048549","","1","0","0","0","0","0","0","0","0","4","0","","02","5","2021","5","40.4001","-79.936951","","11","0","0","0","0","0","0","0","1","","0","0","0","","","3","","2","","40 24:00.361","2","0","79 56:13.025","2","0","0","1","2301","0","0","0","N","0","0","0","3","02301","0","","1.0","1402.0","1","N","N","N","0","","2","1","0","","2","Y","","2","3","1","0","1","0","0","2","0","2","","","","N","","","","","","","","","",""
"2021055983","","1","0","0","0","0","0","0","0","0","98","0","","02","6","2021","4","40.528266","-80.205811","","11","0","0","0","0","0","0","0","0","","0","0","0","","","0","N","0","","40 31:41.758","2","0","80 12:20.919","0","0","0","0","2213","0","0","0","N","0","0","0","1","02213","0","","1.0","1827.0","1","N","N","N","0","","0","0","0","","0","N","","1","0","0","0","0","0","0","2","0","1","","03","","N","","","","","","","","","",""
"2021056416","","1","0","0","0","0","0","0","0","0","6","0","","02","6","2021","6","40.352588","-80.038014","","11","0","0","0","0","0","1","1","0","","0","0","0","","","1","","1","","40 21:09.317","","0","80 02:16.850","3","0","0","1","2407","0","0","0","N","0","0","0","3","02407","0","","1.0","","1","N","N","N","0","","1","0","0","","3","","","2","1","0","0","0","0","0","2","0","2","","","","N","","","","","","","","","",""
"2021049687","","1","0","0","0","0","0","0","0","0","7","0","","02","5","2021","2","40.534212","-80.010928","","11","0","0","0","0","0","0","0","1","","0","0","0","","","0","N","3","","40 32:03.163","3","0","80 00:39.340","0","0","0","0","2116","0","0","0","N","0","0","0","1","02116","0","","2.0","1228.0","1","N","N","N","0","","0","0","0","","0","Y","","1","0","0","0","0","0","0","2","0","1","","","","N","","","","","","","","","",""
"2021027071","","1","0","0","0","0","0","0","0","0","7","0","","02","3","2021","7","40.448061","-80.010924","","11","0","0","0","0","0","0","0","0","","0","0","0","","","1","N","0","","40 26:53.021","1","3","80 00:39.328","3","0","0","0","2301","0","0","0","Y","0","0","0","1","68B03","0","","2.0","30.0","1","N","N","N","0","","1","0","0","","0","N","","1","1","0","0","0","0","0","2","0","1","","03","","N","","","","","","","","","",""
"2021049835","","2","0","0","0","0","0","0","0","0","4","0","","02","5","2021","1","40.383134","-79.827651","","11","0","0","0","0","1","0","0","0","","0","0","0","","","1","","1","","40 22:59.283","5","0","79 49:39.543","3","0","0","0","2111","0","0","0","N","0","0","0","4","02111","0","","1.0","2208.0","1","N","N","N","0","","1","0","0","","2","Y","","2","1","1","0","0","0","0","2","0","2","","03","","N","","","","","","","","","",""
"2021047807","","0","0","0","0","0","0","0","0","0","0","0","","02","5","2021","2","40.491557","-79.968467","","11","0","0","0","0","0","1","0","0","","0","0","0","","","0","N","0","","40 29:29.605","6","0","79 58:06.480","0","0","0","1","2118","0","0","0","N","0","0","0","1","02118","0","","1.0","1630.0","3","N","N","N","0","","0","0","0","","0","Y","","1","0","0","0","0","0","0","2","0","1","","03","","N","","","","","","","","","",""
"2021050068","","1","0","0","0","0","0","0","0","0","7","0","","02","5","2021","1","40.568241","-80.089953","","11","0","0","0","0","0","0","0","0","","0","0","0","","","1","N","0","","40 34:05.669","","0","80 05:23.832","8","0","0","0","2481","0","0","0","Y","0","0","0","1","68B03","0","","3.0","","1","N","N","N","0","","0","0","0","","0","","","1","1","0","0","0","1","0","2","0","1","","03","","N","","","","","","","","","",""
"2021048901","","1","0","0","0","0","0","0","0","0","7","0","","02","5","2021","7","40.397541","-80.190489","","11","0","0","0","0","0","0","0","0","","0","0","0","","","1","N","0","","40 23:51.147","6","0","80 11:25.759","8","0","0","0","2214","0","0","0","N","0","0","0","1","02214","0","","4.0","244.0","9","N","N","N","0","","0","0","0","","0","Y","","1","1","0","0","0","1","0","2","0","1","","","","N","","","","","","","","","",""
"2021022105","","2","0","0","0","0","0","0","0","0","2","0","","02","3","2021","7","40.453503","-80.053261","","11","0","0","0","0","1","0","0","0","","0","0","0","","","0","N","0","","40 27:12.610","7","0","80 03:11.740","0","0","0","0","2301","0","0","0","N","0","0","0","2","02301","0","","1.0","1616.0","1","N","N","Y","0","","0","0","0","","0","N","","2","0","0","0","0","0","0","2","0","2","","03","","N","","","","","","","","","",""
"2021024044","","3","0","0","0","0","0","0","0","0","5","0","","02","3","2021","7","40.406122","-79.873412","","11","0","0","0","0","0","3","0","0","","0","0","0","","","0","N","1","","40 24:22.039","","0","79 52:24.283","0","0","0","0","2410","0","0","0","N","0","0","0","4","02410","0","","1.0","","1","N","N","Y","0","","0","0","0","","2","","","3","0","0","0","0","0","0","2","0","3","","03","","N","","","","","","","","","",""
"2021049034","","2","0","0","0","0","0","0","0","0","5","0","","02","5","2021","5","40.420854","-80.041082","","11","0","0","0","0","1","0","0","0","","0","0","0","","","1","N","0","","40 25:15.076","4","0","80 02:27.895","3","0","0","0","2435","0","0","0","Y","0","0","0","4","68B03","0","","1.0","39.0","1","N","N","N","0","","1","0","0","","0","N","","2","1","1","0","0","0","0","2","0","2","","03","","N","","","","","","","","","",""
"2021022072","","1","0","0","0","0","0","0","0","0","4","0","","02","3","2021","7","40.455567","-79.897032","","11","0","0","0","0","0","0","0","0","","0","0","0","","","1","N","1","","40 27:20.041","","0","79 53:49.315","3","0","0","0","2301","0","0","0","N","0","0","0","2","02301","0","","1.0","","1","N","N","N","0","","1","0","1","","2","","","2","1","0","0","0","0","0","2","0","2","","04","","N","","","","","","","","","",""
"2021010965","","2","0","0","0","0","0","0","0","0","1","0","","02","2","2021","3","40.428113","-79.999953","","11","0","0","0","0","0","0","0","0","","0","0","0","","","0","N","0","","40 25:41.207","1","4","79 59:59.831","0","0","0","0","2301","0","0","0","N","0","0","0","7","02301","0","","1.0","1635.0","1","N","N","N","1","","0","0","1","","2","N","","4","0","0","0","0","0","0","2","0","4","","03","","N","","","","","","","","","",""
"2021053136","","1","0","0","0","0","0","0","0","0","1","0","","02","6","2021","4","40.661485","-80.004696","","11","0","0","0","0","0","0","0","0","","0","0","0","","","0","N","2","","40 39:41.347","","0","80 00:16.904","0","0","0","0","2216","0","0","0","N","0","0","0","3","02505","0","","1.0","","1","N","N","N","0","","0","0","0","","0","","","2","0","0","0","0","0","0","1","1","2","","04","","N","","","","","","","","","",""
"2021049657","","1","0","0","0","0","0","0","0","0","7","0","","02","5","2021","2","40.457903","-80.067465","","11","0","0","0","0","0","0","0","0","","0","0","0","","","0","","2","","40 27:28.450","","0","80 04:02.874","0","0","0","0","2301","0","0","0","N","0","0","0","0","02301","0","","5.0","","1","N","N","N","0","","0","0","0","","0","","","1","0","0","0","0","0","0","2","0","1","","03","","N","","","","","","","","","",""
"2021028201","","1","0","0","0","0","0","0","0","0","8","0","","02","3","2021","6","40.385506","-79.978632","","11","0","0","0","0","1","0","0","0","","0","0","0","","","1","N","0","","40 23:07.820","","0","79 58:43.075","3","0","0","0","2301","1","0","0","N","1","0","0","4","02301","0","","1.0","","1","N","N","N","0","","1","0","0","","0","N","","2","1","0","0","0","0","0","2","0","1","","","","N","","","","","","","","","",""
"2021050121","","0","0","0","0","0","0","0","0","0","7","0","","02","6","2021","4","40.504613","-79.812625","","11","0","0","0","0","0","0","0","0","","0","0","0","","","0","N","0","","40 30:16.605","","0","79 48:45.450","0","0","0","0","2113","0","0","0","N","0","0","0","1","02113","0","","2.0","","1","N","N","N","0","","0","0","1","","0","","","1","0","0","0","0","0","0","2","0","1","","03","","N","","","","","","","","","",""