"CRN","ARRIVAL_TM","AUTOMOBILE_COUNT","BELTED_DEATH_COUNT","BELTED_SUSP_SERIOUS_INJ_COUNT","BICYCLE_COUNT","BICYCLE_DEATH_COUNT","BICYCLE_SUSP_SERIOUS_INJ_COUNT","BUS_COUNT","CHLDPAS_DEATH_COUNT","CHLDPAS_SUSP_SERIOUS_INJ_COUNT","COLLISION_TYPE","COMM_VEH_COUNT","CONS_ZONE_SPD_LIM","COUNTY","CRASH_MONTH","CRASH_YEAR","DAY_OF_WEEK","DEC_LATITUDE","DEC_LONGITUDE","DISPATCH_TM","DISTRICT","DRIVER_COUNT_16YR","DRIVER_COUNT_17YR","DRIVER_COUNT_18YR","DRIVER_COUNT_19YR","DRIVER_COUNT_20YR","DRIVER_COUNT_50_64YR","DRIVER_COUNT_65_74YR","DRIVER_COUNT_75PLUS","EST_HRS_CLOSED","FATAL_COUNT","HEAVY_TRUCK_COUNT","HORSE_BUGGY_COUNT","HOUR_OF_DAY","ILLUMINATION","INJURY_COUNT","INTERSECTION_RELATED","INTERSECT_TYPE","LANE_CLOSED","LATITUDE","LN_CLOSE_DIR","LOCATION_TYPE","LONGITUDE","MAX_SEVERITY_LEVEL","MCYCLE_DEATH_COUNT","MCYCLE_SUSP_SERIOUS_INJ_COUNT","MOTORCYCLE_COUNT","MUNICIPALITY","NONMOTR_COUNT","NONMOTR_DEATH_COUNT","NONMOTR_SUSP_SERIOUS_INJ_COUNT","NTFY_HIWY_MAINT","PED_COUNT","PED_DEATH_COUNT","PED_SUSP_SERIOUS_INJ_COUNT","PERSON_COUNT","POLICE_AGCY","POSSIBLE_INJ_COUNT","RDWY_SURF_TYPE_CD","RELATION_TO_ROAD","ROADWAY_CLEARED","ROAD_CONDITION","SCH_BUS_IND","SCH_ZONE_IND","SECONDARY_CRASH","SMALL_TRUCK_COUNT","SPEC_JURIS_CD","SUSP_MINOR_INJ_COUNT","SUSP_SERIOUS_INJ_COUNT","SUV_COUNT","TCD_FUNC_CD","TCD_TYPE","TFC_DETOUR_IND","TIME_OF_DAY","TOTAL_UNITS","TOT_INJ_COUNT","UNBELTED_OCC_COUNT","UNB_DEATH_COUNT","UNB_SUSP_SERIOUS_INJ_COUNT","UNK_INJ_DEG_COUNT","UNK_INJ_PER_COUNT","URBAN_RURAL","VAN_COUNT","VEHICLE_COUNT","WEATHER1","WEATHER2","WORKERS_PRES","WORK_ZONE_IND","WORK_ZONE_LOC","WORK_ZONE_TYPE","WZ_CLOSE_DETOUR","WZ_FLAGGER","WZ_LAW_OFFCR_IND","WZ_LN_CLOSURE","WZ_MOVING","WZ_OTHER","WZ_SHLDER_MDN","WZ_WORKERS_INJ_KILLED"
"2021022422","","5","0","0","0","0","0","0","0","0","98","0","","02","3","2021","1","40.422386","-80.009","","11","0","0","0","0","0","0","0","0","","0","0","0","","","0","N","0","","40 25:20.590","","0","80 00:32.400","9","0","0","0","2301","0","0","0","N","0","0","0","1","02301","0","","1.0","","1","N","N","N","2","","0","0","0","","8","","","7","0","0","0","0","0","1","2","0","7","","03","","N","","","","","","","","","",""
"2021023424","","1","0","0","0","0","0","0","0","0","7","0","","02","3","2021","1","40.420056","-79.889861","","11","0","0","0","0","0","0","0","0","","0","0","0","","","1","N","0","","40 25:12.200","","0","79 53:23.500","3","0","0","0","2463","0","0","0","N","0","0","0","1","02463","0","","5.0","","1","N","N","N","0","","1","0","0","","0","","","1","1","0","0","0","0","0","2","0","1","","03","","N","","","","","","","","","",""
"2021023860","","1","0","0","0","0","0","0","0","0","5","0","","02","3","2021","4","40.362956","-80.029181","","11","0","0","0","0","0","0","0","1","","0","0","0","","","0","N","0","","40 21:46.640","","0","80 01:45.050","0","0","0","0","2416","0","0","0","N","0","0","0","1","02416","0","","4.0","","1","N","N","N","0","","0","0","1","","0","","","2","0","1","0","0","0","0","2","0","2","","03","","N","","","","","","","","","",""
"2021050812","","1","0","0","0","0","0","0","0","0","4","0","","02","6","2021","5","40.456982","-79.898914","","11","0","0","0","0","1","0","0","0","","0","0","0","","","0","N","1","","40 27:25.136","","0","79 53:56.091","0","0","0","0","2301","0","0","0","N","0","0","0","2","02301","0","","1.0","","1","N","N","N","0","","0","0","1","","2","","","2","0","0","0","0","0","0","2","0","2","","","","N","","","","","","","","","",""
"2021021782","","2","0","0","0","0","0","0","0","0","1","0","","02","3","2021","6","40.444349","-79.828325","","11","0","0","0","0","0","1","1","0","","0","0","0","","","2","","2","","40 26:39.657","5","0","79 49:41.969","3","0","0","0","2113","0","0","0","N","0","0","0","2","02113","0","","1.0","1400.0","1","N","N","N","0","","2","0","0","","2","N","","2","2","0","0","0","0","0","2","0","2","","03","","N","","","","","","","","","",""
"2021049264","","1","0","0","0","0","0","0","0","0","7","0","","02","5","2021","6","40.615873","-79.933485","","11","0","0","0","0","0","0","0","0","","0","0","0","","","0","N","0","","40 36:57.143","2","0","79 56:00.547","0","0","0","0","2217","0","0","0","N","0","0","0","1","02505","0","","4.0","1441.0","9","N","N","N","0","","0","0","0","","0","N","","1","0","0","0","0","0","0","2","0","1","","07","","N","","","","","","","","","",""
"2021050705","","1","0","0","0","0","0","0","0","0","0","0","","02","5","2021","7","40.483098","-79.898503","","11","0","0","0","0","0","1","0","0","","0","0","0","","","0","N","0","","40 28:59.152","","0","79 53:54.610","0","0","0","0","2301","0","0","0","N","0","0","0","1","02301","0","","1.0","","1","N","N","N","0","","0","0","0","","0","N","","1","0","0","0","0","0","0","2","0","1","","03","","N","","","","","","","","","",""
"2021021841","","2","0","0","0","0","0","0","0","0","2","0","","02","3","2021","5","40.314447","-79.829521","","11","0","0","0","0","0","0","0","0","","0","0","0","","","0","N","0","","40 18:52.010","","3","79 49:46.275","9","0","0","0","2469","0","0","0","N","0","0","0","2","02469","0","","1.0","","1","N","N","N","0","","0","0","0","","0","","","2","0","0","0","0","0","1","2","0","2","","","","N","","","","","","","","","",""
"2021049868","","1","0","0","0","0","0","0","0","0","1","0","","02","6","2021","3","40.34517","-80.058032","","11","0","0","0","0","0","1","0","0","","0","0","0","","","0","N","0","","40 20:42.611","1","0","80 03:28.916","0","0","0","0","2123","0","0","0","N","0","0","0","3","02123","0","","1.0","1230.0","1","N","N","N","0","","0","0","1","","0","N","","2","0","0","0","0","0","0","2","0","2","","04","","N","","","","","","","","","",""
"2021045962","","1","0","0","0","0","0","0","0","0","5","0","","02","5","2021","5","40.403592","-80.096272","","11","0","0","0","0","0","0","0","0","","0","0","0","","","0","N","0","","40 24:12.930","","0","80 05:46.578","0","0","0","0","2415","0","0","0","N","0","0","0","1","02415","0","","1.0","","1","N","N","N","1","","0","0","0","","0","","","2","0","0","0","0","0","0","2","0","2","","03","","N","","","","","","","","","",""
"2021023078","","1","0","0","0","0","0","0","0","0","5","0","","02","3","2021","3","40.431947","-79.893414","","11","0","0","0","0","0","0","0","1","","0","0","0","","","0","N","0","","40 25:55.010","1","0","79 53:36.290","0","0","0","0","2426","0","0","0","N","0","0","0","2","02426","0","","1.0","1555.0","1","N","N","N","0","","0","0","2","","0","N","","3","0","0","0","0","0","0","2","0","3","","03","","N","","","","","","","","","",""
"2021021204","","0","0","0","0","0","0","0","0","0","7","0","","02","3","2021","4","40.438348","-79.980773","","11","0","0","0","0","0","0","0","1","","0","0","0","","","1","N","2","","40 26:18.053","3","0","79 58:50.783","8","0","0","0","2301","0","0","0","N","0","0","0","1","02301","0","","5.0","1645.0","1","N","N","N","0","","0","0","0","","2","N","","1","1","0","0","0","1","0","2","1","1","","03","","N","","","","","","","","","",""
"2021027134","","0","0","0","0","0","0","0","0","0","7","0","","02","3","2021","7","40.436944","-79.709167","","11","0","0","0","0","0","0","0","0","","0","0","0","","","1","N","0","","40 26:13.000","","0","79 42:33.000","4","0","0","0","2446","0","0","0","N","0","0","0","2","02446","1","","5.0","","1","N","N","N","0","","0","0","0","","0","","","1","1","0","0","0","0","0","2","1","1","","","","N","","","","","","","","","",""
"2021023119","","0","0","0","0","0","0","0","0","0","0","0","","02","3","2021","3","40.464911","-79.696975","","11","0","0","0","0","0","0","0","0","","0","0","0","","","1","N","0","","40 27:53.680","3","0","79 41:49.110","8","0","0","1","2466","0","0","0","N","0","0","0","1","02466","0","","1.0","1219.0","1","N","N","N","0","","0","0","0","","0","N","","1","1","0","0","0","1","0","2","0","1","","","","N","","","","","","","","","",""
"2021026643","","2","0","0","0","0","0","0","0","0","4","0","","02","3","2021","2","40.497747","-80.050535","","11","0","0","0","0","0","0","1","0","","0","0","0","","","0","","1","","40 29:51.889","","0","80 03:01.925","0","0","0","0","2116","0","0","0","N","0","0","0","5","02404","0","","1.0","","1","N","N","Y","0","","0","0","0","","3","","","2","0","0","0","0","0","0","2","0","2","","03","","N","","","","","","","","","",""
"2021025531","","2","0","1","0","0","0","0","0","0","4","0","","02","3","2021","1","40.519723","-80.217801","","11","0","0","0","0","0","0","1","0","","0","0","0","","","2","","1","","40 31:11.001","2","0","80 13:04.082","2","0","0","0","2213","0","0","0","N","0","0","0","4","02213","0","","1.0","40.0","1","N","N","N","2","","1","1","0","","2","N","","4","2","0","0","0","0","0","2","0","4","","","","N","","","","","","","","","",""
"2021050399","","1","0","0","0","0","0","0","0","0","4","0","","02","5","2021","2","40.629586","-79.717599","","11","0","0","0","1","0","0","1","0","","0","0","0","","","0","","1","","40 37:46.510","1","0","79 43:03.356","0","0","0","0","2106","0","0","0","N","0","0","0","2","02106","0","","1.0","1941.0","1","N","N","N","0","","0","0","1","","2","Y","","2","0","0","0","0","0","0","2","0","2","","","","N","","","","","","","","","",""
"2021022184","","1","0","0","0","0","0","0","0","0","7","0","","02","3","2021","7","40.489578","-79.953103","","11","0","0","0","0","0","0","0","0","","0","0","0","","","0","N","0","","40 29:22.481","2","0","79 57:11.170","0","0","0","0","2430","0","0","0","N","0","0","0","1","02430","0","","1.0","148.0","1","N","N","N","0","","0","0","0","","0","N","","1","0","0","0","0","0","0","2","0","1","","","","N","","","","","","","","","",""
"2021049340","","1","0","0","0","0","0","0","0","0","7","0","","02","5","2021","3","40.476968","-79.970009","","11","0","0","0","0","0","0","0","0","","0","0","0","","","1","N","2","","40 28:37.084","1","0","79 58:12.032","3","0","0","0","2445","0","0","0","N","0","0","0","1","02445","0","","5.0","1506.0","1","N","N","N","0","","1","0","0","","3","N","","1","1","0","0","0","0","0","2","0","1","","03","","N","","","","","","","","","",""
"2021023147","","1","0","0","0","0","0","0","0","0","7","0","","02","3","2021","4","40.428544","-80.046983","","11","0","0","0","0","0","0","1","0","","0","0","0","","","0","N","0","","40 25:42.760","","0","80 02:49.140","0","0","0","0","2301","0","0","0","N","0","0","0","1","02301","0","","2.0","","1","N","N","N","0","","0","0","0","","0","N","","1","0","0","0","0","0","0","2","0","1","","03","","N","","","","","","","","","",""
"2021023692","","0","0","0","0","0","0","0","0","0","4","0","","02","3","2021","7","40.411015","-80.005934","","11","0","0","0","0","0","0","0","0","","0","0","0","","","1","","2","","40 24:39.653","2","7","80 00:21.363","4","0","0","0","2301","0","0","0","N","0","0","0","3","02301","1","","1.0","2315.0","1","N","N","N","0","","0","0","2","","2","Y","","2","1","0","0","0","0","0","2","0","2","","03","","N","","","","","","","","","",""
"2021021833","","1","0","0","0","0","0","0","0","0","2","0","","02","3","2021","5","40.387897","-79.831317","","11","0","0","0","0","0","1","0","0","","0","0","0","","","1","N","0","","40 23:16.430","6","0","79 49:52.740","8","0","0","0","2111","0","0","0","N","0","0","0","8","02111","0","","1.0","915.0","1","N","N","N","0","","0","0","1","","0","Y","","2","1","3","0","0","1","0","2","0","2","","98","","N","","","","","","","","","",""
"2021010221","","1","0","0","0","0","0","0","0","0","7","0","","02","1","2021","7","40.447889","-80.010888","","11","0","0","0","1","0","0","0","0","","0","0","0","","","1","Y","0","","40 26:52.401","","0","80 00:39.198","3","0","0","0","2301","0","0","0","N","0","0","0","1","02301","0","","2.0","","2","N","N","N","0","","1","0","0","","0","","","1","1","1","0","0","0","0","2","0","1","","03","","N","","","","","","","","","",""
"2021049020","","1","0","0","0","0","0","0","0","0","7","0","","02","5","2021","2","40.547963","-79.825684","","11","0","0","0","0","0","0","0","0","","0","0","0","","","0","N","0","","40 32:52.666","","0","79 49:32.462","0","0","0","0","2208","0","0","0","N","0","0","0","1","68D02","0","","2.0","","1","N","N","N","0","","0","0","0","","0","","","1","0","0","0","0","0","0","2","0","1","","","","N","","","","","","","","","",""
"2021025097","","1","0","0","0","0","0","0","0","0","7","0","","02","3","2021","5","40.412397","-79.728369","","11","0","0","0","0","0","0","1","0","","0","0","0","","","0","N","0","","40 24:44.630","","0","79 43:42.130","0","0","0","0","2446","0","0","0","N","0","0","0","1","68T09","0","","3.0","","1","N","N","N","0","","0","0","0","","0","","","1","0","0","0","0","0","0","2","0","1","","03","","N","","","","","","","","","",""
"2021023382","","2","0","0","0","0","0","0","0","0","1","0","","02","3","2021","4","40.352309","-79.822036","","11","0","0","0","1","0","0","0","0","","0","0","0","","","1","N","0","","40 21:08.314","4","0","79 49:19.328","3","0","0","0","2477","0","0","0","N","0","0","0","3","02477","0","","1.0","1931.0","1","N","N","N","0","","1","0","0","","0","N","","2","1","0","0","0","0","0","2","0","2","","03","","N","","","","","","","","","",""
"2021021398","","0","0","0","0","0","0","0","0","0","7","0","","02","3","2021","4","40.292737","-79.897373","","11","0","0","0","0","0","0","0","0","","0","0","0","","","1","","2","","40 17:33.853","7","0","79 53:50.542","3","0","0","0","2302","0","0","0","N","0","0","0","1","02302","0","","2.0","2040.0","1","N","N","N","0","","1","0","1","","0","Y","","1","1","1","0","0","0","0","2","0","1","","03","","N","","","","","","","","","",""
"2021045600","","0","0","0","0","0","0","0","0","0","7","0","","02","5","2021","1","40.342924","-79.972715","","11","0","0","0","0","0","0","0","0","","0","0","0","","","1","N","0","","40 20:34.525","7","1","79 58:21.773","3","0","0","0","2403","0","0","0","N","0","0","0","1","02403","0","","1.0","2345.0","1","N","N","N","0","","1","0","1","","0","N","","1","1","0","0","0","0","0","2","0","1","","","","N","","","","","","","","","",""
"2021026401","","1","0","0","0","0","0","0","0","0","7","0","","02","3","2021","2","40.365579","-79.823085","","11","0","0","0","0","0","0","0","0","","0","0","0","","","1","N","0","","40 21:56.084","2","0","79 49:23.105","2","0","0","0","2111","0","0","0","N","0","0","0","1","02111","0","","5.0","325.0","1","N","N","N","0","","0","1","0","","0","Y","","1","1","1","0","1","0","0","2","0","1","","03","","N","","","","","","","","","",""
"2021047033","","0","0","0","0","0","0","0","0","0","7","0","","02","5","2021","2","40.347983","-79.996258","","11","0","1","0","0","0","0","0","0","","0","0","0","","","1","N","0","","40 20:52.740","7","0","79 59:46.529","3","0","0","0","2403","0","0","0","N","0","0","0","2","02403","0","","5.0","1400.0","9","N","N","N","1","","1","0","0","","0","Y","","1","1","0","0","0","0","0","2","0","1","","","","N","","","","","","","","","",""
"2021050209","","2","0","0","0","0","0","0","0","0","4","0","","02","6","2021","4","40.445213","-79.930285","","11","0","0","0","0","1","0","1","0","","0","0","0","","","1","","1","","40 26:42.767","4","0","79 55:49.025","4","0","0","0","2301","0","0","0","N","0","0","0","2","02301","1","","1.0","5.0","1","N","N","N","0","","0","0","0","","3","N","","2","1","0","0","0","0","0","2","0","2","","03","","N","","","","","","","","","",""
"2021048180","","2","0","0","0","0","0","0","0","0","5","0","","02","5","2021","5","40.348017","-79.939034","","11","0","0","0","0","0","1","0","0","","0","0","0","","","0","N","0","","40 20:52.861","5","0","79 56:20.521","0","0","0","0","2473","0","0","0","N","0","0","0","7","02473","0","","1.0","810.0","1","N","N","Y","1","","0","0","0","","0","Y","","3","0","0","0","0","0","0","2","0","3","","","","N","","","","","","","","","",""
"2021049693","","1","0","0","0","0","0","0","0","0","5","0","","02","5","2021","5","40.371989","-80.065056","","11","0","0","0","0","0","0","0","0","","0","0","0","","","0","N","0","","40 22:19.160","","0","80 03:54.200","0","0","0","0","2109","0","0","0","N","0","0","0","1","02109","0","","1.0","","1","N","N","N","0","","0","0","1","","0","","","2","0","0","0","0","0","0","2","0","2","","03","","N","","","","","","","","","",""
"2021050064","","1","0","0","0","0","0","0","0","0","7","0","","02","5","2021","7","40.44089","-80.009299","","11","0","0","0","0","0","0","0","0","","0","0","0","","","0","N","0","","40 26:27.204","","0","80 00:33.476","0","0","0","0","2301","0","0","0","N","0","0","0","1","68B03","0","","4.0","","1","N","N","N","0","","0","0","0","","0","","","1","0","0","0","0","0","0","2","0","1","","","","N","","","","","","","","","",""
"2021050264","","2","0","0","0","0","0","0","0","0","1","0","","02","5","2021","2","40.442329","-79.837768","","11","0","0","0","0","0","1","0","0","","0","0","0","","","0","N","0","","40 26:32.384","3","0","79 50:15.964","0","0","0","0","2419","0","0","0","Y","0","0","0","2","68B03","0","","1.0","840.0","9","N","N","N","0","","0","0","0","","0","N","","2","0","0","0","0","0","0","2","0","2","","07","","N","","","","","","","","","",""
"2021023096","","1","0","0","0","0","0","0","0","0","4","0","","02","3","2021","5","40.552861","-80.022611","","11","0","0","0","0","0","0","0","0","","0","0","0","","","0","N","0","","40 33:10.300","","7","80 01:21.400","0","0","0","0","2116","0","0","0","N","0","0","0","2","02116","0","","1.0","","1","N","N","N","0","","0","0","0","","3","","","2","0","0","0","0","0","0","2","1","2","","","","N","","","","","","","","","",""
"2021047036","","0","0","0","0","0","0","0","0","0","4","0","","02","5","2021","7","40.365707","-80.107609","","11","0","0","0","0","0","0","0","0","","0","0","0","","","0","N","0","","40 21:56.546","2","7","80 06:27.394","0","0","0","0","2102","0","0","0","N","0","0","0","3","02102","0","","1.0","1248.0","1","N","N","N","0","","0","0","2","","2","N","","2","0","0","0","0","0","0","2","0","2","","03","","N","","","","","","","","","",""
"2021021694","","1","0","0","0","0","0","0","0","0","7","0","","02","3","2021","6","40.448676","-80.023882","","11","0","0","0","0","0","0","0","0","","0","0","0","","","0","N","0","","40 26:55.232","","0","80 01:25.975","0","0","0","0","2301","0","0","0","N","0","0","0","1","02301","0","","3.0","","2","N","N","N","0","","0","0","0","","0","","","1","0","0","0","0","0","0","2","0","1","","","","N","","","","","","","","","",""
"2021023256","","1","0","0","0","0","0","0","0","0","5","0","","02","3","2021","2","40.36669","-80.014404","","11","0","0","0","0","0","0","1","0","","0","0","0","","","0","","1","","40 22:00.085","4","0","80 00:51.854","0","0","0","0","2416","0","0","0","N","0","0","0","3","02416","0","","1.0","940.0","1","N","N","N","0","","0","0","1","","2","N","","2","0","0","0","0","0","0","2","0","2","","03","","N","","","","","","","","","",""
"2021011752","","3","0","0","0","0","0","0","0","0","7","0","","02","2","2021","5","40.433878","-79.98846","","11","0","0","0","0","0","0","0","0","","0","0","0","","","0","N","0","","40 26:01.959","3","0","79 59:18.457","0","0","0","0","2301","0","0","0","Y","0","0","0","3","02301","0","","7.0","1045.0","1","N","N","N","0","","0","0","0","","0","Y","","3","0","0","0","0","0","0","2","0","3","","","","N","","","","","","","","","",""
"2021050029","","2","0","0","0","0","0","0","0","0","4","0","","02","6","2021","3","40.485183","-79.856869","","11","0","1","0","0","0","0","0","0","","0","0","0","","","0","","2","","40 29:06.657","","0","79 51:24.730","9","0","0","0","2113","0","0","0","N","0","0","0","3","02113","0","","1.0","","1","N","N","N","1","","0","0","0","","0","","","3","0","0","0","0","0","1","2","0","3","","","","N","","","","","","","","","",""
"2021049017","","1","0","0","0","0","0","0","0","0","4","0","","02","5","2021","7","40.442452","-79.85801","","11","0","0","0","0","0","0","0","0","","0","0","0","","","0","","2","","40 26:32.827","","0","79 51:28.836","0","0","0","0","2419","0","0","0","N","0","0","0","4","02419","0","","1.0","","9","N","N","N","0","","0","0","1","","3","","","2","0","0","0","0","0","0","2","0","2","","","","N","","","","","","","","","",""
"2021047570","","2","0","0","0","0","0","0","0","0","1","0","","02","5","2021","3","40.4634","-79.980939","","11","0","0","0","0","0","0","0","0","","0","0","0","","","0","","6","","40 27:48.239","2","2","79 58:51.382","0","0","0","0","2301","0","0","0","N","0","0","0","2","02301","0","","1.0","1850.0","1","N","N","N","0","","0","0","0","","4","Y","","2","0","0","0","0","0","0","2","0","2","","03","","N","","","","","","","","","",""
"2021045900","","1","0","0","0","0","0","0","0","0","1","1","","02","5","2021","5","40.392911","-79.997305","","11","0","0","0","0","0","0","1","0","","0","1","0","","","0","N","0","","40 23:34.478","1","0","79 59:50.297","0","0","0","0","2301","0","0","0","N","0","0","0","4","02301","0","","1.0","1621.0","1","N","N","N","0","","0","0","1","","0","N","","3","0","0","0","0","0","0","2","0","3","","","","N","","","","","","","","","",""
"2021049863","","2","0","0","0","0","0","0","0","0","4","0","","02","6","2021","3","40.464428","-79.96253","","11","0","0","0","0","0","0","0","0","","0","0","0","","","0","","1","","40 27:51.939","","0","79 57:45.107","0","0","0","0","2301","0","0","0","N","0","0","0","2","02301","0","","1.0","","1","N","N","N","0","","0","0","0","","0","","","2","0","1","0","0","0","0","2","0","2","","03","","N","","","","","","","","","",""
"2021024158","","2","0","0","0","0","0","0","0","0","5","0","","02","3","2021","1","40.464127","-79.964242","","11","0","0","0","0","0","0","0","0","","0","0","0","","","0","","1","","40 27:50.857","","0","79 57:51.270","9","0","0","0","2301","0","0","0","N","0","0","0","1","02301","0","","6.0","","1","N","N","N","0","","0","0","0","","0","","","2","0","0","0","0","0","1","2","0","2","","03","","N","","","","","","","","","",""
"2021022846","","1","0","0","0","0","0","0","0","0","7","0","","02","3","2021","1","40.505116","-80.281794","","11","0","0","0","1","0","0","0","0","","0","0","0","","","0","N","0","","40 30:18.418","4","0","80 16:54.458","0","0","0","0","2203","0","0","0","Y","0","0","0","2","68B03","0","","3.0","415.0","1","N","N","N","0","","0","0","0","","0","N","","1","0","0","0","0","0","0","1","0","1","","","","N","","","","","","","","","",""
"2021044137","","0","0","0","0","0","0","0","0","0","7","0","","02","5","2021","6","40.332455","-79.80179","","11","0","0","0","0","0","0","0","0","","0","0","0","","","0","N","0","","40 19:56.839","","0","79 48:06.443","0","0","0","0","2477","0","0","0","N","0","0","0","1","02477","0","","5.0","","1","N","N","N","0","","0","0","1","","0","","","1","0","1","0","0","0","0","2","0","1","","03","","N","","","","","","","","","",""
"2021014032","","1","0","0","0","0","0","0","0","0","7","0","","02","2","2021","4","40.42021","-79.842561","","11","0","0","0","0","0","0","0","0","","0","0","0","","","0","","1","","40 25:12.756","2","0","79 50:33.219","0","0","0","0","2431","0","0","0","N","0","0","0","1","02431","0","","5.0","1947.0","2","N","N","N","0","","0","0","0","","0","N","","1","0","0","0","0","0","0","2","0","1","","02","","N","","","","","","","","","",""
"2021049032","","0","0","0","0","0","0","0","0","0","7","0","","02","5","2021","4","40.492213","-79.910458","","11","0","0","1","0","0","0","0","0","","0","0","0","","","0","N","0","","40 29:31.966","","3","79 54:37.648","0","0","0","0","2112","0","0","0","N","0","0","0","1","68D02","0","","2.0","","8","N","N","N","0","","0","0","1","","0","","","1","0","0","0","0","0","0","2","0","1","","","","N","","","","","","","","","",""
"2021023421","","0","0","0","0","0","0","0","0","0","7","0","","02","3","2021","4","40.325333","-79.987321","","11","0","0","0","0","0","0","0","0","","0","0","0","","","1","","2","","40 19:31.198","5","0","79 59:14.355","2","0","0","0","2219","0","0","0","N","0","0","0","1","02219","0","","2.0","1505.0","1","N","N","N","0","","0","1","1","","3","Y","","1","1","1","0","1","0","0","2","0","1","","","","N","","","","","","","","","",""
"2021049464","","1","0","0","0","0","0","0","0","0","4","0","","02","5","2021","7","40.390586","-79.96195","","11","0","0","0","0","0","0","0","0","","0","0","0","","","1","","1","","40 23:26.111","7","0","79 57:43.019","3","0","0","0","2403","0","0","0","N","0","0","0","2","02403","0","","1.0","300.0","1","N","N","N","0","","1","0","1","","3","N","","2","1","0","0","0","0","0","2","0","2","","","","N","","","","","","","","","",""
"2021050814","","1","0","0","0","0","0","0","0","0","1","0","","02","6","2021","5","40.434633","-79.914903","","11","0","1","0","0","0","0","0","0","","0","0","0","","","0","N","0","","40 26:04.678","","0","79 54:53.652","0","0","0","0","2301","0","0","0","N","0","0","0","2","02301","0","","1.0","","1","N","N","N","0","","0","0","1","","0","","","2","0","0","0","0","0","0","2","0","2","","03","","N","","","","","","","","","",""
"2021049790","","2","0","0","0","0","0","0","0","0","7","0","","02","6","2021","3","40.460073","-79.843216","","11","0","0","0","0","0","0","0","0","","0","0","0","","","1","N","0","","40 27:36.261","","7","79 50:35.576","3","0","0","0","2113","0","0","0","N","0","0","0","2","02113","0","","5.0","","1","N","N","N","0","","1","0","0","","0","N","","2","1","0","0","0","0","0","2","0","2","","","","N","","","","","","","","","",""
"2021021492","","0","0","0","0","0","0","0","0","0","7","0","","02","3","2021","4","40.420208","-79.7618","","11","0","0","0","0","0","0","0","0","","0","0","0","","","0","N","0","","40 25:12.750","","7","79 45:42.480","0","0","0","0","2446","0","0","0","N","0","0","0","2","02446","0","","5.0","","1","N","N","N","0","","0","0","1","","0","","","1","0","0","0","0","0","0","2","0","1","","03","","N","","","","","","","","","",""
"2021048980","","5","0","0","0","0","0","0","0","0","4","0","","02","5","2021","1","40.642195","-79.938474","","11","0","0","0","0","2","2","1","0","","0","0","0","","","1","N","1","","40 38:31.903","5","0","79 56:18.505","8","0","0","0","2217","0","0","0","N","0","0","0","6","02505","0","","1.0","1432.0","1","N","N","N","0","","0","0","0","","2","N","","5","1","0","0","0","1","0","2","0","5","","","","N","","","","","","","","","",""
"2021022268","","1","0","0","0","0","0","0","0","0","0","0","","02","3","2021","7","40.27391","-79.897718","","11","0","0","0","0","0","0","0","0","","0","0","0","","","0","N","0","","40 16:26.075","1","0","79 53:51.783","0","0","0","0","2440","0","0","0","N","0","0","0","2","02440","0","","1.0","1615.0","1","N","N","N","0","","0","0","0","","0","N","","1","0","0","0","0","0","0","2","0","1","","","","N","","","","","","","","","",""
"2021021843","","1","0","0","0","0","0","0","0","0","2","0","","02","3","2021","6","40.340911","-79.857984","","11","0","0","0","0","0","0","0","1","","0","0","0","","","2","","2","","40 20:27.279","5","0","79 51:28.742","3","0","0","0","2304","0","0","0","N","0","0","0","2","02304","0","","1.0","1642.0","1","N","N","N","0","","1","0","1","","0","Y","","2","2","0","0","0","1","0","2","0","2","","03","","N","","","","","","","","","",""
"2021022564","","1","0","0","0","0","0","0","0","0","4","0","","02","3","2021","4","40.433045","-79.752247","","11","0","0","0","0","0","0","0","0","","0","0","0","","","1","N","0","","40 25:58.963","","0","79 45:08.089","3","0","0","0","2446","0","0","0","N","0","0","0","2","02446","0","","1.0","","1","N","N","N","0","","1","0","0","","0","","","2","1","0","0","0","0","0","2","1","2","","","","N","","","","","","","","","",""
"2021021854","","2","0","0","0","0","0","0","0","0","4","0","","02","3","2021","4","40.326055","-80.06566","","11","1","0","0","0","0","0","0","0","","0","0","0","","","0","","2","","40 19:33.799","","0","80 03:56.375","0","0","0","0","2123","0","0","0","N","0","0","0","3","02123","0","","1.0","","1","N","N","N","0","","0","0","0","","2","","","2","0","0","0","0","0","0","2","0","2","","","","N","","","","","","","","","",""
"2021050606","","1","0","0","0","0","0","0","0","0","4","0","","02","5","2021","2","40.511833","-80.222529","","11","0","0","0","1","0","0","1","0","","0","0","0","","","1","N","0","","40 30:42.600","","0","80 13:21.105","3","0","0","0","2213","0","0","0","N","0","0","0","2","02213","0","","1.0","","1","N","N","N","1","","1","0","0","","0","","","2","1","0","0","0","0","0","2","0","2","","","","N","","","","","","","","","",""
"2021045267","","1","0","0","0","0","0","0","0","0","7","0","","02","3","2021","6","40.347977","-80.009369","","11","0","0","0","0","0","0","1","0","","0","0","0","","","1","N","0","","40 20:52.716","","0","80 00:33.729","4","0","0","0","2407","0","0","0","N","0","0","0","1","02407","1","","4.0","","1","N","N","N","0","","0","0","0","","0","","","1","1","0","0","0","0","0","2","0","1","","","","N","","","","","","","","","",""