"CRN","ARRIVAL_TM","AUTOMOBILE_COUNT","BELTED_DEATH_COUNT","BELTED_SUSP_SERIOUS_INJ_COUNT","BICYCLE_COUNT","BICYCLE_DEATH_COUNT","BICYCLE_SUSP_SERIOUS_INJ_COUNT","BUS_COUNT","CHLDPAS_DEATH_COUNT","CHLDPAS_SUSP_SERIOUS_INJ_COUNT","COLLISION_TYPE","COMM_VEH_COUNT","CONS_ZONE_SPD_LIM","COUNTY","CRASH_MONTH","CRASH_YEAR","DAY_OF_WEEK","DEC_LATITUDE","DEC_LONGITUDE","DISPATCH_TM","DISTRICT","DRIVER_COUNT_16YR","DRIVER_COUNT_17YR","DRIVER_COUNT_18YR","DRIVER_COUNT_19YR","DRIVER_COUNT_20YR","DRIVER_COUNT_50_64YR","DRIVER_COUNT_65_74YR","DRIVER_COUNT_75PLUS","EST_HRS_CLOSED","FATAL_COUNT","HEAVY_TRUCK_COUNT","HORSE_BUGGY_COUNT","HOUR_OF_DAY","ILLUMINATION","INJURY_COUNT","INTERSECTION_RELATED","INTERSECT_TYPE","LANE_CLOSED","LATITUDE","LN_CLOSE_DIR","LOCATION_TYPE","LONGITUDE","MAX_SEVERITY_LEVEL","MCYCLE_DEATH_COUNT","MCYCLE_SUSP_SERIOUS_INJ_COUNT","MOTORCYCLE_COUNT","MUNICIPALITY","NONMOTR_COUNT","NONMOTR_DEATH_COUNT","NONMOTR_SUSP_SERIOUS_INJ_COUNT","NTFY_HIWY_MAINT","PED_COUNT","PED_DEATH_COUNT","PED_SUSP_SERIOUS_INJ_COUNT","PERSON_COUNT","POLICE_AGCY","POSSIBLE_INJ_COUNT","RDWY_SURF_TYPE_CD","RELATION_TO_ROAD","ROADWAY_CLEARED","ROAD_CONDITION","SCH_BUS_IND","SCH_ZONE_IND","SECONDARY_CRASH","SMALL_TRUCK_COUNT","SPEC_JURIS_CD","SUSP_MINOR_INJ_COUNT","SUSP_SERIOUS_INJ_COUNT","SUV_COUNT","TCD_FUNC_CD","TCD_TYPE","TFC_DETOUR_IND","TIME_OF_DAY","TOTAL_UNITS","TOT_INJ_COUNT","UNBELTED_OCC_COUNT","UNB_DEATH_COUNT","UNB_SUSP_SERIOUS_INJ_COUNT","UNK_INJ_DEG_COUNT","UNK_INJ_PER_COUNT","URBAN_RURAL","VAN_COUNT","VEHICLE_COUNT","WEATHER1","WEATHER2","WORKERS_PRES","WORK_ZONE_IND","WORK_ZONE_LOC","WORK_ZONE_TYPE","WZ_CLOSE_DETOUR","WZ_FLAGGER","WZ_LAW_OFFCR_IND","WZ_LN_CLOSURE","WZ_MOVING","WZ_OTHER","WZ_SHLDER_MDN","WZ_WORKERS_INJ_KILLED"
"2021055829","","0","0","0","0","0","0","0","0","0","7","0","","02","6","2021","7","40.473224","-79.928344","","11","1","0","0","0","0","0","0","0","","0","0","0","","","0","N","0","","40 28:23.608","","0","79 55:42.039","0","0","0","0","2301","0","0","0","N","0","0","0","1","02301","0","","5.0","","1","N","N","Y","0","","0","0","1","","0","N","","1","0","0","0","0","0","0","2","0","1","","","","N","","","","","","","","","",""
"2021052264","","2","0","0","0","0","0","0","0","0","4","0","","02","6","2021","1","40.530221","-80.017349","","11","0","0","0","0","0","0","1","0","","0","0","0","","","5","","1","","40 31:48.795","3","0","80 01:02.455","3","0","0","0","2116","0","0","0","N","0","0","0","5","02116","2","","1.0","1810.0","1","N","N","N","0","","3","0","0","","3","Y","","2","5","0","0","0","0","0","2","0","2","","03","","N","","","","","","","","","",""
"2021056473","","0","0","0","0","0","0","0","0","0","98","0","","02","6","2021","4","40.657623","-79.722574","","11","0","0","0","0","0","1","0","0","","0","0","0","","","0","N","0","","40 39:27.443","1","0","79 43:21.268","0","0","0","0","2106","0","0","0","N","0","0","0","2","68D02","0","","1.0","30.0","1","N","N","N","0","","0","0","1","","0","N","","1","0","0","0","0","0","0","2","0","1","","","","N","","","","","","","","","",""
"2021018294","","1","0","0","0","0","0","0","0","0","7","0","","02","2","2021","3","40.547458","-80.021536","","11","0","0","0","0","0","0","0","0","","0","0","0","","","0","N","0","","40 32:50.849","","0","80 01:17.529","0","0","0","0","2116","0","0","0","N","0","0","0","1","02116","0","","5.0","","1","N","N","N","0","","0","0","0","","0","","","1","0","0","0","0","0","0","2","0","1","","03","","N","","","","","","","","","",""
"2021054033","","0","0","0","0","0","0","0","0","0","1","0","","02","6","2021","7","40.565305","-80.008558","","11","0","0","0","0","0","0","1","0","","0","0","0","","","2","N","2","","40 33:55.099","4","0","80 00:30.808","3","0","0","0","2108","0","0","0","N","0","0","0","4","02108","0","","1.0","1245.0","1","N","N","N","0","","2","0","1","","0","N","","2","2","0","0","0","0","0","2","1","2","","03","","N","","","","","","","","","",""
"2021054600","","1","0","0","0","0","0","0","0","0","4","0","","02","6","2021","2","40.526014","-79.84271","","11","0","0","0","0","0","0","1","0","","0","0","0","","","0","N","1","","40 31:33.650","1","0","79 50:33.755","0","0","0","0","2451","0","0","0","N","0","0","0","5","02451","0","","1.0","1021.0","1","N","N","N","0","","0","0","1","","3","N","","2","0","0","0","0","0","0","2","0","2","","","","N","","","","","","","","","",""
"2021027741","","1","0","0","0","0","0","0","0","0","1","0","","02","3","2021","5","40.414049","-80.009642","","11","0","0","0","0","0","0","0","0","","0","0","0","","","0","N","0","","40 24:50.578","1","6","80 00:34.710","0","0","0","0","2301","0","0","0","N","0","0","0","2","02301","0","","1.0","1155.0","1","N","N","N","1","","0","0","0","","0","N","","2","0","0","0","0","0","0","2","0","2","","03","","N","","","","","","","","","",""
"2021046773","","1","0","0","0","0","0","1","0","0","5","1","","02","5","2021","1","40.443461","-80.004639","","11","0","0","0","0","0","1","0","0","","0","0","0","","","0","N","1","","40 26:36.458","","0","80 00:16.702","0","0","0","0","2301","0","0","0","N","0","0","0","5","02503","0","","1.0","","1","N","N","N","0","","0","0","0","","2","","","2","0","0","0","0","0","0","2","0","2","","03","","N","","","","","","","","","",""
"2021054726","","2","0","0","0","0","0","0","0","0","7","0","","02","6","2021","2","40.435756","-79.971666","","11","0","0","0","0","0","1","0","0","","0","0","0","","","0","N","0","","40 26:08.723","","0","79 58:17.997","0","0","0","0","2301","0","0","0","N","0","0","0","2","02301","0","","5.0","","1","N","N","Y","0","","0","0","0","","0","","","2","0","0","0","0","0","0","2","0","2","","03","","N","","","","","","","","","",""
"2021023235","","0","0","0","0","0","0","0","0","0","7","0","","02","3","2021","4","40.481902","-80.01798","","11","0","0","0","0","0","1","0","0","","0","0","0","","","1","N","0","","40 28:54.848","","0","80 01:04.728","3","0","0","1","2301","0","0","0","N","0","0","0","1","02301","0","","4.0","","1","N","N","N","0","","1","0","0","","0","","","1","1","0","0","0","0","0","2","0","1","","03","","N","","","","","","","","","",""
"2021053983","","2","0","0","0","0","0","0","0","0","4","0","","02","6","2021","6","40.449249","-79.901434","","11","0","0","0","0","0","0","0","0","","0","0","0","","","2","N","1","","40 26:57.297","5","0","79 54:05.161","3","0","0","0","2301","0","0","0","N","0","0","0","3","02301","1","","1.0","1515.0","1","N","N","N","0","","1","0","0","","2","Y","","2","2","0","0","0","0","0","2","0","2","","03","","N","","","","","","","","","",""
"2021036837","","0","0","0","0","0","0","0","0","0","7","0","","02","3","2021","5","40.427209","-79.891185","","11","0","0","0","0","0","0","0","0","","0","0","0","","","1","N","0","","40 25:37.953","3","0","79 53:28.265","3","0","0","0","2463","0","0","0","Y","0","0","0","1","68B03","0","","4.0","244.0","1","N","N","N","0","","1","0","1","","0","N","","1","1","1","0","0","0","0","2","0","1","","","","N","","","","","","","","","",""
"2021052551","","1","0","0","0","0","0","0","0","0","4","0","","02","6","2021","3","40.449135","-80.119361","","11","0","0","0","0","0","1","0","0","","0","0","0","","","2","","1","","40 26:56.886","1","0","80 07:09.698","8","0","0","0","2115","0","0","0","N","0","0","0","4","02115","0","","1.0","1920.0","1","N","N","N","0","","0","0","1","","0","N","","2","2","0","0","0","2","0","2","0","2","","","","N","","","","","","","","","",""
"2021029056","","1","0","0","0","0","0","0","0","0","98","0","","02","3","2021","3","40.435799","-79.981485","","11","0","0","0","0","0","0","0","0","","0","0","0","","","1","N","0","","40 26:08.877","","0","79 58:53.347","3","0","0","0","2301","0","0","0","N","0","0","0","1","02301","0","","1.0","","1","N","N","Y","0","","1","0","0","","0","","","1","1","0","0","0","0","0","2","0","1","","03","","N","","","","","","","","","",""
"2021027404","","0","0","0","0","0","0","0","0","0","5","0","","02","3","2021","3","40.480628","-79.950117","","11","0","0","0","0","1","0","0","0","","0","0","0","","","0","N","0","","40 28:50.260","","0","79 57:00.420","0","0","0","0","2301","0","0","0","N","0","0","0","1","02301","0","","2.0","","1","N","N","N","0","","0","0","2","","0","","","2","0","0","0","0","0","0","2","0","2","","03","","N","","","","","","","","","",""
"2021027975","","0","0","0","0","0","0","0","0","0","7","0","","02","3","2021","5","40.395764","-79.828654","","11","0","0","0","0","0","1","0","0","","0","0","0","","","0","N","0","","40 23:44.752","3","0","79 49:43.156","0","0","0","0","2111","0","0","0","Y","0","0","0","1","02111","0","","2.0","1319.0","1","N","N","N","0","","0","0","1","","0","N","","1","0","0","0","0","0","0","2","0","1","","03","","N","","","","","","","","","",""
"2021055585","","2","0","0","0","0","0","0","0","0","1","0","","02","6","2021","3","40.424535","-79.859373","","11","0","0","0","0","0","2","0","0","","0","0","0","","","0","","2","","40 25:28.325","3","0","79 51:33.744","9","0","0","0","2431","0","0","0","N","0","0","0","3","02431","0","","1.0","2315.0","1","N","N","N","0","","0","0","1","","2","N","","3","0","0","0","0","0","1","2","0","3","","03","","N","","","","","","","","","",""
"2021054729","","0","0","0","0","0","0","0","0","0","1","0","","02","6","2021","6","40.346472","-80.076294","","11","0","0","0","0","0","0","0","0","","0","0","0","","","0","N","0","","40 20:47.300","","6","80 04:34.660","0","0","0","0","2123","0","0","0","N","0","0","0","2","02123","0","","4.0","","1","N","N","N","0","","0","0","2","","0","","","2","0","0","0","0","0","0","2","0","2","","03","","N","","","","","","","","","",""
"2021046113","","1","0","0","0","0","0","0","0","0","7","0","","02","5","2021","6","40.345348","-79.863743","","11","0","0","0","0","0","0","0","0","","0","0","0","","","0","N","0","","40 20:43.251","","0","79 51:49.473","0","0","0","0","2304","0","0","0","N","0","0","0","1","02304","0","","5.0","","1","N","N","N","0","","0","0","0","","0","","","1","0","0","0","0","0","0","2","0","1","","","","N","","","","","","","","","",""
"2021053403","","2","0","0","0","0","0","0","0","0","1","1","","02","5","2021","1","40.376644","-79.848035","","11","0","0","0","0","0","0","0","0","","0","1","0","","","1","N","0","","40 22:35.918","5","0","79 50:52.925","3","0","0","0","2303","0","0","0","N","0","0","0","3","02303","0","","1.0","311.0","1","N","N","Y","0","","1","0","0","","0","Y","","3","1","0","0","0","0","2","2","0","3","","","","N","","","","","","","","","",""
"2021020704","","2","0","0","0","0","0","0","0","0","5","0","","02","3","2021","3","40.461451","-79.98252","","11","0","0","0","0","0","0","0","0","","0","0","0","","","0","N","0","","40 27:41.222","","0","79 58:57.071","0","0","0","0","2301","0","0","0","N","0","0","0","2","02301","0","","1.0","","1","N","N","N","0","","0","0","0","","0","","","2","0","0","0","0","0","0","2","0","2","","","","N","","","","","","","","","",""
"2021017892","","2","0","0","0","0","0","0","0","0","98","0","","02","2","2021","1","40.474191","-80.005458","","11","0","0","0","0","0","0","0","0","","0","0","0","","","0","N","0","","40 28:27.087","","2","80 00:19.647","9","0","0","0","2301","0","0","0","Y","0","0","0","2","02301","0","","7.0","","1","N","N","N","0","","0","0","0","","0","","","2","0","0","0","0","0","1","2","0","2","","","","N","","","","","","","","","",""
"2021054395","","0","0","0","0","0","0","0","0","0","7","0","","02","6","2021","1","40.463463","-80.304316","","11","0","0","0","0","0","0","0","0","","0","0","0","","","0","N","0","","40 27:48.466","4","0","80 18:15.538","0","0","0","0","2203","0","0","0","N","0","0","0","1","02203","0","","4.0","154.0","1","","","N","0","","0","0","1","","0","N","","1","0","0","0","0","0","0","1","0","1","","","","N","","","","","","","","","",""
"2021026932","","2","0","0","0","0","0","0","0","0","2","0","","02","3","2021","2","40.438498","-79.984133","","11","0","0","0","0","0","0","0","0","","0","0","0","","","0","N","2","","40 26:18.593","","0","79 59:02.879","0","0","0","0","2301","0","0","0","N","0","0","0","2","02301","0","","1.0","","1","N","N","N","0","","0","0","0","","2","","","2","0","0","0","0","0","0","2","0","2","","03","","N","","","","","","","","","",""
"2021055963","","1","0","0","0","0","0","0","0","0","4","0","","02","6","2021","5","40.43805","-79.917715","","11","0","0","1","0","0","1","0","0","","0","0","0","","","0","N","1","","40 26:16.979","3","0","79 55:03.774","0","0","0","0","2301","0","0","0","N","0","0","0","4","02301","0","","1.0","1600.0","1","N","N","N","1","","0","0","0","","3","N","","2","0","0","0","0","0","0","2","0","2","","","","N","","","","","","","","","",""
"2021034243","","3","0","0","0","0","0","0","0","0","1","0","","02","3","2021","2","40.425667","-79.90305","","11","0","0","0","0","0","2","0","0","","0","0","0","","","0","N","0","","40 25:32.400","3","0","79 54:10.980","0","0","0","0","2301","0","0","0","N","0","0","0","6","68B03","0","","1.0","1727.0","1","N","N","N","1","","0","0","2","","0","N","","6","0","0","0","0","0","0","2","0","6","","03","","N","","","","","","","","","",""
"2021028897","","1","0","0","0","0","0","0","0","0","1","0","","02","3","2021","4","40.466614","-79.928785","","11","0","0","0","0","0","0","1","0","","0","0","0","","","1","","2","","40 27:59.810","","0","79 55:43.627","8","0","0","0","2301","0","0","0","N","0","0","0","3","02301","0","","1.0","","1","N","N","Y","0","","0","0","1","","0","","","3","1","0","0","0","1","0","2","1","3","","03","","N","","","","","","","","","",""
"2021047958","","1","0","0","0","0","0","0","0","0","7","0","","02","5","2021","1","40.363969","-79.974342","","11","0","0","0","0","0","0","0","0","","0","0","0","","","0","N","0","","40 21:50.290","3","0","79 58:27.630","0","0","0","0","2476","0","0","0","N","0","0","0","1","02476","0","","5.0","850.0","3","N","N","N","0","","0","0","1","","0","Y","","2","0","0","0","0","0","0","2","0","2","","03","","N","","","","","","","","","",""
"2021027905","","3","0","0","0","0","0","0","0","0","2","0","","02","3","2021","5","40.434317","-79.96142","","11","0","0","1","0","0","0","0","0","","0","0","0","","","1","","1","","40 26:03.541","7","0","79 57:41.112","3","0","0","0","2301","0","0","0","N","0","0","0","3","02301","0","","1.0","2148.0","1","N","N","N","0","","1","0","0","","3","Y","","3","1","0","0","0","0","0","2","0","3","","04","","N","","","","","","","","","",""
"2021028252","","1","0","0","0","0","0","0","0","0","1","0","","02","3","2021","7","40.478602","-79.967247","","11","0","0","0","0","0","0","2","0","","0","0","0","","","1","N","6","","40 28:42.966","2","2","79 58:02.090","4","0","0","0","2445","0","0","0","N","0","0","0","3","02445","1","","7.0","1140.0","1","N","N","N","0","","0","0","1","","4","N","","2","1","1","0","0","0","0","2","0","2","","03","","N","","","","","","","","","",""
"2021033527","","0","0","0","0","0","0","0","0","0","1","0","55","02","3","2021","7","40.501803","-80.131905","","11","0","0","0","0","0","2","0","0","","0","0","0","","","0","N","0","","40 30:06.490","1","0","80 07:54.859","0","0","0","0","2115","0","0","0","N","0","0","0","5","68B03","0","","1.0","1020.0","1","N","N","N","1","","0","0","2","","0","N","","3","0","0","0","0","0","0","2","0","3","","","N","Y","2","1","","","Y","","","Y","","N"
"2021029533","","1","0","0","0","0","0","0","0","0","7","0","","02","3","2021","2","40.494815","-80.0405","","11","0","0","0","0","0","0","0","0","","0","0","0","","","1","N","2","","40 29:41.335","7","0","80 02:25.801","3","0","0","0","2116","0","0","0","N","0","0","0","2","02116","0","","4.0","2100.0","1","N","N","N","0","","1","0","1","","0","Y","","2","1","0","0","0","0","0","2","0","2","","03","","N","","","","","","","","","",""
"2021055856","","0","0","0","0","0","0","1","0","1","5","1","","02","6","2021","3","40.387321","-79.983861","","11","0","0","0","0","0","1","0","0","","0","0","0","","","3","","1","","40 23:14.355","1","0","79 59:01.899","2","0","0","0","2301","0","0","0","N","0","0","0","4","02503","0","","1.0","930.0","1","N","N","N","0","","2","1","1","","2","N","","2","3","0","0","0","0","0","2","0","2","","03","","N","","","","","","","","","",""
"2021027116","","2","0","0","0","0","0","0","0","0","4","0","","02","3","2021","3","40.463812","-79.824128","","11","0","0","0","0","0","0","0","0","","0","0","0","","","0","N","2","","40 27:49.724","","0","79 49:26.861","0","0","0","0","2113","0","0","0","N","0","0","0","2","02113","0","","1.0","","1","N","N","N","0","","0","0","0","","0","","","2","0","1","0","0","0","0","2","0","2","","","","N","","","","","","","","","",""
"2021054683","","1","0","0","0","0","0","0","0","0","98","0","","02","6","2021","1","40.571855","-80.019373","","11","0","0","0","0","0","0","0","0","","0","0","0","","","0","N","0","","40 34:18.678","4","0","80 01:09.743","0","0","0","0","2108","0","0","0","N","0","0","0","1","02108","0","","1.0","800.0","9","N","N","N","0","","0","0","0","","0","Y","","1","0","0","0","0","0","0","2","0","1","","08","","N","","","","","","","","","",""
"2021027136","","0","0","0","0","0","0","0","0","0","4","0","","02","3","2021","3","40.449004","-79.808809","","11","0","0","0","0","0","1","0","0","","1","0","0","","","1","Y","0","","40 26:56.414","7","7","79 48:31.713","1","1","0","1","2113","0","0","0","N","0","0","0","3","02113","0","2","1.0","1945.0","1","N","N","N","0","0","1","0","1","","0","Y","","2","1","0","0","0","0","0","2","0","2","","03","","N","","","","","","","","","",""
"2021029599","","1","0","0","0","0","0","0","0","0","1","0","","02","3","2021","4","40.427309","-80.000504","","11","0","0","0","0","0","1","1","0","","0","0","0","","","1","N","0","","40 25:38.314","","4","80 00:01.813","4","0","0","0","2301","0","0","0","N","0","0","0","7","02301","1","","1.0","","1","N","N","N","0","","0","0","1","","0","","","3","1","0","0","0","0","0","2","1","3","","03","","N","","","","","","","","","",""
"2021028671","","2","0","0","0","0","0","0","0","0","1","0","","02","3","2021","5","40.497305","-79.855672","","11","0","0","0","0","0","0","0","0","","0","0","0","","","1","N","1","","40 29:50.298","","0","79 51:20.419","4","0","0","0","2112","0","0","0","N","0","0","0","2","02408","1","","1.0","","1","N","N","N","0","","0","0","0","","0","","","2","1","1","0","0","0","0","2","0","2","","","","N","","","","","","","","","",""
"2021026684","","2","0","0","0","0","0","0","0","0","1","0","","02","3","2021","2","40.433372","-79.798035","","11","0","0","0","0","0","1","0","0","","0","0","0","","","1","Y","0","","40 26:00.138","","7","79 47:52.927","3","0","0","0","2446","0","0","0","N","0","0","0","2","02446","0","","1.0","","1","N","N","N","0","","1","0","0","","2","","","2","1","0","0","0","0","0","2","0","2","","","","N","","","","","","","","","",""
"2021013512","","1","0","0","0","0","0","0","0","0","7","0","","02","2","2021","3","40.392516","-79.934318","","11","0","0","0","0","0","0","0","0","","0","0","0","","","0","N","0","","40 23:33.059","","3","79 56:03.543","0","0","0","0","2301","0","0","0","N","0","0","0","1","02301","0","","2.0","","2","N","N","N","0","","0","0","0","","0","","","1","0","0","0","0","0","0","2","0","1","","04","","N","","","","","","","","","",""
"2021026914","","2","0","0","0","0","0","0","0","0","2","0","","02","3","2021","2","40.63029","-79.717515","","11","0","0","0","0","0","0","1","0","","0","0","0","","","0","N","0","","40 37:49.043","2","7","79 43:03.053","0","0","0","0","2106","0","0","0","N","0","0","0","3","02106","0","","5.0","1736.0","1","N","N","N","1","","0","0","0","","0","N","","3","0","0","0","0","0","0","2","0","3","","","","N","","","","","","","","","",""
"2021027724","","0","0","0","0","0","0","0","0","0","4","0","","02","3","2021","5","40.472036","-79.819524","","11","0","0","0","0","0","0","0","1","","0","0","0","","","0","N","0","","40 28:19.331","4","0","79 49:10.287","0","0","0","0","2113","0","0","0","N","0","0","0","2","02113","0","","1.0","1020.0","1","N","N","N","1","","0","0","1","","0","N","","2","0","0","0","0","0","0","2","0","2","","03","","N","","","","","","","","","",""
"2021034992","","1","0","0","0","0","0","0","0","0","6","0","","02","3","2021","4","40.451939","-80.038256","","11","0","0","0","0","0","0","0","0","","0","0","0","","","0","N","0","","40 27:06.980","","0","80 02:17.721","9","0","0","0","2301","0","0","0","N","0","0","0","2","02301","0","","1.0","","1","N","N","N","1","","0","0","0","","0","","","2","0","0","0","0","0","1","2","0","2","","03","","N","","","","","","","","","",""
"2021052151","","1","0","0","0","0","0","0","0","0","5","0","","02","6","2021","2","40.489639","-80.051518","","11","0","0","0","0","0","0","0","0","","0","0","0","","","0","N","0","","40 29:22.702","5","0","80 03:05.465","0","0","0","0","2404","0","0","0","N","0","0","0","1","02404","0","","4.0","1548.0","1","N","N","N","1","","0","0","0","","0","Y","","2","0","0","0","0","0","0","2","0","2","","03","","N","","","","","","","","","",""
"2021047927","","2","0","0","0","0","0","0","0","0","6","0","","02","5","2021","4","40.342881","-79.848449","","11","0","0","0","0","0","0","0","0","","0","0","0","","","1","","1","","40 20:34.371","1","0","79 50:54.416","8","0","0","0","2304","0","0","0","N","0","0","0","6","02304","0","","1.0","1514.0","1","N","N","N","0","","0","0","0","","3","N","","2","1","0","0","0","1","0","2","0","2","","03","","N","","","","","","","","","",""
"2021029761","","0","0","0","0","0","0","0","0","0","7","0","","02","3","2021","4","40.439361","-80.080833","","11","0","0","0","0","0","0","0","0","","0","0","0","","","0","","2","","40 26:21.700","","3","80 04:51.000","0","0","0","0","2421","0","0","0","N","0","0","0","1","02421","0","","2.0","","9","N","N","N","0","","0","0","1","","0","","","1","0","0","0","0","0","0","2","0","1","","07","","N","","","","","","","","","",""
"2021027881","","1","0","0","0","0","0","0","0","0","5","0","","02","3","2021","4","40.306253","-79.889129","","11","0","0","0","0","0","0","0","0","","0","0","0","","","0","N","1","","40 18:22.510","","0","79 53:20.864","0","0","0","0","2302","0","0","0","N","0","0","0","1","02302","0","","4.0","","1","N","N","N","1","","0","0","0","","0","","","2","0","0","0","0","0","0","2","0","2","","","","N","","","","","","","","","",""
"2021055942","","0","0","0","0","0","0","0","0","0","7","0","","02","6","2021","4","40.468341","-80.243557","","11","1","0","0","0","0","1","0","0","","0","0","0","","","0","N","0","","40 28:06.029","3","0","80 14:36.805","0","0","0","0","2203","0","0","0","N","0","0","0","3","68B03","0","","2.0","1315.0","1","N","N","N","0","","0","0","2","","0","Y","","2","0","0","0","0","0","0","2","0","2","","","","N","","","","","","","","","",""
"2021054694","","2","0","0","0","0","0","0","0","0","2","0","","02","6","2021","5","40.465616","-79.947438","","11","0","0","0","0","0","0","0","0","","0","0","0","","","1","","2","","40 27:56.217","","0","79 56:50.776","4","0","0","0","2301","0","0","0","N","0","0","0","3","02301","1","","1.0","","1","N","N","N","0","","0","0","0","","0","","","2","1","0","0","0","0","0","2","0","2","","03","","N","","","","","","","","","",""
"2021017487","","1","0","0","0","0","0","0","0","0","1","0","","02","2","2021","7","40.444232","-80.028216","","11","0","0","0","0","0","0","0","0","","0","0","0","","","1","N","1","","40 26:39.234","","0","80 01:41.577","3","0","0","0","2301","0","0","0","N","0","0","0","1","02301","0","","1.0","","1","N","N","Y","0","","1","0","0","","0","","","2","1","0","0","0","0","0","2","0","1","","03","","N","","","","","","","","","",""
"2021025017","","0","0","0","0","0","0","0","0","0","7","0","","02","3","2021","2","40.512901","-80.152789","","11","0","0","0","0","0","0","0","0","","0","0","0","","","0","","5","","40 30:46.442","1","0","80 09:10.040","9","0","0","0","2420","0","0","0","N","0","0","0","1","02420","0","","5.0","112.0","9","N","N","N","0","","0","0","1","","0","Y","","1","0","0","0","0","0","1","2","0","1","","","","N","","","","","","","","","",""
"2021047496","","2","0","0","0","0","0","0","0","0","4","0","","02","5","2021","3","40.455716","-79.902231","","11","0","0","0","0","0","0","0","1","","0","0","0","","","0","","1","","40 27:20.577","6","0","79 54:08.031","0","0","0","0","2301","0","0","0","N","0","0","0","2","02301","0","","1.0","1545.0","1","N","N","N","0","","0","0","0","","3","Y","","2","0","0","0","0","0","0","2","0","2","","03","","N","","","","","","","","","",""
"2021025111","","1","0","0","0","0","0","0","0","0","7","0","","02","3","2021","1","40.410629","-80.071075","","11","0","0","0","0","0","0","0","0","","0","0","0","","","1","N","0","","40 24:38.263","4","0","80 04:15.869","3","0","0","0","2117","0","0","0","N","0","0","0","1","68B03","0","","2.0","45.0","1","N","N","N","0","","1","0","0","","0","N","","1","1","1","0","0","0","0","2","0","1","","03","","N","","","","","","","","","",""
"2021023936","","1","0","0","0","0","0","0","0","0","1","0","45","02","3","2021","3","40.322436","-80.145069","","11","0","0","0","0","0","0","0","0","","0","0","0","","","0","N","0","","40 19:20.771","2","0","80 08:42.247","0","0","0","0","2119","0","0","0","N","0","0","0","3","68B03","0","","1.0","1215.0","1","N","N","N","1","","0","0","0","","0","N","","2","0","0","0","0","0","0","2","0","2","","03","Y","Y","4","1","N","N","N","N","N","Y","N","N"
"2021021415","","1","0","0","0","0","0","0","0","0","7","0","","02","3","2021","3","40.44269","-80.024326","","11","0","0","0","0","0","1","0","0","","0","0","0","","","1","N","0","","40 26:33.684","","1","80 01:27.573","8","0","0","0","2301","0","0","0","N","0","0","0","2","02301","0","","1.0","","2","N","N","N","0","","0","0","0","","0","","","1","1","0","0","0","1","0","2","0","1","","03","","N","","","","","","","","","",""
"2021049403","","2","0","0","0","0","0","0","0","0","2","0","","02","5","2021","1","40.438359","-79.990992","","11","0","0","0","1","1","0","0","0","","0","0","0","","","0","","2","","40 26:18.093","3","0","79 59:27.571","9","0","0","0","2301","0","0","0","N","0","0","0","2","02301","0","","1.0","2035.0","1","N","N","N","0","","0","0","0","","3","N","","2","0","0","0","0","0","1","2","0","2","","03","","N","","","","","","","","","",""
"2021019321","","1","0","0","0","0","0","0","0","0","8","0","","02","2","2021","5","40.442473","-79.995807","","11","0","0","0","0","0","0","1","0","","0","0","0","","","1","","1","","40 26:32.904","","0","79 59:44.905","2","0","0","0","2301","1","0","1","N","1","0","1","2","02301","0","","1.0","","1","N","N","N","0","","0","1","0","","2","","","2","1","0","0","0","0","0","2","0","1","","03","","N","","","","","","","","","",""
"2021019999","","1","0","0","0","0","0","0","0","0","1","0","","02","2","2021","7","40.328638","-80.125267","","11","0","1","0","0","0","0","0","1","","0","0","0","","","2","Y","0","","40 19:43.098","","0","80 07:30.961","8","0","0","0","2119","0","0","0","N","0","0","0","3","02119","0","","1.0","","1","N","N","N","0","","0","0","1","","0","","","2","2","0","0","0","2","0","2","0","2","","03","","N","","","","","","","","","",""
"2021046176","","2","0","0","0","0","0","0","0","0","1","0","","02","5","2021","6","40.345398","-79.844226","","11","0","0","0","0","0","0","0","0","","0","0","0","","","0","N","0","","40 20:43.431","4","0","79 50:39.215","0","0","0","0","2304","0","0","0","N","0","0","0","1","02304","0","","4.0","1752.0","1","N","N","N","0","","0","0","0","","0","N","","2","0","0","0","0","0","0","2","0","2","","03","","N","","","","","","","","","",""
"2021047870","","1","0","0","0","0","0","0","0","0","1","0","","02","5","2021","4","40.425561","-79.90518","","11","0","0","0","0","1","0","1","0","","0","0","0","","","1","N","0","","40 25:32.018","4","3","79 54:18.648","4","0","0","0","2301","0","0","0","N","0","0","0","4","68B03","1","","1.0","1712.0","1","N","N","N","1","","0","0","2","","0","N","","4","1","0","0","0","0","0","2","0","4","","","","N","","","","","","","","","",""
"2021017617","","1","0","0","0","0","0","0","0","0","5","0","","02","2","2021","1","40.451464","-80.027797","","11","0","0","0","0","0","0","0","0","","0","0","0","","","0","N","6","","40 27:05.271","1","2","80 01:40.070","9","0","0","0","2301","0","0","0","N","0","0","0","2","02301","0","","1.0","310.0","1","N","N","N","0","","0","0","0","","0","Y","","2","0","0","0","0","0","1","2","0","2","","03","","N","","","","","","","","","",""
"2021047871","","1","0","0","0","0","0","0","0","1","1","1","","02","5","2021","5","40.437069","-79.865375","","11","0","0","0","0","0","1","0","0","","0","1","0","","","2","N","0","","40 26:13.447","4","2","79 51:55.351","2","0","0","0","2478","0","0","0","N","0","0","0","4","68B03","1","","1.0","949.0","1","N","N","N","0","","0","1","1","","0","Y","","3","2","0","0","0","0","0","2","0","3","","","","N","","","","","","","","","",""