"CRN","ARRIVAL_TM","AUTOMOBILE_COUNT","BELTED_DEATH_COUNT","BELTED_SUSP_SERIOUS_INJ_COUNT","BICYCLE_COUNT","BICYCLE_DEATH_COUNT","BICYCLE_SUSP_SERIOUS_INJ_COUNT","BUS_COUNT","CHLDPAS_DEATH_COUNT","CHLDPAS_SUSP_SERIOUS_INJ_COUNT","COLLISION_TYPE","COMM_VEH_COUNT","CONS_ZONE_SPD_LIM","COUNTY","CRASH_MONTH","CRASH_YEAR","DAY_OF_WEEK","DEC_LATITUDE","DEC_LONGITUDE","DISPATCH_TM","DISTRICT","DRIVER_COUNT_16YR","DRIVER_COUNT_17YR","DRIVER_COUNT_18YR","DRIVER_COUNT_19YR","DRIVER_COUNT_20YR","DRIVER_COUNT_50_64YR","DRIVER_COUNT_65_74YR","DRIVER_COUNT_75PLUS","EST_HRS_CLOSED","FATAL_COUNT","HEAVY_TRUCK_COUNT","HORSE_BUGGY_COUNT","HOUR_OF_DAY","ILLUMINATION","INJURY_COUNT","INTERSECTION_RELATED","INTERSECT_TYPE","LANE_CLOSED","LATITUDE","LN_CLOSE_DIR","LOCATION_TYPE","LONGITUDE","MAX_SEVERITY_LEVEL","MCYCLE_DEATH_COUNT","MCYCLE_SUSP_SERIOUS_INJ_COUNT","MOTORCYCLE_COUNT","MUNICIPALITY","NONMOTR_COUNT","NONMOTR_DEATH_COUNT","NONMOTR_SUSP_SERIOUS_INJ_COUNT","NTFY_HIWY_MAINT","PED_COUNT","PED_DEATH_COUNT","PED_SUSP_SERIOUS_INJ_COUNT","PERSON_COUNT","POLICE_AGCY","POSSIBLE_INJ_COUNT","RDWY_SURF_TYPE_CD","RELATION_TO_ROAD","ROADWAY_CLEARED","ROAD_CONDITION","SCH_BUS_IND","SCH_ZONE_IND","SECONDARY_CRASH","SMALL_TRUCK_COUNT","SPEC_JURIS_CD","SUSP_MINOR_INJ_COUNT","SUSP_SERIOUS_INJ_COUNT","SUV_COUNT","TCD_FUNC_CD","TCD_TYPE","TFC_DETOUR_IND","TIME_OF_DAY","TOTAL_UNITS","TOT_INJ_COUNT","UNBELTED_OCC_COUNT","UNB_DEATH_COUNT","UNB_SUSP_SERIOUS_INJ_COUNT","UNK_INJ_DEG_COUNT","UNK_INJ_PER_COUNT","URBAN_RURAL","VAN_COUNT","VEHICLE_COUNT","WEATHER1","WEATHER2","WORKERS_PRES","WORK_ZONE_IND","WORK_ZONE_LOC","WORK_ZONE_TYPE","WZ_CLOSE_DETOUR","WZ_FLAGGER","WZ_LAW_OFFCR_IND","WZ_LN_CLOSURE","WZ_MOVING","WZ_OTHER","WZ_SHLDER_MDN","WZ_WORKERS_INJ_KILLED"
"2021047230","","3","0","0","0","0","0","0","0","0","1","0","","02","5","2021","2","40.535414","-79.842372","","11","0","0","0","0","0","2","0","0","","0","0","0","","","0","N","0","","40 32:07.491","5","0","79 50:32.538","0","0","0","0","2208","0","0","0","N","0","0","0","4","02208","0","","1.0","1825.0","1","N","N","Y","0","","0","0","0","","0","N","","3","0","0","0","0","0","0","2","0","3","","03","","N","","","","","","","","","",""
"2021048890","","2","0","0","0","0","0","0","0","0","1","0","","02","5","2021","6","40.50658","-79.842875","","11","0","0","0","0","0","0","0","1","","0","0","0","","","0","","1","","40 30:23.687","2","0","79 50:34.351","0","0","0","0","2468","0","0","0","N","0","0","0","3","02468","0","","1.0","750.0","1","N","N","N","0","","0","0","1","","2","N","","3","0","0","0","0","0","0","2","0","3","","03","","N","","","","","","","","","",""
"2021048676","","1","0","0","0","0","0","0","0","0","4","0","","02","5","2021","6","40.438899","-79.934128","","11","0","0","0","0","0","1","1","0","","0","0","0","","","1","","1","","40 26:20.036","2","0","79 56:02.860","3","0","0","0","2301","0","0","0","N","0","0","0","2","02301","0","","1.0","1300.0","9","N","N","N","0","","1","0","1","","3","N","","2","1","0","0","0","0","0","2","0","2","","07","","N","","","","","","","","","",""
"2021048675","","0","0","0","0","0","0","0","0","0","4","0","","02","5","2021","6","40.362373","-79.826135","","11","0","0","0","0","0","1","0","0","","0","0","0","","","2","N","1","","40 21:44.541","5","0","79 49:34.085","8","0","0","0","2111","0","0","0","N","0","0","0","2","02111","0","","1.0","854.0","1","N","N","N","1","","0","0","1","","2","Y","","2","2","0","0","0","2","0","2","0","2","","04","","N","","","","","","","","","",""
"2021019680","","0","0","0","0","0","0","0","0","0","6","0","","02","2","2021","6","40.470639","-80.091281","","11","0","0","0","0","0","0","1","0","","0","0","0","","","0","N","2","","40 28:14.301","2","0","80 05:28.613","0","0","0","0","2126","0","0","0","N","0","0","0","2","02126","0","","1.0","2232.0","1","N","N","N","0","","0","0","2","","3","Y","","2","0","0","0","0","0","0","2","0","2","","","","N","","","","","","","","","",""
"2021020835","","0","0","0","0","0","0","0","0","0","1","0","","02","3","2021","3","40.49054","-79.868961","","11","0","0","0","0","0","0","0","1","","0","0","0","","","0","N","2","","40 29:25.945","","0","79 52:08.261","0","0","0","0","2112","0","0","0","N","0","0","0","2","02112","0","","1.0","","1","N","N","N","0","","0","0","2","","3","","","2","0","0","0","0","0","0","2","0","2","","03","","N","","","","","","","","","",""
"2021046800","","1","0","0","0","0","0","0","0","0","5","0","","02","5","2021","1","40.358285","-79.834849","","11","0","0","0","0","0","0","0","0","","0","0","0","","","0","N","0","","40 21:29.825","","0","79 50:05.455","0","0","0","1","2304","0","0","0","N","0","0","0","3","02304","0","","2.0","","1","N","N","N","0","","0","0","1","","0","","","3","0","0","0","0","0","0","2","0","3","","03","","N","","","","","","","","","",""
"2021017434","","1","0","0","0","0","0","0","0","0","4","0","","02","2","2021","7","40.442903","-79.923656","","11","0","0","0","1","0","1","0","0","","0","0","0","","","0","N","1","","40 26:34.450","1","0","79 55:25.160","0","0","0","0","2301","0","0","0","N","0","0","0","3","02301","0","","1.0","1255.0","1","N","N","N","0","","0","0","1","","3","N","","2","0","0","0","0","0","0","2","0","2","","03","","N","","","","","","","","","",""
"2021020291","","0","0","0","0","0","0","0","0","0","2","0","","02","3","2021","2","40.341957","-79.965415","","11","0","0","0","0","0","1","0","1","","0","0","0","","","1","N","6","","40 20:31.046","4","2","79 57:55.495","3","0","0","0","2454","0","0","0","N","0","0","0","3","02454","0","","1.0","845.0","1","N","N","N","2","","1","0","1","","0","Y","","3","1","0","0","0","0","0","2","0","3","","03","","N","","","","","","","","","",""
"2021017336","","1","0","0","0","0","0","0","0","0","98","0","","02","2","2021","5","40.457194","-79.95025","","11","0","0","0","0","0","0","0","0","","0","0","0","","","0","N","0","","40 27:25.900","4","0","79 57:00.900","0","0","0","0","2301","0","0","0","N","0","0","0","1","02503","0","","2.0","31.0","9","N","N","N","0","","0","0","0","","0","N","","1","0","0","0","0","0","0","2","0","1","","","","N","","","","","","","","","",""
"2021019442","","1","0","0","0","0","0","0","0","0","7","0","","02","2","2021","6","40.350375","-79.926999","","11","0","0","0","0","0","0","0","0","","0","0","0","","","1","N","1","","40 21:01.351","1","7","79 55:37.196","3","0","0","0","2473","0","0","0","N","0","0","0","1","02473","0","","4.0","140.0","1","N","N","N","0","","1","0","0","","2","N","","1","1","0","0","0","0","0","2","0","1","","03","","N","","","","","","","","","",""
"2021028171","","1","0","0","0","0","0","0","0","0","1","0","","02","3","2021","6","40.387832","-79.996289","","11","0","0","0","0","0","1","0","0","","0","0","0","","","0","N","0","","40 23:16.194","","0","79 59:46.641","0","0","0","0","2301","0","0","0","N","0","0","0","3","02301","0","","1.0","","1","N","N","N","0","","0","0","1","","0","","","2","0","0","0","0","0","0","2","0","2","","03","","N","","","","","","","","","",""
"2021019090","","1","0","0","0","0","0","0","0","0","5","0","","02","2","2021","4","40.441675","-80.152894","","11","0","0","0","0","0","0","1","0","","0","0","0","","","0","N","0","","40 26:30.030","","0","80 09:10.420","0","0","0","0","2115","0","0","0","N","0","0","0","2","02115","0","","1.0","","1","N","N","N","1","","0","0","0","","0","","","2","0","0","0","0","0","0","2","0","2","","03","","N","","","","","","","","","",""
"2021021228","","0","0","0","0","0","0","0","0","0","1","0","","02","2","2021","4","40.357543","-80.00061","","11","0","0","0","0","0","0","0","0","","0","0","0","","","1","","2","","40 21:27.153","","0","80 00:02.196","4","0","0","0","2476","0","0","0","N","0","0","0","2","02476","1","","1.0","","1","N","N","N","0","","0","0","1","","2","","","2","1","0","0","0","0","0","2","1","2","","03","","N","","","","","","","","","",""
"2021017753","","1","0","0","0","0","0","0","0","0","1","0","","02","2","2021","1","40.373123","-80.099335","","11","0","0","0","0","0","1","0","0","","0","0","0","","","1","","2","","40 22:23.242","","2","80 05:57.607","3","0","0","0","2102","0","0","0","N","0","0","0","2","02102","0","","1.0","","1","N","N","N","1","","1","0","0","","2","","","2","1","0","0","0","0","0","2","0","2","","03","","N","","","","","","","","","",""
"2021019778","","1","0","0","0","0","0","0","0","0","2","0","","02","2","2021","6","40.490411","-80.110536","","11","0","0","0","0","0","2","0","0","","0","0","0","","","2","","2","","40 29:25.479","5","0","80 06:37.929","3","0","0","0","2126","0","0","0","N","0","0","0","2","02126","1","","1.0","848.0","1","N","N","N","0","","1","0","1","","0","Y","","2","2","0","0","0","0","0","2","0","2","","03","","N","","","","","","","","","",""
"2021022850","","1","0","0","0","0","0","0","0","0","1","0","","02","3","2021","2","40.497137","-79.932765","","11","0","0","0","0","0","1","0","0","","0","0","0","","","0","N","0","","40 29:49.692","1","0","79 55:57.955","0","0","0","0","2461","0","0","0","N","0","0","0","2","68D02","0","","1.0","15.0","1","N","N","N","0","","0","0","1","","0","N","","2","0","0","0","0","0","0","2","0","2","","03","","N","","","","","","","","","",""
"2021020200","","1","0","0","0","0","0","0","0","0","1","0","","02","2","2021","1","40.428811","-79.981496","","11","0","0","0","0","0","0","0","0","","0","0","0","","","0","N","0","","40 25:43.719","","0","79 58:53.384","0","0","0","0","2301","0","0","0","N","0","0","0","4","02301","0","","1.0","","9","N","N","N","0","","0","0","2","","0","","","3","0","0","0","0","0","0","2","0","3","","07","","N","","","","","","","","","",""
"2021047684","","2","0","0","0","0","0","0","0","0","2","0","","02","5","2021","3","40.450227","-79.883248","","11","0","0","0","0","1","0","0","0","","0","0","0","","","1","N","0","","40 27:00.817","5","0","79 52:59.692","3","0","0","0","2301","0","0","0","N","0","0","0","3","02301","0","","1.0","1930.0","1","N","N","N","0","","1","0","0","","0","Y","","2","1","0","0","0","0","0","2","0","2","","03","","N","","","","","","","","","",""
"2021019700","","0","0","0","0","0","0","0","0","0","7","0","","02","2","2021","7","40.458661","-79.998351","","11","0","0","0","0","0","0","0","0","","0","0","0","","","0","N","1","","40 27:31.180","","0","79 59:54.063","0","0","0","0","2301","0","0","0","N","0","0","0","0","02301","0","","5.0","","1","N","N","N","0","","0","0","1","","0","N","","1","0","0","0","0","0","0","2","0","1","","","","N","","","","","","","","","",""
"2021019953","","0","0","0","0","0","0","0","0","0","7","0","","02","2","2021","1","40.347336","-79.887801","","11","0","0","0","0","0","0","0","0","","0","0","0","","","0","N","0","","40 20:50.409","","0","79 53:16.082","0","0","0","0","2423","0","0","0","N","0","0","0","1","02304","0","","2.0","","1","N","N","N","0","","0","0","1","","0","","","1","0","0","0","0","0","0","2","0","1","","","","N","","","","","","","","","",""
"2021045929","","2","0","0","0","0","0","0","0","0","4","0","","02","5","2021","5","40.441733","-80.035258","","11","0","0","0","0","0","0","0","0","","0","0","0","","","0","N","2","","40 26:30.238","4","0","80 02:06.928","0","0","0","0","2301","0","0","0","N","0","0","0","2","02301","0","","1.0","1500.0","1","N","N","N","0","","0","0","0","","3","N","","2","0","0","0","0","0","0","2","0","2","","03","","N","","","","","","","","","",""
"2021020715","","0","0","0","0","0","0","0","0","0","1","0","","02","3","2021","3","40.548594","-79.911383","","11","0","0","1","0","0","0","0","0","","0","0","0","","","0","N","0","","40 32:54.938","6","0","79 54:40.980","0","0","0","0","2209","0","0","0","N","0","0","0","2","02209","0","","1.0","857.0","1","N","N","N","0","","0","0","2","","0","N","","2","0","0","0","0","0","0","2","0","2","","03","","N","","","","","","","","","",""
"2021046874","","0","0","0","0","0","0","0","0","0","7","0","","02","4","2021","3","40.410679","-80.014685","","11","0","0","0","0","0","0","0","0","","1","0","0","","","0","N","0","","40 24:38.443","7","0","80 00:52.865","1","1","0","1","2301","0","0","0","N","0","0","0","1","02301","0","2","1.0","115.0","1","N","N","N","0","0","0","0","0","","2","Y","","1","0","0","0","0","0","0","2","0","1","","","","N","","","","","","","","","",""
"2021048599","","1","0","0","0","0","0","0","0","0","7","0","","02","5","2021","5","40.384411","-80.055594","","11","0","0","0","0","0","0","0","0","","0","0","0","","","1","N","0","","40 23:03.880","4","0","80 03:20.140","3","0","0","0","2109","0","0","0","N","0","0","0","1","02109","0","","5.0","54.0","9","N","N","N","0","","1","0","0","","0","N","","1","1","0","0","0","0","0","2","0","1","","","","N","","","","","","","","","",""
"2021047956","","0","0","0","0","0","0","0","0","0","1","0","","02","5","2021","5","40.506275","-80.223152","","11","0","0","0","0","0","1","0","0","","0","0","0","","","1","","2","","40 30:22.589","","0","80 13:23.346","3","0","0","0","2213","0","0","0","N","0","0","0","5","02213","0","","1.0","","1","N","N","N","1","","1","0","1","","2","","","2","1","0","0","0","0","0","2","0","2","","","","N","","","","","","","","","",""
"2021021087","","0","0","0","0","0","0","0","0","0","4","0","","02","3","2021","2","40.458122","-80.051817","","11","0","0","0","0","0","0","0","0","","0","0","0","","","3","N","0","","40 27:29.240","7","0","80 03:06.540","3","0","0","0","2301","0","0","0","N","0","0","0","4","02301","0","","1.0","210.0","1","N","N","N","0","","3","0","2","","0","Y","","2","3","1","0","0","0","0","2","0","2","","","","N","","","","","","","","","",""
"2021047876","","1","0","0","0","0","0","0","0","0","1","0","","02","5","2021","6","40.429256","-79.887589","","11","0","0","0","1","0","0","0","0","","0","0","0","","","1","N","0","","40 25:45.322","","0","79 53:15.320","4","0","0","0","2426","0","0","0","N","0","0","0","4","68B03","1","","1.0","","1","N","N","N","0","","0","0","2","","0","","","3","1","0","0","0","0","0","2","0","3","","","","N","","","","","","","","","",""
"2021021013","","0","0","0","0","0","0","0","0","0","1","0","","02","3","2021","3","40.46196","-79.982042","","11","0","0","0","0","0","0","0","0","","0","0","0","","","0","N","0","","40 27:43.055","2","0","79 58:55.350","0","0","0","0","2301","0","0","0","N","0","0","0","2","02301","0","","1.0","1930.0","1","N","N","N","0","","0","0","2","","0","N","","2","0","0","0","0","0","0","2","0","2","","03","","N","","","","","","","","","",""
"2021035296","","2","0","0","0","0","0","0","0","0","4","0","","02","2","2021","2","40.427409","-79.952447","","11","0","0","0","0","0","0","0","0","","0","0","0","","","1","N","0","","40 25:38.673","4","0","79 57:08.808","8","0","0","0","2301","0","0","0","N","0","0","0","4","68B03","0","","1.0","1340.0","9","N","N","N","1","","0","0","0","","0","N","","3","1","0","0","0","1","0","2","0","3","","07","","N","","","","","","","","","",""
"2021047189","","1","0","0","0","0","0","0","0","0","5","0","","02","5","2021","5","40.363","-80.118708","","11","0","0","0","0","0","1","0","0","","0","0","0","","","0","N","0","","40 21:46.799","","0","80 07:07.350","0","0","0","0","2414","0","0","0","N","0","0","0","2","68B03","0","","1.0","","1","N","N","N","1","","0","0","0","","0","","","2","0","0","0","0","0","0","2","0","2","","03","","N","","","","","","","","","",""
"2021018263","","1","0","0","0","0","0","0","0","0","4","0","","02","2","2021","2","40.495252","-79.939586","","11","0","0","0","0","0","0","0","0","","0","0","0","","","1","","5","","40 29:42.907","2","0","79 56:22.511","4","0","0","0","2430","0","0","0","N","0","0","0","3","02430","1","","1.0","1620.0","1","N","N","N","0","","0","0","1","","3","N","","2","1","0","0","0","0","0","2","0","2","","","","N","","","","","","","","","",""
"2021019928","","0","0","0","0","0","0","0","0","0","7","0","","02","2","2021","7","40.465447","-80.053928","","11","0","0","0","0","0","0","0","0","","0","0","0","","","1","N","0","","40 27:55.610","7","0","80 03:14.140","4","0","0","0","2444","0","0","0","N","0","0","0","1","02444","1","","5.0","120.0","1","N","N","N","0","","0","0","1","","0","N","","1","1","0","0","0","0","0","2","0","1","","03","","N","","","","","","","","","",""
"2021049574","","1","0","0","0","0","0","0","0","0","4","0","25","02","5","2021","6","40.385609","-79.864261","","11","0","0","0","0","0","0","0","0","","0","0","0","","","1","N","0","","40 23:08.192","","0","79 51:51.339","8","0","0","0","2473","0","0","0","N","0","0","0","10","02473","0","","1.0","","9","N","N","N","0","","0","0","1","","2","","","2","1","1","0","0","1","0","2","0","2","","","N","Y","3","1","","","N","Y","","","","N"
"2021046993","","1","0","0","0","0","0","0","0","0","7","0","","02","5","2021","1","40.441117","-80.00881","","11","0","0","0","0","1","0","0","0","","0","0","0","","","1","N","0","","40 26:28.021","1","0","80 00:31.715","3","0","0","0","2301","0","0","0","N","0","0","0","1","68B03","0","","4.0","10.0","1","N","N","N","0","","1","0","0","","0","N","","1","1","0","0","0","0","0","2","0","1","","","","N","","","","","","","","","",""
"2021019495","","1","0","0","0","0","0","0","0","0","7","0","","02","2","2021","6","40.362472","-79.830167","","11","0","0","0","0","0","0","0","0","","0","0","0","","","0","N","0","","40 21:44.900","2","0","79 49:48.600","0","0","0","0","2111","0","0","0","N","0","0","0","1","02111","0","","2.0","828.0","1","N","N","N","0","","0","0","0","","0","N","","1","0","0","0","0","0","0","2","0","1","","","","N","","","","","","","","","",""
"2021023307","","2","0","0","0","0","0","0","0","0","4","0","","02","3","2021","3","40.454076","-79.996814","","11","0","0","0","0","1","0","0","0","","0","0","0","","","1","","1","","40 27:14.672","4","0","79 59:48.532","8","0","0","0","2301","0","0","0","N","0","0","0","3","02301","0","","1.0","2200.0","1","N","N","N","0","","0","0","0","","2","N","","2","1","0","0","0","1","1","2","0","2","","03","","N","","","","","","","","","",""
"2021020221","","1","0","0","0","0","0","0","0","0","7","0","","02","2","2021","1","40.508038","-79.794054","","11","0","0","0","0","0","0","0","0","","0","0","0","","","0","N","0","","40 30:28.938","3","0","79 47:38.595","0","0","0","0","2113","0","0","0","N","0","0","0","1","02113","0","","2.0","1230.0","9","N","N","N","0","","0","0","0","","0","N","","1","0","0","0","0","0","0","2","0","1","","07","","N","","","","","","","","","",""
"2021019497","","1","0","0","0","0","0","0","0","0","7","0","","02","2","2021","6","40.216997","-79.836603","","11","0","0","0","0","0","0","0","0","","0","0","0","","","0","N","0","","40 13:01.190","","0","79 50:11.770","0","0","0","0","2105","0","0","0","N","0","0","0","1","02105","0","","2.0","","2","N","N","N","0","","0","0","0","","0","","","1","0","0","0","0","0","0","1","0","1","","98","","N","","","","","","","","","",""
"2021020336","","2","0","0","0","0","0","0","0","0","4","0","","02","3","2021","2","40.447262","-80.010347","","11","0","0","0","0","0","2","0","0","","0","0","0","","","1","","1","","40 26:50.144","","0","80 00:37.249","8","0","0","0","2301","0","0","0","N","0","0","0","2","02301","0","","1.0","","1","N","N","N","0","","0","0","0","","2","","","2","1","0","0","0","1","0","2","0","2","","","","N","","","","","","","","","",""
"2021046361","","0","0","0","0","0","0","0","0","0","7","0","","02","5","2021","6","40.318599","-80.135469","","11","0","0","0","0","0","0","0","0","","0","0","0","","","1","N","0","","40 19:06.958","","0","80 08:07.688","3","0","0","0","2119","0","0","0","N","0","0","0","1","02119","0","","2.0","","1","N","N","N","1","","1","0","0","","0","","","1","1","1","0","0","0","0","2","0","1","","03","","N","","","","","","","","","",""
"2021047459","","1","0","0","0","0","0","0","0","0","1","1","","02","5","2021","5","40.44935","-80.004068","","11","0","0","0","0","0","0","0","0","","0","1","0","","","1","N","0","","40 26:57.659","","0","80 00:14.644","3","0","0","0","2301","0","0","0","N","0","0","0","2","68B03","0","","1.0","","1","N","N","N","0","","1","0","0","","0","","","2","1","0","0","0","0","0","2","0","2","","","","N","","","","","","","","","",""
"2021047044","","1","0","0","0","0","0","0","0","0","7","0","","02","5","2021","3","40.468416","-79.901489","","11","0","0","0","0","0","0","0","0","","0","0","0","","","1","N","2","","40 28:06.297","","0","79 54:05.360","3","0","0","0","2301","0","0","0","N","0","0","0","1","02301","0","","5.0","","1","N","N","N","0","","1","0","0","","3","N","","1","1","0","0","0","0","0","2","0","1","","","","N","","","","","","","","","",""
"2021018276","","1","0","0","0","0","0","0","0","0","4","0","","02","2","2021","2","40.419664","-79.933775","","11","0","0","0","0","0","0","0","0","","0","0","0","","","0","N","0","","40 25:10.791","","0","79 56:01.589","0","0","0","0","2301","0","0","0","N","0","0","0","1","02301","0","","2.0","","7","N","N","N","1","","0","0","0","","0","","","2","0","0","0","0","0","0","2","0","2","","","","N","","","","","","","","","",""
"2021030609","","0","0","0","0","0","0","0","0","0","4","0","","02","2","2021","1","40.429355","-79.887169","","11","0","0","0","0","0","0","0","0","","0","0","0","","","2","N","0","","40 25:45.677","4","0","79 53:13.810","3","0","0","0","2426","0","0","0","N","0","0","0","6","68B03","0","","1.0","500.0","1","N","N","Y","0","","2","0","2","","0","N","","2","2","0","0","0","0","0","2","0","2","","","","N","","","","","","","","","",""
"2021022800","","2","0","0","0","0","0","0","0","0","1","0","","02","3","2021","3","40.473423","-79.972396","","11","0","0","0","0","0","1","0","0","","0","0","0","","","0","N","6","","40 28:24.321","7","2","79 58:20.624","0","0","0","0","2445","0","0","0","N","0","0","0","2","02301","0","","7.0","1030.0","1","N","N","N","0","","0","0","0","","0","N","","2","0","0","0","0","0","0","2","0","2","","03","","N","","","","","","","","","",""
"2021047863","","1","0","0","0","0","0","0","0","0","7","0","","02","4","2021","4","40.372506","-80.112108","","11","0","0","0","0","0","0","0","0","","0","0","0","","","0","N","0","","40 22:21.022","2","0","80 06:43.590","0","0","0","0","2102","0","0","0","Y","0","0","0","1","68B03","0","","4.0","1800.0","1","N","N","N","0","","0","0","0","","0","N","","1","0","0","0","0","0","0","2","0","1","","03","","N","","","","","","","","","",""
"2021018757","","0","0","0","0","0","0","0","0","0","7","0","","02","2","2021","4","40.457264","-79.934043","","11","0","0","0","0","0","0","0","0","","0","0","0","","","0","N","1","","40 27:26.151","1","0","79 56:02.553","0","0","0","0","2301","0","0","0","N","0","0","0","1","02301","0","","5.0","100.0","1","N","N","N","0","","0","0","1","","2","N","","1","0","0","0","0","0","0","2","0","1","","","","N","","","","","","","","","",""
"2021022269","","1","0","0","0","0","0","0","0","0","1","0","","02","3","2021","3","40.484136","-79.96137","","11","0","0","1","0","0","0","0","0","","0","0","0","","","1","N","0","","40 29:02.891","2","0","79 57:40.932","3","0","0","0","2118","0","0","0","N","0","0","0","2","02118","0","","1.0","927.0","1","N","N","N","1","","1","0","0","","0","N","","2","1","0","0","0","0","0","2","0","2","","03","","N","","","","","","","","","",""
"2021033408","","2","0","0","0","0","0","0","0","0","7","0","","02","4","2021","1","40.409389","-79.982556","","11","0","0","0","0","0","0","0","0","","0","0","0","","","0","Y","0","","40 24:33.802","","0","79 58:57.200","0","0","0","0","2447","0","0","0","N","0","0","0","1","02447","0","","5.0","","9","N","N","N","0","","0","0","0","","0","","","2","0","1","0","0","0","0","2","0","2","","","","N","","","","","","","","","",""
"2021021733","","2","0","0","0","0","0","0","0","0","4","0","","02","3","2021","6","40.538105","-79.833517","","11","0","0","0","0","0","0","0","0","","0","0","0","","","0","Y","0","","40 32:17.179","2","7","79 50:00.661","0","0","0","0","2208","0","0","0","N","0","0","0","2","02208","0","","1.0","803.0","1","N","N","N","0","","0","0","0","","0","N","","2","0","1","0","0","0","0","2","0","2","","","","N","","","","","","","","","",""
"2021045301","","0","0","0","0","0","0","0","0","0","8","0","","02","5","2021","3","40.396246","-79.998129","","11","0","0","0","0","0","0","0","0","","0","0","0","","","1","","1","","40 23:46.484","2","0","79 59:53.264","8","0","0","0","2301","1","0","0","N","1","0","0","2","02301","0","","1.0","1200.0","1","N","N","N","0","","0","0","1","","2","N","","2","1","0","0","0","1","0","2","0","1","","","","N","","","","","","","","","",""
"2021020654","","1","0","0","0","0","0","0","0","0","2","0","","02","3","2021","3","40.472807","-80.00458","","11","0","0","0","0","0","0","0","0","","0","0","0","","","1","N","0","","40 28:22.106","","0","80 00:16.487","3","0","0","0","2301","0","0","0","N","0","0","0","2","02301","0","","5.0","","1","N","N","N","0","","1","0","0","","0","","","1","1","0","0","0","0","0","2","0","1","","","","N","","","","","","","","","",""
"2021019819","","3","0","0","0","0","0","0","0","0","1","0","","02","2","2021","6","40.459786","-79.907136","","11","0","0","0","0","0","0","0","0","","0","0","0","","","0","N","3","","40 27:35.229","1","0","79 54:25.689","0","0","0","0","2301","0","0","0","N","0","0","0","6","02301","0","","1.0","2251.0","1","N","N","Y","0","","0","0","1","","0","Y","","4","0","0","0","0","0","0","2","0","4","","03","","N","","","","","","","","","",""
"2021021979","","1","0","0","0","0","0","0","0","0","7","0","","02","2","2021","6","40.512645","-80.03949","","11","0","0","0","0","0","0","0","0","","0","0","0","","","0","N","0","","40 30:45.521","2","0","80 02:22.164","0","0","0","0","2116","0","0","0","N","0","0","0","1","02116","0","","5.0","330.0","1","N","N","N","0","","0","0","0","","0","N","","1","0","0","0","0","0","0","2","0","1","","","","N","","","","","","","","","",""
"2021048273","","1","0","0","0","0","0","0","0","0","2","0","45","02","5","2021","6","40.497288","-79.933602","","11","0","0","0","0","0","1","0","0","","0","0","0","","","0","N","0","","40 29:50.237","2","0","79 56:00.967","9","0","0","0","2112","0","0","0","N","0","0","0","3","68D02","0","","1.0","2200.0","1","N","N","N","1","","0","0","1","","8","N","","3","0","0","0","0","0","1","2","0","3","","","Y","Y","3","1","N","N","N","Y","N","N","N","N"
"2021049548","","2","0","0","0","0","0","0","0","0","1","0","","02","5","2021","5","40.439531","-80.009844","","11","0","0","0","0","0","1","0","0","","0","0","0","","","2","N","0","","40 26:22.313","4","3","80 00:35.440","4","0","0","0","2301","0","0","0","N","0","0","0","4","68B03","1","","4.0","1433.0","1","N","N","N","0","","0","0","0","","0","N","","2","2","0","0","0","1","0","2","0","2","","","","N","","","","","","","","","",""
"2021019938","","2","0","0","0","0","0","0","0","0","1","0","","02","2","2021","1","40.34837","-79.944808","","11","0","0","0","0","0","1","0","0","","0","0","0","","","0","N","2","","40 20:54.133","2","0","79 56:41.310","0","0","0","0","2473","0","0","0","N","0","0","0","2","02473","0","","1.0","230.0","1","N","N","N","0","","0","0","0","","2","N","","2","0","0","0","0","0","0","2","0","2","","03","","N","","","","","","","","","",""
"2021046738","","1","0","0","0","0","0","0","0","0","5","1","55","02","5","2021","1","40.655573","-80.075312","","11","0","0","0","0","0","1","0","0","","0","1","0","","","0","N","0","","40 39:20.064","","0","80 04:31.122","0","0","0","0","2212","0","0","0","N","0","0","0","2","68T02","0","","3.0","","1","N","N","N","0","","0","0","0","","0","","","2","0","0","0","0","0","0","2","0","2","","","N","Y","4","1","","","N","","","Y","","N"
"2021049618","","0","0","0","0","0","0","0","0","0","7","0","","02","5","2021","6","40.522825","-79.817975","","11","0","0","0","0","0","0","0","0","","0","0","0","","","0","N","0","","40 31:22.170","4","0","79 49:04.711","0","0","0","0","2466","0","0","0","N","0","0","0","9","68T02","0","","4.0","1850.0","9","N","N","N","0","","0","0","0","","0","N","","2","0","0","0","0","0","0","2","2","2","","","","N","","","","","","","","","",""
"2021020813","","1","0","0","0","0","0","0","0","0","1","0","","02","3","2021","3","40.488926","-79.901475","","11","0","0","0","0","1","1","0","0","","0","0","0","","","0","N","0","","40 29:20.132","4","0","79 54:05.310","0","0","0","0","2401","0","0","0","N","0","0","0","6","02401","0","","1.0","1220.0","1","N","N","N","0","","0","0","3","","0","N","","4","0","0","0","0","0","0","2","0","4","","","","N","","","","","","","","","",""
"2021025313","","1","0","0","0","0","0","0","0","0","7","0","","02","3","2021","4","40.429333","-79.931436","","11","0","0","0","0","1","0","0","0","","0","0","0","","","0","N","0","","40 25:45.600","4","2","79 55:53.170","0","0","0","0","2301","0","0","0","Y","0","0","0","1","68B03","0","","5.0","2030.0","1","N","N","N","0","","0","0","0","","0","Y","","1","0","0","0","0","0","0","2","0","1","","03","","N","","","","","","","","","",""