"CRN","ARRIVAL_TM","AUTOMOBILE_COUNT","BELTED_DEATH_COUNT","BELTED_SUSP_SERIOUS_INJ_COUNT","BICYCLE_COUNT","BICYCLE_DEATH_COUNT","BICYCLE_SUSP_SERIOUS_INJ_COUNT","BUS_COUNT","CHLDPAS_DEATH_COUNT","CHLDPAS_SUSP_SERIOUS_INJ_COUNT","COLLISION_TYPE","COMM_VEH_COUNT","CONS_ZONE_SPD_LIM","COUNTY","CRASH_MONTH","CRASH_YEAR","DAY_OF_WEEK","DEC_LATITUDE","DEC_LONGITUDE","DISPATCH_TM","DISTRICT","DRIVER_COUNT_16YR","DRIVER_COUNT_17YR","DRIVER_COUNT_18YR","DRIVER_COUNT_19YR","DRIVER_COUNT_20YR","DRIVER_COUNT_50_64YR","DRIVER_COUNT_65_74YR","DRIVER_COUNT_75PLUS","EST_HRS_CLOSED","FATAL_COUNT","HEAVY_TRUCK_COUNT","HORSE_BUGGY_COUNT","HOUR_OF_DAY","ILLUMINATION","INJURY_COUNT","INTERSECTION_RELATED","INTERSECT_TYPE","LANE_CLOSED","LATITUDE","LN_CLOSE_DIR","LOCATION_TYPE","LONGITUDE","MAX_SEVERITY_LEVEL","MCYCLE_DEATH_COUNT","MCYCLE_SUSP_SERIOUS_INJ_COUNT","MOTORCYCLE_COUNT","MUNICIPALITY","NONMOTR_COUNT","NONMOTR_DEATH_COUNT","NONMOTR_SUSP_SERIOUS_INJ_COUNT","NTFY_HIWY_MAINT","PED_COUNT","PED_DEATH_COUNT","PED_SUSP_SERIOUS_INJ_COUNT","PERSON_COUNT","POLICE_AGCY","POSSIBLE_INJ_COUNT","RDWY_SURF_TYPE_CD","RELATION_TO_ROAD","ROADWAY_CLEARED","ROAD_CONDITION","SCH_BUS_IND","SCH_ZONE_IND","SECONDARY_CRASH","SMALL_TRUCK_COUNT","SPEC_JURIS_CD","SUSP_MINOR_INJ_COUNT","SUSP_SERIOUS_INJ_COUNT","SUV_COUNT","TCD_FUNC_CD","TCD_TYPE","TFC_DETOUR_IND","TIME_OF_DAY","TOTAL_UNITS","TOT_INJ_COUNT","UNBELTED_OCC_COUNT","UNB_DEATH_COUNT","UNB_SUSP_SERIOUS_INJ_COUNT","UNK_INJ_DEG_COUNT","UNK_INJ_PER_COUNT","URBAN_RURAL","VAN_COUNT","VEHICLE_COUNT","WEATHER1","WEATHER2","WORKERS_PRES","WORK_ZONE_IND","WORK_ZONE_LOC","WORK_ZONE_TYPE","WZ_CLOSE_DETOUR","WZ_FLAGGER","WZ_LAW_OFFCR_IND","WZ_LN_CLOSURE","WZ_MOVING","WZ_OTHER","WZ_SHLDER_MDN","WZ_WORKERS_INJ_KILLED"
"2021022191","","2","0","0","0","0","0","0","0","0","1","0","","02","3","2021","7","40.44125","-80.005373","","11","0","1","0","0","0","0","0","0","","0","0","0","","","0","N","0","","40 26:28.500","4","0","80 00:19.342","0","0","0","0","2301","0","0","0","N","0","0","0","5","02301","0","","1.0","15.0","1","N","N","Y","0","","0","0","1","","0","N","","3","0","0","0","0","0","0","2","0","3","","","","N","","","","","","","","","",""
"2021046038","","2","0","0","0","0","0","0","0","0","4","0","","02","5","2021","4","40.464889","-79.853416","","11","0","0","1","0","0","0","1","0","","0","0","0","","","0","N","2","","40 27:53.599","4","0","79 51:12.296","0","0","0","0","2113","0","0","0","N","0","0","0","2","02113","0","","1.0","955.0","1","N","N","N","0","","0","0","0","","3","N","","2","0","0","0","0","0","0","2","0","2","","03","","N","","","","","","","","","",""
"2021022484","","1","0","0","0","0","0","0","0","0","4","0","","02","3","2021","2","40.438426","-79.982603","","11","0","0","0","0","0","0","0","0","","0","0","0","","","0","N","2","","40 26:18.335","4","0","79 58:57.370","0","0","0","0","2301","0","0","0","N","0","0","0","4","02301","0","","1.0","905.0","1","N","N","N","0","","0","0","1","","3","N","","2","0","0","0","0","0","0","2","0","2","","03","","N","","","","","","","","","",""
"2021043260","","0","0","0","0","0","0","0","0","0","2","0","","02","5","2021","5","40.464516","-79.967613","","11","0","0","0","0","0","0","0","1","","0","0","0","","","3","","1","","40 27:52.257","","0","79 58:03.406","3","0","0","0","2301","0","0","0","N","0","0","0","4","02301","0","","1.0","","1","N","N","N","0","","2","0","2","","3","","","2","3","0","0","0","1","0","2","0","2","","03","","N","","","","","","","","","",""
"2021024132","","1","0","0","0","0","0","0","0","0","7","0","","02","3","2021","1","40.286326","-80.022811","","11","0","0","0","0","0","0","0","0","","0","0","0","","","0","N","0","","40 17:10.773","","7","80 01:22.119","9","0","0","0","2219","0","0","0","N","0","0","0","1","02219","0","","5.0","","1","N","N","N","0","","0","0","0","","0","","","1","0","0","0","0","0","1","2","0","1","","03","","N","","","","","","","","","",""
"2021042916","","2","0","0","0","0","0","0","0","0","1","0","","02","5","2021","4","40.46326","-79.982945","","11","0","0","0","0","0","1","0","0","","0","0","0","","","0","N","0","","40 27:47.735","","0","79 58:58.603","0","0","0","0","2301","0","0","0","N","0","0","0","1","02301","0","","1.0","","1","N","N","N","0","","0","0","0","","0","","","2","0","0","0","0","0","0","2","0","2","","03","","N","","","","","","","","","",""
"2021021097","","0","0","0","0","0","0","0","0","0","7","0","","02","2","2021","4","40.42943","-79.956758","","11","0","0","0","0","0","0","0","0","","0","0","0","","","0","","6","","40 25:45.947","3","2","79 57:24.330","0","0","0","0","2301","0","0","0","N","0","0","0","1","02301","0","","4.0","20.0","1","N","N","N","0","","0","0","1","","0","N","","1","0","0","0","0","0","0","2","0","1","","03","","N","","","","","","","","","",""
"2021021473","","2","0","0","0","0","0","0","0","0","2","0","","02","3","2021","5","40.556206","-80.019876","","11","0","0","0","0","0","0","0","2","","0","0","0","","","1","","2","","40 33:22.342","4","0","80 01:11.552","3","0","0","0","2108","0","0","0","N","0","0","0","2","02108","0","","1.0","1030.0","1","N","N","N","0","","1","0","0","","2","N","","2","1","0","0","0","0","0","2","0","2","","","","N","","","","","","","","","",""
"2021019452","","1","0","0","0","0","0","0","0","0","2","0","","02","2","2021","6","40.455651","-79.992713","","11","0","0","0","0","0","0","0","0","","0","0","0","","","1","N","0","","40 27:20.345","2","6","79 59:33.765","3","0","0","0","2445","0","0","0","N","0","0","0","1","02445","0","","2.0","328.0","1","N","N","N","0","","1","0","0","","0","N","","1","1","0","0","0","0","0","2","0","1","","03","","N","","","","","","","","","",""
"2021045396","","2","0","0","0","0","0","0","0","0","1","0","","02","5","2021","4","40.615957","-80.093195","","11","0","0","0","0","0","0","1","0","","0","0","0","","","2","N","1","","40 36:57.446","3","0","80 05:35.502","4","0","0","0","2481","0","0","0","N","0","0","0","3","02481","2","","1.0","1400.0","1","N","N","N","0","","0","0","0","","2","N","","2","2","1","0","0","0","0","2","0","2","","03","","N","","","","","","","","","",""
"2021021038","","1","0","0","0","0","0","0","0","0","7","0","","02","3","2021","3","40.45056","-79.965185","","11","0","0","0","0","0","0","0","0","","0","0","0","","","0","N","2","","40 27:02.015","","0","79 57:54.667","0","0","0","0","2301","0","0","0","N","0","0","0","1","02301","0","","2.0","","1","N","N","N","0","","0","0","0","","0","","","1","0","0","0","0","0","0","2","0","1","","","","N","","","","","","","","","",""
"2021047404","","1","0","0","0","0","0","0","0","0","7","0","","02","5","2021","1","40.535417","-79.998769","","11","0","0","0","0","0","0","0","0","","0","0","0","","","0","N","0","","40 32:07.500","","0","79 59:55.570","0","0","0","0","2116","0","0","0","N","0","0","0","2","02116","0","","5.0","","1","N","N","N","0","","0","0","0","","0","","","1","0","0","0","0","0","0","2","0","1","","","","N","","","","","","","","","",""
"2021043797","","2","0","0","0","0","0","0","0","0","4","0","","02","5","2021","5","40.549175","-79.966563","","11","0","0","0","0","0","0","1","1","","0","0","0","","","2","N","0","","40 32:57.031","","0","79 57:59.627","4","0","0","0","2118","0","0","0","N","0","0","0","2","02118","2","","1.0","","1","N","N","N","0","","0","0","0","","0","N","","2","2","0","0","0","0","0","2","0","2","","03","","N","","","","","","","","","",""
"2021046183","","1","0","0","0","0","0","0","0","0","98","0","","02","5","2021","6","40.634929","-80.026666","","11","0","0","0","0","0","1","0","0","","0","0","0","","","0","N","0","","40 38:05.746","","0","80 01:35.997","0","0","0","0","2216","0","0","0","N","0","0","0","1","02505","0","","1.0","","1","N","N","N","0","","0","0","0","","0","","","1","0","0","0","0","0","0","2","0","1","","03","","N","","","","","","","","","",""
"2021021009","","1","0","0","0","0","0","0","0","0","7","0","","02","3","2021","3","40.44482","-80.029114","","11","0","0","0","0","0","0","0","0","","0","0","0","","","0","N","0","","40 26:41.353","","0","80 01:44.812","0","0","0","0","2301","0","0","0","N","0","0","0","2","02301","0","","1.0","","9","N","N","N","0","","0","0","0","","0","","","1","0","0","0","0","0","0","2","0","1","","","","N","","","","","","","","","",""
"2021022245","","1","0","0","0","0","0","0","0","0","5","0","","02","3","2021","1","40.461282","-80.001916","","11","0","0","0","0","0","0","0","0","","0","0","0","","","0","N","0","","40 27:40.615","","0","80 00:06.899","0","0","0","0","2301","0","0","0","N","0","0","0","1","02301","0","","4.0","","1","N","N","N","0","","0","0","1","","0","","","3","0","0","0","0","0","0","2","1","3","","03","","N","","","","","","","","","",""
"2021021462","","2","0","0","0","0","0","0","0","0","1","0","","02","3","2021","5","40.443102","-80.04282","","11","0","0","0","0","0","0","0","0","","0","0","0","","","1","N","0","","40 26:35.167","6","0","80 02:34.151","3","0","0","0","2301","0","0","0","N","0","0","0","4","02301","0","","1.0","739.0","1","N","N","N","1","","1","0","0","","0","Y","","3","1","0","0","0","0","0","2","0","3","","","","N","","","","","","","","","",""
"2021018676","","1","0","0","0","0","0","0","0","0","98","0","","02","2","2021","3","40.33915","-79.899567","","11","0","0","0","0","1","0","0","0","","0","0","0","","","0","N","0","","40 20:20.940","","0","79 53:58.442","0","0","0","0","2473","0","0","0","N","0","0","0","1","02473","0","","1.0","","1","N","N","N","0","","0","0","0","","0","","","1","0","0","0","0","0","0","2","0","1","","03","","N","","","","","","","","","",""
"2021020566","","1","0","0","0","0","0","0","0","0","1","0","","02","2","2021","5","40.428147","-79.927521","","11","0","0","0","0","0","1","0","0","","0","0","0","","","2","N","0","","40 25:41.329","","0","79 55:39.075","3","0","0","0","2301","0","0","0","N","0","0","0","5","68B03","0","","1.0","","1","N","N","N","0","","2","0","2","","0","","","3","2","0","0","0","0","0","2","0","3","","","","N","","","","","","","","","",""
"2021044782","","1","0","0","0","0","0","0","0","0","1","1","","02","5","2021","2","40.551013","-80.196573","","11","0","0","0","0","0","0","0","0","","0","0","0","","","0","N","0","","40 33:03.646","","0","80 11:47.661","0","0","0","0","2440","0","0","0","N","0","0","0","1","02440","0","","2.0","","1","N","N","N","0","","0","0","0","","0","","","2","0","0","0","0","0","0","2","0","2","","","","N","","","","","","","","","",""
"2021020397","","0","0","0","0","0","0","0","0","0","2","0","","02","3","2021","2","40.35518","-79.835227","","11","0","0","0","0","0","0","0","0","","0","0","0","","","0","N","2","","40 21:18.649","","0","79 50:06.816","0","0","0","0","2304","0","0","0","N","0","0","0","2","02304","0","","1.0","","1","N","N","N","0","","0","0","2","","2","","","2","0","2","0","0","0","0","2","0","2","","","","N","","","","","","","","","",""
"2021018981","","2","0","0","0","0","0","0","0","0","98","0","","02","2","2021","4","40.389759","-80.01456","","11","0","0","0","0","0","0","0","0","","0","1","0","","","0","N","0","","40 23:23.133","","0","80 00:52.415","0","0","0","0","2301","0","0","0","N","0","0","0","3","02301","0","","1.0","","1","N","N","Y","1","","0","0","3","","0","","","8","0","0","0","0","0","0","2","1","8","","04","","N","","","","","","","","","",""
"2021043786","","2","0","0","0","0","0","0","0","0","2","0","","02","5","2021","6","40.407852","-79.943484","","11","0","0","0","0","0","0","0","0","","0","0","0","","","1","","2","","40 24:28.267","","0","79 56:36.544","3","0","0","0","2301","0","0","0","N","0","0","0","2","02301","0","","1.0","","1","N","N","N","0","","1","0","0","","0","","","2","1","0","0","0","0","0","2","0","2","","03","","N","","","","","","","","","",""
"2021020679","","1","0","0","0","0","0","0","0","0","7","0","","02","3","2021","3","40.357791","-79.855527","","11","0","0","0","0","0","0","0","0","","0","0","0","","","0","N","0","","40 21:28.046","1","0","79 51:19.897","0","0","0","0","2423","0","0","0","N","0","0","0","2","02304","0","","4.0","720.0","2","N","N","N","0","","0","0","0","","0","N","","1","0","0","0","0","0","0","2","0","1","","03","","N","","","","","","","","","",""
"2021018288","","1","0","0","0","0","0","0","0","0","98","0","","02","2","2021","2","40.424288","-80.043259","","11","0","0","0","0","0","0","0","0","","0","0","0","","","1","N","0","","40 25:27.435","1","0","80 02:35.732","3","0","0","0","2435","0","0","0","N","0","0","0","1","02435","0","","1.0","645.0","9","N","N","N","0","","1","0","0","","2","N","","1","1","1","0","0","0","0","2","0","1","","","","N","","","","","","","","","",""
"2021048141","","4","0","0","0","0","0","0","0","0","4","0","","02","5","2021","5","40.459819","-79.896714","","11","0","0","0","1","0","0","0","0","","0","0","0","","","0","N","0","","40 27:35.347","","0","79 53:48.169","0","0","0","0","2301","0","0","0","N","0","0","0","1","02301","0","","2.0","","1","N","N","Y","0","","0","0","0","","0","","","4","0","0","0","0","0","0","2","0","4","","","","N","","","","","","","","","",""
"2021017853","","2","0","0","0","0","0","0","0","0","5","0","","02","2","2021","1","40.406495","-79.887738","","11","0","0","0","0","0","0","0","0","","0","0","0","","","0","N","0","","40 24:23.381","","0","79 53:15.858","0","0","0","0","2475","0","0","0","N","0","0","0","1","02475","0","","6.0","","1","N","N","N","0","","0","0","0","","0","","","2","0","0","0","0","0","0","2","0","2","","","","N","","","","","","","","","",""
"2021023937","","1","0","0","0","0","0","0","0","0","7","0","","02","3","2021","3","40.444293","-79.841727","","11","0","0","0","1","0","0","0","0","","0","0","0","","","2","N","0","","40 26:39.453","3","0","79 50:30.216","3","0","0","0","2419","0","0","0","N","0","0","0","2","68B03","0","","3.0","1505.0","1","N","N","N","0","","2","0","0","","0","N","","1","2","2","0","0","0","0","2","0","1","","","","N","","","","","","","","","",""
"2021047848","","4","0","0","0","0","0","0","0","0","1","0","","02","5","2021","4","40.447647","-79.827578","","11","0","0","0","0","0","2","0","0","","0","0","0","","","0","N","0","","40 26:51.529","","0","79 49:39.282","0","0","0","0","2113","0","0","0","N","0","0","0","5","02113","0","","1.0","","9","N","N","N","0","","0","0","1","","0","","","5","0","5","0","0","0","0","2","0","5","","","","N","","","","","","","","","",""
"2021019341","","0","0","0","0","0","0","0","0","0","1","0","","02","2","2021","5","40.558982","-80.039731","","11","0","0","0","0","0","0","0","0","","0","0","0","","","1","","2","","40 33:32.336","","0","80 02:23.031","3","0","0","0","2108","0","0","0","N","0","0","0","2","02108","0","","1.0","","1","N","N","N","1","","1","0","1","","0","","","2","1","0","0","0","0","0","2","0","2","","","","N","","","","","","","","","",""
"2021019786","","1","0","0","0","0","0","0","0","0","2","0","","02","2","2021","7","40.435681","-80.064795","","11","0","0","0","0","0","1","0","0","","0","0","0","","","0","","2","","40 26:08.453","7","0","80 03:53.263","0","0","0","0","2421","0","0","0","N","0","0","0","3","02421","0","","1.0","1150.0","9","N","N","N","0","","0","0","1","","3","Y","","2","0","2","0","0","0","0","2","0","2","","","","N","","","","","","","","","",""
"2021045423","","1","0","0","0","0","0","0","0","0","4","0","","02","5","2021","4","40.36077","-79.832433","","11","0","1","1","0","0","0","0","0","","0","0","0","","","1","","1","","40 21:38.772","7","0","79 49:56.758","8","0","0","0","2304","0","0","0","N","0","0","0","2","02304","0","","1.0","1704.0","1","N","N","Y","0","","0","0","1","","3","Y","","2","1","0","0","0","1","0","2","0","2","","03","","N","","","","","","","","","",""
"2021020680","","2","0","0","0","0","0","0","0","0","4","0","","02","2","2021","4","40.426982","-80.00446","","11","0","0","0","0","0","0","0","0","","0","0","0","","","0","N","2","","40 25:37.136","3","0","80 00:16.055","0","0","0","0","2301","0","0","0","N","0","0","0","1","02301","0","","1.0","1400.0","1","N","N","N","0","","0","0","2","","0","N","","4","0","0","0","0","0","0","2","0","4","","03","","N","","","","","","","","","",""
"2021047064","","0","0","0","0","0","0","0","0","0","7","0","","02","5","2021","7","40.389753","-80.028567","","11","0","0","0","0","0","0","0","0","","0","0","0","","","2","N","0","","40 23:23.110","2","0","80 01:42.840","3","0","0","0","2109","0","0","0","N","0","0","0","2","02109","0","","5.0","645.0","1","N","N","N","0","","2","0","1","","0","N","","1","2","2","0","0","0","0","2","0","1","","03","","N","","","","","","","","","",""
"2021043992","","1","0","0","0","0","0","0","0","0","7","0","","02","5","2021","6","40.454271","-79.948548","","11","0","0","0","1","0","0","0","0","","0","0","0","","","0","N","2","","40 27:15.375","","0","79 56:54.773","0","0","0","0","2301","0","0","0","N","0","0","0","1","02301","0","","2.0","","1","N","N","N","0","","0","0","0","","0","","","1","0","0","0","0","0","0","2","0","1","","03","","N","","","","","","","","","",""
"2021046605","","1","0","0","0","0","0","0","0","0","4","0","","02","5","2021","1","40.505861","-79.793169","","11","0","0","0","0","0","0","0","0","","0","0","0","","","0","","2","","40 30:21.099","5","0","79 47:35.409","0","0","0","0","2113","0","0","0","N","0","0","0","2","02113","0","","1.0","941.0","1","N","N","N","1","","0","0","0","","3","N","","2","0","0","0","0","0","0","2","0","2","","03","","N","","","","","","","","","",""
"2021021085","","1","0","0","0","0","0","0","0","0","7","0","","02","3","2021","3","40.296283","-79.993983","","11","0","0","0","0","0","0","0","0","","0","0","0","","","0","N","0","","40 17:46.618","6","0","79 59:38.339","0","0","0","0","2219","0","0","0","N","0","0","0","1","02219","0","","5.0","1350.0","1","N","N","N","0","","0","0","0","","0","Y","","1","0","0","0","0","0","0","2","0","1","","","","N","","","","","","","","","",""
"2021017934","","1","0","0","0","0","0","0","0","0","7","0","","02","2","2021","2","40.317897","-79.909372","","11","0","0","0","0","0","0","0","0","","0","0","0","","","0","N","0","","40 19:04.430","","0","79 54:33.740","0","0","0","0","2440","0","0","0","N","0","0","0","1","02440","0","","5.0","","2","N","N","N","0","","0","0","0","","0","","","1","0","0","0","0","0","0","2","0","1","","04","","N","","","","","","","","","",""
"2021017741","","2","0","0","0","0","0","0","0","0","1","0","","02","2","2021","1","40.462306","-79.981852","","11","0","0","0","0","0","0","0","0","","0","0","0","","","0","N","0","","40 27:44.301","2","0","79 58:54.668","0","0","0","0","2301","0","0","0","N","0","0","0","6","02301","0","","1.0","1625.0","1","N","N","N","0","","0","0","1","","0","Y","","3","0","0","0","0","0","0","2","0","3","","03","","N","","","","","","","","","",""
"2021019339","","1","0","0","0","0","0","0","0","0","4","0","","02","2","2021","5","40.41418","-79.923286","","11","0","0","0","0","0","1","0","0","","0","0","0","","","1","N","0","","40 24:51.049","","0","79 55:23.828","3","0","0","0","2301","0","0","0","N","0","0","0","2","02301","0","","1.0","","1","N","N","N","0","","1","0","1","","0","","","2","1","0","0","0","0","1","2","0","2","","03","","N","","","","","","","","","",""
"2021045007","","3","0","0","0","0","0","0","0","0","1","0","","02","5","2021","3","40.601014","-80.078416","","11","0","1","0","0","0","1","0","0","","0","0","0","","","2","N","0","","40 36:03.651","1","0","80 04:42.298","8","0","0","0","2481","0","0","0","N","0","0","0","3","02481","0","","1.0","1700.0","1","N","N","Y","0","","0","0","0","","0","N","","3","2","0","0","0","2","0","2","0","3","","03","","N","","","","","","","","","",""
"2021043854","","2","0","0","0","0","0","0","0","0","4","0","","02","5","2021","5","40.482854","-80.036514","","11","0","0","0","0","0","0","0","0","","0","0","0","","","0","","1","","40 28:58.274","","0","80 02:11.450","0","0","0","0","2301","0","0","0","N","0","0","0","2","02301","0","","1.0","","1","N","N","N","0","","0","0","0","","3","","","2","0","0","0","0","0","0","2","0","2","","03","","N","","","","","","","","","",""
"2021017888","","1","0","0","0","0","0","0","0","0","1","0","","02","2","2021","7","40.312691","-79.887368","","11","0","0","0","0","0","0","0","0","","0","0","0","","","0","N","0","","40 18:45.687","3","3","79 53:14.524","0","0","0","0","2302","0","0","0","N","0","0","0","3","02302","0","","1.0","225.0","1","N","N","N","0","","0","0","1","","0","N","","2","0","0","0","0","0","0","2","0","2","","","","N","","","","","","","","","",""
"2021020860","","1","0","0","0","0","0","0","0","0","1","0","","02","3","2021","3","40.492462","-79.910434","","11","0","0","0","0","0","1","0","1","","0","0","0","","","0","","6","","40 29:32.863","","2","79 54:37.562","0","0","0","0","2112","0","0","0","N","0","0","0","4","02112","0","","1.0","","1","N","N","N","0","","0","0","1","","4","","","2","0","0","0","0","0","0","2","0","2","","","","N","","","","","","","","","",""
"2021024688","","1","0","0","0","0","0","0","0","0","7","0","","02","3","2021","6","40.549099","-79.821345","","11","0","0","0","0","0","0","0","0","","0","0","0","","","0","N","0","","40 32:56.755","","0","79 49:16.842","9","0","0","0","2208","0","0","0","N","0","0","0","1","68D02","0","","4.0","","1","N","N","N","0","","0","0","0","","0","","","1","0","1","0","0","0","1","2","0","1","","","","N","","","","","","","","","",""
"2021019095","","0","0","0","0","0","0","0","0","0","2","0","","02","2","2021","4","40.520796","-79.834842","","11","0","0","0","0","0","0","0","0","","0","0","0","","","2","","1","","40 31:14.865","6","0","79 50:05.431","4","0","0","0","2451","0","0","0","N","0","0","0","3","02451","2","","1.0","2152.0","9","N","N","N","0","","0","0","2","","3","Y","","2","2","0","0","0","0","0","2","0","2","","03","","N","","","","","","","","","",""
"2021045621","","1","0","0","0","0","0","0","0","0","7","0","","02","5","2021","5","40.352089","-79.859652","","11","0","0","0","0","0","0","0","0","","0","0","0","","","1","N","0","","40 21:07.522","","0","79 51:34.748","8","0","0","0","2304","0","0","0","N","0","0","0","1","02304","0","","2.0","","1","N","N","Y","0","","0","0","0","","0","","","1","1","0","0","0","1","0","2","0","1","","","","N","","","","","","","","","",""
"2021017818","","0","0","0","0","0","0","0","0","0","7","0","","02","2","2021","1","40.322803","-80.116633","","11","0","0","0","0","0","0","0","0","","0","0","0","","","0","N","0","","40 19:22.092","","0","80 06:59.878","0","0","0","0","2119","0","0","0","N","0","0","0","1","02119","0","","5.0","","1","N","N","N","0","","0","0","1","","0","N","","1","0","0","0","0","0","0","2","0","1","","","","N","","","","","","","","","",""
"2021021351","","0","0","0","0","0","0","0","0","0","7","0","","02","2","2021","1","40.468991","-80.002643","","11","0","0","0","0","0","0","0","0","","0","0","0","","","0","N","0","","40 28:08.367","","0","80 00:09.515","0","0","0","0","2301","0","0","0","N","0","0","0","1","68B03","0","","4.0","","9","N","N","N","0","","0","0","1","","0","","","1","0","0","0","0","0","0","2","0","1","","","","N","","","","","","","","","",""
"2021047874","","2","0","0","0","0","0","0","0","0","1","0","","02","5","2021","2","40.42943","-79.956758","","11","0","0","0","0","0","0","0","0","","0","0","0","","","1","N","0","","40 25:45.947","","8","79 57:24.330","3","0","0","0","2301","0","0","0","N","0","0","0","2","68B03","0","","1.0","","1","N","N","N","0","","1","0","0","","0","","","2","1","0","0","0","0","0","2","0","2","","","","N","","","","","","","","","",""
"2021019696","","2","0","0","0","0","0","0","0","0","6","0","","02","2","2021","7","40.567779","-79.85904","","11","0","0","0","0","0","1","0","0","","0","0","0","","","1","N","0","","40 34:04.006","","0","79 51:32.543","4","0","0","0","2209","0","0","0","N","0","0","0","2","02209","1","","1.0","","1","N","N","N","0","","0","0","0","","0","","","2","1","0","0","0","0","0","2","0","2","","03","","N","","","","","","","","","",""
"2021046316","","1","0","0","0","0","0","0","0","0","7","0","","02","5","2021","7","40.461334","-79.888506","","11","0","0","0","0","0","0","0","1","","0","0","0","","","0","N","2","","40 27:40.802","","0","79 53:18.620","0","0","0","0","2301","0","0","0","N","0","0","0","1","02301","0","","5.0","","1","N","N","N","0","","0","0","0","","3","","","1","0","0","0","0","0","0","2","0","1","","03","","N","","","","","","","","","",""
"2021047534","","1","0","0","0","0","0","0","0","0","1","0","","02","5","2021","3","40.364896","-80.019321","","11","0","0","0","0","0","1","1","0","","0","0","0","","","1","N","0","","40 21:53.625","","0","80 01:09.556","3","0","0","0","2416","0","0","0","N","0","0","0","2","02416","0","","1.0","","1","N","N","N","0","","1","0","1","","0","","","2","1","0","0","0","0","0","2","0","2","","03","","N","","","","","","","","","",""
"2021022578","","1","0","0","0","0","0","0","0","0","8","0","","02","3","2021","1","40.453981","-80.014537","","11","0","0","0","0","0","0","0","0","","0","0","0","","","1","","1","","40 27:14.331","4","0","80 00:52.333","8","0","0","0","2301","1","0","0","N","1","0","0","2","02301","0","","1.0","1545.0","1","N","N","N","0","","0","0","0","","2","N","","2","1","0","0","0","1","0","2","0","1","","03","","N","","","","","","","","","",""
"2021022023","","0","0","0","0","0","0","0","0","0","4","0","","02","3","2021","4","40.405448","-79.91141","","11","0","0","0","0","0","1","0","0","","0","0","0","","","1","","1","","40 24:19.612","","0","79 54:41.076","8","0","0","0","2438","0","0","0","N","0","0","0","4","02438","0","","1.0","","1","N","N","N","0","","0","0","2","","3","","","2","1","0","0","0","1","0","2","0","2","","","","N","","","","","","","","","",""
"2021045982","","1","0","0","0","0","0","0","0","0","7","0","","02","5","2021","6","40.448034","-80.017616","","11","0","0","0","0","0","0","0","0","","0","0","0","","","0","","2","","40 26:52.921","3","0","80 01:03.416","0","0","0","0","2301","0","0","0","N","0","0","0","2","02301","0","","2.0","505.0","1","N","N","N","0","","0","0","0","","0","N","","1","0","0","0","0","0","0","2","0","1","","03","","N","","","","","","","","","",""
"2021025303","","1","0","0","0","0","0","0","0","0","7","0","","02","2","2021","1","40.429553","-79.876092","","11","0","0","0","0","0","1","0","0","","0","0","0","","","0","N","0","","40 25:46.391","4","0","79 52:33.931","0","0","0","0","2426","0","0","0","N","0","0","0","1","68B03","0","","5.0","530.0","1","N","N","N","0","","0","0","0","","0","N","","1","0","0","0","0","0","0","2","0","1","","03","","N","","","","","","","","","",""
"2021037848","","0","0","0","0","0","0","0","0","0","7","0","","02","2","2021","6","40.546449","-80.084116","","11","0","0","0","0","0","0","0","1","","0","0","0","","","0","N","0","","40 32:47.217","","0","80 05:02.819","0","0","0","0","2215","0","0","0","Y","0","0","0","1","68B03","0","","4.0","","1","N","N","N","1","","0","0","0","","0","","","1","0","0","0","0","0","0","2","0","1","","04","","N","","","","","","","","","",""
"2021017605","","0","0","0","0","0","0","0","0","0","7","0","","02","2","2021","1","40.455725","-79.972767","","11","0","0","0","0","0","0","0","0","","0","0","0","","","1","N","0","","40 27:20.610","6","0","79 58:21.960","8","0","0","0","2301","0","0","0","N","0","0","0","1","02301","0","","5.0","358.0","1","N","N","N","0","","0","0","1","","0","N","","1","1","0","0","0","1","0","2","0","1","","","","N","","","","","","","","","",""
"2021047370","","1","0","0","0","0","0","0","0","0","4","0","","02","5","2021","5","40.344844","-79.938759","","11","0","0","0","0","0","1","1","0","","0","0","0","","","1","","1","","40 20:41.438","1","0","79 56:19.531","8","0","0","0","2473","0","0","0","Y","0","0","0","2","02473","0","","1.0","1130.0","1","N","N","N","0","","0","0","1","","2","Y","","2","1","1","0","0","1","0","2","0","2","","03","","N","","","","","","","","","",""
"2021017600","","0","0","0","0","0","0","0","0","0","7","0","","02","2","2021","7","40.452559","-79.885217","","11","0","0","0","0","0","0","0","0","","0","0","0","","","0","N","2","","40 27:09.214","","0","79 53:06.782","9","0","0","0","2301","0","0","0","N","0","0","0","1","02301","0","","5.0","","7","N","N","N","0","","0","0","1","","0","","","1","0","0","0","0","0","1","2","0","1","","10","","N","","","","","","","","","",""