"CRN","ARRIVAL_TM","AUTOMOBILE_COUNT","BELTED_DEATH_COUNT","BELTED_SUSP_SERIOUS_INJ_COUNT","BICYCLE_COUNT","BICYCLE_DEATH_COUNT","BICYCLE_SUSP_SERIOUS_INJ_COUNT","BUS_COUNT","CHLDPAS_DEATH_COUNT","CHLDPAS_SUSP_SERIOUS_INJ_COUNT","COLLISION_TYPE","COMM_VEH_COUNT","CONS_ZONE_SPD_LIM","COUNTY","CRASH_MONTH","CRASH_YEAR","DAY_OF_WEEK","DEC_LATITUDE","DEC_LONGITUDE","DISPATCH_TM","DISTRICT","DRIVER_COUNT_16YR","DRIVER_COUNT_17YR","DRIVER_COUNT_18YR","DRIVER_COUNT_19YR","DRIVER_COUNT_20YR","DRIVER_COUNT_50_64YR","DRIVER_COUNT_65_74YR","DRIVER_COUNT_75PLUS","EST_HRS_CLOSED","FATAL_COUNT","HEAVY_TRUCK_COUNT","HORSE_BUGGY_COUNT","HOUR_OF_DAY","ILLUMINATION","INJURY_COUNT","INTERSECTION_RELATED","INTERSECT_TYPE","LANE_CLOSED","LATITUDE","LN_CLOSE_DIR","LOCATION_TYPE","LONGITUDE","MAX_SEVERITY_LEVEL","MCYCLE_DEATH_COUNT","MCYCLE_SUSP_SERIOUS_INJ_COUNT","MOTORCYCLE_COUNT","MUNICIPALITY","NONMOTR_COUNT","NONMOTR_DEATH_COUNT","NONMOTR_SUSP_SERIOUS_INJ_COUNT","NTFY_HIWY_MAINT","PED_COUNT","PED_DEATH_COUNT","PED_SUSP_SERIOUS_INJ_COUNT","PERSON_COUNT","POLICE_AGCY","POSSIBLE_INJ_COUNT","RDWY_SURF_TYPE_CD","RELATION_TO_ROAD","ROADWAY_CLEARED","ROAD_CONDITION","SCH_BUS_IND","SCH_ZONE_IND","SECONDARY_CRASH","SMALL_TRUCK_COUNT","SPEC_JURIS_CD","SUSP_MINOR_INJ_COUNT","SUSP_SERIOUS_INJ_COUNT","SUV_COUNT","TCD_FUNC_CD","TCD_TYPE","TFC_DETOUR_IND","TIME_OF_DAY","TOTAL_UNITS","TOT_INJ_COUNT","UNBELTED_OCC_COUNT","UNB_DEATH_COUNT","UNB_SUSP_SERIOUS_INJ_COUNT","UNK_INJ_DEG_COUNT","UNK_INJ_PER_COUNT","URBAN_RURAL","VAN_COUNT","VEHICLE_COUNT","WEATHER1","WEATHER2","WORKERS_PRES","WORK_ZONE_IND","WORK_ZONE_LOC","WORK_ZONE_TYPE","WZ_CLOSE_DETOUR","WZ_FLAGGER","WZ_LAW_OFFCR_IND","WZ_LN_CLOSURE","WZ_MOVING","WZ_OTHER","WZ_SHLDER_MDN","WZ_WORKERS_INJ_KILLED"
"2021020218","","0","0","0","0","0","0","0","0","0","7","0","","02","2","2021","7","40.506094","-80.065558","","11","0","0","0","0","0","0","0","0","","0","0","0","","","0","N","0","","40 30:21.940","3","0","80 03:56.010","9","0","0","0","2402","0","0","0","N","0","0","0","1","02402","0","","5.0","2200.0","1","N","N","N","1","","0","0","0","","8","N","","1","0","0","0","0","0","1","2","0","1","","03","","N","","","","","","","","","",""
"2021020650","","1","0","0","0","0","0","0","0","0","7","0","","02","3","2021","3","40.445431","-80.009528","","11","0","0","0","0","0","0","0","0","","0","0","0","","","0","Y","0","","40 26:43.553","","3","80 00:34.301","0","0","0","0","2301","0","0","0","Y","0","0","0","1","02301","0","","3.0","","1","N","N","N","0","","0","0","0","","0","","","1","0","0","0","0","0","0","2","0","1","","","","N","","","","","","","","","",""
"2021048362","","1","0","0","0","0","0","1","0","0","4","1","","02","5","2021","5","40.344367","-79.884017","","11","0","0","0","0","0","1","0","0","","0","0","0","","","0","N","0","","40 20:39.720","2","3","79 53:02.460","0","0","0","0","2433","0","0","0","N","0","0","0","2","02503","0","","1.0","1445.0","1","N","N","N","0","","0","0","0","","3","N","","2","0","0","0","0","0","0","2","0","2","","03","","N","","","","","","","","","",""
"2021047558","","2","0","0","0","0","0","0","0","0","5","0","","02","5","2021","3","40.438028","-79.9933","","11","0","0","0","0","0","0","0","0","","0","0","0","","","0","","2","","40 26:16.901","","0","79 59:35.879","0","0","0","0","2301","0","0","0","N","0","0","0","2","02301","0","","1.0","","1","N","N","N","0","","0","0","0","","0","","","2","0","0","0","0","0","0","2","0","2","","03","","N","","","","","","","","","",""
"2021028020","","0","0","0","0","0","0","0","0","0","6","0","","02","3","2021","7","40.395594","-79.986311","","11","0","1","0","0","0","0","0","0","","0","0","0","","","0","N","0","","40 23:44.140","","0","79 59:10.720","0","0","0","0","2301","0","0","0","N","0","0","0","1","02301","0","","1.0","","1","N","N","N","0","","0","0","2","","0","","","2","0","0","0","0","0","0","2","0","2","","03","","N","","","","","","","","","",""
"2021050529","","2","0","0","0","0","0","0","0","0","5","0","","02","5","2021","2","40.424876","-80.116405","","11","0","0","0","0","0","0","0","0","","0","0","0","","","0","N","0","","40 25:29.554","","0","80 06:59.057","0","0","0","0","2102","0","0","0","N","0","0","0","3","68B04","0","","1.0","","1","N","N","N","0","","0","0","0","","0","","","2","0","0","0","0","0","0","2","0","2","","","","N","","","","","","","","","",""
"2021049103","","1","0","0","0","0","0","0","0","0","2","0","","02","5","2021","7","40.382694","-79.880793","","11","0","0","0","0","0","0","0","0","","0","0","0","","","1","N","0","","40 22:57.697","4","0","79 52:50.856","4","0","0","0","2473","0","0","0","N","0","0","0","2","02473","1","","1.0","240.0","9","N","N","N","0","","0","0","1","","0","Y","","2","1","1","0","0","0","0","2","0","2","","","","N","","","","","","","","","",""
"2021047633","","1","0","0","0","0","0","0","0","0","7","0","","02","5","2021","3","40.444241","-79.853481","","11","0","0","0","0","0","0","0","0","","0","0","0","","","0","N","0","","40 26:39.268","","0","79 51:12.531","0","0","0","0","2419","0","0","0","N","0","0","0","1","68B03","0","","3.0","","1","N","N","N","0","","0","0","0","","0","","","1","0","0","0","0","0","0","2","0","1","","","","N","","","","","","","","","",""
"2021046473","","2","0","0","0","0","0","0","0","0","4","0","","02","5","2021","6","40.482689","-79.962611","","11","0","1","0","0","0","0","0","0","","0","0","0","","","0","N","0","","40 28:57.682","1","0","79 57:45.399","0","0","0","0","2118","0","0","0","N","0","0","0","2","02118","0","","1.0","2352.0","1","N","N","N","0","","0","0","0","","0","N","","2","0","0","0","0","0","0","2","0","2","","","","N","","","","","","","","","",""
"2021046383","","1","0","0","0","0","0","0","0","0","4","0","","02","5","2021","5","40.530559","-80.010571","","11","0","0","0","0","0","1","0","0","","0","0","0","","","0","N","0","","40 31:50.014","4","7","80 00:38.057","0","0","0","0","2116","0","0","0","N","0","0","0","2","02116","0","","1.0","1820.0","1","N","N","N","0","","0","0","1","","0","N","","2","0","0","0","0","0","0","2","0","2","","03","","N","","","","","","","","","",""
"2021044788","","1","0","0","0","0","0","0","0","0","5","1","","02","5","2021","2","40.44805","-80.305836","","11","0","0","0","0","0","2","0","0","","0","1","0","","","0","N","2","","40 26:52.981","","0","80 18:21.011","0","0","0","0","2203","0","0","0","N","0","0","0","2","02203","0","","2.0","","1","N","N","N","0","","0","0","0","","0","","","2","0","0","0","0","0","0","1","0","2","","","","N","","","","","","","","","",""
"2021046611","","1","0","0","0","0","0","0","0","0","2","0","","02","5","2021","7","40.354844","-79.840824","","11","0","0","0","0","0","0","1","0","","0","1","0","","","1","N","2","","40 21:17.439","6","0","79 50:26.967","3","0","0","0","2304","0","0","0","N","0","0","0","3","02304","0","","1.0","925.0","1","N","N","N","0","","1","0","0","","0","Y","","2","1","0","0","0","0","0","2","0","2","","03","","N","","","","","","","","","",""
"2021046889","","2","0","0","0","0","0","0","0","0","1","0","","02","5","2021","7","40.34889","-79.939012","","11","0","0","0","0","0","0","0","0","","0","0","0","","","2","N","6","","40 20:56.003","4","2","79 56:20.443","3","0","0","0","2473","0","0","0","N","0","0","0","5","02473","1","","1.0","2125.0","1","N","N","N","0","","1","0","0","","4","Y","","2","2","0","0","0","0","0","2","0","2","","03","","N","","","","","","","","","",""
"2021044739","","0","0","0","0","0","0","0","0","0","1","0","","02","5","2021","2","40.441734","-80.021796","","11","0","0","0","0","0","0","0","0","","0","0","0","","","1","N","0","","40 26:30.244","4","0","80 01:18.464","3","0","0","0","2301","0","0","0","N","0","0","0","2","02301","0","","1.0","2035.0","1","N","N","N","1","","1","0","1","","0","N","","2","1","0","0","0","0","0","2","0","2","","03","","N","","","","","","","","","",""
"2021020623","","2","0","0","0","0","0","0","0","0","4","0","","02","2","2021","7","40.452745","-79.936737","","11","0","0","0","0","0","0","0","0","","0","0","0","","","0","","1","","40 27:09.882","","0","79 56:12.253","0","0","0","0","2301","0","0","0","N","0","0","0","3","02301","0","","1.0","","1","N","N","N","0","","0","0","1","","1","","","3","0","0","0","0","0","0","2","0","3","","","","N","","","","","","","","","",""
"2021050204","","2","0","0","0","0","0","0","0","0","1","0","","02","5","2021","5","40.582748","-80.046549","","11","0","1","0","0","0","1","0","0","","0","0","0","","","0","","2","","40 34:57.894","","0","80 02:47.575","0","0","0","0","2108","0","0","0","N","0","0","0","2","02108","0","","1.0","","1","N","N","Y","0","","0","0","0","","0","","","2","0","0","0","0","0","0","2","0","2","","","","N","","","","","","","","","",""
"2021045206","","1","0","0","0","0","0","0","0","0","4","0","","02","5","2021","3","40.435971","-79.956128","","11","0","0","0","0","0","1","0","0","","0","0","0","","","0","N","1","","40 26:09.495","","0","79 57:22.061","0","0","0","0","2301","0","0","0","N","0","0","0","2","02301","0","","1.0","","1","N","N","N","0","","0","0","1","","3","","","2","0","0","0","0","0","0","2","0","2","","","","N","","","","","","","","","",""
"2021056913","","1","0","0","0","0","0","0","0","1","2","0","","02","6","2021","1","40.452915","-80.039371","","11","0","0","0","0","0","0","1","0","","0","0","0","","","7","N","1","","40 27:10.495","7","0","80 02:21.736","2","0","0","0","2301","0","0","0","N","0","0","0","7","02301","0","","1.0","1427.0","1","N","N","N","0","","6","1","0","","0","Y","","2","7","5","0","1","0","0","2","1","2","","","","N","","","","","","","","","",""
"2021043898","","0","0","0","0","0","0","0","0","0","4","0","","02","5","2021","7","40.416591","-79.990638","","11","0","0","0","0","1","1","0","0","","0","0","0","","","0","N","1","","40 24:59.727","","0","79 59:26.296","0","0","0","0","2301","0","0","0","N","0","0","0","2","02301","0","","1.0","","1","N","N","N","1","","0","0","1","","3","","","2","0","0","0","0","0","0","2","0","2","","","","N","","","","","","","","","",""
"2021030032","","0","0","0","0","0","0","0","0","0","98","0","","02","4","2021","5","40.43045","-80.024469","","11","0","0","0","0","0","0","0","0","","0","0","0","","","1","N","0","","40 25:49.621","","2","80 01:28.090","3","0","0","0","2301","0","0","0","N","0","0","0","1","02301","0","","1.0","","2","N","N","N","0","","1","0","1","","0","","","1","1","0","0","0","0","0","2","0","1","","98","","N","","","","","","","","","",""
"2021051051","","1","0","1","0","0","0","1","0","0","4","1","","02","6","2021","5","40.457404","-79.896284","","11","0","0","0","0","0","2","0","0","","0","0","0","","","2","","1","","40 27:26.654","3","0","79 53:46.622","2","0","0","0","2301","0","0","0","N","0","0","0","3","02503","0","","1.0","1405.0","1","N","N","N","0","","0","2","0","","2","Y","","2","2","0","0","0","0","0","2","0","2","","03","","N","","","","","","","","","",""
"2021045843","","1","0","0","0","0","0","0","0","0","7","0","","02","5","2021","4","40.613033","-79.958841","","11","0","0","0","0","0","0","0","0","","0","0","0","","","1","N","2","","40 36:46.918","","0","79 57:31.828","3","0","0","0","2207","0","0","0","N","0","0","0","1","02207","0","","5.0","","1","N","N","N","0","","1","0","0","","3","","","1","1","1","0","0","0","0","2","0","1","","03","","N","","","","","","","","","",""
"2021021429","","2","0","0","0","0","0","0","0","0","5","0","","02","3","2021","3","40.392283","-79.869778","","11","0","0","0","0","0","0","0","0","","0","0","0","","","0","N","0","","40 23:32.218","1","0","79 52:11.199","0","0","0","0","2473","0","0","0","N","0","0","0","3","02473","0","","1.0","30.0","1","N","N","N","0","","0","0","0","","0","N","","2","0","0","0","0","0","0","2","0","2","","03","","N","","","","","","","","","",""
"2021021103","","0","0","0","0","0","0","0","0","0","4","0","","02","3","2021","3","40.354008","-79.819834","","11","0","0","0","0","0","1","1","0","","0","0","0","","","0","","2","","40 21:14.429","2","0","79 49:11.404","0","0","0","0","2477","0","0","0","N","0","0","0","2","02477","0","","1.0","30.0","1","N","N","N","1","","0","0","0","","3","N","","2","0","0","0","0","0","0","2","1","2","","03","","N","","","","","","","","","",""
"2021018822","","0","0","0","0","0","0","0","0","0","4","0","","02","2","2021","4","40.396394","-79.793806","","11","0","0","0","0","0","0","1","0","","0","0","0","","","0","N","0","","40 23:47.020","","0","79 47:37.703","0","0","0","0","2446","0","0","0","N","0","0","0","1","02446","0","","5.0","","1","N","N","N","0","","0","0","2","","0","","","3","0","0","0","0","0","0","2","1","3","","03","","N","","","","","","","","","",""
"2021018496","","2","0","0","0","0","0","0","0","0","4","0","","02","2","2021","3","40.331199","-79.945669","","11","0","0","0","0","0","0","1","1","","0","0","0","","","4","","1","","40 19:52.315","2","0","79 56:44.410","3","0","0","0","2454","0","0","0","N","0","0","0","4","02454","0","","1.0","1535.0","1","N","N","N","0","","1","0","0","","2","N","","2","4","0","0","0","3","0","2","0","2","","03","","N","","","","","","","","","",""
"2021017571","","2","0","0","0","0","0","0","0","0","2","0","","02","2","2021","7","40.438034","-79.913079","","11","0","0","0","0","0","1","0","0","","0","0","0","","","1","N","1","","40 26:16.922","","0","79 54:47.084","3","0","0","0","2301","0","0","0","N","0","0","0","4","02301","0","","1.0","","1","N","N","N","0","","1","0","0","","0","","","2","1","0","0","0","0","0","2","0","2","","03","","N","","","","","","","","","",""
"2021046304","","1","0","0","0","0","0","0","0","0","4","0","","02","5","2021","7","40.475842","-80.129082","","11","0","0","0","0","0","0","0","0","","0","0","0","","","0","N","0","","40 28:33.032","4","0","80 07:44.695","0","0","0","0","2115","0","0","0","N","0","0","0","1","02115","0","","4.0","146.0","1","N","N","N","0","","0","0","2","","0","N","","3","0","0","0","0","0","0","2","0","3","","03","","N","","","","","","","","","",""
"2021043244","","1","0","0","0","0","0","0","0","0","8","0","","02","5","2021","5","40.445213","-79.930285","","11","0","0","0","0","0","0","1","0","","0","0","0","","","1","","1","","40 26:42.767","","0","79 55:49.025","3","0","0","0","2301","1","0","0","N","1","0","0","2","02301","0","","1.0","","1","N","N","N","0","","1","0","0","","0","","","2","1","0","0","0","0","0","2","0","1","","98","","N","","","","","","","","","",""
"2021034139","","1","0","0","0","0","0","0","0","0","7","0","","02","4","2021","1","40.468341","-80.026912","","11","0","0","0","0","0","0","0","0","","0","0","0","","","0","Y","0","","40 28:06.029","","0","80 01:36.883","0","0","0","0","2301","0","0","0","N","0","0","0","1","02301","0","","2.0","","1","N","N","N","0","","0","0","0","","0","","","1","0","0","0","0","0","0","2","0","1","","03","","N","","","","","","","","","",""
"2021047941","","1","0","0","0","0","0","1","0","0","1","1","","02","5","2021","4","40.443054","-80.000176","","11","0","0","0","0","0","1","0","0","","0","0","0","","","0","N","0","","40 26:34.993","","0","80 00:00.635","0","0","0","0","2301","0","0","0","N","0","0","0","2","02503","0","","1.0","","1","N","N","N","0","","0","0","0","","0","","","2","0","0","0","0","0","0","2","0","2","","03","","N","","","","","","","","","",""
"2021033896","","0","0","0","0","0","0","0","0","0","4","0","","02","4","2021","6","40.47","-80.075082","","11","0","0","0","1","0","1","0","0","","0","0","0","","","0","","1","","40 28:11.999","","0","80 04:30.294","0","0","0","0","2122","0","0","0","N","0","0","0","3","02444","0","","1.0","","1","N","N","N","0","","0","0","2","","3","","","2","0","0","0","0","0","0","2","0","2","","","","N","","","","","","","","","",""
"2021021855","","1","0","0","0","0","0","0","0","0","1","0","","02","3","2021","5","40.369515","-80.030628","","11","0","0","0","0","0","1","0","0","","0","0","0","","","1","","3","","40 22:10.253","","0","80 01:50.260","4","0","0","0","2416","0","0","0","N","0","0","0","2","02416","1","","1.0","","1","N","N","N","0","","0","0","1","","4","","","2","1","0","0","0","0","0","2","0","2","","04","","N","","","","","","","","","",""
"2021024172","","1","0","0","0","0","0","0","0","0","7","0","","02","3","2021","4","40.377778","-79.807778","","11","0","0","0","0","0","1","0","0","","0","0","0","","","1","N","0","","40 22:40.000","5","0","79 48:28.000","2","0","0","0","2111","0","0","0","N","0","0","0","1","02111","0","","5.0","130.0","1","N","N","N","0","","0","1","0","","0","Y","","1","1","1","0","1","0","0","2","0","1","","03","","N","","","","","","","","","",""
"2021043868","","1","0","0","0","0","0","0","0","0","1","0","","02","5","2021","7","40.429952","-79.998681","","11","0","0","0","0","0","1","0","0","","0","0","0","","","1","N","0","","40 25:47.827","","3","79 59:55.251","3","0","0","0","2301","0","0","0","N","0","0","0","2","02301","0","","1.0","","1","N","N","N","0","","1","0","1","","0","","","2","1","0","0","0","0","0","2","0","2","","03","","N","","","","","","","","","",""
"2021018331","","1","0","0","0","0","0","0","0","0","98","0","","02","2","2021","3","40.479706","-79.907832","","11","0","0","0","0","0","0","0","0","","0","0","0","","","0","N","0","","40 28:46.942","4","0","79 54:28.194","0","0","0","0","2301","0","0","0","N","0","0","0","1","02301","0","","1.0","757.0","1","N","N","N","0","","0","0","0","","0","N","","1","0","0","0","0","0","0","2","0","1","","03","","N","","","","","","","","","",""
"2021049946","","2","0","0","0","0","0","0","0","0","1","0","","02","6","2021","3","40.327576","-79.931172","","11","0","0","0","0","0","1","0","0","","0","0","0","","","1","N","0","","40 19:39.272","","0","79 55:52.219","3","0","0","0","2473","0","0","0","N","0","0","0","2","02473","0","","1.0","","1","N","N","N","0","","1","0","0","","0","","","2","1","0","0","0","0","0","2","0","2","","03","","N","","","","","","","","","",""
"2021019853","","0","0","0","0","0","0","0","0","0","1","0","","02","2","2021","7","40.445296","-80.013564","","11","0","0","0","0","0","0","0","0","","0","0","0","","","1","N","2","","40 26:43.064","","0","80 00:48.829","8","0","0","2","2301","0","0","0","N","0","0","0","2","02301","0","","1.0","","1","N","N","N","0","","0","0","0","","0","","","2","1","0","0","0","1","0","2","0","2","","","","N","","","","","","","","","",""
"2021049086","","1","0","0","0","0","0","0","0","0","6","1","","02","5","2021","7","40.386952","-80.054619","","11","0","0","0","0","0","0","1","0","","0","1","0","","","1","N","0","","40 23:13.027","2","0","80 03:16.630","3","0","0","0","2109","0","0","0","N","0","0","0","2","02109","0","","1.0","855.0","9","N","N","N","0","","1","0","0","","0","Y","","2","1","0","0","0","0","0","2","0","2","","","","N","","","","","","","","","",""
"2021048360","","2","0","0","0","0","0","0","0","0","4","0","","02","5","2021","5","40.451509","-79.908149","","11","0","0","0","0","0","0","0","0","","0","0","0","","","0","N","1","","40 27:05.432","2","0","79 54:29.335","0","0","0","0","2301","0","0","0","N","0","0","0","4","02301","0","","1.0","1650.0","1","N","N","N","0","","0","0","0","","2","Y","","2","0","0","0","0","0","0","2","0","2","","","","N","","","","","","","","","",""
"2021049435","","1","0","0","0","0","0","0","0","0","7","0","","02","5","2021","1","40.427291","-79.724526","","11","0","0","1","0","0","0","0","0","","0","0","0","","","1","N","0","","40 25:38.249","3","0","79 43:28.292","8","0","0","0","2446","0","0","0","Y","0","0","0","1","02446","0","","5.0","353.0","9","N","N","N","0","","0","0","0","","0","N","","2","1","0","0","0","1","0","2","0","1","","","","N","","","","","","","","","",""
"2021022019","","1","0","1","0","0","0","0","0","0","2","0","","02","3","2021","6","40.433302","-79.762296","","11","0","0","0","0","0","1","0","1","","0","0","0","","","2","N","0","","40 25:59.887","6","0","79 45:44.267","2","0","0","0","2446","0","0","0","N","0","0","0","2","02446","0","","1.0","945.0","1","N","N","N","0","","1","1","1","","0","Y","","2","2","0","0","0","0","0","2","0","2","","","","N","","","","","","","","","",""
"2021059692","","1","0","0","0","0","0","0","0","0","4","0","","02","6","2021","1","40.425551","-79.926646","","11","0","0","0","0","0","0","0","0","","0","0","0","","","1","N","1","","40 25:31.982","","0","79 55:35.924","3","0","0","0","2301","0","0","0","N","0","0","0","2","02301","0","","1.0","","1","N","N","N","0","","1","0","1","","0","","","2","1","0","0","0","0","0","2","0","2","","03","","N","","","","","","","","","",""
"2021046309","","1","0","0","0","0","0","0","0","0","2","0","","02","5","2021","7","40.425993","-79.985232","","11","0","0","0","0","0","0","0","0","","0","0","0","","","0","N","2","","40 25:33.576","","0","79 59:06.834","9","0","0","1","2301","0","0","0","N","0","0","0","1","02301","0","","4.0","","1","N","N","N","0","","0","0","0","","3","","","2","0","0","0","0","0","1","2","0","2","","","","N","","","","","","","","","",""
"2021042487","","2","0","0","0","0","0","0","0","0","4","0","","02","5","2021","3","40.396246","-79.998129","","11","0","0","0","0","0","0","0","0","","0","0","0","","","3","","1","","40 23:46.484","7","0","79 59:53.264","4","0","0","0","2301","0","0","0","N","0","0","0","3","02301","1","","1.0","1028.0","1","N","N","N","0","","0","0","0","","2","N","","2","3","0","0","0","2","0","2","0","2","","","","N","","","","","","","","","",""
"2021042898","","1","0","0","0","0","0","0","0","0","5","1","","02","5","2021","4","40.535441","-80.182061","","11","0","0","0","0","0","1","1","0","","0","1","0","","","1","N","0","","40 32:07.588","1","0","80 10:55.421","8","0","0","0","2301","0","0","0","N","0","0","0","2","02301","0","","1.0","1410.0","1","N","N","N","0","","0","0","0","","0","N","","2","1","0","0","0","1","0","2","0","2","","","","N","","","","","","","","","",""
"2021022920","","1","0","0","0","0","0","0","0","0","4","0","","02","3","2021","4","40.423507","-79.79401","","11","0","0","0","0","0","0","0","0","","0","0","0","","","0","N","2","","40 25:24.625","1","0","79 47:38.436","0","0","0","0","2446","0","0","0","N","0","0","0","5","02446","0","","1.0","1950.0","1","N","N","N","1","","0","0","0","","3","N","","2","0","0","0","0","0","0","2","0","2","","03","","N","","","","","","","","","",""
"2021031370","","0","0","0","0","0","0","0","0","0","4","0","","02","4","2021","5","40.465523","-80.066396","","11","0","0","0","0","1","0","0","0","","0","0","0","","","1","","1","","40 27:55.882","2","0","80 03:59.025","8","0","0","0","2444","0","0","0","N","0","0","0","5","02444","0","","1.0","1425.0","1","N","N","N","0","","0","0","2","","2","Y","","2","1","0","0","0","1","2","2","0","2","","","","N","","","","","","","","","",""
"2021021412","","0","0","0","0","0","0","0","0","0","7","0","","02","3","2021","4","40.410836","-80.005768","","11","0","0","0","0","0","0","0","0","","0","0","0","","","1","N","0","","40 24:39.010","","0","80 00:20.766","3","0","0","0","2301","0","0","0","N","0","0","0","3","02301","0","","5.0","","1","N","N","N","0","","1","0","1","","0","","","1","1","1","0","0","0","0","2","0","1","","03","","N","","","","","","","","","",""
"2021046543","","2","0","0","0","0","0","0","0","0","4","0","","02","5","2021","7","40.453935","-79.979849","","11","0","0","0","0","0","0","0","0","","0","0","0","","","0","","2","","40 27:14.165","","0","79 58:47.456","9","0","0","0","2301","0","0","0","N","0","0","0","4","02301","0","","1.0","","1","N","N","N","0","","0","0","0","","0","","","2","0","0","0","0","0","1","2","0","2","","03","","N","","","","","","","","","",""
"2021021093","","1","0","0","0","0","0","0","0","0","8","0","","02","3","2021","3","40.429179","-79.921213","","11","0","0","0","0","0","0","0","0","","0","0","0","","","1","","1","","40 25:45.044","","0","79 55:16.366","8","0","0","0","2301","1","0","0","N","1","0","0","2","02301","0","","1.0","","1","N","N","N","0","","0","0","0","","2","","","2","1","0","0","0","1","0","2","0","1","","03","","N","","","","","","","","","",""
"2021044103","","2","0","0","0","0","0","0","0","0","4","0","","02","5","2021","7","40.426936","-79.980739","","11","0","0","0","0","0","1","0","0","","0","0","0","","","0","","1","","40 25:36.971","","0","79 58:50.661","0","0","0","0","2301","0","0","0","N","0","0","0","2","02301","0","","1.0","","1","N","N","N","0","","0","0","0","","2","","","2","0","0","0","0","0","0","2","0","2","","03","","N","","","","","","","","","",""
"2021021022","","2","0","0","0","0","0","0","0","0","4","0","","02","3","2021","3","40.427716","-79.986363","","11","0","0","0","1","0","0","0","0","","0","0","0","","","0","","1","","40 25:39.776","4","0","79 59:10.908","0","0","0","0","2301","0","0","0","N","0","0","0","3","02301","0","","1.0","2200.0","1","N","N","N","0","","0","0","0","","2","N","","2","0","0","0","0","0","0","2","0","2","","03","","N","","","","","","","","","",""
"2021038438","","0","0","0","0","0","0","0","0","0","7","0","","02","4","2021","4","40.578446","-79.886628","","11","0","0","0","0","0","0","1","0","","0","0","0","","","0","N","0","","40 34:42.407","","0","79 53:11.859","9","0","0","0","2209","0","0","0","N","0","0","0","2","02209","0","","4.0","","9","N","N","N","0","","0","0","1","","0","","","1","0","0","0","0","0","2","2","0","1","","","","N","","","","","","","","","",""
"2021055648","","2","0","0","0","0","0","0","0","0","1","0","","02","6","2021","3","40.522222","-79.988889","","11","0","0","0","0","0","0","0","0","","0","0","0","","","0","N","0","","40 31:20.000","","0","79 59:20.000","0","0","0","0","2116","0","0","0","N","0","0","0","2","02116","0","","1.0","","1","N","N","N","0","","0","0","0","","0","","","2","0","0","0","0","0","0","2","0","2","","","","N","","","","","","","","","",""
"2021046721","","1","0","0","0","0","0","0","0","0","6","0","","02","5","2021","1","40.543744","-79.938923","","11","0","0","0","0","0","1","0","0","","0","0","0","","","0","N","0","","40 32:37.477","5","0","79 56:20.124","0","0","0","0","2118","0","0","0","N","0","0","0","1","02118","0","","2.0","1741.0","1","N","N","N","0","","0","0","1","","0","Y","","2","0","0","0","0","0","0","2","0","2","","","","N","","","","","","","","","",""
"2021044912","","0","0","0","0","0","0","0","0","0","4","1","","02","5","2021","3","40.486639","-79.91489","","11","0","0","0","0","0","1","1","0","","0","1","0","","","3","N","0","","40 29:11.899","3","0","79 54:53.603","3","0","0","0","2301","0","0","0","N","0","0","0","4","02301","0","","1.0","1335.0","1","N","N","N","0","","3","0","1","","0","Y","","2","3","0","0","0","0","0","2","0","2","","","","N","","","","","","","","","",""
"2021047119","","2","0","0","0","0","0","0","0","0","4","0","","02","5","2021","1","40.495776","-80.066914","","11","0","0","0","0","0","0","0","0","","0","0","0","","","1","N","2","","40 29:44.793","","0","80 04:00.889","8","0","0","0","2402","0","0","0","N","0","0","0","4","02402","0","","1.0","","1","N","N","N","0","","0","0","0","","2","","","2","1","0","0","0","1","0","2","0","2","","03","","N","","","","","","","","","",""
"2021048888","","2","0","0","0","0","0","0","0","0","4","0","","02","5","2021","6","40.579453","-79.957455","","11","0","0","0","1","0","0","0","0","","0","0","0","","","0","N","2","","40 34:46.032","2","0","79 57:26.837","0","0","0","0","2207","0","0","0","N","0","0","0","3","02207","0","","1.0","2230.0","9","N","N","N","0","","0","0","0","","3","N","","2","0","0","0","0","0","0","2","0","2","","","","N","","","","","","","","","",""
"2021018262","","2","0","0","0","0","0","0","0","0","1","0","","02","2","2021","2","40.429364","-79.999101","","11","0","0","0","0","1","0","0","0","","0","0","0","","","0","","1","","40 25:45.712","1","4","79 59:56.762","0","0","0","0","2301","0","0","0","N","0","0","0","4","02301","0","","1.0","1529.0","1","N","N","N","0","","0","0","1","","2","Y","","3","0","0","0","0","0","0","2","0","3","","04","","N","","","","","","","","","",""
"2021044268","","1","0","0","0","0","0","0","0","0","6","1","","02","5","2021","1","40.647875","-79.847086","","11","0","0","0","0","0","0","1","0","","0","1","0","","","0","N","2","","40 38:52.349","1","0","79 50:49.508","0","0","0","0","2220","0","0","0","N","0","0","0","2","02220","0","","1.0","1813.0","1","N","N","N","0","","0","0","0","","3","Y","","2","0","0","0","0","0","0","1","0","2","","03","","N","","","","","","","","","",""
"2021021856","","2","0","0","0","0","0","0","0","0","1","0","","02","3","2021","5","40.366898","-80.014169","","11","0","0","0","0","0","0","0","0","","0","0","0","","","1","N","0","","40 22:00.832","","0","80 00:51.010","8","0","0","0","2416","0","0","0","N","0","0","0","2","02416","0","","1.0","","1","N","N","N","0","","0","0","0","","0","","","2","1","0","0","0","1","1","2","0","2","","03","","N","","","","","","","","","",""