"CRN","ARRIVAL_TM","AUTOMOBILE_COUNT","BELTED_DEATH_COUNT","BELTED_SUSP_SERIOUS_INJ_COUNT","BICYCLE_COUNT","BICYCLE_DEATH_COUNT","BICYCLE_SUSP_SERIOUS_INJ_COUNT","BUS_COUNT","CHLDPAS_DEATH_COUNT","CHLDPAS_SUSP_SERIOUS_INJ_COUNT","COLLISION_TYPE","COMM_VEH_COUNT","CONS_ZONE_SPD_LIM","COUNTY","CRASH_MONTH","CRASH_YEAR","DAY_OF_WEEK","DEC_LATITUDE","DEC_LONGITUDE","DISPATCH_TM","DISTRICT","DRIVER_COUNT_16YR","DRIVER_COUNT_17YR","DRIVER_COUNT_18YR","DRIVER_COUNT_19YR","DRIVER_COUNT_20YR","DRIVER_COUNT_50_64YR","DRIVER_COUNT_65_74YR","DRIVER_COUNT_75PLUS","EST_HRS_CLOSED","FATAL_COUNT","HEAVY_TRUCK_COUNT","HORSE_BUGGY_COUNT","HOUR_OF_DAY","ILLUMINATION","INJURY_COUNT","INTERSECTION_RELATED","INTERSECT_TYPE","LANE_CLOSED","LATITUDE","LN_CLOSE_DIR","LOCATION_TYPE","LONGITUDE","MAX_SEVERITY_LEVEL","MCYCLE_DEATH_COUNT","MCYCLE_SUSP_SERIOUS_INJ_COUNT","MOTORCYCLE_COUNT","MUNICIPALITY","NONMOTR_COUNT","NONMOTR_DEATH_COUNT","NONMOTR_SUSP_SERIOUS_INJ_COUNT","NTFY_HIWY_MAINT","PED_COUNT","PED_DEATH_COUNT","PED_SUSP_SERIOUS_INJ_COUNT","PERSON_COUNT","POLICE_AGCY","POSSIBLE_INJ_COUNT","RDWY_SURF_TYPE_CD","RELATION_TO_ROAD","ROADWAY_CLEARED","ROAD_CONDITION","SCH_BUS_IND","SCH_ZONE_IND","SECONDARY_CRASH","SMALL_TRUCK_COUNT","SPEC_JURIS_CD","SUSP_MINOR_INJ_COUNT","SUSP_SERIOUS_INJ_COUNT","SUV_COUNT","TCD_FUNC_CD","TCD_TYPE","TFC_DETOUR_IND","TIME_OF_DAY","TOTAL_UNITS","TOT_INJ_COUNT","UNBELTED_OCC_COUNT","UNB_DEATH_COUNT","UNB_SUSP_SERIOUS_INJ_COUNT","UNK_INJ_DEG_COUNT","UNK_INJ_PER_COUNT","URBAN_RURAL","VAN_COUNT","VEHICLE_COUNT","WEATHER1","WEATHER2","WORKERS_PRES","WORK_ZONE_IND","WORK_ZONE_LOC","WORK_ZONE_TYPE","WZ_CLOSE_DETOUR","WZ_FLAGGER","WZ_LAW_OFFCR_IND","WZ_LN_CLOSURE","WZ_MOVING","WZ_OTHER","WZ_SHLDER_MDN","WZ_WORKERS_INJ_KILLED"
"2021045650","","1","0","0","0","0","0","0","0","0","1","0","","02","5","2021","7","40.66032","-79.933948","","11","0","0","0","0","0","0","0","0","","0","0","0","","","1","N","0","","40 39:37.153","","0","79 56:02.211","3","0","0","1","2217","0","0","0","N","0","0","0","2","02505","0","","1.0","","1","N","N","N","0","","1","0","0","","0","","","2","1","0","0","0","0","0","2","0","2","","","","N","","","","","","","","","",""
"2021019105","","0","0","0","0","0","0","0","0","0","98","0","","02","2","2021","3","40.651763","-79.820986","","11","0","0","0","0","0","0","0","0","","0","0","0","","","0","N","0","","40 39:06.346","","0","79 49:15.548","0","0","0","0","2220","0","0","0","N","0","0","0","1","02220","0","","2.0","","2","N","N","N","1","","0","0","0","","0","","","1","0","0","0","0","0","0","1","0","1","","98","","N","","","","","","","","","",""
"2021019673","","1","0","0","0","0","0","0","0","0","4","0","","02","2","2021","6","40.458002","-79.878004","","11","0","0","0","0","0","0","0","0","","0","0","0","","","0","N","0","","40 27:28.808","","0","79 52:40.813","0","0","0","0","2301","0","0","0","N","0","0","0","1","02301","0","","1.0","","1","N","N","N","0","","0","0","0","","0","","","2","0","0","0","0","0","0","2","1","2","","03","","N","","","","","","","","","",""
"2021018509","","2","0","0","0","0","0","0","0","0","2","0","","02","2","2021","3","40.382981","-79.806983","","11","0","0","0","1","0","1","0","0","","0","0","0","","","2","","1","","40 22:58.731","5","0","79 48:25.138","3","0","0","0","2424","0","0","0","N","0","0","0","2","02424","0","","1.0","1645.0","1","N","N","N","1","","1","0","0","","3","Y","","3","2","0","0","0","1","0","2","0","3","","03","","N","","","","","","","","","",""
"2021048236","","0","0","0","0","0","0","0","0","0","0","0","","02","5","2021","5","40.555094","-79.908063","","11","0","0","0","0","0","1","0","0","","0","0","0","","","1","N","2","","40 33:18.340","","0","79 54:29.027","8","0","0","1","2209","0","0","0","N","0","0","0","1","02209","0","","2.0","","1","N","N","N","0","","0","0","0","","0","","","1","1","0","0","0","1","0","2","0","1","","03","","N","","","","","","","","","",""
"2021047726","","0","0","0","0","0","0","0","0","0","7","0","","02","5","2021","1","40.313762","-79.964041","","11","1","0","0","0","0","0","0","0","","0","0","0","","","0","N","0","","40 18:49.544","","0","79 57:50.548","0","0","0","0","2440","0","0","0","N","0","0","0","2","02440","0","","5.0","","1","N","N","N","1","","0","0","0","","0","","","2","0","0","0","0","0","0","2","0","1","","","","N","","","","","","","","","",""
"2021024482","","0","0","0","0","0","0","0","0","0","7","0","","02","3","2021","2","40.29994","-80.02829","","11","0","0","0","0","0","0","0","0","","0","0","0","","","1","N","0","","40 17:59.783","7","0","80 01:41.844","8","0","0","0","2407","0","0","0","N","0","0","0","2","02407","0","","5.0","2111.0","1","N","N","N","1","","0","0","0","","0","Y","","1","1","0","0","0","1","0","2","0","1","","","","N","","","","","","","","","",""
"2021022338","","1","0","0","0","0","0","0","0","0","4","0","","02","2","2021","3","40.429247","-79.999266","","11","0","0","0","0","1","0","0","0","","0","0","0","","","0","N","1","","40 25:45.290","","3","79 59:57.359","0","0","0","0","2301","0","0","0","N","0","0","0","2","02301","0","","1.0","","1","N","N","N","0","","0","0","1","","0","","","2","0","0","0","0","0","0","2","0","2","","03","","N","","","","","","","","","",""
"2021017756","","1","0","0","0","0","0","0","0","0","4","0","","02","2","2021","7","40.544162","-80.151309","","11","0","0","0","0","0","0","0","1","","0","0","0","","","0","","2","","40 32:38.982","1","0","80 09:04.712","0","0","0","0","2459","0","0","0","N","0","0","0","2","02459","0","","1.0","1423.0","1","N","N","N","0","","0","0","1","","3","N","","2","0","0","0","0","0","0","1","0","2","","03","","N","","","","","","","","","",""
"2021020395","","0","0","0","0","0","0","0","0","0","1","0","","02","3","2021","2","40.481415","-79.883938","","11","0","0","0","0","0","0","0","0","","0","0","0","","","0","N","0","","40 28:53.094","","0","79 53:02.178","0","0","0","0","2113","0","0","0","N","0","0","0","2","02113","0","","1.0","","1","N","N","N","1","","0","0","0","","0","","","2","0","0","0","0","0","0","2","1","2","","03","","N","","","","","","","","","",""
"2021017580","","1","0","0","0","0","0","0","0","0","7","0","","02","2","2021","7","40.52386","-79.834502","","11","0","0","1","0","0","0","0","0","","0","0","0","","","1","N","0","","40 31:25.896","6","0","79 50:04.206","4","0","0","0","2451","0","0","0","N","0","0","0","1","02451","1","","4.0","2100.0","9","N","N","N","0","","0","0","0","","0","N","","1","1","0","0","0","0","0","2","0","1","","","","N","","","","","","","","","",""
"2021036828","","1","0","0","0","0","0","1","0","0","98","1","","02","4","2021","6","40.421583","-80.006437","","11","0","0","0","0","0","0","0","0","","0","0","0","","","0","","3","","40 25:17.700","7","0","80 00:23.172","0","0","0","0","2301","0","0","0","N","0","0","0","2","02503","0","","1.0","1735.0","1","N","N","N","0","","0","0","0","","0","N","","2","0","0","0","0","0","0","2","0","2","","03","","N","","","","","","","","","",""
"2021017491","","2","0","0","0","0","0","0","0","0","5","0","","02","2","2021","7","40.400183","-79.937883","","11","0","0","0","0","0","0","0","0","","0","0","0","","","1","","2","","40 24:00.658","","3","79 56:16.379","3","0","0","0","2301","0","0","0","N","0","0","0","2","02301","0","","1.0","","1","N","N","N","0","","1","0","0","","8","","","2","1","0","0","0","0","1","2","0","2","","03","","N","","","","","","","","","",""
"2021019120","","2","0","0","0","0","0","0","0","0","4","0","","02","2","2021","3","40.376341","-80.067646","","11","0","0","0","0","0","0","0","0","","0","0","0","","","0","","1","","40 22:34.827","","0","80 04:03.525","0","0","0","0","2109","0","0","0","N","0","0","0","2","02109","0","","1.0","","1","N","N","N","0","","0","0","0","","2","","","2","0","0","0","0","0","0","2","0","2","","03","","N","","","","","","","","","",""
"2021019590","","0","0","0","0","0","0","0","0","0","7","0","","02","2","2021","6","40.401321","-79.880683","","11","0","0","0","0","0","1","0","0","","0","0","0","","","1","N","2","","40 24:04.754","","0","79 52:50.458","3","0","0","0","2475","0","0","0","Y","0","0","0","1","02475","0","","5.0","","1","N","N","Y","0","","1","0","1","","2","","","1","1","0","0","0","0","0","2","0","1","","","","N","","","","","","","","","",""
"2021023068","","1","0","0","0","0","0","0","0","0","7","0","","02","3","2021","4","40.416764","-79.878023","","11","0","0","0","0","0","0","0","0","","0","0","0","","","0","N","0","","40 25:00.351","5","0","79 52:40.883","0","0","0","0","2463","0","0","0","N","0","0","0","2","02463","0","","4.0","319.0","1","N","N","N","0","","0","0","0","","0","Y","","1","0","0","0","0","0","0","2","0","1","","03","","N","","","","","","","","","",""
"2021047797","","1","0","0","0","0","0","0","0","0","1","0","","02","5","2021","3","40.378039","-79.82799","","11","0","0","0","0","0","1","0","0","","0","0","0","","","0","N","3","","40 22:40.942","","0","79 49:40.763","0","0","0","0","2111","0","0","0","N","0","0","0","2","02111","0","","1.0","","1","N","N","N","0","","0","0","1","","0","","","2","0","0","0","0","0","0","2","0","2","","03","","N","","","","","","","","","",""
"2021030903","","0","0","0","0","0","0","0","0","0","7","0","","02","4","2021","1","40.486501","-79.913297","","11","0","0","0","0","1","0","0","0","","0","0","0","","","0","","7","","40 29:11.402","","3","79 54:47.869","0","0","0","1","2301","0","0","0","Y","0","0","0","1","02301","0","","4.0","","1","N","N","Y","0","","0","0","0","","0","","","1","0","0","0","0","0","0","2","0","1","","","","N","","","","","","","","","",""
"2021056576","","2","0","0","0","0","0","0","0","0","5","0","","02","6","2021","7","40.452269","-79.982275","","11","0","0","0","0","0","0","0","0","","0","0","0","","","0","N","0","","40 27:08.167","4","0","79 58:56.189","0","0","0","0","2301","0","0","0","N","0","0","0","3","02301","0","","1.0","1125.0","1","N","N","N","0","","0","0","1","","0","N","","3","0","0","0","0","0","0","2","0","3","","04","","N","","","","","","","","","",""
"2021053344","","0","0","0","0","0","0","0","0","0","5","1","","02","6","2021","5","40.459223","-79.970688","","11","0","0","0","0","0","1","0","0","","0","1","0","","","0","","1","","40 27:33.204","4","0","79 58:14.477","0","0","0","0","2301","0","0","0","N","0","0","0","2","02301","0","","1.0","1645.0","9","N","N","N","0","","0","0","1","","2","N","","2","0","0","0","0","0","0","2","0","2","","","","N","","","","","","","","","",""
"2021060699","","1","0","0","0","0","0","0","0","0","4","0","","02","6","2021","1","40.420881","-80.047646","","11","0","0","0","0","0","0","0","0","","0","0","0","","","0","N","0","","40 25:15.171","","0","80 02:51.524","0","0","0","0","2435","0","0","0","N","0","0","0","3","68B03","0","","1.0","","1","N","N","N","0","","0","0","1","","0","","","2","0","0","0","0","0","0","2","0","2","","03","","N","","","","","","","","","",""
"2021060781","","0","0","0","0","0","0","0","0","0","7","0","","02","6","2021","3","40.481284","-80.201582","","11","0","0","0","0","0","0","0","0","","0","0","0","","","1","N","0","","40 28:52.623","4","1","80 12:05.694","3","0","0","0","2213","0","0","0","N","0","0","0","1","02213","0","","3.0","100.0","1","N","N","N","1","","1","0","0","","0","N","","1","1","0","0","0","0","0","2","0","1","","03","","N","","","","","","","","","",""
"2021029816","","3","0","0","0","0","0","0","0","0","4","0","","02","4","2021","5","40.426327","-79.977853","","11","0","0","0","0","0","0","0","0","","0","0","0","","","0","N","1","","40 25:34.776","","0","79 58:40.272","0","0","0","0","2301","0","0","0","N","0","0","0","1","02301","0","","1.0","","9","N","N","Y","0","","0","0","2","","0","","","5","0","0","0","0","0","0","2","0","5","","02","","N","","","","","","","","","",""
"2021031356","","1","0","0","0","0","0","0","0","0","7","0","","02","4","2021","1","40.38077","-80.097332","","11","0","0","0","0","0","0","0","0","","0","0","0","","","0","N","0","","40 22:50.772","","3","80 05:50.396","0","0","0","0","2102","0","0","0","N","0","0","0","1","68B03","0","","2.0","","1","N","N","N","0","","0","0","0","","0","","","1","0","0","0","0","0","0","2","0","1","","03","","N","","","","","","","","","",""
"2021059398","","1","0","0","0","0","0","0","0","0","4","0","","02","6","2021","4","40.45082","-79.713563","","11","0","0","0","1","0","1","0","0","","0","0","0","","","0","N","1","","40 27:02.952","","0","79 42:48.828","0","0","0","0","2466","0","0","0","N","0","0","0","4","02466","0","","1.0","","1","N","N","N","1","","0","0","0","","2","","","2","0","0","0","0","0","0","2","0","2","","","","N","","","","","","","","","",""
"2021061134","","0","0","0","0","0","0","0","0","0","7","0","","02","6","2021","4","40.403447","-80.09923","","11","0","0","0","0","0","0","0","0","","0","0","0","","","0","N","0","","40 24:12.408","1","0","80 05:57.227","0","0","0","0","2102","0","0","0","N","0","0","0","1","02102","0","","5.0","117.0","9","N","N","N","0","","0","0","1","","0","N","","1","0","0","0","0","0","0","2","0","1","","05","","N","","","","","","","","","",""
"2021058058","","1","0","0","0","0","0","0","0","0","5","0","","02","6","2021","1","40.61101","-80.095074","","11","0","0","0","0","0","0","0","0","","0","1","0","","","0","N","0","","40 36:39.636","2","0","80 05:42.265","0","0","0","0","2481","0","0","0","N","0","0","0","2","68B03","0","","1.0","400.0","1","N","N","N","0","","0","0","0","","0","N","","2","0","0","0","0","0","0","2","0","2","","","","N","","","","","","","","","",""
"2021060010","","0","0","0","0","0","0","0","0","0","7","0","","02","6","2021","2","40.526485","-80.00564","","11","0","0","0","0","0","0","0","0","","0","0","0","","","0","N","3","","40 31:35.347","","0","80 00:20.303","0","0","0","0","2116","0","0","0","N","0","0","0","1","02116","0","","5.0","","1","N","N","N","0","","0","0","1","","0","","","1","0","0","0","0","0","0","2","0","1","","","","N","","","","","","","","","",""
"2021030102","","2","0","0","0","0","0","0","0","0","1","0","","02","4","2021","6","40.413781","-79.922733","","11","0","0","0","0","0","0","0","0","","0","0","0","","","0","N","2","","40 24:49.612","","0","79 55:21.837","0","0","0","0","2301","0","0","0","N","0","0","0","2","02301","0","","1.0","","1","N","N","N","0","","0","0","0","","2","","","2","0","0","0","0","0","0","2","0","2","","","","N","","","","","","","","","",""
"2021057681","","1","0","0","0","0","0","0","0","0","4","0","","02","6","2021","2","40.341683","-79.981189","","11","0","0","0","0","0","0","0","0","","0","0","0","","","0","N","0","","40 20:30.059","2","0","79 58:52.279","0","0","0","0","2403","0","0","0","N","0","0","0","1","02403","0","","4.0","920.0","1","","","N","0","","0","0","1","","0","Y","","2","0","0","0","0","0","0","2","0","2","","03","","N","","","","","","","","","",""
"2021030869","","1","0","0","0","0","0","0","0","0","98","0","","02","4","2021","1","40.308792","-79.936679","","11","0","0","0","0","0","0","0","0","","0","0","0","","","0","N","0","","40 18:31.651","","0","79 56:12.044","0","0","0","0","2440","0","0","0","N","0","0","0","3","02440","0","","1.0","","1","N","N","N","0","","0","0","0","","0","","","1","0","0","0","0","0","0","2","0","1","","","","N","","","","","","","","","",""
"2021055750","","2","0","0","0","0","0","0","0","0","1","1","","02","6","2021","4","40.466373","-79.978395","","11","0","0","0","0","0","1","0","0","","0","1","0","","","1","N","0","","40 27:58.944","3","0","79 58:42.223","8","0","0","0","2301","0","0","0","N","0","0","0","11","02301","0","","1.0","1956.0","1","N","N","N","0","","0","0","1","","0","Y","","4","1","0","0","0","1","0","2","0","4","","03","","N","","","","","","","","","",""
"2021055583","","1","0","0","0","0","0","1","0","0","1","1","","02","6","2021","4","40.340904","-79.860659","","11","0","0","0","0","0","0","0","0","","0","0","0","","","3","N","0","","40 20:27.256","2","0","79 51:38.373","8","0","0","0","2304","0","0","0","N","0","0","0","15","02304","0","","1.0","1655.0","1","Y","N","N","0","","0","0","3","","2","N","","5","3","0","0","0","3","0","2","0","5","","03","","N","","","","","","","","","",""
"2021059248","","1","0","0","0","0","0","0","0","0","7","0","","02","6","2021","6","40.399202","-80.021184","","11","0","0","0","0","0","0","0","0","","0","0","0","","","0","N","2","","40 23:57.127","","0","80 01:16.262","0","0","0","0","2301","0","0","0","N","0","0","0","1","02301","0","","5.0","","1","N","N","N","0","","0","0","0","","0","","","1","0","0","0","0","0","0","2","0","1","","03","","N","","","","","","","","","",""
"2021058311","","1","0","0","0","0","0","0","0","0","7","0","","02","6","2021","5","40.458773","-79.82326","","11","0","0","0","0","0","1","0","0","","1","0","0","","","2","N","0","","40 27:31.582","","0","79 49:23.736","1","0","0","0","2113","0","0","0","N","0","0","0","3","02113","0","2","4.0","","1","N","N","N","0","0","1","0","1","","0","","","2","2","1","1","0","1","0","2","0","2","","03","","N","","","","","","","","","",""
"2021056171","","1","0","0","0","0","0","0","0","0","2","0","","02","6","2021","7","40.332496","-79.985279","","11","0","0","0","0","0","2","0","0","","0","0","0","","","0","N","2","","40 19:56.984","","0","79 59:07.003","0","0","0","0","2403","0","0","0","N","0","0","0","2","02403","0","","1.0","","1","N","N","N","1","","0","0","0","","2","","","2","0","0","0","0","0","0","2","0","2","","","","N","","","","","","","","","",""
"2021058863","","2","0","0","0","0","0","0","0","0","1","0","","02","6","2021","6","40.452683","-79.910373","","11","0","0","0","0","0","0","0","0","","0","0","0","","","1","","1","","40 27:09.659","3","0","79 54:37.341","3","0","0","0","2301","0","0","0","N","0","0","0","3","02301","0","","1.0","1900.0","1","N","N","N","0","","1","0","0","","2","N","","2","1","0","0","0","0","0","2","0","2","","","","N","","","","","","","","","",""
"2021059758","","2","0","0","0","0","0","0","0","0","4","0","","02","6","2021","1","40.404421","-80.055675","","11","0","0","0","0","0","0","0","0","","0","0","0","","","0","N","2","","40 24:15.917","5","0","80 03:20.430","0","0","0","0","2435","0","0","0","N","0","0","0","2","02435","0","","1.0","2345.0","1","N","N","N","0","","0","0","0","","2","Y","","2","0","0","0","0","0","0","2","0","2","","","","N","","","","","","","","","",""
"2021059421","","0","0","0","0","0","0","0","0","0","7","0","","02","6","2021","1","40.308972","-79.976325","","11","0","0","0","0","0","1","0","0","","0","0","0","","","1","","2","","40 18:32.299","3","0","79 58:34.769","4","0","0","0","2440","0","0","0","N","0","0","0","1","02440","1","","5.0","1648.0","1","N","N","N","0","","0","0","1","","0","Y","","1","1","0","0","0","0","0","2","0","1","","","","N","","","","","","","","","",""
"2021056860","","1","0","0","0","0","0","0","0","0","1","0","","02","6","2021","1","40.435145","-79.998034","","11","0","0","0","0","0","1","0","0","","0","0","0","","","0","N","0","","40 26:06.523","4","0","79 59:52.924","0","0","0","0","2301","0","0","0","N","0","0","0","2","68B03","0","","1.0","300.0","1","N","N","N","0","","0","0","1","","0","N","","2","0","0","0","0","0","0","2","0","2","","03","","N","","","","","","","","","",""
"2021029931","","1","0","0","0","0","0","0","0","0","1","0","","02","4","2021","5","40.458034","-79.708347","","11","1","0","0","0","0","0","0","0","","0","0","0","","","0","N","0","","40 27:28.924","","0","79 42:30.048","0","0","0","0","2466","0","0","0","N","0","0","0","4","02466","0","","1.0","","1","N","N","Y","0","","0","0","1","","0","","","3","0","0","0","0","0","0","2","1","3","","98","","N","","","","","","","","","",""
"2021031554","","1","0","0","0","0","0","0","0","0","4","0","","02","4","2021","5","40.445602","-79.988798","","11","0","0","0","0","0","0","0","0","","0","0","0","","","0","N","0","","40 26:44.168","4","0","79 59:19.672","0","0","0","0","2301","0","0","0","N","0","0","0","2","02301","0","","1.0","2300.0","2","N","N","N","0","","0","0","0","","0","Y","","1","0","0","0","0","0","0","2","0","1","","10","","N","","","","","","","","","",""
"2021059098","","1","0","0","0","0","0","0","0","0","5","2","","02","6","2021","6","40.406045","-79.912198","","11","0","0","0","0","0","1","0","0","","0","1","0","","","4","","1","","40 24:21.762","3","0","79 54:43.914","3","0","0","0","2438","0","0","0","N","0","0","0","5","02503","0","","1.0","1552.0","1","N","N","N","0","","4","0","0","","0","N","","2","4","3","0","0","0","0","2","0","2","","03","","N","","","","","","","","","",""
"2021056763","","0","0","0","0","0","0","0","0","0","7","0","","02","6","2021","7","40.466123","-79.787793","","11","1","0","0","0","0","0","0","0","","0","0","0","","","0","N","0","","40 27:58.041","7","0","79 47:16.053","0","0","0","0","2113","0","0","0","N","0","0","0","2","02113","0","","2.0","1530.0","9","N","N","N","0","","0","0","0","","0","N","","1","0","0","0","0","0","0","2","1","1","","07","","N","","","","","","","","","",""
"2021059089","","1","0","0","0","0","0","0","0","0","7","0","45","02","6","2021","5","40.495828","-79.91189","","11","0","0","0","0","0","0","0","0","","0","0","0","","","0","N","0","","40 29:44.982","","0","79 54:42.803","0","0","0","0","2112","0","0","0","Y","0","0","0","1","68D02","0","","4.0","","1","N","N","N","0","","0","0","0","","0","","","1","0","0","0","0","0","0","2","0","1","","03","Y","Y","2","1","N","N","N","Y","N","N","N","N"
"2021058554","","0","0","0","0","0","0","0","0","0","7","0","","02","5","2021","7","40.587247","-80.099845","","11","0","0","0","0","0","0","0","0","","0","0","0","","","1","N","0","","40 35:14.090","","0","80 05:59.441","4","0","0","0","2481","0","0","0","Y","0","0","0","2","68B03","1","","5.0","","9","N","N","N","0","","0","0","1","","0","","","1","1","0","0","0","0","0","2","0","1","","07","","N","","","","","","","","","",""
"2021060390","","2","0","0","0","0","0","0","0","0","4","0","","02","6","2021","3","40.382939","-79.857485","","11","0","0","0","0","0","0","1","0","","0","0","0","","","2","","1","","40 22:58.581","2","0","79 51:26.947","8","0","0","0","2303","0","0","0","N","0","0","0","4","02303","0","","1.0","1742.0","1","N","N","Y","0","","0","0","0","","2","Y","","2","2","0","0","0","2","0","2","0","2","","","","N","","","","","","","","","",""
"2021056516","","1","0","0","0","0","0","0","0","0","7","0","","02","6","2021","7","40.46356","-80.056853","","11","0","0","0","0","0","0","0","0","","0","0","0","","","0","N","2","","40 27:48.817","","0","80 03:24.671","9","0","0","0","2301","0","0","0","N","0","0","0","1","02301","0","","4.0","","1","N","N","N","0","","0","0","0","","2","","","1","0","0","0","0","0","1","2","0","1","","03","","N","","","","","","","","","",""
"2021058301","","1","0","0","0","0","0","0","0","0","7","0","","02","6","2021","3","40.37619","-79.920606","","11","0","0","0","0","0","0","0","0","","0","0","0","","","0","N","0","","40 22:34.285","","0","79 55:14.180","0","0","0","0","2301","0","0","0","N","0","0","0","1","02301","0","","5.0","","9","N","N","N","0","","0","0","0","","0","","","1","0","0","0","0","0","0","2","0","1","","","","N","","","","","","","","","",""
"2021029917","","1","0","0","0","0","0","0","0","0","7","0","","02","4","2021","5","40.449091","-80.02274","","11","0","0","0","0","0","0","0","1","","0","0","0","","","0","","7","","40 26:56.729","","2","80 01:21.865","0","0","0","0","2301","0","0","0","N","0","0","0","1","02301","0","","3.0","","1","N","N","N","0","","0","0","0","","0","","","1","0","0","0","0","0","0","2","0","1","","","","N","","","","","","","","","",""
"2021051480","","0","0","0","0","0","0","0","0","0","7","0","","02","6","2021","7","40.574806","-79.990099","","11","0","0","0","0","0","0","0","0","","0","0","0","","","1","Y","0","","40 34:29.301","3","0","79 59:24.356","3","0","0","0","2108","0","0","0","Y","0","0","0","2","02108","0","","2.0","1655.0","1","N","N","N","0","","1","0","1","","0","N","","1","1","2","0","0","0","0","2","0","1","","03","","N","","","","","","","","","",""
"2021059685","","2","0","0","0","0","0","0","0","0","1","0","","02","6","2021","2","40.357768","-80.121838","","11","0","1","0","0","0","0","0","0","","0","0","0","","","0","","2","","40 21:27.964","","0","80 07:18.616","0","0","0","0","2119","0","0","0","N","0","0","0","2","02119","0","","1.0","","1","N","N","N","0","","0","0","0","","2","","","2","0","0","0","0","0","0","2","0","2","","","","N","","","","","","","","","",""
"2021060605","","1","0","0","0","0","0","0","0","0","1","0","","02","6","2021","3","40.360256","-80.035114","","11","0","0","0","0","0","0","0","0","","0","0","0","","","0","N","0","","40 21:36.920","","6","80 02:06.410","0","0","0","0","2416","0","0","0","N","0","0","0","2","02416","0","","6.0","","1","N","N","N","1","","0","0","0","","0","","","2","0","1","0","0","0","0","2","0","2","","","","N","","","","","","","","","",""
"2021031016","","1","0","0","0","0","0","0","0","0","2","0","","02","4","2021","6","40.591866","-79.776848","","11","1","0","0","0","0","0","1","0","","0","0","0","","","3","N","0","","40 35:30.716","6","0","79 46:36.653","8","0","0","0","2104","0","0","0","N","0","0","0","3","02104","0","","1.0","1351.0","1","N","N","N","0","","0","0","1","","0","Y","","2","3","0","0","0","3","0","2","0","2","","03","","N","","","","","","","","","",""
"2021058802","","0","0","0","0","0","0","0","0","0","4","0","","02","6","2021","6","40.441733","-80.035258","","11","0","0","0","0","0","1","0","0","","0","0","0","","","1","","1","","40 26:30.238","7","0","80 02:06.928","3","0","0","0","2301","0","0","0","N","0","0","0","2","02301","0","","1.0","1640.0","1","N","N","N","0","","1","0","2","","0","N","","2","1","0","0","0","0","0","2","0","2","","03","","N","","","","","","","","","",""
"2021058085","","1","0","0","0","0","0","0","0","0","4","0","","02","5","2021","3","40.403265","-79.988951","","11","0","0","0","0","1","0","0","0","","0","0","0","","","0","","1","","40 24:11.753","","0","79 59:20.223","0","0","0","0","2301","0","0","0","N","0","0","0","2","02301","0","","1.0","","1","N","N","N","0","","0","0","1","","3","","","2","0","0","0","0","0","0","2","0","2","","03","","N","","","","","","","","","",""
"2021056769","","3","0","0","0","0","0","0","0","0","1","0","","02","6","2021","7","40.348169","-79.947256","","11","0","0","0","0","0","0","0","0","","0","0","0","","","2","","1","","40 20:53.410","4","0","79 56:50.120","3","0","0","0","2473","0","0","0","N","0","0","0","4","02473","0","","1.0","900.0","1","N","N","N","0","","2","0","0","","0","Y","","3","2","0","0","0","0","0","2","0","3","","03","","N","","","","","","","","","",""
"2021056240","","1","0","0","0","0","0","0","0","0","99","0","","02","6","2021","1","40.471428","-80.008923","","11","0","0","0","0","0","0","0","0","","0","0","0","","","0","","2","","40 28:17.139","3","0","80 00:32.123","9","0","0","0","2301","0","0","0","N","0","0","0","3","02301","0","","1.0","1140.0","1","N","N","N","0","","0","0","0","","0","N","","1","0","0","0","0","0","3","2","0","1","","03","","N","","","","","","","","","",""
"2021030668","","2","0","0","0","0","0","0","0","0","2","0","","02","4","2021","1","40.484407","-80.040492","","11","0","0","0","0","0","0","0","0","","0","0","0","","","1","","3","","40 29:03.864","","0","80 02:25.771","3","0","0","0","2301","0","0","0","N","0","0","0","1","02301","0","","4.0","","1","N","N","N","0","","1","0","2","","2","N","","4","1","0","0","0","0","0","2","0","4","","","","N","","","","","","","","","",""
"2021061008","","1","0","0","0","0","0","0","0","0","0","0","","02","7","2021","5","40.367294","-80.061286","","11","0","0","0","0","0","0","0","0","","0","0","0","","","0","N","0","","40 22:02.260","","0","80 03:40.630","0","0","0","0","2109","0","0","0","N","0","0","0","1","02109","0","","1.0","","9","N","N","N","0","","0","0","0","","0","","","1","0","1","0","0","0","0","2","0","1","","","","N","","","","","","","","","",""
"2021030036","","2","0","0","0","0","0","0","0","0","1","0","","02","4","2021","5","40.436124","-79.967577","","11","0","0","0","0","1","0","0","0","","0","0","0","","","1","Y","0","","40 26:10.047","4","0","79 58:03.276","3","0","0","0","2301","0","0","0","N","0","0","0","3","02301","0","","1.0","2145.0","2","N","N","N","0","","1","0","1","","0","N","","3","1","0","0","0","0","0","2","0","3","","","","N","","","","","","","","","",""
"2021060836","","2","0","0","0","0","0","0","0","0","2","0","","02","7","2021","5","40.524789","-79.826875","","11","0","0","0","0","0","0","1","0","","0","0","0","","","0","","2","","40 31:29.239","1","0","79 49:36.750","0","0","0","0","2466","0","0","0","N","0","0","0","2","02466","0","","1.0","915.0","9","N","N","N","0","","0","0","0","","3","N","","2","0","0","0","0","0","0","1","0","2","","07","","N","","","","","","","","","",""