"CRN","ARRIVAL_TM","AUTOMOBILE_COUNT","BELTED_DEATH_COUNT","BELTED_SUSP_SERIOUS_INJ_COUNT","BICYCLE_COUNT","BICYCLE_DEATH_COUNT","BICYCLE_SUSP_SERIOUS_INJ_COUNT","BUS_COUNT","CHLDPAS_DEATH_COUNT","CHLDPAS_SUSP_SERIOUS_INJ_COUNT","COLLISION_TYPE","COMM_VEH_COUNT","CONS_ZONE_SPD_LIM","COUNTY","CRASH_MONTH","CRASH_YEAR","DAY_OF_WEEK","DEC_LATITUDE","DEC_LONGITUDE","DISPATCH_TM","DISTRICT","DRIVER_COUNT_16YR","DRIVER_COUNT_17YR","DRIVER_COUNT_18YR","DRIVER_COUNT_19YR","DRIVER_COUNT_20YR","DRIVER_COUNT_50_64YR","DRIVER_COUNT_65_74YR","DRIVER_COUNT_75PLUS","EST_HRS_CLOSED","FATAL_COUNT","HEAVY_TRUCK_COUNT","HORSE_BUGGY_COUNT","HOUR_OF_DAY","ILLUMINATION","INJURY_COUNT","INTERSECTION_RELATED","INTERSECT_TYPE","LANE_CLOSED","LATITUDE","LN_CLOSE_DIR","LOCATION_TYPE","LONGITUDE","MAX_SEVERITY_LEVEL","MCYCLE_DEATH_COUNT","MCYCLE_SUSP_SERIOUS_INJ_COUNT","MOTORCYCLE_COUNT","MUNICIPALITY","NONMOTR_COUNT","NONMOTR_DEATH_COUNT","NONMOTR_SUSP_SERIOUS_INJ_COUNT","NTFY_HIWY_MAINT","PED_COUNT","PED_DEATH_COUNT","PED_SUSP_SERIOUS_INJ_COUNT","PERSON_COUNT","POLICE_AGCY","POSSIBLE_INJ_COUNT","RDWY_SURF_TYPE_CD","RELATION_TO_ROAD","ROADWAY_CLEARED","ROAD_CONDITION","SCH_BUS_IND","SCH_ZONE_IND","SECONDARY_CRASH","SMALL_TRUCK_COUNT","SPEC_JURIS_CD","SUSP_MINOR_INJ_COUNT","SUSP_SERIOUS_INJ_COUNT","SUV_COUNT","TCD_FUNC_CD","TCD_TYPE","TFC_DETOUR_IND","TIME_OF_DAY","TOTAL_UNITS","TOT_INJ_COUNT","UNBELTED_OCC_COUNT","UNB_DEATH_COUNT","UNB_SUSP_SERIOUS_INJ_COUNT","UNK_INJ_DEG_COUNT","UNK_INJ_PER_COUNT","URBAN_RURAL","VAN_COUNT","VEHICLE_COUNT","WEATHER1","WEATHER2","WORKERS_PRES","WORK_ZONE_IND","WORK_ZONE_LOC","WORK_ZONE_TYPE","WZ_CLOSE_DETOUR","WZ_FLAGGER","WZ_LAW_OFFCR_IND","WZ_LN_CLOSURE","WZ_MOVING","WZ_OTHER","WZ_SHLDER_MDN","WZ_WORKERS_INJ_KILLED"
"2021056360","","1","0","0","0","0","0","0","0","0","4","0","","02","6","2021","5","40.433981","-79.753307","","11","0","0","1","1","0","0","0","0","","0","0","0","","","4","","1","","40 26:02.333","6","0","79 45:11.904","3","0","0","0","2446","0","0","0","N","0","0","0","6","02446","0","","1.0","2010.0","1","N","N","N","0","","4","0","1","","2","N","","2","4","0","0","0","0","0","2","0","2","","03","","N","","","","","","","","","",""
"2021057882","","1","0","0","0","0","0","0","0","0","4","0","","02","6","2021","1","40.382926","-79.877922","","11","0","0","0","0","0","1","0","0","","0","0","0","","","0","N","1","","40 22:58.532","","0","79 52:40.519","0","0","0","0","2473","0","0","0","N","0","0","0","3","02473","0","","1.0","","1","N","N","N","0","","0","0","1","","1","","","2","0","0","0","0","0","0","2","0","2","","03","","N","","","","","","","","","",""
"2021056581","","2","0","0","0","0","0","0","0","0","5","0","","02","6","2021","7","40.454046","-79.925245","","11","0","0","0","0","0","0","0","0","","0","0","0","","","0","N","0","","40 27:14.565","","0","79 55:30.882","0","0","0","0","2301","0","0","0","N","0","0","0","2","02301","0","","1.0","","9","N","N","N","0","","0","0","0","","2","","","2","0","0","0","0","0","0","2","0","2","","04","","N","","","","","","","","","",""
"2021057239","","2","0","0","0","0","0","0","0","0","4","0","","02","6","2021","2","40.396214","-79.998191","","11","0","0","0","0","0","0","0","0","","0","0","0","","","0","","1","","40 23:46.371","","0","79 59:53.487","0","0","0","0","2301","0","0","0","N","0","0","0","3","02301","0","","1.0","","1","N","N","N","0","","0","0","0","","1","","","2","0","0","0","0","0","0","2","0","2","","03","","N","","","","","","","","","",""
"2021029915","","1","0","0","0","0","0","0","0","0","4","0","","02","4","2021","5","40.614848","-80.097055","","11","0","0","0","0","0","0","1","0","","0","0","0","","","0","","1","","40 36:53.452","","0","80 05:49.398","0","0","0","0","2481","0","0","0","N","0","0","0","2","02481","0","","1.0","","1","N","N","N","0","","0","0","1","","2","","","2","0","0","0","0","0","0","2","0","2","","03","","N","","","","","","","","","",""
"2021048721","","1","0","0","0","0","0","0","0","0","1","1","","02","5","2021","6","40.357155","-79.832751","","11","0","0","0","0","0","0","0","0","","0","1","0","","","0","","2","","40 21:25.758","","0","79 49:57.902","9","0","0","0","2304","0","0","0","N","0","0","0","4","02304","0","","1.0","","1","N","N","N","0","","0","0","0","","2","","","2","0","0","0","0","0","1","2","0","2","","","","N","","","","","","","","","",""
"2021057694","","2","0","0","0","0","0","0","0","0","1","0","","02","6","2021","3","40.43135","-79.839073","","11","0","0","0","0","0","0","0","0","","0","0","0","","","0","N","2","","40 25:52.859","1","0","79 50:20.661","0","0","0","0","2419","0","0","0","N","0","0","0","2","02419","0","","1.0","1645.0","1","N","N","N","0","","0","0","0","","3","N","","2","0","0","0","0","0","0","2","0","2","","03","","N","","","","","","","","","",""
"2021031037","","2","0","0","0","0","0","0","0","0","1","0","","02","4","2021","1","40.410425","-80.079359","","11","0","0","0","0","0","0","0","0","","0","0","0","","","0","N","0","","40 24:37.530","","0","80 04:45.693","0","0","0","0","2415","0","0","0","N","0","0","0","1","02415","0","","6.0","","1","N","N","N","0","","0","0","0","","0","","","2","0","0","0","0","0","0","2","0","2","","","","N","","","","","","","","","",""
"2021060606","","0","0","0","0","0","0","0","0","0","7","0","","02","6","2021","7","40.367617","-80.013324","","11","0","0","0","0","0","1","0","0","","0","0","0","","","1","N","0","","40 22:03.420","5","0","80 00:47.966","3","0","0","0","2416","0","0","0","N","0","0","0","1","02416","0","","2.0","30.0","1","N","N","N","1","","1","0","0","","0","N","","1","1","1","0","0","0","0","2","0","1","","03","","N","","","","","","","","","",""
"2021033583","","2","0","0","0","0","0","0","0","0","6","0","","02","4","2021","5","40.295731","-80.029438","","11","0","0","0","1","0","0","0","0","","0","0","0","","","1","Y","0","","40 17:44.632","","0","80 01:45.976","3","0","0","0","2407","0","0","0","N","0","0","0","2","02407","0","","1.0","","1","N","N","N","0","","1","0","0","","0","","","2","1","0","0","0","0","0","2","0","2","","","","N","","","","","","","","","",""
"2021019668","","1","0","0","0","0","0","0","0","0","1","1","","02","2","2021","6","40.383413","-79.995875","","11","0","0","0","0","0","0","0","0","","0","1","0","","","0","N","0","","40 23:00.287","2","0","79 59:45.151","0","0","0","0","2301","0","0","0","N","0","0","0","0","02301","0","","1.0","1917.0","1","N","N","N","0","","0","0","1","","0","N","","3","0","0","0","0","0","0","2","0","3","","03","","N","","","","","","","","","",""
"2021046633","","0","0","0","1","0","0","0","0","0","8","0","","02","5","2021","1","40.330136","-80.021562","","11","0","0","0","0","0","1","0","0","","0","0","0","","","1","N","0","","40 19:48.488","","7","80 01:17.624","8","0","0","0","2219","1","0","0","N","0","0","0","3","02501","0","","2.0","","1","N","N","N","0","","0","0","1","","8","","","2","1","0","0","0","1","0","2","0","1","","03","","N","","","","","","","","","",""
"2021053949","","1","0","0","0","0","0","0","0","0","5","0","","02","6","2021","7","40.451106","-79.983978","","11","0","0","0","0","0","0","0","0","","0","0","0","","","0","N","1","","40 27:03.983","","0","79 59:02.320","9","0","0","0","2301","0","0","0","N","0","0","0","3","02301","0","","1.0","","1","N","N","N","0","","0","0","1","","0","","","2","0","0","0","0","0","1","2","0","2","","03","","N","","","","","","","","","",""
"2021056375","","1","0","0","0","0","0","0","0","0","98","0","","02","6","2021","7","40.220037","-79.846146","","11","0","0","0","0","0","0","1","0","","0","0","0","","","0","Y","0","","40 13:12.132","2","0","79 50:46.126","0","0","0","0","2204","0","0","0","N","0","0","0","4","02204","0","","1.0","1030.0","1","N","N","Y","0","","0","0","1","","0","N","","2","0","0","0","0","0","0","2","0","2","","","","N","","","","","","","","","",""
"2021056586","","0","0","0","0","0","0","0","0","0","4","0","","02","6","2021","3","40.510556","-80.097983","","11","1","0","0","0","0","0","0","0","","0","0","0","","","0","N","2","","40 30:38.002","","0","80 05:52.740","0","0","0","0","2429","0","0","0","N","0","0","0","2","02215","0","","1.0","","1","N","N","N","0","","0","0","2","","0","","","2","0","0","0","0","0","0","2","0","2","","03","","N","","","","","","","","","",""
"2021061221","","0","0","0","0","0","0","0","0","0","7","0","","02","6","2021","3","40.317925","-80.13232","","11","0","1","0","0","0","0","0","0","","0","0","0","","","0","N","0","","40 19:04.531","","0","80 07:56.352","0","0","0","0","2119","0","0","0","N","0","0","0","1","02119","0","","4.0","","1","N","N","N","0","","0","0","1","","0","","","1","0","0","0","0","0","0","2","0","1","","","","N","","","","","","","","","",""
"2021025697","","1","0","0","0","0","0","0","0","0","7","0","","02","3","2021","7","40.528143","-80.229223","","11","0","0","1","0","0","0","0","0","","0","0","0","","","0","N","0","","40 31:41.316","2","0","80 13:45.201","0","0","0","0","2213","0","0","0","N","0","0","0","2","02213","0","","2.0","15.0","1","N","N","N","0","","0","0","0","","0","N","","1","0","0","0","0","0","0","2","0","1","","","","N","","","","","","","","","",""
"2021028111","","0","0","0","0","0","0","0","0","0","7","0","","02","3","2021","7","40.44111","-79.835284","","11","0","0","0","0","0","0","0","0","","0","0","0","","","0","N","0","","40 26:27.996","4","0","79 50:07.024","0","0","0","0","2419","0","0","0","N","0","0","0","1","68B03","0","","2.0","1628.0","1","N","N","N","0","","0","0","1","","0","N","","2","0","0","0","0","0","0","2","0","1","","","","N","","","","","","","","","",""
"2021059939","","1","0","1","0","0","0","0","0","0","2","0","","02","6","2021","1","40.367059","-80.114827","","11","0","0","0","0","1","0","0","0","","0","0","0","","","1","","2","","40 22:01.411","5","0","80 06:53.377","2","0","0","0","2102","0","0","0","N","0","0","0","1","02102","0","","5.0","1945.0","1","N","N","N","0","","0","1","0","","0","Y","","1","1","0","0","0","0","0","2","0","1","","03","","N","","","","","","","","","",""
"2021057895","","1","0","0","0","0","0","0","0","0","7","0","","02","6","2021","3","40.450962","-79.957541","","11","0","0","0","0","0","1","0","0","","0","0","0","","","0","","2","","40 27:03.462","","0","79 57:27.146","0","0","0","0","2301","0","0","0","N","0","0","0","1","02301","0","","5.0","","1","N","N","N","0","","0","0","0","","0","","","1","0","0","0","0","0","0","2","0","1","","03","","N","","","","","","","","","",""
"2021058100","","2","0","0","0","0","0","0","0","0","1","0","","02","6","2021","4","40.460436","-79.844314","","11","0","0","0","0","0","0","0","0","","0","0","0","","","0","N","2","","40 27:37.568","6","0","79 50:39.529","0","0","0","0","2113","0","0","0","N","0","0","0","5","02113","0","","1.0","1610.0","1","N","N","N","0","","0","0","0","","0","N","","2","0","0","0","0","0","0","2","0","2","","98","","N","","","","","","","","","",""
"2021056173","","0","0","0","0","0","0","0","0","0","7","0","","02","3","2021","6","40.455106","-80.020864","","11","0","0","0","0","0","0","0","0","","0","0","0","","","0","Y","0","","40 27:18.380","","0","80 01:15.110","0","0","0","0","2301","0","0","0","N","0","0","0","1","02301","0","","5.0","","9","N","N","N","0","","0","0","1","","0","","","1","0","0","0","0","0","0","2","0","1","","07","","N","","","","","","","","","",""
"2021051715","","4","0","0","0","0","0","0","0","0","4","0","","02","6","2021","1","40.452745","-79.936737","","11","0","0","0","0","0","0","0","0","","0","0","0","","","1","N","1","","40 27:09.882","","0","79 56:12.253","8","0","0","0","2301","0","0","0","N","0","0","0","8","02301","0","","1.0","","1","N","N","N","0","","0","0","0","","2","","","4","1","0","0","0","1","0","2","0","4","","03","","N","","","","","","","","","",""
"2021053441","","0","0","0","0","0","0","0","0","0","4","0","","02","6","2021","5","40.43804","-79.994361","","11","0","0","0","0","0","1","0","0","","0","1","0","","","0","","1","","40 26:16.943","","0","79 59:39.699","0","0","0","0","2301","0","0","0","N","0","0","0","2","02301","0","","1.0","","1","N","N","N","0","","0","0","1","","2","N","","2","0","0","0","0","0","0","2","0","2","","","","N","","","","","","","","","",""
"2021061253","","2","0","0","0","0","0","0","0","0","4","0","","02","7","2021","5","40.489378","-79.778187","","11","0","0","0","0","0","0","0","1","","0","0","0","","","1","N","1","","40 29:21.760","","0","79 46:41.473","3","0","0","0","2466","0","0","0","N","0","0","0","2","02466","0","","1.0","","1","N","N","N","0","","1","0","0","","3","","","2","1","0","0","0","0","0","2","0","2","","","","N","","","","","","","","","",""
"2021059952","","1","0","0","0","0","0","0","0","0","1","0","","02","6","2021","2","40.45234","-79.761263","","11","0","0","0","0","0","0","1","0","","0","0","0","","","1","Y","0","","40 27:08.423","2","0","79 45:40.545","3","0","0","0","2446","0","0","0","N","0","0","0","2","02446","0","","1.0","1602.0","1","N","N","N","0","","1","0","1","","0","N","","2","1","0","0","0","0","0","2","0","2","","03","","N","","","","","","","","","",""
"2021029861","","1","0","0","0","0","0","0","0","0","1","0","","02","4","2021","5","40.478829","-80.04312","","11","0","0","0","0","0","2","0","0","","0","0","0","","","2","N","1","","40 28:43.784","","0","80 02:35.231","3","0","0","0","2301","0","0","0","N","0","0","0","4","02301","0","","1.0","","1","N","N","N","1","","2","0","0","","2","","","3","2","0","0","0","0","1","2","1","3","","03","","N","","","","","","","","","",""
"2021031148","","0","0","0","0","0","0","0","0","0","1","0","","02","4","2021","7","40.441108","-80.009247","","11","0","0","0","0","0","0","0","0","","0","0","0","","","0","N","6","","40 26:27.988","","2","80 00:33.289","0","0","0","0","2301","0","0","0","N","0","0","0","5","68B03","0","","1.0","","1","N","N","N","0","","0","0","2","","4","","","2","0","0","0","0","0","0","2","0","2","","","","N","","","","","","","","","",""
"2021040243","","1","0","0","0","0","0","0","0","0","7","0","","02","4","2021","5","40.520231","-80.062471","","11","0","0","0","0","0","0","0","0","","0","0","0","","","0","N","0","","40 31:12.832","1","0","80 03:44.894","0","0","0","0","2116","0","0","0","Y","0","0","0","1","68B03","0","","4.0","30.0","2","N","N","N","0","","0","0","0","","0","N","","1","0","0","0","0","0","0","2","0","1","","","","N","","","","","","","","","",""
"2021053243","","1","0","0","0","0","0","0","0","0","1","0","","02","5","2021","7","40.427919","-79.948686","","11","0","0","0","0","0","0","0","0","","0","0","0","","","0","N","0","","40 25:40.508","3","0","79 56:55.270","0","0","0","0","2301","0","0","0","N","0","0","0","3","68B03","0","","1.0","1230.0","9","N","N","N","0","","0","0","1","","0","N","","2","0","0","0","0","0","0","2","0","2","","","","N","","","","","","","","","",""
"2021056634","","1","0","0","0","0","0","0","0","0","5","1","","02","6","2021","5","40.479587","-79.769494","","11","0","0","0","0","0","0","0","0","","0","1","0","","","0","N","0","","40 28:46.514","","0","79 46:10.177","0","0","0","0","2466","0","0","0","N","0","0","0","2","68T02","0","","1.0","","1","N","N","N","0","","0","0","0","","0","","","2","0","0","0","0","0","0","2","0","2","","","","N","","","","","","","","","",""
"2021030700","","1","0","0","0","0","0","0","0","0","7","0","","02","4","2021","1","40.543692","-80.02865","","11","0","0","0","0","0","0","0","0","","0","0","0","","","0","N","0","","40 32:37.290","2","0","80 01:43.140","0","0","0","0","2116","0","0","0","N","0","0","0","1","02116","0","","4.0","215.0","1","N","N","N","0","","0","0","0","","0","N","","1","0","0","0","0","0","0","2","0","1","","03","","N","","","","","","","","","",""
"2021053345","","0","0","0","0","0","0","0","0","0","4","0","","02","6","2021","5","40.459661","-79.929431","","11","0","0","1","1","0","0","0","0","","0","0","0","","","3","","1","","40 27:34.779","","0","79 55:45.950","3","0","0","0","2301","0","0","0","N","0","0","0","3","02301","0","","1.0","","1","N","N","N","0","","3","0","1","","2","N","","2","3","0","0","0","0","0","2","1","2","","03","","N","","","","","","","","","",""
"2021052647","","0","0","0","0","0","0","0","0","0","5","0","","02","6","2021","3","40.426934","-80.001001","","11","0","0","0","0","0","0","0","0","","0","0","0","","","0","N","0","","40 25:36.961","","0","80 00:03.605","0","0","0","0","2301","0","0","0","N","0","0","0","1","02301","0","","4.0","","9","N","N","N","0","","0","0","2","","0","","","2","0","0","0","0","0","0","2","0","2","","03","","N","","","","","","","","","",""
"2021057274","","2","0","0","0","0","0","0","0","0","2","0","","02","6","2021","5","40.372306","-79.996527","","11","0","0","0","0","0","1","0","0","","0","0","0","","","2","N","0","","40 22:20.303","5","0","79 59:47.497","8","0","0","0","2476","0","0","0","N","0","0","0","4","02476","0","","1.0","1134.0","1","N","N","N","0","","0","0","0","","0","Y","","2","2","0","0","0","2","0","2","0","2","","03","","N","","","","","","","","","",""
"2021029733","","2","0","0","0","0","0","0","0","0","1","0","","02","4","2021","5","40.446103","-79.895574","","11","0","0","0","0","0","0","0","0","","0","0","0","","","0","N","0","","40 26:45.969","5","0","79 53:44.065","0","0","0","0","2301","0","0","0","N","0","0","0","1","02301","0","","2.0","247.0","9","N","N","N","0","","0","0","1","","0","Y","","3","0","0","0","0","0","0","2","0","3","","03","","N","","","","","","","","","",""
"2021030038","","1","0","0","0","0","0","0","0","0","7","0","","02","4","2021","5","40.4286","-79.960181","","11","0","0","0","0","0","0","0","0","","0","0","0","","","1","Y","0","","40 25:42.960","2","3","79 57:36.650","8","0","0","0","2301","0","0","0","N","0","0","0","1","02301","0","","2.0","2235.0","2","N","N","N","0","","0","0","0","","0","N","","1","1","0","0","0","1","0","2","0","1","","98","","N","","","","","","","","","",""
"2021054101","","0","0","0","0","0","0","0","0","0","7","0","","02","6","2021","7","40.450389","-80.0245","","11","0","0","0","0","0","1","0","0","","0","0","0","","","5","N","0","","40 27:01.400","6","0","80 01:28.200","2","0","0","0","2301","4","0","3","N","4","0","3","5","02301","0","","5.0","1620.0","1","N","N","N","0","","1","4","1","","0","Y","","5","5","1","0","1","0","0","2","0","1","","","","N","","","","","","","","","",""
"2021032635","","0","0","0","0","0","0","0","0","0","1","0","","02","4","2021","5","40.427992","-79.890137","","11","0","0","0","0","0","1","0","0","","0","0","0","","","1","N","0","","40 25:40.772","3","3","79 53:24.493","4","0","0","0","2463","0","0","0","N","0","0","0","10","68B03","1","","1.0","1545.0","9","N","N","N","0","","0","0","1","","0","N","","3","1","0","0","0","0","0","2","2","3","","","","N","","","","","","","","","",""
"2021030103","","1","0","0","0","0","0","0","0","0","2","0","","02","4","2021","6","40.477604","-79.968959","","11","0","0","0","0","0","0","1","0","","0","0","0","","","0","N","1","","40 28:39.376","2","0","79 58:08.253","0","0","0","0","2445","0","0","0","N","0","0","0","1","02445","0","","1.0","740.0","1","N","N","N","0","","0","0","0","","2","Y","","1","0","0","0","0","0","0","2","0","1","","","","N","","","","","","","","","",""
"2021057495","","1","0","0","0","0","0","0","0","0","7","0","","02","6","2021","2","40.52269","-79.784634","","11","0","0","0","0","0","0","0","0","","0","0","0","","","0","","2","","40 31:21.684","5","0","79 47:04.682","0","0","0","0","2466","0","0","0","Y","0","0","0","1","02466","0","","5.0","24.0","9","N","N","N","0","","0","0","0","","0","N","","1","0","0","0","0","0","0","2","0","1","","","","N","","","","","","","","","",""
"2021058522","","1","0","0","0","0","0","0","0","0","8","0","","02","6","2021","1","40.427473","-79.982189","","11","0","0","0","0","0","1","0","0","","0","0","0","","","1","N","2","","40 25:38.901","","0","79 58:55.882","3","0","0","0","2301","1","0","0","N","1","0","0","2","02301","0","","1.0","","1","N","N","N","0","","1","0","0","","3","","","2","1","0","0","0","0","0","2","0","1","","03","","N","","","","","","","","","",""
"2021058364","","1","0","0","0","0","0","0","0","0","7","0","","02","6","2021","5","40.465919","-79.838562","","11","0","0","0","0","0","0","0","0","","0","0","0","","","0","N","0","","40 27:57.310","","0","79 50:18.824","0","0","0","0","2113","0","0","0","N","0","0","0","1","02113","0","","5.0","","1","N","N","N","0","","0","0","0","","0","","","1","0","0","0","0","0","0","2","0","1","","03","","N","","","","","","","","","",""
"2021046024","","1","0","0","0","0","0","0","0","0","1","0","","02","3","2021","4","40.327172","-80.045118","","11","0","0","0","1","0","1","0","0","","0","0","0","","","1","N","0","","40 19:37.819","","0","80 02:42.423","4","0","0","0","2407","0","0","0","N","0","0","0","2","02407","1","","1.0","","1","N","N","N","0","","0","0","1","","0","","","2","1","0","0","0","0","0","2","0","2","","","","N","","","","","","","","","",""
"2021030206","","1","0","0","0","0","0","0","0","0","1","0","","02","4","2021","6","40.419626","-79.927168","","11","0","0","0","0","0","0","0","0","","0","0","0","","","0","N","1","","40 25:10.655","","0","79 55:37.803","0","0","0","0","2301","0","0","0","N","0","0","0","2","02301","0","","1.0","","1","N","N","N","1","","0","0","0","","0","","","2","0","1","0","0","0","0","2","0","2","","03","","N","","","","","","","","","",""
"2021031626","","1","0","0","0","0","0","0","0","0","8","0","","02","4","2021","6","40.456633","-79.939482","","11","0","0","0","0","0","0","0","0","","0","0","0","","","1","","5","","40 27:23.879","6","0","79 56:22.134","2","0","0","0","2301","1","0","1","N","1","0","1","2","02301","0","","1.0","1655.0","1","N","N","N","0","","0","1","0","","2","Y","","2","1","0","0","0","0","0","2","0","1","","","","N","","","","","","","","","",""
"2021052723","","1","0","0","0","0","0","0","0","0","7","0","","02","6","2021","4","40.342796","-79.98746","","11","0","0","0","0","0","0","1","0","","0","0","0","","","0","N","0","","40 20:34.064","","0","79 59:14.856","0","0","0","0","2403","0","0","0","N","0","0","0","1","02403","0","","5.0","","1","N","N","N","0","","0","0","0","","0","N","","1","0","0","0","0","0","0","2","0","1","","","","N","","","","","","","","","",""
"2021051804","","1","0","0","0","0","0","0","0","0","7","0","","02","6","2021","1","40.279745","-79.980398","","11","0","0","0","0","0","1","0","0","","0","0","0","","","0","N","0","","40 16:47.081","","0","79 58:49.433","0","0","0","0","2219","0","0","0","Y","0","0","0","1","02219","0","","5.0","","1","N","N","N","0","","0","0","0","","0","","","1","0","0","0","0","0","0","2","0","1","","","","N","","","","","","","","","",""
"2021052139","","1","0","0","0","0","0","0","0","0","5","0","","02","6","2021","2","40.516797","-79.8423","","11","0","0","0","0","0","0","0","0","","0","0","0","","","0","N","0","","40 31:00.469","","0","79 50:32.281","0","0","0","0","2451","0","0","0","N","0","0","0","1","02451","0","","1.0","","1","N","N","N","0","","0","0","0","","0","","","2","0","0","0","0","0","0","2","0","2","","","","N","","","","","","","","","",""
"2021056823","","0","0","0","0","0","0","0","0","0","4","0","","02","6","2021","7","40.581605","-79.921753","","11","0","0","1","0","0","0","0","1","","0","0","0","","","0","","1","","40 34:53.777","2","0","79 55:18.311","0","0","0","0","2207","0","0","0","N","0","0","0","2","02207","0","","1.0","1230.0","1","N","N","N","1","","0","0","1","","0","N","","2","0","0","0","0","0","0","1","0","2","","","","N","","","","","","","","","",""
"2021051347","","1","0","0","0","0","0","0","0","0","7","0","","02","6","2021","6","40.423998","-79.951466","","11","0","0","0","0","0","0","0","0","","0","0","0","","","0","N","0","","40 25:26.393","2","0","79 57:05.278","0","0","0","0","2301","0","0","0","N","0","0","0","1","02301","0","","5.0","730.0","1","N","N","N","0","","0","0","0","","0","N","","1","0","0","0","0","0","0","2","0","1","","03","","N","","","","","","","","","",""
"2021056412","","1","0","0","0","0","0","0","0","0","8","0","","02","6","2021","5","40.391488","-79.876972","","11","0","0","0","0","0","0","0","0","","0","0","0","","","1","N","0","","40 23:29.356","","0","79 52:37.100","3","0","0","0","2473","1","0","0","N","1","0","0","2","02473","0","","1.0","","1","N","N","N","0","","1","0","0","","0","","","2","1","0","0","0","0","1","2","0","1","","","","N","","","","","","","","","",""
"2021052885","","1","0","0","0","0","0","0","0","0","7","0","","02","6","2021","7","40.357633","-79.972897","","11","0","0","0","0","0","0","0","1","","0","0","0","","","0","N","0","","40 21:27.480","5","7","79 58:22.430","0","0","0","0","2476","0","0","0","N","0","0","0","2","02476","0","","4.0","1200.0","1","N","N","N","0","","0","0","0","","0","N","","1","0","2","0","0","0","0","2","0","1","","","","N","","","","","","","","","",""
"2021035644","","2","0","0","0","0","0","0","0","0","7","0","","02","4","2021","1","40.439598","-80.009452","","11","0","0","0","0","0","0","0","0","","0","0","0","","","0","N","0","","40 26:22.553","3","0","80 00:34.027","0","0","0","0","2301","0","0","0","Y","0","0","0","3","68B03","0","","4.0","210.0","1","N","N","N","0","","0","0","0","","0","N","","2","0","1","0","0","0","0","2","0","2","","","","N","","","","","","","","","",""
"2021057071","","2","0","0","0","0","0","0","0","0","1","0","","02","6","2021","6","40.338977","-79.960041","","11","0","0","0","0","0","0","1","0","","0","0","0","","","2","Y","0","","40 20:20.316","1","0","79 57:36.147","8","0","0","0","2454","0","0","0","N","0","0","0","4","02454","0","","1.0","1510.0","1","N","N","N","0","","0","0","1","","0","N","","3","2","0","0","0","2","1","2","0","3","","03","","N","","","","","","","","","",""
"2021037247","","0","0","0","0","0","0","0","0","0","7","0","","02","4","2021","5","40.426534","-80.296323","","11","0","0","0","0","0","0","0","0","","0","0","0","","","2","N","0","","40 25:35.524","4","0","80 17:46.761","3","0","0","0","2203","0","0","0","N","0","0","0","2","68B03","0","","2.0","2120.0","2","N","N","N","0","","2","0","1","","0","Y","","1","2","0","0","0","0","0","1","0","1","","","","N","","","","","","","","","",""
"2021060834","","1","0","0","0","0","0","0","0","0","4","0","","02","7","2021","5","40.45854","-79.846147","","11","0","0","0","0","0","1","0","0","","0","0","0","","","0","N","2","","40 27:30.743","","0","79 50:46.129","0","0","0","0","2113","0","0","0","N","0","0","0","3","02113","0","","1.0","","9","N","N","N","0","","0","0","1","","3","","","2","0","0","0","0","0","0","2","0","2","","07","","N","","","","","","","","","",""
"2021049670","","0","0","0","0","0","0","0","0","0","7","0","","02","5","2021","2","40.417245","-79.883512","","11","0","0","0","0","1","0","0","0","","0","0","0","","","0","","2","","40 25:02.082","5","0","79 53:00.643","0","0","0","0","2463","0","0","0","N","0","0","0","1","02463","0","","4.0","2030.0","1","N","N","N","1","","0","0","0","","3","Y","","1","0","0","0","0","0","0","2","0","1","","","","N","","","","","","","","","",""
"2021057924","","0","0","0","0","0","0","0","0","0","7","0","","02","6","2021","1","40.448109","-79.709518","","11","0","0","0","0","0","0","0","0","","0","0","0","","","0","N","0","","40 26:53.191","","0","79 42:34.263","0","0","0","0","2466","0","0","0","N","0","0","0","1","02466","0","","5.0","","1","N","N","N","0","","0","0","1","","0","","","1","0","0","0","0","0","0","2","0","1","","03","","N","","","","","","","","","",""
"2021056909","","2","0","1","0","0","0","0","0","0","4","0","","02","6","2021","1","40.373655","-79.844859","","11","0","0","0","0","0","0","0","0","","0","0","0","","","7","","1","","40 22:25.157","5","0","79 50:41.491","2","0","0","0","2303","0","0","0","N","0","0","0","7","02303","0","","1.0","1628.0","1","","","N","0","","6","1","0","","2","Y","","2","7","0","0","0","0","0","2","0","2","","03","","N","","","","","","","","","",""
"2021053957","","2","0","0","0","0","0","0","0","0","4","0","","02","6","2021","1","40.454815","-79.994456","","11","0","0","0","0","0","0","0","0","","0","0","0","","","1","N","1","","40 27:17.334","","1","79 59:40.041","8","0","0","0","2301","0","0","0","N","0","0","0","2","02301","0","","1.0","","1","N","N","N","0","","0","0","0","","2","","","2","1","0","0","0","1","0","2","0","2","","03","","N","","","","","","","","","",""
"2021060279","","1","0","0","0","0","0","0","0","0","8","0","","02","6","2021","6","40.430556","-80.026753","","11","0","0","0","0","0","0","0","0","","1","0","0","","","0","N","0","","40 25:50.001","3","0","80 01:36.311","1","0","0","0","2301","1","1","0","N","1","1","0","2","68B03","0","2","1.0","1805.0","1","N","N","N","0","0","0","0","0","","0","Y","","2","0","0","0","0","0","0","2","0","1","","","","N","","","","","","","","","",""