"CRN","ARRIVAL_TM","AUTOMOBILE_COUNT","BELTED_DEATH_COUNT","BELTED_SUSP_SERIOUS_INJ_COUNT","BICYCLE_COUNT","BICYCLE_DEATH_COUNT","BICYCLE_SUSP_SERIOUS_INJ_COUNT","BUS_COUNT","CHLDPAS_DEATH_COUNT","CHLDPAS_SUSP_SERIOUS_INJ_COUNT","COLLISION_TYPE","COMM_VEH_COUNT","CONS_ZONE_SPD_LIM","COUNTY","CRASH_MONTH","CRASH_YEAR","DAY_OF_WEEK","DEC_LATITUDE","DEC_LONGITUDE","DISPATCH_TM","DISTRICT","DRIVER_COUNT_16YR","DRIVER_COUNT_17YR","DRIVER_COUNT_18YR","DRIVER_COUNT_19YR","DRIVER_COUNT_20YR","DRIVER_COUNT_50_64YR","DRIVER_COUNT_65_74YR","DRIVER_COUNT_75PLUS","EST_HRS_CLOSED","FATAL_COUNT","HEAVY_TRUCK_COUNT","HORSE_BUGGY_COUNT","HOUR_OF_DAY","ILLUMINATION","INJURY_COUNT","INTERSECTION_RELATED","INTERSECT_TYPE","LANE_CLOSED","LATITUDE","LN_CLOSE_DIR","LOCATION_TYPE","LONGITUDE","MAX_SEVERITY_LEVEL","MCYCLE_DEATH_COUNT","MCYCLE_SUSP_SERIOUS_INJ_COUNT","MOTORCYCLE_COUNT","MUNICIPALITY","NONMOTR_COUNT","NONMOTR_DEATH_COUNT","NONMOTR_SUSP_SERIOUS_INJ_COUNT","NTFY_HIWY_MAINT","PED_COUNT","PED_DEATH_COUNT","PED_SUSP_SERIOUS_INJ_COUNT","PERSON_COUNT","POLICE_AGCY","POSSIBLE_INJ_COUNT","RDWY_SURF_TYPE_CD","RELATION_TO_ROAD","ROADWAY_CLEARED","ROAD_CONDITION","SCH_BUS_IND","SCH_ZONE_IND","SECONDARY_CRASH","SMALL_TRUCK_COUNT","SPEC_JURIS_CD","SUSP_MINOR_INJ_COUNT","SUSP_SERIOUS_INJ_COUNT","SUV_COUNT","TCD_FUNC_CD","TCD_TYPE","TFC_DETOUR_IND","TIME_OF_DAY","TOTAL_UNITS","TOT_INJ_COUNT","UNBELTED_OCC_COUNT","UNB_DEATH_COUNT","UNB_SUSP_SERIOUS_INJ_COUNT","UNK_INJ_DEG_COUNT","UNK_INJ_PER_COUNT","URBAN_RURAL","VAN_COUNT","VEHICLE_COUNT","WEATHER1","WEATHER2","WORKERS_PRES","WORK_ZONE_IND","WORK_ZONE_LOC","WORK_ZONE_TYPE","WZ_CLOSE_DETOUR","WZ_FLAGGER","WZ_LAW_OFFCR_IND","WZ_LN_CLOSURE","WZ_MOVING","WZ_OTHER","WZ_SHLDER_MDN","WZ_WORKERS_INJ_KILLED"
"2021100284","","0","0","0","0","0","0","0","0","0","4","0","","02","10","2021","5","40.620605","-80.054786","","11","0","1","0","0","0","0","1","0","","0","0","0","","","0","N","0","","40 37:14.177","2","6","80 03:17.229","0","0","0","0","2216","0","0","0","N","0","0","0","2","02505","0","","1.0","1114.0","1","N","N","N","0","","0","0","2","","0","N","","2","0","0","0","0","0","0","2","0","2","","","","N","","","","","","","","","",""
"2021100730","","0","0","0","0","0","0","0","0","0","2","0","","02","10","2021","6","40.644859","-79.938658","","11","0","0","0","0","0","1","0","0","","0","0","0","","","1","","2","","40 38:41.493","4","0","79 56:19.167","3","0","0","0","2217","0","0","0","N","0","0","0","3","02505","0","","1.0","1255.0","9","N","N","N","1","","1","0","1","","0","Y","","2","1","1","0","0","0","0","2","0","2","","","","N","","","","","","","","","",""
"2021100606","","2","0","0","0","0","0","0","0","0","6","0","","02","10","2021","6","40.482778","-79.708798","","11","0","0","1","0","0","0","0","0","","0","0","0","","","0","N","0","","40 28:58.001","5","0","79 42:31.673","0","0","0","0","2466","0","0","0","N","0","0","0","1","02466","0","","2.0","242.0","1","N","N","N","0","","0","0","0","","0","Y","","2","0","0","0","0","0","0","2","0","2","","03","","N","","","","","","","","","",""
"2021056618","","0","0","0","0","0","0","0","0","0","98","0","","02","6","2021","3","40.673304","-80.095335","","11","0","0","0","0","0","1","0","0","","0","0","0","","","0","N","0","","40 40:23.894","","0","80 05:43.205","0","0","0","0","2212","0","0","0","N","0","0","0","1","68D01","0","","4.0","","1","N","N","N","0","","0","0","1","","0","","","1","0","0","0","0","0","0","2","0","1","","","","N","","","","","","","","","",""
"2021030862","","1","0","0","0","0","0","0","0","0","4","0","","02","4","2021","1","40.412853","-80.010172","","11","0","0","1","0","0","0","0","0","","0","0","0","","","0","","1","","40 24:46.272","2","0","80 00:36.619","0","0","0","0","2301","0","0","0","N","0","0","0","6","02301","0","","1.0","2000.0","1","N","N","N","0","","0","0","2","","2","Y","","3","0","0","0","0","0","0","2","0","3","","03","","N","","","","","","","","","",""
"2021046129","","0","0","0","0","0","0","0","0","0","4","0","","02","5","2021","6","40.333516","-80.051643","","11","0","0","0","0","0","0","0","0","","0","0","0","","","1","","2","","40 20:00.657","1","0","80 03:05.914","3","0","0","1","2407","0","0","0","N","0","0","0","3","02407","0","","1.0","2040.0","1","N","N","N","1","","1","0","0","","0","N","","2","1","0","0","0","0","0","2","0","2","","","","N","","","","","","","","","",""
"2021091409","","2","0","0","0","0","0","0","0","0","5","0","","02","9","2021","3","40.449091","-80.02274","","11","0","0","0","0","0","0","0","0","","0","0","0","","","1","N","7","","40 26:56.729","","0","80 01:21.865","4","0","0","0","2301","0","0","0","N","0","0","0","3","02301","1","","1.0","","1","N","N","N","0","","0","0","0","","0","","","2","1","0","0","0","0","2","2","0","2","","","","N","","","","","","","","","",""
"2021101328","","1","0","0","0","0","0","0","0","0","7","0","","02","10","2021","6","40.568693","-79.93213","","11","0","0","0","0","0","0","0","0","","0","0","0","","","2","N","0","","40 34:07.296","4","0","79 55:55.667","4","0","0","0","2207","0","0","0","N","0","0","0","2","02207","2","","2.0","729.0","9","N","N","N","0","","0","0","0","","0","N","","1","2","1","0","0","0","0","2","0","1","","","","N","","","","","","","","","",""
"2021101501","","0","0","0","0","0","0","0","0","0","7","0","","02","10","2021","7","40.350881","-79.834314","","11","0","0","0","0","0","0","0","0","","0","0","0","","","0","N","0","","40 21:03.170","","0","79 50:03.529","0","0","0","0","2304","0","0","0","N","0","0","0","1","02304","0","","5.0","","9","N","N","N","1","","0","0","0","","0","","","1","0","0","0","0","0","0","2","0","1","","04","","N","","","","","","","","","",""
"2021067087","","0","0","0","0","0","0","0","0","0","4","0","","02","7","2021","2","40.443461","-80.004639","","11","0","0","0","0","0","0","0","0","","0","0","0","","","2","","1","","40 26:36.458","3","0","80 00:16.702","3","0","0","0","2301","0","0","0","N","0","0","0","4","02301","0","","1.0","2030.0","1","N","N","N","1","","2","0","1","","2","N","","2","2","0","0","0","0","1","2","0","2","","98","","N","","","","","","","","","",""
"2021103028","","1","0","0","0","0","0","0","0","0","7","0","","02","10","2021","4","40.483901","-79.906189","","11","0","0","0","0","1","0","0","0","","0","0","0","","","1","N","0","","40 29:02.044","4","0","79 54:22.281","3","0","0","0","2113","0","0","0","Y","0","0","0","2","02113","0","","5.0","1815.0","1","N","N","N","0","","1","0","0","","0","N","","1","1","0","0","0","0","1","2","0","1","","","","N","","","","","","","","","",""
"2021103274","","0","0","0","0","0","0","0","0","0","2","0","","02","8","2021","2","40.297949","-79.829516","","11","0","0","0","0","0","0","0","0","","1","0","0","","","2","N","0","","40 17:52.615","5","0","79 49:46.257","1","0","0","0","2105","0","0","0","N","0","0","0","3","02105","0","2","1.0","1400.0","9","N","N","N","1","0","2","0","1","","0","Y","","2","2","3","1","0","0","0","1","0","2","","","","N","","","","","","","","","",""
"2021101005","","1","0","0","0","0","0","0","0","0","0","0","","02","10","2021","7","40.626782","-80.041984","","11","0","0","0","0","0","0","0","0","","0","0","0","","","0","N","0","","40 37:36.415","6","0","80 02:31.143","0","0","0","0","2216","0","0","0","N","0","0","0","1","02505","0","","2.0","339.0","9","N","N","N","0","","0","0","0","","0","Y","","1","0","0","0","0","0","0","2","0","1","","","","N","","","","","","","","","",""
"2021066795","","1","0","0","0","0","0","0","0","0","0","0","","02","7","2021","2","40.445634","-79.855336","","11","0","0","0","0","0","1","1","0","","0","0","0","","","1","","1","","40 26:44.282","","0","79 51:19.208","3","0","0","0","2419","0","0","0","N","0","0","0","2","02419","0","","2.0","","1","N","N","N","1","","1","0","0","","0","","","2","1","0","0","0","0","0","2","0","2","","03","","N","","","","","","","","","",""
"2021079167","","0","0","0","0","0","0","0","0","0","2","0","","02","8","2021","6","40.458556","-79.934825","","11","0","0","0","0","0","0","0","0","","0","0","0","","","0","N","1","","40 27:30.801","","0","79 56:05.369","0","0","0","0","2301","0","0","0","N","0","0","0","0","02301","0","","1.0","","1","N","N","Y","0","","0","0","3","","0","","","3","0","0","0","0","0","0","2","0","3","","03","","N","","","","","","","","","",""
"2021103816","","3","0","0","0","0","0","0","0","0","1","0","","02","10","2021","6","40.354328","-79.991361","","11","1","0","0","0","0","0","0","0","","0","0","0","","","0","N","0","","40 21:15.580","","0","79 59:28.900","0","0","0","0","2476","0","0","0","N","0","0","0","3","02476","0","","1.0","","1","N","N","Y","0","","0","0","0","","0","","","3","0","0","0","0","0","0","2","0","3","","03","","N","","","","","","","","","",""
"2021100300","","2","0","0","0","0","0","0","0","0","1","0","","02","10","2021","5","40.433518","-79.918557","","11","0","0","0","1","0","0","0","0","","0","0","0","","","0","N","1","","40 26:00.664","1","0","79 55:06.805","0","0","0","0","2301","0","0","0","N","0","0","0","3","02301","0","","1.0","1245.0","1","N","N","N","0","","0","0","0","","0","N","","2","0","0","0","0","0","0","2","0","2","","","","N","","","","","","","","","",""
"2021101284","","0","0","0","0","0","0","0","0","0","2","0","","02","10","2021","7","40.484182","-79.819301","","11","0","0","0","0","0","1","0","0","","0","0","0","","","1","N","2","","40 29:03.056","4","0","79 49:09.482","3","0","0","0","2113","0","0","0","N","0","0","0","3","02113","0","","1.0","2225.0","1","N","N","N","0","","1","0","2","","2","Y","","2","1","0","0","0","0","0","2","0","2","","03","","N","","","","","","","","","",""
"2021101822","","1","0","0","0","0","0","0","0","0","4","0","","02","10","2021","5","40.376144","-79.984108","","11","0","0","0","0","0","0","0","0","","0","0","0","","","0","N","0","","40 22:34.120","1","0","79 59:02.788","0","0","0","0","2413","0","0","0","N","0","0","0","2","02413","0","","1.0","1559.0","1","N","N","N","1","","0","0","0","","0","N","","2","0","0","0","0","0","0","2","0","2","","","","N","","","","","","","","","",""
"2021102165","","0","0","0","0","0","0","0","0","0","1","0","","02","4","2021","2","40.553618","-80.219827","","11","0","0","1","0","0","0","1","0","","0","0","0","","","1","N","0","","40 33:13.023","2","0","80 13:11.377","3","0","0","0","2103","0","0","0","N","0","0","0","3","02103","0","","1.0","1455.0","1","N","N","N","1","","1","0","1","","0","N","","2","1","0","0","0","0","0","2","0","2","","03","","N","","","","","","","","","",""
"2021051001","","1","0","0","0","0","0","0","0","0","2","0","","02","6","2021","5","40.604505","-79.757377","","11","0","0","0","1","0","0","0","0","","0","0","0","","","1","","3","","40 36:16.219","","0","79 45:26.558","3","0","0","0","2464","0","0","0","N","0","0","0","2","02464","0","","1.0","","1","N","N","Y","1","","1","0","0","","2","","","2","1","1","0","0","0","0","2","0","2","","","","N","","","","","","","","","",""
"2021102329","","1","0","0","0","0","0","0","0","0","1","0","","02","9","2021","4","40.430303","-79.873781","","11","0","0","0","0","0","1","0","0","","0","0","0","","","0","N","0","","40 25:49.090","3","0","79 52:25.611","0","0","0","0","2426","0","0","0","N","0","0","0","4","68B03","0","","1.0","1825.0","9","N","N","N","0","","0","0","3","","0","N","","4","0","0","0","0","0","0","2","0","4","","07","","N","","","","","","","","","",""
"2021066856","","1","0","0","0","0","0","0","0","0","7","0","","02","7","2021","1","40.410194","-80.015906","","11","0","0","0","0","0","0","0","0","","0","0","0","","","0","N","0","","40 24:36.697","","0","80 00:57.260","0","0","0","0","2301","0","0","0","N","0","0","0","1","02301","0","","4.0","","1","N","N","N","0","","0","0","0","","0","N","","1","0","0","0","0","0","0","2","0","1","","03","","N","","","","","","","","","",""
"2021066639","","0","0","0","0","0","0","0","0","0","7","0","","02","7","2021","1","40.335653","-79.946278","","11","0","0","0","0","0","0","0","0","","0","0","0","","","0","Y","0","","40 20:08.350","","7","79 56:46.600","0","0","0","0","2473","0","0","0","N","0","0","0","1","02473","0","","6.0","","1","N","N","N","0","","0","0","1","","0","","","1","0","0","0","0","0","0","2","0","1","","","","N","","","","","","","","","",""
"2021072626","","1","0","0","0","0","0","0","0","0","4","0","","02","7","2021","3","40.30629","-79.885283","","11","0","0","0","0","0","0","1","0","","0","0","0","","","1","","2","","40 18:22.643","","0","79 53:07.017","3","0","0","1","2302","0","0","0","N","0","0","0","2","02302","0","","1.0","","1","N","N","N","0","","1","0","0","","0","","","2","1","0","0","0","0","0","2","0","2","","03","","N","","","","","","","","","",""
"2021102474","","0","0","0","0","0","0","0","0","0","8","0","","02","10","2021","2","40.435645","-79.881939","","11","0","0","0","0","0","0","0","0","","0","1","0","","","1","","1","","40 26:08.322","6","0","79 52:54.980","8","0","0","0","2426","1","0","0","N","1","0","0","2","02426","0","","1.0","718.0","9","N","N","N","0","","0","0","0","","3","Y","","2","1","0","0","0","1","0","2","0","1","","","","N","","","","","","","","","",""
"2021101960","","1","0","0","0","0","0","0","0","0","7","0","","02","8","2021","4","40.65105","-80.094087","","11","0","0","0","1","0","0","0","0","","0","0","0","","","0","N","0","","40 39:03.780","1","0","80 05:38.713","0","0","0","0","2212","0","0","0","N","0","0","0","1","68B03","0","","4.0","2144.0","8","N","N","N","0","","0","0","0","","0","N","","1","0","0","0","0","0","0","2","0","1","","07","","N","","","","","","","","","",""
"2021066575","","2","0","0","0","0","0","0","0","0","2","0","","02","7","2021","1","40.482854","-80.036514","","11","0","0","0","0","0","1","0","0","","0","0","0","","","0","N","1","","40 28:58.274","3","0","80 02:11.450","0","0","0","0","2301","0","0","0","N","0","0","0","2","02301","0","","1.0","1047.0","1","N","N","N","0","","0","0","0","","3","N","","2","0","0","0","0","0","0","2","0","2","","03","","N","","","","","","","","","",""
"2021102709","","1","0","0","0","0","0","0","0","0","7","0","","02","10","2021","1","40.476509","-80.031692","","11","0","0","0","0","0","0","0","0","","0","0","0","","","0","","2","","40 28:35.432","","0","80 01:54.091","0","0","0","0","2301","0","0","0","N","0","0","0","0","02301","0","","5.0","","1","N","N","N","0","","0","0","0","","0","","","1","0","0","0","0","0","0","2","0","1","","03","","N","","","","","","","","","",""
"2021101395","","2","0","0","0","0","0","0","0","0","2","0","","02","10","2021","1","40.558128","-80.023481","","11","0","0","0","0","0","2","0","0","","0","0","0","","","1","","1","","40 33:29.259","2","0","80 01:24.531","8","0","0","0","2108","0","0","0","N","0","0","0","3","02108","0","","1.0","1202.0","9","N","N","N","0","","0","0","0","","2","Y","","2","1","0","0","0","1","0","2","0","2","","","","N","","","","","","","","","",""
"2021091490","","0","0","0","0","0","0","0","0","0","2","1","","02","9","2021","3","40.477167","-80.048211","","11","0","0","0","0","0","0","0","0","","0","1","0","","","1","N","0","","40 28:37.801","4","3","80 02:53.560","8","0","0","0","2301","0","0","0","N","0","0","0","2","02301","0","","1.0","1400.0","1","N","N","N","0","","0","0","1","","0","Y","","2","1","0","0","0","1","0","2","0","2","","03","","N","","","","","","","","","",""
"2021093608","","0","0","0","0","0","0","0","0","0","5","1","","02","10","2021","2","40.494861","-79.890944","","11","0","0","0","0","0","1","0","0","","0","1","0","","","0","N","0","","40 29:41.500","","0","79 53:27.400","0","0","0","0","2432","0","0","0","Y","0","0","0","1","02432","0","","4.0","","1","N","N","N","0","","0","0","1","","0","","","2","0","0","0","0","0","0","2","0","2","","","","N","","","","","","","","","",""
"2021067663","","2","0","1","0","0","0","0","0","0","0","0","","02","7","2021","1","40.514889","-80.003692","","11","0","0","1","0","0","1","0","0","","0","0","0","","","1","N","0","","40 30:53.600","","0","80 00:13.291","2","0","0","0","2116","0","0","0","N","0","0","0","3","02116","0","","1.0","","1","N","N","N","1","","0","1","0","","0","","","3","1","0","0","0","0","1","2","0","3","","","","N","","","","","","","","","",""
"2021067394","","0","0","0","0","0","0","0","0","0","1","0","","02","7","2021","3","40.463638","-79.980633","","11","0","0","0","0","0","0","0","0","","0","0","0","","","0","N","0","","40 27:49.096","","0","79 58:50.280","0","0","0","0","2301","0","0","0","N","0","0","0","4","02301","0","","1.0","","1","N","N","N","0","","0","0","2","","0","","","2","0","0","0","0","0","0","2","0","2","","03","","N","","","","","","","","","",""
"2021068133","","1","0","0","0","0","0","0","0","0","7","0","","02","7","2021","6","40.3662","-79.905988","","11","0","0","0","0","0","0","0","0","","0","0","0","","","0","","2","","40 21:58.319","","0","79 54:21.556","0","0","0","0","2301","0","0","0","N","0","0","0","1","02301","0","","5.0","","1","N","N","N","0","","0","0","0","","0","N","","1","0","0","0","0","0","0","2","0","1","","03","","N","","","","","","","","","",""
"2021061811","","3","0","0","0","0","0","0","0","0","4","0","","02","7","2021","1","40.606007","-79.754564","","11","0","0","0","0","0","2","0","0","","0","0","0","","","2","N","2","","40 36:21.624","7","0","79 45:16.429","3","0","0","0","2464","0","0","0","N","0","0","0","3","02464","0","","1.0","20.0","1","N","N","N","0","","1","0","0","","2","Y","","3","2","1","0","0","1","0","2","0","3","","03","","N","","","","","","","","","",""
"2021099273","","1","0","0","0","0","0","0","0","0","2","0","","02","10","2021","5","40.633352","-80.059546","","11","0","0","0","0","0","1","0","0","","0","0","0","","","3","","1","","40 38:00.067","1","0","80 03:34.364","2","0","0","0","2216","0","0","0","N","0","0","0","3","02505","0","","1.0","2148.0","1","N","N","N","0","","2","1","1","","2","Y","","2","3","1","0","1","0","0","2","0","2","","03","","N","","","","","","","","","",""
"2021067680","","2","0","0","0","0","0","0","0","0","1","0","","02","7","2021","4","40.332769","-79.880245","","11","0","0","0","0","0","1","0","0","","0","0","0","","","0","N","0","","40 19:57.969","4","0","79 52:48.882","9","0","0","0","2455","0","0","0","N","0","0","0","3","02304","0","","1.0","1650.0","1","N","N","Y","0","","0","0","1","","0","Y","","3","0","0","0","0","0","2","2","0","3","","03","","N","","","","","","","","","",""
"2021068659","","1","0","0","0","0","0","0","0","0","5","0","","02","7","2021","1","40.428698","-79.988579","","11","0","0","0","0","0","0","0","0","","0","0","0","","","0","","1","","40 25:43.314","","0","79 59:18.885","0","0","0","0","2301","0","0","0","N","0","0","0","2","02301","0","","4.0","","1","N","N","N","0","","0","0","1","","2","","","2","0","0","0","0","0","0","2","0","2","","03","","N","","","","","","","","","",""
"2021097535","","2","0","0","0","0","0","0","0","0","5","0","","02","10","2021","4","40.541529","-79.799313","","11","0","0","0","0","0","1","0","0","","0","0","0","","","0","N","2","","40 32:29.503","","0","79 47:57.528","0","0","0","0","2418","0","0","0","N","0","0","0","2","02514","0","","1.0","","1","N","N","N","0","","0","0","0","","2","","","2","0","0","0","0","0","0","2","0","2","","","","N","","","","","","","","","",""
"2021102363","","1","0","0","0","0","0","0","0","0","1","0","","02","10","2021","3","40.426677","-79.892734","","11","0","0","0","0","0","0","0","0","","0","0","0","","","0","N","0","","40 25:36.036","","2","79 53:33.843","0","0","0","0","2301","0","0","0","N","0","0","0","2","68B03","0","","1.0","","1","N","N","N","0","","0","0","1","","4","","","2","0","0","0","0","0","0","2","0","2","","","","N","","","","","","","","","",""
"2021068319","","1","0","0","0","0","0","0","0","0","1","0","","02","7","2021","6","40.408954","-80.032314","","11","0","0","0","0","0","0","0","1","","0","0","0","","","0","N","0","","40 24:32.233","","0","80 01:56.332","0","0","0","0","2301","0","0","0","N","0","0","0","6","02301","0","","1.0","","1","N","N","Y","0","","0","0","2","","0","","","3","0","0","0","0","0","0","2","0","3","","","","Y","","","","","","","","","",""
"2021102096","","1","0","0","0","0","0","0","0","0","4","0","","02","10","2021","2","40.54","-79.990278","","11","0","0","0","0","0","1","1","0","","0","0","0","","","0","N","0","","40 32:24.000","5","0","79 59:25.000","0","0","0","0","2116","0","0","0","N","0","0","0","2","02116","0","","1.0","1848.0","1","N","N","N","1","","0","0","0","","0","Y","","2","0","0","0","0","0","0","2","0","2","","03","","N","","","","","","","","","",""
"2021100945","","0","0","0","0","0","0","1","0","0","1","1","","02","10","2021","6","40.433813","-79.989275","","11","0","0","0","0","0","1","0","0","","0","0","0","","","0","N","0","","40 26:01.727","","0","79 59:21.390","0","0","0","0","2301","0","0","0","N","0","0","0","2","02503","0","","1.0","","8","N","N","N","0","","0","0","1","","0","","","2","0","0","0","0","0","0","2","0","2","","07","","N","","","","","","","","","",""
"2021102330","","0","0","0","0","0","0","0","0","0","4","1","","02","9","2021","5","40.429039","-79.944708","","11","0","0","0","0","0","1","0","0","","0","1","0","","","1","N","0","","40 25:44.540","4","0","79 56:40.950","8","0","0","0","2301","0","0","0","N","0","0","0","1","68B03","0","","1.0","125.0","9","N","N","Y","0","","0","0","1","","8","N","","2","1","0","0","0","1","0","2","0","2","","","","N","","","","","","","","","",""
"2021067779","","2","0","0","0","0","0","0","0","0","2","0","","02","7","2021","3","40.347801","-79.951656","","11","0","0","0","0","0","1","0","0","","0","0","0","","","1","N","1","","40 20:52.082","","0","79 57:05.961","3","0","0","0","2473","0","0","0","N","0","0","0","2","02473","0","","1.0","","1","N","N","N","0","","1","0","0","","2","","","2","1","0","0","0","0","0","2","0","2","","","","N","","","","","","","","","",""
"2021068896","","1","0","0","0","0","0","0","0","0","7","0","","02","7","2021","2","40.351361","-79.869111","","11","0","0","0","0","0","0","0","0","","0","0","0","","","0","N","0","","40 21:04.900","2","0","79 52:08.800","0","0","0","0","2304","0","0","0","N","0","0","0","1","02304","0","","2.0","250.0","1","N","N","N","0","","0","0","0","","3","N","","1","0","0","0","0","0","0","2","0","1","","03","","N","","","","","","","","","",""
"2021101214","","2","0","0","0","0","0","0","0","0","1","0","","02","10","2021","5","40.429401","-79.988619","","11","0","0","0","0","0","0","0","0","","0","0","0","","","6","N","0","","40 25:45.843","2","0","79 59:19.030","3","0","0","0","2301","0","0","0","N","0","0","0","6","02301","0","","1.0","2030.0","1","N","N","N","0","","6","0","0","","2","Y","","2","6","0","0","0","0","0","2","0","2","","03","","N","","","","","","","","","",""
"2021070317","","0","0","0","0","0","0","0","0","0","1","0","","02","7","2021","4","40.519683","-80.170033","","11","0","0","0","0","0","1","0","0","","0","0","0","","","3","Y","0","","40 31:10.857","4","0","80 10:12.119","3","0","0","0","2420","0","0","0","N","0","0","0","3","02420","1","","1.0","1846.0","1","N","N","N","0","","2","0","2","","2","N","","2","3","0","0","0","0","0","2","0","2","","","","N","","","","","","","","","",""
"2021101298","","1","0","0","0","0","0","0","0","0","1","0","","02","10","2021","7","40.363823","-79.984073","","11","0","0","0","0","0","0","0","0","","0","0","0","","","5","","1","","40 21:49.761","5","0","79 59:02.662","3","0","0","0","2413","0","0","0","N","0","0","0","6","02413","0","","1.0","2221.0","1","N","N","Y","2","","3","0","0","","2","N","","3","5","0","0","0","2","1","2","0","3","","03","","N","","","","","","","","","",""
"2021103657","","1","0","0","0","0","0","0","0","0","98","0","","02","10","2021","6","40.667819","-80.02022","","11","0","0","0","0","0","0","0","0","","0","0","0","","","0","N","0","","40 40:04.150","","0","80 01:12.792","0","0","0","0","2216","0","0","0","N","0","0","0","1","02505","0","","1.0","","9","N","N","N","0","","0","0","0","","0","","","1","0","0","0","0","0","0","2","0","1","","07","","N","","","","","","","","","",""
"2021101251","","1","0","0","0","0","0","0","0","0","8","0","","02","10","2021","7","40.431036","-79.927501","","11","0","0","0","1","0","0","0","0","","0","0","0","","","1","N","1","","40 25:51.729","","0","79 55:39.003","3","0","0","0","2301","1","0","0","N","1","0","0","2","02301","0","","1.0","","1","N","N","N","0","","1","0","0","","2","","","2","1","0","0","0","0","0","2","0","1","","03","","N","","","","","","","","","",""
"2021103348","","1","0","0","0","0","0","0","0","0","98","0","","02","10","2021","4","40.610569","-79.950863","","11","0","0","0","0","0","0","0","0","","0","0","0","","","0","N","0","","40 36:38.047","","0","79 57:03.106","0","0","0","0","2207","0","0","0","N","0","0","0","1","68T02","0","","1.0","","1","N","N","N","0","","0","0","0","","0","","","1","0","0","0","0","0","0","2","0","1","","03","","N","","","","","","","","","",""
"2021068949","","1","0","0","0","0","0","0","0","0","4","0","","02","7","2021","7","40.449135","-80.119361","","11","0","0","0","0","0","0","0","0","","0","0","0","","","0","N","1","","40 26:56.886","","0","80 07:09.698","0","0","0","0","2115","0","0","0","N","0","0","0","3","02115","0","","1.0","","1","N","N","N","1","","0","0","0","","3","","","2","0","0","0","0","0","0","2","0","2","","03","","N","","","","","","","","","",""
"2021068434","","3","0","0","0","0","0","0","0","0","4","0","","02","7","2021","5","40.388381","-79.984892","","11","0","0","0","0","0","0","0","0","","0","0","0","","","0","N","0","","40 23:18.173","","0","79 59:05.612","0","0","0","0","2301","0","0","0","N","0","0","0","2","02301","0","","1.0","","1","N","N","Y","0","","0","0","0","","0","","","3","0","0","0","0","0","0","2","0","3","","","","N","","","","","","","","","",""
"2021068266","","1","0","0","1","0","0","0","0","0","8","0","","02","7","2021","6","40.438034","-79.913079","","11","0","0","0","0","0","0","0","0","","0","0","0","","","1","","1","","40 26:16.922","","0","79 54:47.084","3","0","0","0","2301","1","0","0","N","0","0","0","2","02301","0","","1.0","","1","N","N","N","0","","1","0","0","","2","","","2","1","0","0","0","0","0","2","0","1","","03","","N","","","","","","","","","",""
"2021093261","","1","0","0","0","0","0","1","0","0","1","1","","02","9","2021","4","40.433729","-79.922963","","11","0","0","0","0","0","1","0","0","","0","0","0","","","1","","1","","40 26:01.424","","0","79 55:22.666","3","0","0","0","2301","0","0","0","N","0","0","0","3","02503","0","","1.0","","1","N","N","N","0","","1","0","0","","2","N","","2","1","0","0","0","0","0","2","0","2","","","","N","","","","","","","","","",""
"2021101843","","1","0","0","0","0","0","0","0","0","4","0","","02","10","2021","2","40.45054","-80.024327","","11","0","0","1","0","0","0","0","0","","0","0","0","","","0","N","1","","40 27:01.944","","3","80 01:27.578","0","0","0","0","2301","0","0","0","N","0","0","0","1","02301","0","","1.0","","9","N","N","N","0","","0","0","0","","2","","","1","0","0","0","0","0","0","2","0","1","","","","N","","","","","","","","","",""
"2021069669","","1","0","0","0","0","0","0","0","0","7","0","","02","7","2021","5","40.403287","-79.890123","","11","0","0","0","0","0","0","0","0","","0","0","0","","","0","N","1","","40 24:11.833","","0","79 53:24.441","0","0","0","0","2448","0","0","0","N","0","0","0","1","02448","0","","4.0","","1","N","N","N","0","","0","0","0","","0","","","1","0","0","0","0","0","0","2","0","1","","98","","N","","","","","","","","","",""
"2021102352","","1","0","0","0","0","0","0","0","0","1","0","","02","10","2021","5","40.441269","-79.858452","","11","0","0","0","0","0","2","0","0","","0","0","0","","","0","N","0","","40 26:28.567","4","0","79 51:30.427","0","0","0","0","2419","0","0","0","N","0","0","0","3","68B03","0","","1.0","830.0","1","N","N","N","0","","0","0","2","","0","N","","3","0","0","0","0","0","0","2","0","3","","03","","N","","","","","","","","","",""
"2021092490","","2","0","0","0","0","0","0","0","0","5","1","","02","9","2021","5","40.478131","-80.042396","","11","0","0","0","0","0","0","0","0","","0","1","0","","","1","N","0","","40 28:41.272","1","0","80 02:32.627","4","0","0","0","2301","0","0","0","N","0","0","0","3","02301","1","","1.0","1616.0","1","N","N","N","0","","0","0","0","","2","N","","3","1","0","0","0","0","0","2","0","3","","03","","N","","","","","","","","","",""