"CRN","ARRIVAL_TM","AUTOMOBILE_COUNT","BELTED_DEATH_COUNT","BELTED_SUSP_SERIOUS_INJ_COUNT","BICYCLE_COUNT","BICYCLE_DEATH_COUNT","BICYCLE_SUSP_SERIOUS_INJ_COUNT","BUS_COUNT","CHLDPAS_DEATH_COUNT","CHLDPAS_SUSP_SERIOUS_INJ_COUNT","COLLISION_TYPE","COMM_VEH_COUNT","CONS_ZONE_SPD_LIM","COUNTY","CRASH_MONTH","CRASH_YEAR","DAY_OF_WEEK","DEC_LATITUDE","DEC_LONGITUDE","DISPATCH_TM","DISTRICT","DRIVER_COUNT_16YR","DRIVER_COUNT_17YR","DRIVER_COUNT_18YR","DRIVER_COUNT_19YR","DRIVER_COUNT_20YR","DRIVER_COUNT_50_64YR","DRIVER_COUNT_65_74YR","DRIVER_COUNT_75PLUS","EST_HRS_CLOSED","FATAL_COUNT","HEAVY_TRUCK_COUNT","HORSE_BUGGY_COUNT","HOUR_OF_DAY","ILLUMINATION","INJURY_COUNT","INTERSECTION_RELATED","INTERSECT_TYPE","LANE_CLOSED","LATITUDE","LN_CLOSE_DIR","LOCATION_TYPE","LONGITUDE","MAX_SEVERITY_LEVEL","MCYCLE_DEATH_COUNT","MCYCLE_SUSP_SERIOUS_INJ_COUNT","MOTORCYCLE_COUNT","MUNICIPALITY","NONMOTR_COUNT","NONMOTR_DEATH_COUNT","NONMOTR_SUSP_SERIOUS_INJ_COUNT","NTFY_HIWY_MAINT","PED_COUNT","PED_DEATH_COUNT","PED_SUSP_SERIOUS_INJ_COUNT","PERSON_COUNT","POLICE_AGCY","POSSIBLE_INJ_COUNT","RDWY_SURF_TYPE_CD","RELATION_TO_ROAD","ROADWAY_CLEARED","ROAD_CONDITION","SCH_BUS_IND","SCH_ZONE_IND","SECONDARY_CRASH","SMALL_TRUCK_COUNT","SPEC_JURIS_CD","SUSP_MINOR_INJ_COUNT","SUSP_SERIOUS_INJ_COUNT","SUV_COUNT","TCD_FUNC_CD","TCD_TYPE","TFC_DETOUR_IND","TIME_OF_DAY","TOTAL_UNITS","TOT_INJ_COUNT","UNBELTED_OCC_COUNT","UNB_DEATH_COUNT","UNB_SUSP_SERIOUS_INJ_COUNT","UNK_INJ_DEG_COUNT","UNK_INJ_PER_COUNT","URBAN_RURAL","VAN_COUNT","VEHICLE_COUNT","WEATHER1","WEATHER2","WORKERS_PRES","WORK_ZONE_IND","WORK_ZONE_LOC","WORK_ZONE_TYPE","WZ_CLOSE_DETOUR","WZ_FLAGGER","WZ_LAW_OFFCR_IND","WZ_LN_CLOSURE","WZ_MOVING","WZ_OTHER","WZ_SHLDER_MDN","WZ_WORKERS_INJ_KILLED"
"2021081123","","0","0","0","0","0","0","0","0","0","5","0","","02","8","2021","7","40.375303","-79.983291","","11","0","0","0","0","0","0","2","0","","0","0","0","","","0","N","1","","40 22:31.090","","0","79 58:59.847","0","0","0","0","2413","0","0","0","N","0","0","0","3","02413","0","","1.0","","1","N","N","N","0","","0","0","2","","2","","","2","0","0","0","0","0","0","2","0","2","","","","N","","","","","","","","","",""
"2021088200","","0","0","0","0","0","0","0","0","0","1","1","45","02","8","2021","3","40.491906","-79.892388","","11","0","0","0","0","0","1","1","0","","0","1","0","","","3","N","0","","40 29:30.863","2","0","79 53:32.598","4","0","0","0","2432","0","0","0","N","0","0","0","3","68D02","1","","1.0","1215.0","1","N","N","N","0","","0","0","2","","0","N","","3","3","0","0","0","2","0","2","0","3","","","Y","Y","2","1","N","N","N","N","N","Y","N","N"
"2021069424","","1","0","0","0","0","0","0","0","0","1","0","","02","7","2021","2","40.368075","-80.049253","","11","0","0","0","0","0","1","0","0","","0","0","0","","","0","","2","","40 22:05.071","","0","80 02:57.311","0","0","0","0","2109","0","0","0","N","0","0","0","2","02109","0","","1.0","","1","N","N","N","0","","0","0","1","","0","","","2","0","0","0","0","0","0","2","0","2","","03","","N","","","","","","","","","",""
"2021093494","","1","0","0","0","0","0","0","0","0","7","0","","02","10","2021","1","40.517176","-80.150976","","11","0","0","0","0","0","0","0","0","","0","0","0","","","0","N","0","","40 31:01.834","","0","80 09:03.514","0","0","0","0","2110","0","0","0","N","0","0","0","1","02215","0","","5.0","","1","N","N","N","0","","0","0","0","","0","","","1","0","0","0","0","0","0","2","0","1","","","","N","","","","","","","","","",""
"2021061475","","1","0","0","0","0","0","0","0","0","0","0","","02","7","2021","7","40.426983","-80.003089","","11","0","0","0","0","0","0","0","0","","0","0","0","","","0","N","0","","40 25:37.140","1","0","80 00:11.120","0","0","0","0","2301","0","0","0","N","0","0","0","1","02301","0","","6.0","40.0","1","N","N","N","0","","0","0","0","","0","Y","","1","0","0","0","0","0","0","2","0","1","","03","","N","","","","","","","","","",""
"2021077053","","1","0","0","0","0","0","0","0","0","4","0","","02","7","2021","6","40.345673","-80.032906","","11","0","0","0","0","0","0","0","0","","0","0","0","","","0","N","0","","40 20:44.421","","0","80 01:58.461","9","0","0","0","2407","0","0","0","N","0","0","0","1","02407","0","","4.0","","1","N","N","N","0","","0","0","1","","0","","","2","0","0","0","0","0","1","2","0","2","","03","","N","","","","","","","","","",""
"2021100488","","0","0","1","0","0","0","0","0","0","4","0","","02","10","2021","5","40.629586","-79.717599","","11","0","0","0","0","0","0","1","0","","0","0","0","","","1","","1","","40 37:46.510","1","0","79 43:03.356","2","0","0","0","2106","0","0","0","N","0","0","0","3","02106","0","","1.0","1649.0","9","N","N","N","1","","0","1","1","","2","N","","2","1","0","0","0","0","0","2","0","2","","","","N","","","","","","","","","",""
"2021097951","","1","0","0","0","0","0","0","0","0","4","0","","02","10","2021","4","40.340585","-79.856971","","11","0","0","0","0","0","0","0","0","","0","0","0","","","1","","2","","40 20:26.105","2","0","79 51:25.095","3","0","0","0","2304","0","0","0","N","0","0","0","3","02304","0","","1.0","1635.0","1","N","N","N","1","","1","0","0","","3","N","","2","1","0","0","0","0","0","2","0","2","","03","","N","","","","","","","","","",""
"2021101385","","1","0","0","0","0","0","0","0","0","7","0","","02","10","2021","6","40.674772","-80.036089","","11","0","0","0","0","0","0","0","0","","0","0","0","","","1","N","0","","40 40:29.178","6","0","80 02:09.920","3","0","0","0","2216","0","0","0","N","0","0","0","1","02505","0","","4.0","1250.0","9","N","N","N","0","","1","0","0","","0","Y","","1","1","0","0","0","0","0","2","0","1","","07","","N","","","","","","","","","",""
"2021103344","","0","0","0","0","0","0","0","0","0","98","0","","02","10","2021","3","40.41062","-80.070722","","11","0","0","0","0","0","1","0","0","","0","0","0","","","0","N","0","","40 24:38.232","","0","80 04:14.599","0","0","0","0","2117","0","0","0","N","0","0","0","1","68B03","0","","1.0","","1","N","N","N","0","","0","0","1","","0","","","1","0","0","0","0","0","0","2","0","1","","","","N","","","","","","","","","",""
"2021074010","","1","0","0","0","0","0","0","0","0","1","0","","02","7","2021","5","40.425571","-79.906676","","11","0","0","0","0","0","1","0","0","","0","0","0","","","1","N","0","","40 25:32.057","","0","79 54:24.032","2","0","1","1","2301","0","0","0","N","0","0","0","2","68B03","0","","1.0","","1","N","N","N","0","","0","1","0","","0","","","2","1","0","0","0","0","0","2","0","2","","03","","N","","","","","","","","","",""
"2021093524","","1","0","0","0","0","0","0","0","0","1","0","","02","9","2021","3","40.493566","-79.915281","","11","0","0","0","0","0","1","1","0","","0","0","0","","","1","N","0","","40 29:36.836","7","0","79 54:55.012","3","0","0","0","2461","0","0","0","N","0","0","0","4","02461","0","","1.0","35.0","1","N","N","N","1","","1","0","1","","7","N","","3","1","0","0","0","0","0","2","0","3","","","","N","","","","","","","","","",""
"2021076464","","2","0","0","0","0","0","0","0","0","5","1","","02","8","2021","5","40.542332","-79.838996","","11","0","0","0","0","0","1","0","0","","0","1","0","","","0","N","0","","40 32:32.394","","0","79 50:20.386","0","0","0","0","2208","0","0","0","N","0","0","0","4","68D02","0","","1.0","","1","N","N","Y","0","","0","0","0","","0","","","3","0","0","0","0","0","0","2","0","3","","","","N","","","","","","","","","",""
"2021066195","","1","0","0","0","0","0","0","0","0","7","0","","02","7","2021","4","40.404503","-80.097926","","11","0","0","0","0","0","0","0","0","","0","0","0","","","0","Y","0","","40 24:16.211","4","0","80 05:52.535","0","0","0","0","2415","0","0","0","N","0","0","0","1","02415","0","","2.0","2330.0","1","N","N","N","0","","0","0","0","","0","N","","1","0","0","0","0","0","0","2","0","1","","03","","N","","","","","","","","","",""
"2021095083","","1","0","0","0","0","0","0","0","0","7","0","","02","9","2021","6","40.44504","-79.844831","","11","0","0","0","0","0","0","0","0","","0","0","0","","","0","N","0","","40 26:42.145","","0","79 50:41.392","0","0","0","0","2419","0","0","0","Y","0","0","0","1","68B03","0","","4.0","","1","N","N","N","0","","0","0","0","","0","","","1","0","1","0","0","0","0","2","0","1","","03","","N","","","","","","","","","",""
"2021099195","","0","0","0","0","0","0","0","0","0","7","0","","02","10","2021","3","40.491288","-80.125725","","11","0","0","0","0","0","0","0","0","","0","0","0","","","0","N","0","","40 29:28.637","","0","80 07:32.611","0","0","0","0","2126","0","0","0","Y","0","0","0","1","68B03","0","","2.0","","1","N","N","N","0","","0","0","1","","0","","","1","0","0","0","0","0","0","2","0","1","","","","N","","","","","","","","","",""
"2021069411","","0","0","0","0","0","0","0","0","0","4","0","","02","7","2021","2","40.356561","-80.119165","","11","0","0","0","0","1","1","0","0","","0","0","0","","","0","","2","","40 21:23.620","4","2","80 07:08.995","0","0","0","0","2119","0","0","0","N","0","0","0","2","02102","0","","1.0","2307.0","1","N","N","N","1","","0","0","1","","2","N","","2","0","0","0","0","0","0","2","0","2","","03","","N","","","","","","","","","",""
"2021071145","","1","0","0","0","0","0","0","0","0","4","0","","02","7","2021","2","40.437611","-79.770056","","11","0","1","0","0","0","0","0","0","","0","0","0","","","0","Y","0","","40 26:15.400","2","7","79 46:12.200","0","0","0","0","2446","0","0","0","N","0","0","0","2","02446","0","","1.0","1718.0","1","N","N","N","0","","0","0","1","","3","N","","2","0","0","0","0","0","0","2","0","2","","03","","N","","","","","","","","","",""
"2021100817","","1","0","0","0","0","0","0","0","0","4","1","","02","10","2021","6","40.455509","-79.966469","","11","0","0","0","0","0","0","0","1","","0","1","0","","","0","N","5","","40 27:19.831","4","0","79 57:59.289","0","0","0","0","2301","0","0","0","N","0","0","0","2","02301","0","","1.0","1430.0","9","N","N","N","0","","0","0","0","","2","Y","","2","0","0","0","0","0","0","2","0","2","","","","N","","","","","","","","","",""
"2021101145","","0","0","0","0","0","0","0","0","0","98","0","","02","10","2021","6","40.513625","-80.278488","","11","0","0","0","0","0","1","0","0","","0","0","0","","","0","N","0","","40 30:49.049","","0","80 16:42.558","0","0","0","0","2203","0","0","0","N","0","0","0","1","68B03","0","","1.0","","1","N","N","N","0","","0","0","1","","0","","","1","0","0","0","0","0","0","1","0","1","","","","N","","","","","","","","","",""
"2021094158","","1","0","0","0","0","0","0","0","0","1","0","","02","10","2021","3","40.379128","-80.053878","","11","0","0","0","0","0","0","1","0","","0","0","0","","","0","N","0","","40 22:44.860","","0","80 03:13.960","0","0","0","0","2109","0","0","0","N","0","0","0","1","02109","0","","6.0","","1","N","N","N","0","","0","0","1","","0","","","2","0","0","0","0","0","0","2","0","2","","","","N","","","","","","","","","",""
"2021061701","","1","0","0","0","0","0","0","0","0","7","0","","02","7","2021","7","40.369585","-79.874763","","11","0","0","0","0","0","0","0","0","","0","0","0","","","0","N","9","","40 22:10.506","2","6","79 52:29.148","0","0","0","0","2473","0","0","0","N","0","0","0","2","02473","0","","5.0","345.0","1","N","N","N","0","","0","0","0","","6","N","","1","0","0","0","0","0","0","2","0","1","","","","N","","","","","","","","","",""
"2021100563","","2","0","0","0","0","0","0","0","0","5","0","","02","10","2021","5","40.526014","-79.84271","","11","0","0","0","0","0","0","0","0","","0","0","0","","","0","N","1","","40 31:33.650","4","0","79 50:33.755","0","0","0","0","2451","0","0","0","N","0","0","0","2","02451","0","","1.0","2046.0","9","N","N","N","0","","0","0","0","","0","Y","","2","0","0","0","0","0","0","2","0","2","","","","N","","","","","","","","","",""
"2021101117","","2","0","0","0","0","0","0","0","0","4","0","","02","10","2021","7","40.667361","-80.096376","","11","0","0","0","0","0","0","0","0","","0","0","0","","","0","N","2","","40 40:02.499","","0","80 05:46.955","0","0","0","0","2212","0","0","0","N","0","0","0","3","02505","0","","1.0","","9","N","N","N","0","","0","0","0","","2","","","2","0","0","0","0","0","0","2","0","2","","","","N","","","","","","","","","",""
"2021029303","","1","0","0","0","0","0","0","0","0","7","0","","02","3","2021","4","40.609259","-79.756707","","11","0","0","0","0","0","0","0","0","","0","0","0","","","0","N","0","","40 36:33.331","","0","79 45:24.146","0","0","0","0","2464","0","0","0","Y","0","0","0","1","02464","0","","2.0","","1","N","N","N","0","","0","0","0","","0","N","","1","0","0","0","0","0","0","2","0","1","","03","","N","","","","","","","","","",""
"2021091166","","0","0","0","0","0","0","0","0","0","7","0","","02","7","2021","7","40.399525","-79.83728","","11","0","0","0","0","1","0","0","0","","0","0","0","","","0","N","0","","40 23:58.290","4","0","79 50:14.208","0","0","0","0","2425","0","0","0","Y","0","0","0","1","68B03","0","","5.0","1300.0","1","N","N","N","0","","0","0","1","","0","N","","1","0","0","0","0","0","0","2","0","1","","03","","N","","","","","","","","","",""
"2021077825","","1","0","0","0","0","0","0","0","0","2","1","","02","8","2021","5","40.401964","-80.000683","","11","0","0","0","0","0","0","0","0","","0","1","0","","","1","","1","","40 24:07.069","2","0","80 00:02.460","3","0","0","0","2301","0","0","0","Y","0","0","0","2","02301","0","","1.0","730.0","1","N","N","N","1","","1","0","1","","2","N","","4","1","0","0","0","0","0","2","0","4","","03","","N","","","","","","","","","",""
"2021094288","","1","0","0","0","0","0","0","0","0","7","0","","02","10","2021","3","40.452365","-79.909936","","11","0","0","0","0","0","0","0","0","","0","0","0","","","0","N","0","","40 27:08.514","","0","79 54:35.771","0","0","0","0","2301","0","0","0","N","0","0","0","1","02301","0","","2.0","","1","N","N","N","0","","0","0","0","","0","","","1","0","0","0","0","0","0","2","0","1","","98","","N","","","","","","","","","",""
"2021082580","","1","0","0","0","0","0","0","0","0","5","0","","02","9","2021","5","40.466167","-79.951361","","11","0","0","0","0","0","0","0","0","","0","0","0","","","0","N","0","","40 27:58.200","4","0","79 57:04.900","0","0","0","0","2301","0","0","0","N","0","0","0","1","02301","0","","1.0","730.0","1","N","N","N","1","","0","0","1","","0","Y","","3","0","0","0","0","0","0","2","0","3","","03","","N","","","","","","","","","",""
"2021061705","","2","0","0","0","0","0","0","0","0","4","0","","02","7","2021","7","40.455361","-79.977861","","11","0","0","0","0","0","0","0","0","","0","0","0","","","0","N","0","","40 27:19.300","4","0","79 58:40.300","0","0","0","0","2301","0","0","0","N","0","0","0","1","02301","0","","1.0","30.0","1","N","N","Y","0","","0","0","2","","0","N","","4","0","0","0","0","0","0","2","0","4","","03","","N","","","","","","","","","",""
"2021066524","","1","0","0","0","0","0","0","0","0","1","0","","02","7","2021","1","40.457378","-79.998981","","11","0","0","0","0","0","1","0","0","","0","0","0","","","2","N","1","","40 27:26.560","","0","79 59:56.332","4","0","0","0","2301","0","0","0","N","0","0","0","9","02301","2","","1.0","","1","N","N","Y","0","","0","0","3","","2","","","4","2","0","0","0","0","0","2","0","4","","","","N","","","","","","","","","",""
"2021065195","","1","0","0","0","0","0","0","0","0","7","0","","02","7","2021","4","40.485183","-79.856869","","11","0","0","0","0","0","0","0","0","","0","0","0","","","1","N","2","","40 29:06.657","","0","79 51:24.730","2","0","0","0","2113","0","0","0","N","0","0","0","3","02113","0","","5.0","","1","N","N","N","0","","0","1","1","","0","","","2","1","0","0","0","0","1","2","0","2","","03","","N","","","","","","","","","",""
"2021087478","","0","0","0","0","0","0","0","0","0","4","1","","02","9","2021","5","40.538676","-79.830456","","11","0","0","0","0","0","0","0","0","","0","1","0","","","1","","2","","40 32:19.234","","0","79 49:49.643","8","0","0","0","2208","0","0","0","N","0","0","0","3","02208","0","","1.0","","1","N","N","N","0","","0","0","1","","2","","","2","1","0","0","0","1","0","2","0","2","","03","","N","","","","","","","","","",""
"2021099117","","3","0","0","0","0","0","0","0","0","4","0","","02","10","2021","2","40.444069","-79.919233","","11","0","0","0","0","0","2","0","0","","0","0","0","","","2","N","1","","40 26:38.650","4","0","79 55:09.238","3","0","0","0","2301","0","0","0","N","0","0","0","5","02301","0","","1.0","1615.0","1","N","N","Y","0","","2","0","0","","3","N","","4","2","0","0","0","0","0","2","1","4","","03","","N","","","","","","","","","",""
"2021092766","","2","0","0","0","0","0","0","0","0","4","0","","02","9","2021","2","40.452022","-80.134579","","11","0","0","0","0","0","0","0","0","","0","0","0","","","1","N","0","","40 27:07.278","","7","80 08:04.486","3","0","0","0","2115","0","0","0","N","0","0","0","4","02115","0","","1.0","","1","N","N","N","0","","1","0","0","","2","","","2","1","0","0","0","0","0","2","0","2","","","","N","","","","","","","","","",""
"2021068551","","0","0","0","0","0","0","0","0","0","0","0","","02","7","2021","3","40.652702","-79.706504","","11","1","0","0","0","0","0","0","0","","0","0","0","","","1","","3","","40 39:09.727","","0","79 42:23.414","3","0","0","0","2106","0","0","0","N","0","0","0","2","02501","0","","2.0","","1","N","N","N","0","","1","0","1","","0","","","1","1","0","0","0","0","0","1","0","1","","03","","N","","","","","","","","","",""
"2021102418","","0","0","0","0","0","0","0","0","0","98","0","","02","10","2021","2","40.615693","-80.095689","","11","0","0","0","0","0","1","0","0","","0","0","0","","","0","N","0","","40 36:56.493","","0","80 05:44.481","0","0","0","0","2481","0","0","0","N","0","0","0","1","68B03","0","","1.0","","1","N","N","N","0","","0","0","1","","0","","","1","0","0","0","0","0","0","2","0","1","","","","N","","","","","","","","","",""
"2021068954","","0","0","0","0","0","0","0","0","0","7","0","","02","7","2021","2","40.335519","-79.947168","","11","0","0","0","0","0","0","1","0","","0","0","0","","","1","N","0","","40 20:07.867","","0","79 56:49.805","8","0","0","0","2454","0","0","0","N","0","0","0","1","02454","0","","5.0","","1","N","N","N","1","","0","0","0","","0","","","1","1","0","0","0","1","0","2","0","1","","","","N","","","","","","","","","",""
"2021097350","","2","0","0","0","0","0","0","0","0","1","0","","02","10","2021","3","40.400115","-80.082763","","11","0","0","0","0","0","0","1","1","","0","0","0","","","0","N","0","","40 24:00.414","","0","80 04:57.945","0","0","0","0","2415","0","0","0","N","0","0","0","4","02415","0","","1.0","","1","N","N","N","0","","0","0","1","","0","","","3","0","0","0","0","0","0","2","0","3","","03","","N","","","","","","","","","",""
"2021098433","","2","0","0","0","0","0","0","0","0","6","0","","02","10","2021","7","40.442831","-80.042428","","11","0","0","0","0","0","0","0","0","","0","0","0","","","2","","2","","40 26:34.191","4","0","80 02:32.740","3","0","0","0","2301","0","0","0","Y","0","0","0","3","02301","0","","1.0","1236.0","9","N","N","N","0","","2","0","0","","2","N","","2","2","1","0","0","0","0","2","0","2","","","","N","","","","","","","","","",""
"2021100406","","1","0","0","0","0","0","0","0","0","4","0","","02","7","2021","3","40.657444","-80.091834","","11","0","0","0","0","0","1","0","0","","0","0","0","","","0","N","0","","40 39:26.798","","0","80 05:30.601","0","0","0","0","2212","0","0","0","N","0","0","0","2","68B03","0","","1.0","","1","N","N","N","1","","0","0","0","","0","","","2","0","0","0","0","0","0","2","0","2","","03","","N","","","","","","","","","",""
"2021101956","","2","0","0","0","0","0","0","0","0","1","0","","02","10","2021","2","40.342538","-79.964611","","11","0","0","0","0","0","0","0","0","","0","0","0","","","0","","1","","40 20:33.135","3","0","79 57:52.599","0","0","0","0","2454","0","0","0","N","0","0","0","2","02454","0","","1.0","1812.0","1","N","N","N","0","","0","0","0","","0","Y","","2","0","0","0","0","0","0","2","0","2","","","","N","","","","","","","","","",""
"2021075180","","0","0","0","0","0","0","0","0","0","7","0","","02","7","2021","2","40.443972","-79.791772","","11","0","0","0","0","0","1","0","0","","0","0","0","","","0","N","0","","40 26:38.300","6","0","79 47:30.380","0","0","0","0","2446","0","0","0","N","0","0","0","1","02446","0","","5.0","2130.0","1","N","N","N","0","","0","0","0","","0","Y","","1","0","0","0","0","0","0","2","1","1","","03","","N","","","","","","","","","",""
"2021061492","","0","0","0","0","0","0","0","0","0","7","0","","02","7","2021","7","40.413994","-79.845732","","11","0","0","0","0","0","0","0","0","","0","0","0","","","0","","2","","40 24:50.377","","0","79 50:44.636","0","0","0","0","2431","0","0","0","N","0","0","0","1","02431","0","","3.0","","1","N","N","N","0","","0","0","1","","0","","","1","0","0","0","0","0","0","2","0","1","","03","","N","","","","","","","","","",""
"2021067096","","1","0","0","0","0","0","0","0","0","1","0","","02","7","2021","2","40.487291","-79.895596","","11","0","0","0","0","0","0","0","0","","0","0","0","","","1","N","2","","40 29:14.249","","0","79 53:44.144","3","0","0","0","2301","0","0","0","N","0","0","0","3","02301","0","","1.0","","1","N","N","N","0","","1","0","1","","0","N","","2","1","0","0","0","0","2","2","0","2","","03","","N","","","","","","","","","",""
"2021073918","","2","0","0","0","0","0","0","0","0","1","0","","02","8","2021","4","40.407018","-79.910893","","11","0","0","0","0","0","0","0","0","","0","0","0","","","1","","1","","40 24:25.266","","0","79 54:39.216","8","0","0","0","2438","0","0","0","N","0","0","0","2","02438","0","","1.0","","1","N","N","N","0","","0","0","0","","2","","","2","1","0","0","0","1","0","2","0","2","","03","","N","","","","","","","","","",""
"2021094049","","2","0","0","0","0","0","0","0","0","1","0","","02","10","2021","3","40.319794","-79.941562","","11","0","0","0","0","0","1","1","0","","0","0","0","","","1","N","0","","40 19:11.257","1","0","79 56:29.622","8","0","0","0","2454","0","0","0","N","0","0","0","3","02454","0","","1.0","1020.0","1","N","N","N","0","","0","0","0","","0","Y","","2","1","0","0","0","1","0","2","0","2","","","","N","","","","","","","","","",""
"2021100652","","2","0","0","0","0","0","0","0","0","1","0","","02","10","2021","5","40.489147","-80.0798","","11","0","0","0","0","0","0","0","0","","0","0","0","","","0","","1","","40 29:20.928","","0","80 04:47.279","0","0","0","0","2122","0","0","0","N","0","0","0","2","02122","0","","1.0","","1","N","N","N","0","","0","0","0","","4","","","2","0","0","0","0","0","0","2","0","2","","","","N","","","","","","","","","",""
"2021097638","","2","0","0","0","0","0","0","0","0","1","0","","02","10","2021","5","40.455671","-80.002467","","11","0","0","0","0","0","0","1","0","","0","0","0","","","0","N","2","","40 27:20.414","","0","80 00:08.880","0","0","0","0","2301","0","0","0","N","0","0","0","2","02301","0","","1.0","","1","N","N","N","0","","0","0","0","","0","","","2","0","0","0","0","0","0","2","0","2","","03","","N","","","","","","","","","",""
"2021091159","","2","0","0","0","0","0","0","0","0","4","0","","02","9","2021","2","40.454552","-80.231644","","11","0","0","0","0","0","0","0","0","","0","0","0","","","2","","2","","40 27:16.388","6","0","80 13:53.918","3","0","0","0","2214","0","0","0","N","0","0","0","3","02214","0","","1.0","1800.0","1","N","N","N","0","","2","0","0","","3","N","","2","2","0","0","0","0","0","2","0","2","","","","N","","","","","","","","","",""
"2021097665","","0","0","0","0","0","0","0","0","0","8","1","","02","10","2021","4","40.410765","-80.081526","","11","0","0","0","0","0","0","0","0","","0","1","0","","","2","N","2","","40 24:38.755","5","0","80 04:53.493","2","0","0","0","2415","2","0","1","N","2","0","1","3","02415","0","","5.0","1222.0","1","N","N","N","0","","1","1","0","","0","Y","","3","2","0","0","0","0","0","2","0","1","","03","","N","","","","","","","","","",""
"2021097669","","2","0","0","0","0","0","0","0","0","1","0","","02","10","2021","2","40.35005","-79.894168","","11","0","0","0","0","1","0","0","0","","0","0","0","","","2","Y","0","","40 21:00.179","5","0","79 53:39.006","3","0","0","0","2423","0","0","0","N","0","0","0","3","02304","0","","1.0","1749.0","1","N","N","N","0","","1","0","0","","0","Y","","2","2","0","0","0","1","0","2","0","2","","03","","N","","","","","","","","","",""
"2021099429","","3","0","0","0","0","0","0","0","0","4","0","","02","10","2021","2","40.43732","-79.775948","","11","0","0","1","0","0","0","0","1","","0","0","0","","","0","N","0","","40 26:14.353","","0","79 46:33.412","0","0","0","0","2446","0","0","0","N","0","0","0","2","02446","0","","1.0","","1","N","N","N","0","","0","0","0","","0","","","3","0","0","0","0","0","0","2","0","3","","","","N","","","","","","","","","",""
"2021068871","","0","0","0","0","0","0","0","0","0","1","0","","02","7","2021","1","40.383268","-79.857952","","11","0","0","0","0","1","0","0","0","","0","0","0","","","1","N","0","","40 22:59.764","7","0","79 51:28.627","4","0","0","0","2303","0","0","0","N","0","0","0","3","02303","1","","1.0","1835.0","1","N","N","Y","0","","0","0","3","","0","Y","","3","1","0","0","0","0","0","2","0","3","","","","N","","","","","","","","","",""
"2021097752","","2","0","0","0","0","0","0","0","0","4","0","","02","10","2021","5","40.448186","-80.010448","","11","0","0","0","0","0","0","0","0","","0","0","0","","","1","N","1","","40 26:53.471","","0","80 00:37.614","3","0","0","0","2301","0","0","0","N","0","0","0","2","02301","0","","1.0","","1","N","N","N","0","","1","0","0","","0","","","2","1","0","0","0","0","0","2","0","2","","03","","N","","","","","","","","","",""
"2021100362","","2","0","1","0","0","0","0","0","0","5","0","","02","10","2021","5","40.507266","-80.037714","","11","0","0","0","0","0","1","0","0","","0","0","0","","","1","N","0","","40 30:26.156","1","0","80 02:15.770","2","0","0","0","2116","0","0","0","N","0","0","0","2","68B03","0","","1.0","2226.0","1","N","N","N","0","","0","1","0","","0","N","","2","1","0","0","0","0","0","2","0","2","","03","","N","","","","","","","","","",""
"2021061653","","1","0","0","0","0","0","0","0","0","7","0","","02","7","2021","7","40.436237","-79.977107","","11","0","0","0","0","0","1","0","0","","0","0","0","","","1","N","0","","40 26:10.454","","0","79 58:37.584","8","0","0","0","2301","0","0","0","N","0","0","0","2","02301","0","","1.0","","1","N","N","N","0","","0","0","0","","0","","","1","1","0","0","0","1","0","2","0","1","","03","","N","","","","","","","","","",""
"2021061604","","2","0","0","0","0","0","0","0","0","1","0","","02","7","2021","7","40.473423","-79.972396","","11","0","0","0","1","0","0","0","0","","0","0","0","","","1","N","6","","40 28:24.321","2","2","79 58:20.624","4","0","0","0","2445","0","0","0","N","0","0","0","4","02445","1","","7.0","1450.0","1","N","N","N","0","","0","0","1","","0","N","","3","1","0","0","0","0","0","2","0","3","","03","","N","","","","","","","","","",""
"2021068436","","1","0","0","0","0","0","0","0","0","7","0","","02","7","2021","7","40.475878","-79.957642","","11","0","0","0","0","0","0","0","0","","0","0","0","","","0","N","3","","40 28:33.159","4","0","79 57:27.511","0","0","0","0","2301","0","0","0","N","0","0","0","1","02301","0","","5.0","230.0","1","N","N","N","0","","0","0","0","","2","N","","1","0","0","0","0","0","0","2","0","1","","04","","N","","","","","","","","","",""
"2021100442","","1","0","0","0","0","0","0","0","0","4","0","","02","10","2021","5","40.560411","-80.039463","","11","0","0","0","0","0","0","0","0","","0","0","0","","","0","N","2","","40 33:37.478","","0","80 02:22.068","0","0","0","0","2108","0","0","0","N","0","0","0","2","02108","0","","1.0","","9","N","N","N","1","","0","0","0","","3","","","2","0","0","0","0","0","0","2","0","2","","07","","N","","","","","","","","","",""
"2021102378","","1","0","0","0","0","0","0","0","0","1","0","","02","10","2021","5","40.44415","-79.841042","","11","0","0","0","0","0","0","0","0","","0","0","0","","","0","N","0","","40 26:38.941","3","0","79 50:27.751","9","0","0","0","2419","0","0","0","N","0","0","0","2","68B03","0","","1.0","755.0","1","N","N","N","0","","0","0","0","","0","N","","2","0","0","0","0","0","1","2","0","2","","","","N","","","","","","","","","",""
"2021094083","","0","0","0","0","0","0","0","0","0","7","0","","02","9","2021","3","40.541005","-79.825203","","11","0","0","0","0","0","0","0","0","","0","0","0","","","0","N","0","","40 32:27.619","","5","79 49:30.732","0","0","0","0","2208","0","0","0","N","0","0","0","1","68T02","0","","2.0","","1","N","N","N","0","","0","0","1","","0","","","1","0","0","0","0","0","0","2","0","1","","","","N","","","","","","","","","",""