"CRN","ARRIVAL_TM","AUTOMOBILE_COUNT","BELTED_DEATH_COUNT","BELTED_SUSP_SERIOUS_INJ_COUNT","BICYCLE_COUNT","BICYCLE_DEATH_COUNT","BICYCLE_SUSP_SERIOUS_INJ_COUNT","BUS_COUNT","CHLDPAS_DEATH_COUNT","CHLDPAS_SUSP_SERIOUS_INJ_COUNT","COLLISION_TYPE","COMM_VEH_COUNT","CONS_ZONE_SPD_LIM","COUNTY","CRASH_MONTH","CRASH_YEAR","DAY_OF_WEEK","DEC_LATITUDE","DEC_LONGITUDE","DISPATCH_TM","DISTRICT","DRIVER_COUNT_16YR","DRIVER_COUNT_17YR","DRIVER_COUNT_18YR","DRIVER_COUNT_19YR","DRIVER_COUNT_20YR","DRIVER_COUNT_50_64YR","DRIVER_COUNT_65_74YR","DRIVER_COUNT_75PLUS","EST_HRS_CLOSED","FATAL_COUNT","HEAVY_TRUCK_COUNT","HORSE_BUGGY_COUNT","HOUR_OF_DAY","ILLUMINATION","INJURY_COUNT","INTERSECTION_RELATED","INTERSECT_TYPE","LANE_CLOSED","LATITUDE","LN_CLOSE_DIR","LOCATION_TYPE","LONGITUDE","MAX_SEVERITY_LEVEL","MCYCLE_DEATH_COUNT","MCYCLE_SUSP_SERIOUS_INJ_COUNT","MOTORCYCLE_COUNT","MUNICIPALITY","NONMOTR_COUNT","NONMOTR_DEATH_COUNT","NONMOTR_SUSP_SERIOUS_INJ_COUNT","NTFY_HIWY_MAINT","PED_COUNT","PED_DEATH_COUNT","PED_SUSP_SERIOUS_INJ_COUNT","PERSON_COUNT","POLICE_AGCY","POSSIBLE_INJ_COUNT","RDWY_SURF_TYPE_CD","RELATION_TO_ROAD","ROADWAY_CLEARED","ROAD_CONDITION","SCH_BUS_IND","SCH_ZONE_IND","SECONDARY_CRASH","SMALL_TRUCK_COUNT","SPEC_JURIS_CD","SUSP_MINOR_INJ_COUNT","SUSP_SERIOUS_INJ_COUNT","SUV_COUNT","TCD_FUNC_CD","TCD_TYPE","TFC_DETOUR_IND","TIME_OF_DAY","TOTAL_UNITS","TOT_INJ_COUNT","UNBELTED_OCC_COUNT","UNB_DEATH_COUNT","UNB_SUSP_SERIOUS_INJ_COUNT","UNK_INJ_DEG_COUNT","UNK_INJ_PER_COUNT","URBAN_RURAL","VAN_COUNT","VEHICLE_COUNT","WEATHER1","WEATHER2","WORKERS_PRES","WORK_ZONE_IND","WORK_ZONE_LOC","WORK_ZONE_TYPE","WZ_CLOSE_DETOUR","WZ_FLAGGER","WZ_LAW_OFFCR_IND","WZ_LN_CLOSURE","WZ_MOVING","WZ_OTHER","WZ_SHLDER_MDN","WZ_WORKERS_INJ_KILLED"
"2021095777","","1","0","0","0","0","0","0","0","0","4","0","","02","10","2021","7","40.44172","-79.920859","","11","0","0","0","0","0","1","1","0","","0","0","0","","","1","Y","0","","40 26:30.192","5","0","79 55:15.094","3","0","0","0","2301","0","0","0","N","0","0","0","2","02301","0","","1.0","900.0","9","N","N","N","0","","1","0","1","","0","Y","","2","1","0","0","0","0","0","2","0","2","","","","N","","","","","","","","","",""
"2021087832","","0","0","0","0","0","0","0","0","0","1","0","","02","9","2021","6","40.458252","-80.045484","","11","0","0","0","0","0","0","0","0","","0","1","0","","","0","N","0","","40 27:29.708","3","0","80 02:43.742","0","0","0","0","2301","0","0","0","N","0","0","0","6","02301","0","","1.0","10.0","1","N","N","N","1","","0","0","1","","0","N","","3","0","0","0","0","0","0","2","0","3","","","","N","","","","","","","","","",""
"2021094093","","0","0","0","0","0","0","0","0","0","98","0","","02","9","2021","5","40.446806","-79.753755","","11","0","0","0","0","0","0","1","0","","0","0","0","","","0","N","0","","40 26:48.500","","0","79 45:13.519","0","0","0","0","2446","0","0","0","N","0","0","0","1","68T02","0","","1.0","","1","N","N","N","1","","0","0","0","","0","","","1","0","0","0","0","0","0","2","0","1","","","","N","","","","","","","","","",""
"2021099700","","1","0","0","0","0","0","0","0","0","7","0","","02","10","2021","4","40.493613","-79.909439","","11","0","0","0","0","0","1","0","0","","0","0","0","","","0","N","7","","40 29:37.005","3","2","79 54:33.982","0","0","0","0","2461","0","0","0","N","0","0","0","1","68D02","0","","1.0","2150.0","1","N","N","N","0","","0","0","0","","0","Y","","1","0","0","0","0","0","0","2","0","1","","","","N","","","","","","","","","",""
"2021098289","","2","0","0","0","0","0","0","0","0","1","0","","02","10","2021","6","40.408402","-80.004642","","11","0","0","0","0","0","1","0","0","","0","0","0","","","1","Y","0","","40 24:30.248","","0","80 00:16.712","3","0","0","0","2301","0","0","0","N","0","0","0","5","02301","0","","1.0","","1","N","N","N","1","","1","0","0","","0","","","3","1","0","0","0","0","0","2","0","3","","03","","N","","","","","","","","","",""
"2021094693","","0","0","0","0","0","0","0","0","0","4","0","","02","10","2021","5","40.468795","-79.935012","","11","0","0","0","0","0","0","0","0","","0","1","0","","","0","","1","","40 28:07.661","","0","79 56:06.043","9","0","0","0","2301","0","0","0","N","0","0","0","2","02301","0","","1.0","","1","N","N","N","0","","0","0","1","","0","","","2","0","0","0","0","0","1","2","0","2","","03","","N","","","","","","","","","",""
"2021098864","","3","0","0","0","0","0","0","0","0","2","0","","02","10","2021","7","40.476558","-80.067602","","11","0","0","0","0","0","0","0","0","","0","0","0","","","1","Y","0","","40 28:35.610","6","4","80 04:03.367","3","0","0","0","2122","0","0","0","N","0","0","0","4","02122","0","","1.0","2041.0","1","N","N","Y","0","","1","0","0","","0","Y","","3","1","0","0","0","0","0","2","0","3","","03","","N","","","","","","","","","",""
"2021082278","","0","0","0","0","0","0","0","0","0","4","1","","02","9","2021","4","40.545819","-79.962152","","11","0","0","0","0","0","0","0","1","","0","1","0","","","0","N","2","","40 32:44.950","1","0","79 57:43.746","0","0","0","0","2118","0","0","0","N","0","0","0","3","02118","0","","1.0","1314.0","9","N","N","N","0","","0","0","1","","2","N","","2","0","0","0","0","0","0","2","0","2","","","","N","","","","","","","","","",""
"2021070807","","0","0","0","0","0","0","0","0","0","1","1","","02","7","2021","6","40.467642","-80.009881","","11","0","0","0","0","0","1","0","0","","0","1","0","","","0","N","2","","40 28:03.511","","0","80 00:35.571","0","0","0","0","2301","0","0","0","N","0","0","0","2","02301","0","","1.0","","1","N","N","N","0","","0","0","1","","0","","","2","0","0","0","0","0","0","2","0","2","","03","","N","","","","","","","","","",""
"2021061829","","0","0","0","0","0","0","0","0","0","4","0","","02","7","2021","7","40.34454","-79.939963","","11","0","0","0","0","0","0","1","0","","0","0","0","","","1","N","0","","40 20:40.343","3","0","79 56:23.867","3","0","0","0","2473","0","0","0","N","0","0","0","2","02473","0","","1.0","2030.0","1","N","N","N","1","","1","0","1","","0","N","","2","1","0","0","0","0","0","2","0","2","","03","","N","","","","","","","","","",""
"2021098614","","3","0","0","0","0","0","0","0","0","4","0","","02","10","2021","1","40.466529","-79.956341","","11","0","0","0","0","0","0","0","0","","0","0","0","","","0","N","0","","40 27:59.503","5","0","79 57:22.826","0","0","0","0","2301","0","0","0","N","0","0","0","1","02301","0","","1.0","250.0","1","N","N","Y","0","","0","0","0","","0","Y","","3","0","0","0","0","0","0","2","0","3","","03","","N","","","","","","","","","",""
"2021095333","","1","0","0","0","0","0","0","0","0","7","0","","02","10","2021","6","40.426708","-79.788554","","11","0","0","0","0","0","0","0","0","","0","0","0","","","0","N","0","","40 25:36.147","3","0","79 47:18.794","0","0","0","0","2446","0","0","0","N","0","0","0","1","02446","0","","4.0","240.0","1","N","N","N","0","","0","0","0","","0","N","","1","0","0","0","0","0","0","2","0","1","","","","N","","","","","","","","","",""
"2021064786","","1","0","0","0","0","0","0","0","0","6","0","","02","7","2021","3","40.611286","-79.734477","","11","0","0","0","0","0","0","0","0","","0","0","0","","","0","","1","","40 36:40.629","3","0","79 44:04.117","0","0","0","0","2106","0","0","0","N","0","0","0","2","02106","0","","1.0","904.0","1","N","N","N","0","","0","0","1","","0","Y","","2","0","0","0","0","0","0","2","0","2","","","","N","","","","","","","","","",""
"2021065688","","0","0","0","0","0","0","0","0","0","4","0","","02","7","2021","5","40.45631","-79.904724","","11","0","0","0","0","0","0","0","0","","0","0","0","","","1","","1","","40 27:22.715","7","0","79 54:17.008","2","0","1","1","2301","0","0","0","N","0","0","0","2","02301","0","","1.0","1600.0","1","N","N","N","1","","0","1","0","","2","Y","","2","1","0","0","0","0","0","2","0","2","","","","N","","","","","","","","","",""
"2021092587","","1","0","0","0","0","0","0","0","0","4","0","","02","9","2021","5","40.512325","-79.997465","","11","0","0","0","0","0","0","0","1","","0","0","0","","","1","N","0","","40 30:44.371","4","0","79 59:50.873","4","0","0","0","2116","0","0","0","N","0","0","0","2","02116","1","","4.0","1615.0","1","N","N","N","1","","0","0","1","","0","N","","3","1","0","0","0","0","0","2","0","3","","03","","N","","","","","","","","","",""
"2021065726","","0","0","0","0","0","0","0","0","0","4","0","","02","7","2021","5","40.352905","-79.828137","","11","0","0","0","0","0","1","1","0","","0","0","0","","","0","N","1","","40 21:10.458","","0","79 49:41.293","0","0","0","0","2304","0","0","0","N","0","0","0","2","02304","0","","1.0","","1","N","N","N","0","","0","0","2","","3","","","2","0","0","0","0","0","0","2","0","2","","03","","N","","","","","","","","","",""
"2021065843","","1","0","0","0","0","0","0","0","0","7","0","","02","7","2021","6","40.348944","-79.852722","","11","0","0","0","0","0","0","0","0","","0","0","0","","","0","N","0","","40 20:56.200","","0","79 51:09.800","0","0","0","0","2304","0","0","0","N","0","0","0","1","02304","0","","5.0","","1","N","N","N","0","","0","0","0","","0","N","","1","0","0","0","0","0","0","2","0","1","","","","N","","","","","","","","","",""
"2021066461","","0","0","0","0","0","0","0","0","0","4","0","","02","7","2021","6","40.515056","-79.840417","","11","0","0","0","0","0","0","0","0","","0","0","0","","","0","N","0","","40 30:54.200","","0","79 50:25.500","0","0","0","0","2451","0","0","0","N","0","0","0","1","02451","0","","2.0","","1","N","N","N","0","","0","0","3","","0","","","3","0","0","0","0","0","0","2","0","3","","03","","N","","","","","","","","","",""
"2021099669","","0","0","0","0","0","0","0","0","0","2","0","","02","10","2021","4","40.490511","-79.877739","","11","0","0","0","0","0","1","1","0","","0","0","0","","","0","N","7","","40 29:25.841","2","2","79 52:39.861","0","0","0","0","2112","0","0","0","N","0","0","0","2","68D02","0","","1.0","1115.0","1","N","N","N","1","","0","0","1","","0","Y","","2","0","0","0","0","0","0","2","0","2","","","","N","","","","","","","","","",""
"2021087461","","1","0","0","0","0","0","0","0","0","1","0","","02","9","2021","7","40.422202","-80.007714","","11","0","0","0","0","0","0","0","0","","0","1","0","","","0","","1","","40 25:19.927","","0","80 00:27.770","0","0","0","0","2301","0","0","0","N","0","0","0","0","02301","0","","1.0","","1","N","N","N","0","","0","0","1","","0","","","3","0","0","0","0","0","0","2","0","3","","03","","N","","","","","","","","","",""
"2021082640","","1","0","0","0","0","0","0","0","0","1","0","","02","8","2021","1","40.45354","-79.892732","","11","0","0","0","0","0","0","0","0","","0","0","0","","","0","N","0","","40 27:12.745","","0","79 53:33.834","9","0","0","0","2301","0","0","0","N","0","0","0","1","02301","0","","1.0","","1","N","N","N","1","","0","0","1","","0","N","","3","0","0","0","0","0","1","2","0","3","","03","","N","","","","","","","","","",""
"2021099518","","1","0","0","0","0","0","0","0","0","4","0","","02","10","2021","2","40.52991","-79.771429","","11","0","0","0","0","0","1","0","0","","0","0","0","","","1","","2","","40 31:47.676","6","0","79 46:17.145","3","0","0","0","2466","0","0","0","N","0","0","0","2","02466","0","","1.0","1738.0","1","N","N","N","0","","1","0","1","","0","N","","2","1","0","0","0","0","0","1","0","2","","03","","N","","","","","","","","","",""
"2021093703","","1","0","0","0","0","0","0","0","0","4","0","","02","9","2021","2","40.463303","-79.8241","","11","0","0","0","0","0","1","0","0","","0","0","0","","","1","N","0","","40 27:47.890","","6","79 49:26.760","3","0","0","0","2113","0","0","0","N","0","0","0","3","02113","0","","1.0","","1","N","N","N","0","","1","0","0","","0","N","","2","1","0","0","0","0","0","2","1","2","","03","","N","","","","","","","","","",""
"2021072897","","1","0","0","0","0","0","0","0","0","1","0","","02","8","2021","3","40.550175","-79.959316","","11","0","0","0","0","0","1","0","0","","0","1","0","","","3","N","0","","40 33:00.631","2","0","79 57:33.536","4","0","0","0","2118","0","0","0","N","0","0","0","5","02118","3","","1.0","1927.0","1","N","N","N","0","","0","0","1","","0","N","","3","3","0","0","0","0","1","2","0","3","","03","","N","","","","","","","","","",""
"2021099480","","1","0","0","0","0","0","0","0","0","5","1","","02","10","2021","5","40.652562","-80.060606","","11","0","0","0","0","0","1","0","0","","0","1","0","","","1","N","0","","40 39:09.224","3","0","80 03:38.183","4","0","0","0","2216","0","0","0","N","0","0","0","3","68T02","1","","3.0","45.0","1","N","N","N","0","","0","0","0","","0","N","","3","1","0","0","0","0","0","2","1","3","","03","","N","","","","","","","","","",""
"2021093409","","2","0","0","0","0","0","0","0","0","4","0","","02","10","2021","1","40.448523","-80.012859","","11","0","0","0","1","0","0","0","0","","0","0","0","","","1","N","7","","40 26:54.682","","2","80 00:46.294","3","0","0","0","2301","0","0","0","N","0","0","0","3","02301","0","","1.0","","1","N","N","N","0","","1","0","0","","0","","","2","1","0","0","0","0","0","2","0","2","","04","","N","","","","","","","","","",""
"2021094527","","1","0","0","0","0","0","0","0","0","7","0","","02","8","2021","1","40.430306","-79.957566","","11","0","0","0","0","0","0","0","0","","0","0","0","","","1","N","0","","40 25:49.103","3","0","79 57:27.238","3","0","0","0","2301","0","0","0","N","0","0","0","1","68B03","0","","4.0","145.0","1","N","N","Y","0","","1","0","0","","0","N","","1","1","1","0","0","0","0","2","0","1","","03","","N","","","","","","","","","",""
"2021066186","","0","0","0","0","0","0","0","0","0","4","0","","02","7","2021","4","40.36209","-79.861558","","11","0","0","0","0","0","0","0","1","","0","0","0","","","1","","1","","40 21:43.524","","0","79 51:41.608","3","0","0","0","2473","0","0","0","N","0","0","0","2","02473","0","","1.0","","1","N","N","N","1","","1","0","1","","3","","","2","1","0","0","0","0","0","2","0","2","","03","","N","","","","","","","","","",""
"2021094557","","2","0","0","0","0","0","1","0","0","7","1","","02","9","2021","3","40.429022","-79.940407","","11","0","0","0","0","0","0","0","0","","0","0","0","","","0","N","0","","40 25:44.479","3","0","79 56:25.465","0","0","0","0","2301","0","0","0","N","0","0","0","3","68B03","0","","4.0","2330.0","9","N","N","N","0","","0","0","0","","0","N","","3","0","1","0","0","0","0","2","0","3","","","","N","","","","","","","","","",""
"2021097962","","0","0","0","0","0","0","0","0","0","1","0","","02","10","2021","6","40.452301","-79.966179","","11","0","0","0","0","0","0","0","0","","0","0","0","","","0","N","0","","40 27:08.283","5","0","79 57:58.243","0","0","0","0","2301","0","0","0","N","0","0","0","1","02301","0","","1.0","252.0","1","N","N","N","0","","0","0","2","","0","N","","2","0","0","0","0","0","0","2","0","2","","03","","N","","","","","","","","","",""
"2021095179","","1","0","0","0","0","0","0","0","0","5","0","","02","9","2021","2","40.524486","-80.179767","","11","0","1","0","0","0","0","1","0","","0","0","0","","","2","N","0","","40 31:28.151","4","0","80 10:47.161","8","0","0","0","2213","0","0","0","N","0","0","0","2","02213","0","","1.0","1500.0","1","N","N","N","0","","0","0","1","","0","N","","2","2","0","0","0","2","0","2","0","2","","03","","N","","","","","","","","","",""
"2021095091","","1","0","0","0","0","0","0","0","0","7","0","","02","9","2021","7","40.570088","-80.090382","","11","0","0","0","0","1","0","0","0","","0","0","0","","","0","N","0","","40 34:12.317","3","0","80 05:25.376","0","0","0","0","2481","0","0","0","Y","0","0","0","1","68B03","0","","4.0","45.0","1","N","N","N","0","","0","0","0","","0","N","","1","0","1","0","0","0","0","2","0","1","","","","N","","","","","","","","","",""
"2021094059","","1","0","0","0","0","0","0","0","0","1","1","","02","10","2021","6","40.350273","-79.926997","","11","0","0","0","0","0","1","0","1","","0","1","0","","","3","","1","","40 21:00.984","","0","79 55:37.188","8","0","0","0","2473","0","0","0","N","0","0","0","3","02473","0","","1.0","","1","N","N","N","0","","0","0","0","","2","","","2","3","0","0","0","3","0","2","0","2","","03","","N","","","","","","","","","",""
"2021092219","","1","0","0","0","0","0","0","0","0","7","0","","02","9","2021","5","40.396236","-79.987436","","11","0","1","0","0","0","0","0","0","","0","0","0","","","1","N","2","","40 23:46.449","","0","79 59:14.769","8","0","0","0","2301","0","0","0","N","0","0","0","1","02301","0","","5.0","","1","N","N","N","0","","0","0","0","","3","","","1","1","0","0","0","1","0","2","0","1","","03","","N","","","","","","","","","",""
"2021061595","","1","0","0","1","0","0","0","0","0","8","0","","02","7","2021","7","40.452949","-79.910913","","11","0","0","0","0","0","0","0","0","","0","0","0","","","1","N","0","","40 27:10.617","4","0","79 54:39.287","3","0","0","0","2301","1","0","0","N","0","0","0","2","02301","0","","1.0","1340.0","1","N","N","N","0","","1","0","0","","0","N","","2","1","0","0","0","0","0","2","0","1","","03","","N","","","","","","","","","",""
"2021100197","","1","0","0","0","0","0","0","0","0","7","0","","02","10","2021","5","40.328147","-79.83651","","11","0","0","0","0","0","0","0","0","","0","0","0","","","1","N","0","","40 19:41.328","","0","79 50:11.437","3","0","0","0","2304","0","0","0","N","0","0","0","1","02304","0","","4.0","","1","N","N","N","0","","1","0","0","","0","","","1","1","0","0","0","0","0","2","0","1","","03","","N","","","","","","","","","",""
"2021098410","","1","0","0","0","0","0","0","0","0","1","0","","02","10","2021","6","40.34321","-79.829223","","11","0","1","0","0","0","0","0","0","","0","0","0","","","1","","1","","40 20:35.556","","0","79 49:45.202","8","0","0","0","2304","0","0","0","N","0","0","0","2","02304","0","","1.0","","1","N","N","N","0","","0","0","1","","0","N","","2","1","0","0","0","1","0","2","0","2","","","","N","","","","","","","","","",""
"2021097623","","2","0","0","0","0","0","0","0","0","5","0","","02","10","2021","5","40.319278","-79.8883","","11","0","0","0","0","0","0","0","0","","0","0","0","","","0","N","0","","40 19:09.399","1","0","79 53:17.881","0","0","0","0","2433","0","0","0","N","0","0","0","2","02433","0","","1.0","845.0","1","N","N","N","0","","0","0","0","","0","N","","2","0","0","0","0","0","0","2","0","2","","03","","N","","","","","","","","","",""
"2021099022","","0","0","0","0","0","0","0","0","0","7","0","","02","10","2021","6","40.640876","-79.774142","","11","0","0","0","0","0","0","1","0","","0","0","0","","","1","N","0","","40 38:27.154","6","0","79 46:26.910","3","0","0","0","2202","0","0","0","N","0","0","0","1","02202","0","","4.0","1411.0","1","N","N","N","1","","1","0","0","","0","N","","1","1","0","0","0","0","0","1","0","1","","03","","N","","","","","","","","","",""
"2021098565","","0","0","0","0","0","0","0","0","0","1","1","","02","10","2021","5","40.488896","-79.954204","","11","0","0","0","0","0","0","0","0","","0","1","0","","","0","N","0","","40 29:20.027","2","0","79 57:15.133","0","0","0","0","2118","0","0","0","N","0","0","0","2","02118","0","","1.0","1946.0","1","N","N","N","0","","0","0","1","","0","N","","2","0","0","0","0","0","0","2","0","2","","","","N","","","","","","","","","",""
"2021083714","","1","0","0","0","0","0","0","0","0","2","0","","02","9","2021","2","40.396246","-79.998129","","11","0","0","0","0","0","1","0","0","","0","0","0","","","0","","1","","40 23:46.484","","0","79 59:53.264","0","0","0","0","2301","0","0","0","N","0","0","0","4","02301","0","","1.0","","1","N","N","N","0","","0","0","0","","2","","","2","0","0","0","0","0","0","2","0","2","","03","","N","","","","","","","","","",""
"2021061721","","1","0","0","0","0","0","0","0","0","7","0","","02","7","2021","7","40.653104","-80.120842","","11","0","0","0","0","0","0","0","0","","0","0","0","","","0","N","0","","40 39:11.173","6","0","80 07:15.032","0","0","0","0","2212","0","0","0","N","0","0","0","1","02505","0","","5.0","2357.0","1","N","N","N","0","","0","0","0","","0","N","","1","0","0","0","0","0","0","2","0","1","","","","N","","","","","","","","","",""
"2021099847","","1","0","0","0","0","0","0","0","0","1","0","","02","10","2021","3","40.45082","-79.713563","","11","0","0","0","0","0","0","1","0","","0","0","0","","","2","","1","","40 27:02.952","1","0","79 42:48.828","3","0","0","0","2466","0","0","0","N","0","0","0","3","02466","0","","1.0","2117.0","1","N","N","N","0","","2","0","1","","2","N","","2","2","0","0","0","0","0","2","0","2","","03","","N","","","","","","","","","",""
"2021094651","","1","0","0","0","0","0","0","0","0","7","0","","02","10","2021","4","40.379623","-79.925521","","11","0","0","0","0","1","0","0","0","","0","0","0","","","4","","2","","40 22:46.644","4","0","79 55:31.877","3","0","0","0","2301","0","0","0","N","0","0","0","4","02301","2","","5.0","2220.0","1","N","N","N","0","","2","0","0","","2","N","","1","4","1","0","0","0","0","2","0","1","","04","","N","","","","","","","","","",""
"2021095394","","1","0","0","0","0","0","0","0","0","7","0","90","02","10","2021","5","40.446318","-79.952221","","11","0","0","0","0","0","0","0","0","","0","0","0","","","0","N","0","","40 26:46.744","3","0","79 57:07.996","0","0","0","0","2301","0","0","0","N","0","0","0","1","02301","0","","1.0","1600.0","1","N","N","N","0","","0","0","0","","0","N","","1","0","0","0","0","0","0","2","0","1","","98","N","Y","4","1","","","N","","","Y","","N"
"2021086903","","1","0","0","0","0","0","0","0","0","1","0","","02","9","2021","3","40.545264","-80.035993","","11","0","0","0","0","0","0","2","0","","0","0","0","","","0","N","2","","40 32:42.950","","0","80 02:09.575","0","0","0","0","2116","0","0","0","N","0","0","0","3","02116","0","","1.0","","1","N","N","N","0","","0","0","1","","2","","","2","0","0","0","0","0","0","2","0","2","","03","","N","","","","","","","","","",""
"2021066168","","1","0","0","0","0","0","0","0","0","1","0","","02","7","2021","6","40.453987","-79.997852","","11","0","0","0","0","0","0","0","0","","0","0","0","","","1","N","1","","40 27:14.353","","0","79 59:52.267","3","0","0","0","2301","0","0","0","N","0","0","0","3","02301","0","","1.0","","1","N","N","N","0","","1","0","1","","2","","","2","1","0","0","0","0","1","2","0","2","","","","N","","","","","","","","","",""
"2021099470","","0","0","0","0","0","0","0","0","0","98","0","","02","10","2021","2","40.650883","-80.094509","","11","0","0","0","0","0","0","0","0","","0","0","0","","","0","N","0","","40 39:03.178","","0","80 05:40.234","0","0","0","0","2212","0","0","0","N","0","0","0","1","68B03","0","","1.0","","1","N","N","N","1","","0","0","0","","0","","","1","0","0","0","0","0","0","2","0","1","","03","","N","","","","","","","","","",""
"2021099596","","1","0","0","0","0","0","0","0","0","7","0","","02","10","2021","3","40.409159","-79.901123","","11","0","0","0","0","0","0","0","0","","0","0","0","","","0","N","2","","40 24:32.973","","0","79 54:04.044","0","0","0","0","2448","0","0","0","N","0","0","0","1","02448","0","","5.0","","1","N","N","N","0","","0","0","0","","0","","","1","0","0","0","0","0","0","2","0","1","","03","","N","","","","","","","","","",""
"2021096104","","1","0","0","0","0","0","0","0","0","5","0","","02","10","2021","1","40.560603","-79.793107","","11","0","0","1","0","0","0","0","0","","0","0","0","","","0","N","0","","40 33:38.170","","0","79 47:35.186","0","0","0","0","2121","0","0","0","N","0","0","0","3","02514","0","","1.0","","1","N","N","N","1","","0","0","0","","0","","","2","0","0","0","0","0","0","2","0","2","","","","N","","","","","","","","","",""
"2021087076","","1","0","0","0","0","0","0","0","0","7","0","","02","9","2021","4","40.537196","-79.759148","","11","0","1","0","0","0","0","0","0","","0","0","0","","","0","Y","0","","40 32:13.907","5","0","79 45:32.934","0","0","0","0","2466","0","0","0","N","0","0","0","1","02466","0","","2.0","1720.0","9","N","N","N","0","","0","0","0","","0","Y","","1","0","0","0","0","0","0","2","0","1","","03","","N","","","","","","","","","",""
"2021093348","","1","0","0","0","0","0","0","0","0","7","0","","02","10","2021","1","40.437121","-79.963052","","11","0","0","0","0","0","0","0","0","","0","0","0","","","0","N","1","","40 26:13.634","","0","79 57:46.987","0","0","0","0","2301","0","0","0","N","0","0","0","1","02301","0","","5.0","","1","N","N","N","0","","0","0","0","","2","","","1","0","0","0","0","0","0","2","0","1","","","","N","","","","","","","","","",""
"2021099192","","1","0","0","0","0","0","0","0","0","1","0","","02","10","2021","2","40.425808","-79.910872","","11","0","0","0","0","0","0","0","0","","0","0","0","","","2","N","0","","40 25:32.910","4","0","79 54:39.139","3","0","0","0","2301","0","0","0","N","0","0","0","3","68B03","1","","1.0","1830.0","1","N","N","N","0","","1","0","0","","0","N","","2","2","0","0","0","0","0","2","1","2","","","","N","","","","","","","","","",""
"2021056671","","2","0","0","0","0","0","0","0","0","1","0","","02","6","2021","7","40.443407","-80.02845","","11","0","0","0","0","0","1","0","0","","0","0","0","","","1","N","0","","40 26:36.266","6","3","80 01:42.421","3","0","0","0","2301","0","0","0","N","0","0","0","5","02301","0","","1.0","1636.0","1","N","N","N","0","","1","0","1","","0","Y","","3","1","0","0","0","0","0","2","0","3","","","","N","","","","","","","","","",""
"2021062169","","2","0","0","0","0","0","0","0","0","1","0","","02","7","2021","6","40.522287","-80.084157","","11","0","0","0","0","0","0","0","0","","0","0","0","","","0","","2","","40 31:20.233","3","0","80 05:02.965","0","0","0","0","2211","0","0","0","N","0","0","0","8","02215","0","","1.0","1805.0","1","N","N","N","1","","0","0","1","","0","N","","4","0","0","0","0","0","0","2","0","4","","03","","N","","","","","","","","","",""
"2021097349","","0","0","0","0","0","0","0","0","0","3","2","","02","10","2021","4","40.670293","-80.096399","","11","0","0","0","0","0","1","0","0","","0","2","0","","","0","N","0","","40 40:13.055","","7","80 05:47.038","0","0","0","0","2212","0","0","0","N","0","0","0","1","02505","0","","6.0","","1","N","N","N","0","","0","0","0","","0","","","2","0","0","0","0","0","0","2","0","2","","03","","N","","","","","","","","","",""
"2021093775","","0","0","0","0","0","0","0","0","0","4","0","","02","9","2021","1","40.550471","-80.019387","","11","0","0","0","0","0","1","1","0","","0","0","0","","","0","","1","","40 33:01.696","","0","80 01:09.794","0","0","0","0","2116","0","0","0","N","0","0","0","2","02116","0","","1.0","","1","N","N","N","0","","0","0","2","","2","N","","2","0","0","0","0","0","0","2","0","2","","","","N","","","","","","","","","",""
"2021056589","","0","0","1","0","0","0","0","0","0","4","0","","02","6","2021","7","40.653407","-80.067874","","11","0","0","0","0","0","1","0","0","","0","0","0","","","2","","2","","40 39:12.266","4","0","80 04:04.348","2","0","0","0","2216","0","0","0","N","0","0","0","5","02505","0","","1.0","1152.0","9","N","N","N","0","","0","1","2","","3","N","","2","2","0","0","0","1","0","2","0","2","","04","","N","","","","","","","","","",""
"2021059324","","1","0","0","0","0","0","0","0","0","2","0","","02","6","2021","1","40.412977","-80.010106","","11","0","0","0","0","0","1","0","0","","0","0","0","","","0","N","1","","40 24:46.718","","0","80 00:36.380","0","0","0","0","2301","0","0","0","N","0","0","0","4","02301","0","","1.0","","1","N","N","N","0","","0","0","1","","2","","","2","0","0","0","0","0","0","2","0","2","","03","","N","","","","","","","","","",""
"2021095434","","1","0","0","0","0","0","0","0","0","1","0","","02","10","2021","3","40.530576","-80.009915","","11","0","0","0","0","0","0","0","0","","0","0","0","","","0","N","1","","40 31:50.073","","0","80 00:35.695","0","0","0","0","2116","0","0","0","N","0","0","0","2","02116","0","","1.0","","1","N","N","N","0","","0","0","1","","2","","","2","0","0","0","0","0","0","2","0","2","","","","N","","","","","","","","","",""
"2021097670","","2","0","0","0","0","0","0","0","0","2","0","","02","10","2021","7","40.404941","-80.018877","","11","0","0","0","0","0","0","0","0","","0","0","0","","","0","N","0","","40 24:17.787","4","0","80 01:07.956","0","0","0","0","2301","0","0","0","N","0","0","0","2","02301","0","","1.0","230.0","1","N","N","N","0","","0","0","0","","0","N","","2","0","0","0","0","0","0","2","0","2","","03","","N","","","","","","","","","",""
"2021056286","","0","0","0","0","0","0","0","0","0","4","0","","02","6","2021","6","40.390168","-79.817177","","11","0","0","0","0","0","0","0","0","","0","0","0","","","0","N","3","","40 23:24.605","6","0","79 49:01.837","0","0","0","0","2111","0","0","0","N","0","0","0","2","02111","0","","1.0","1037.0","1","N","N","N","0","","0","0","2","","0","Y","","2","0","0","0","0","0","0","2","0","2","","03","","N","","","","","","","","","",""