"CRN","ARRIVAL_TM","AUTOMOBILE_COUNT","BELTED_DEATH_COUNT","BELTED_SUSP_SERIOUS_INJ_COUNT","BICYCLE_COUNT","BICYCLE_DEATH_COUNT","BICYCLE_SUSP_SERIOUS_INJ_COUNT","BUS_COUNT","CHLDPAS_DEATH_COUNT","CHLDPAS_SUSP_SERIOUS_INJ_COUNT","COLLISION_TYPE","COMM_VEH_COUNT","CONS_ZONE_SPD_LIM","COUNTY","CRASH_MONTH","CRASH_YEAR","DAY_OF_WEEK","DEC_LATITUDE","DEC_LONGITUDE","DISPATCH_TM","DISTRICT","DRIVER_COUNT_16YR","DRIVER_COUNT_17YR","DRIVER_COUNT_18YR","DRIVER_COUNT_19YR","DRIVER_COUNT_20YR","DRIVER_COUNT_50_64YR","DRIVER_COUNT_65_74YR","DRIVER_COUNT_75PLUS","EST_HRS_CLOSED","FATAL_COUNT","HEAVY_TRUCK_COUNT","HORSE_BUGGY_COUNT","HOUR_OF_DAY","ILLUMINATION","INJURY_COUNT","INTERSECTION_RELATED","INTERSECT_TYPE","LANE_CLOSED","LATITUDE","LN_CLOSE_DIR","LOCATION_TYPE","LONGITUDE","MAX_SEVERITY_LEVEL","MCYCLE_DEATH_COUNT","MCYCLE_SUSP_SERIOUS_INJ_COUNT","MOTORCYCLE_COUNT","MUNICIPALITY","NONMOTR_COUNT","NONMOTR_DEATH_COUNT","NONMOTR_SUSP_SERIOUS_INJ_COUNT","NTFY_HIWY_MAINT","PED_COUNT","PED_DEATH_COUNT","PED_SUSP_SERIOUS_INJ_COUNT","PERSON_COUNT","POLICE_AGCY","POSSIBLE_INJ_COUNT","RDWY_SURF_TYPE_CD","RELATION_TO_ROAD","ROADWAY_CLEARED","ROAD_CONDITION","SCH_BUS_IND","SCH_ZONE_IND","SECONDARY_CRASH","SMALL_TRUCK_COUNT","SPEC_JURIS_CD","SUSP_MINOR_INJ_COUNT","SUSP_SERIOUS_INJ_COUNT","SUV_COUNT","TCD_FUNC_CD","TCD_TYPE","TFC_DETOUR_IND","TIME_OF_DAY","TOTAL_UNITS","TOT_INJ_COUNT","UNBELTED_OCC_COUNT","UNB_DEATH_COUNT","UNB_SUSP_SERIOUS_INJ_COUNT","UNK_INJ_DEG_COUNT","UNK_INJ_PER_COUNT","URBAN_RURAL","VAN_COUNT","VEHICLE_COUNT","WEATHER1","WEATHER2","WORKERS_PRES","WORK_ZONE_IND","WORK_ZONE_LOC","WORK_ZONE_TYPE","WZ_CLOSE_DETOUR","WZ_FLAGGER","WZ_LAW_OFFCR_IND","WZ_LN_CLOSURE","WZ_MOVING","WZ_OTHER","WZ_SHLDER_MDN","WZ_WORKERS_INJ_KILLED"
"2021084813","","1","0","0","0","0","0","0","0","0","1","0","","02","9","2021","5","40.451612","-80.001141","","11","0","0","0","0","0","0","1","0","","0","0","0","","","0","","2","","40 27:05.802","","0","80 00:04.106","0","0","0","0","2301","0","0","0","N","0","0","0","1","02301","0","","4.0","","1","N","N","N","1","","0","0","0","","0","","","2","0","0","0","0","0","0","2","0","2","","","","N","","","","","","","","","",""
"2021087882","","2","0","0","0","0","0","0","0","0","4","0","","02","9","2021","6","40.331783","-79.985984","","11","0","0","0","0","0","0","0","0","","0","0","0","","","0","N","2","","40 19:54.420","4","0","79 59:09.541","0","0","0","0","2403","0","0","0","N","0","0","0","3","02403","0","","1.0","1906.0","1","N","N","N","0","","0","0","0","","2","Y","","2","0","0","0","0","0","0","2","0","2","","03","","N","","","","","","","","","",""
"2021059647","","2","0","0","0","0","0","0","0","0","4","0","","02","6","2021","6","40.651944","-80.081528","","11","0","0","0","0","1","0","0","0","","0","0","0","","","0","N","3","","40 39:06.999","","0","80 04:53.499","0","0","0","0","2216","0","0","0","N","0","0","0","3","02505","0","","1.0","","1","N","N","N","0","","0","0","0","","0","","","2","0","0","0","0","0","0","2","0","2","","03","","N","","","","","","","","","",""
"2021083422","","1","0","0","0","0","0","0","0","0","7","0","","02","9","2021","1","40.451707","-79.981609","","11","0","0","0","0","0","0","0","0","","0","0","0","","","0","","2","","40 27:06.145","3","0","79 58:53.791","0","0","0","0","2301","0","0","0","N","0","0","0","2","02301","0","","2.0","240.0","9","N","N","N","0","","0","0","0","","3","N","","1","0","0","0","0","0","0","2","0","1","","07","","N","","","","","","","","","",""
"2021084826","","0","0","0","0","0","0","0","0","0","1","0","","02","9","2021","5","40.485277","-80.014053","","11","0","0","0","0","0","0","0","0","","0","0","0","","","0","N","0","","40 29:06.998","3","0","80 00:50.592","0","0","0","0","2301","0","0","0","N","0","0","0","1","02301","0","","1.0","1226.0","1","N","N","N","1","","0","0","1","","0","Y","","2","0","1","0","0","0","0","2","0","2","","03","","N","","","","","","","","","",""
"2021056256","","1","0","0","0","0","0","0","0","0","0","0","","02","6","2021","6","40.458441","-79.908244","","11","0","0","0","0","0","0","0","0","","0","0","0","","","0","N","0","","40 27:30.386","","7","79 54:29.680","0","0","0","0","2301","0","0","0","N","0","0","0","1","02301","0","","1.0","","1","N","N","N","0","","0","0","0","","0","","","1","0","0","0","0","0","0","2","0","1","","03","","N","","","","","","","","","",""
"2021089532","","0","0","0","0","0","0","0","0","0","7","0","","02","9","2021","4","40.599148","-80.091727","","11","0","0","0","0","0","0","0","0","","0","0","0","","","1","N","0","","40 35:56.933","","0","80 05:30.216","3","0","0","0","2481","0","0","0","N","0","0","0","1","02481","0","","5.0","","9","N","N","N","1","","1","0","0","","3","","","1","1","0","0","0","0","0","2","0","1","","","","N","","","","","","","","","",""
"2021058019","","1","0","0","0","0","0","0","0","0","1","0","","02","6","2021","4","40.489941","-80.010516","","11","0","0","0","0","0","0","0","0","","0","0","0","","","1","N","0","","40 29:23.788","","0","80 00:37.856","8","0","0","1","2301","0","0","0","N","0","0","0","2","02301","0","","1.0","","1","N","N","N","0","","0","0","0","","0","","","2","1","0","0","0","1","0","2","0","2","","03","","N","","","","","","","","","",""
"2021058964","","0","0","0","0","0","0","0","0","0","2","0","","02","6","2021","6","40.438959","-80.072957","","11","0","0","0","0","0","1","0","0","","0","0","0","","","1","","2","","40 26:20.252","4","0","80 04:22.646","8","0","0","1","2421","0","0","0","N","0","0","0","2","02421","0","","1.0","1952.0","1","N","N","N","0","","0","0","1","","2","N","","2","1","0","0","0","1","0","2","0","2","","03","","N","","","","","","","","","",""
"2021056588","","1","0","0","0","0","0","0","0","0","2","0","","02","6","2021","7","40.444014","-80.040623","","11","0","0","0","0","0","0","0","0","","0","0","0","","","1","N","1","","40 26:38.450","1","0","80 02:26.242","3","0","0","0","2301","0","0","0","N","0","0","0","2","02301","0","","1.0","1230.0","98","N","N","Y","1","","1","0","0","","2","Y","","2","1","0","0","0","0","0","2","0","2","","98","","N","","","","","","","","","",""
"2021059707","","1","0","0","0","0","0","0","0","0","4","0","","02","6","2021","6","40.338833","-80.065858","","11","0","0","0","0","0","1","0","1","","0","0","0","","","1","","1","","40 20:19.797","5","0","80 03:57.088","3","0","0","0","2123","0","0","0","N","0","0","0","2","02123","0","","1.0","1107.0","1","N","N","N","0","","1","0","1","","2","N","","2","1","0","0","0","0","0","2","0","2","","03","","N","","","","","","","","","",""
"2021059014","","2","0","0","0","0","0","0","0","0","5","0","","02","6","2021","7","40.458417","-79.936921","","11","0","0","0","0","0","0","0","0","","0","0","0","","","0","N","0","","40 27:30.300","7","0","79 56:12.917","9","0","0","0","2301","0","0","0","N","0","0","0","1","02301","0","","6.0","500.0","1","N","N","N","0","","0","0","0","","0","Y","","2","0","0","0","0","0","1","2","0","2","","03","","N","","","","","","","","","",""
"2021088238","","1","0","0","0","0","0","0","0","0","1","0","","02","9","2021","1","40.340223","-80.12186","","11","0","0","0","0","0","0","0","0","","0","0","0","","","0","N","2","","40 20:24.801","2","0","80 07:18.695","0","0","0","0","2119","0","0","0","N","0","0","0","2","02119","0","","1.0","1230.0","1","N","N","N","0","","0","0","1","","3","N","","2","0","0","0","0","0","0","2","0","2","","03","","N","","","","","","","","","",""
"2021088821","","2","0","0","0","0","0","0","0","0","1","0","","02","9","2021","2","40.385245","-79.802708","","11","0","0","0","0","0","0","0","1","","0","0","0","","","1","","2","","40 23:06.881","1","0","79 48:09.748","4","0","0","0","2424","0","0","0","N","0","0","0","2","02424","1","","1.0","1323.0","1","N","N","N","0","","0","0","0","","0","N","","2","1","1","0","0","0","0","2","0","2","","03","","N","","","","","","","","","",""
"2021085687","","0","0","0","0","0","0","0","0","0","7","0","","02","9","2021","7","40.431962","-80.144926","","11","0","0","0","0","0","1","0","0","","0","0","0","","","0","","1","","40 25:55.063","","0","80 08:41.733","9","0","0","0","2115","0","0","0","N","0","0","0","1","02115","0","","2.0","","1","N","N","N","0","","0","0","1","","3","","","1","0","0","0","0","0","1","2","0","1","","03","","N","","","","","","","","","",""
"2021055404","","1","0","0","0","0","0","0","0","0","0","0","","02","6","2021","4","40.454306","-80.012591","","11","0","0","0","0","0","0","0","0","","0","0","0","","","1","","2","","40 27:15.503","","0","80 00:45.328","3","0","0","1","2301","0","0","0","N","0","0","0","3","02301","0","","1.0","","1","N","N","N","0","","1","0","0","","3","","","2","1","0","0","0","0","1","2","0","2","","03","","N","","","","","","","","","",""
"2021087978","","1","0","0","0","0","0","0","0","0","0","0","","02","9","2021","4","40.426781","-80.295172","","11","0","0","0","0","0","0","1","0","","0","0","0","","","0","N","0","","40 25:36.411","","0","80 17:42.620","0","0","0","0","2214","0","0","0","N","0","0","0","1","68B03","0","","1.0","","1","N","N","N","0","","0","0","0","","0","","","1","0","0","0","0","0","0","1","0","1","","","","N","","","","","","","","","",""
"2021055741","","2","0","0","0","0","0","0","0","0","1","0","","02","6","2021","4","40.46447","-79.979969","","11","0","0","0","0","0","0","0","0","","0","0","0","","","0","N","0","","40 27:52.092","1","1","79 58:47.887","0","0","0","0","2301","0","0","0","N","0","0","0","3","02301","0","","1.0","2000.0","1","N","N","N","0","","0","0","1","","0","Y","","3","0","0","0","0","0","0","2","0","3","","03","","N","","","","","","","","","",""
"2021089067","","0","0","0","0","0","0","0","0","0","4","0","","02","9","2021","5","40.405787","-79.907481","","11","0","0","0","0","0","0","0","0","","0","0","0","","","1","","1","","40 24:20.833","","0","79 54:26.931","4","0","0","1","2438","0","0","0","N","0","0","0","3","02438","1","","1.0","","1","N","N","Y","0","","0","0","1","","0","N","","2","1","0","0","0","0","0","2","0","2","","03","","N","","","","","","","","","",""
"2021079597","","2","0","0","0","0","0","0","0","0","4","0","","02","6","2021","5","40.374117","-80.104007","","11","0","0","0","0","0","1","1","0","","0","0","0","","","2","N","0","","40 22:26.821","","0","80 06:14.425","3","0","0","0","2102","0","0","0","Y","0","0","0","3","68B03","0","","1.0","","1","N","N","N","0","","2","0","0","","0","","","2","2","0","0","0","0","0","2","0","2","","03","","N","","","","","","","","","",""
"2021088401","","3","0","0","0","0","0","0","0","0","5","0","","02","9","2021","7","40.455608","-79.888231","","11","0","0","0","0","0","0","0","0","","0","0","0","","","0","N","0","","40 27:20.187","","0","79 53:17.632","9","0","0","0","2301","0","0","0","N","0","0","0","1","02301","0","","6.0","","1","N","N","N","0","","0","0","0","","0","","","3","0","0","0","0","0","1","2","0","3","","03","","N","","","","","","","","","",""
"2021069671","","1","0","0","0","0","0","1","0","0","2","1","","02","7","2021","4","40.34889","-79.939012","","11","0","0","0","0","1","0","0","0","","0","0","0","","","0","","2","","40 20:56.003","3","0","79 56:20.443","0","0","0","0","2473","0","0","0","N","0","0","0","3","02503","0","","1.0","815.0","1","N","N","N","0","","0","0","0","","2","Y","","2","0","0","0","0","0","0","2","0","2","","03","","N","","","","","","","","","",""
"2021088274","","2","0","0","0","0","0","0","0","0","1","0","","02","9","2021","7","40.395546","-79.804717","","11","0","0","0","0","0","0","0","1","","0","0","0","","","1","N","1","","40 23:43.965","1","0","79 48:16.982","3","0","0","0","2479","0","0","0","N","0","0","0","3","02501","0","","1.0","1830.0","1","N","N","N","0","","1","0","0","","2","N","","2","1","0","0","0","0","0","2","0","2","","","","N","","","","","","","","","",""
"2021088073","","0","0","0","0","0","0","0","0","0","98","0","","02","9","2021","7","40.43828","-80.245039","","11","0","0","0","0","0","0","0","0","","0","0","0","","","1","N","0","","40 26:17.807","3","0","80 14:42.139","8","0","0","1","2214","0","0","0","N","0","0","0","1","68B03","0","","1.0","950.0","1","N","N","N","0","","0","0","0","","0","N","","1","1","0","0","0","1","0","2","0","1","","","","N","","","","","","","","","",""
"2021083978","","1","0","0","0","0","0","0","0","0","1","0","","02","9","2021","3","40.502824","-80.061439","","11","0","0","0","0","0","0","0","0","","0","0","0","","","1","N","0","","40 30:10.166","","0","80 03:41.180","4","0","0","0","2404","0","0","0","N","0","0","0","4","02404","1","","1.0","","1","N","N","Y","0","","0","0","1","","0","","","3","1","0","0","0","0","0","2","1","3","","03","","N","","","","","","","","","",""
"2021083977","","2","0","0","0","0","0","0","0","0","4","0","","02","9","2021","3","40.368417","-79.816597","","11","0","1","0","0","0","1","0","0","","0","0","0","","","0","","3","","40 22:06.302","","0","79 48:59.750","0","0","0","0","2111","0","0","0","N","0","0","0","2","02111","0","","1.0","","1","N","N","N","0","","0","0","0","","0","","","2","0","0","0","0","0","0","2","0","2","","03","","N","","","","","","","","","",""
"2021058303","","1","0","0","0","0","0","0","0","0","1","0","","02","6","2021","4","40.458072","-79.955937","","11","0","0","0","0","0","0","1","0","","0","0","0","","","0","N","0","","40 27:29.059","","0","79 57:21.373","0","0","0","0","2301","0","0","0","N","0","0","0","3","02301","0","","1.0","","1","N","N","N","0","","0","0","1","","2","","","2","0","1","0","0","0","0","2","0","2","","","","N","","","","","","","","","",""
"2021059148","","1","0","0","0","0","0","0","0","0","2","0","","02","6","2021","7","40.356005","-79.898147","","11","0","0","0","0","0","0","1","0","","0","0","0","","","1","","2","","40 21:21.617","5","0","79 53:53.328","8","0","0","0","2423","0","0","0","N","0","0","0","4","02304","0","","1.0","1742.0","1","N","N","Y","1","","0","0","1","","2","Y","","3","1","0","0","0","1","0","2","0","3","","03","","N","","","","","","","","","",""
"2021083557","","1","0","0","0","0","0","0","0","0","4","0","","02","9","2021","1","40.392782","-79.997271","","11","0","0","0","0","0","0","0","0","","0","0","0","","","0","N","0","","40 23:34.014","7","7","79 59:50.175","0","0","0","0","2301","0","0","0","N","0","0","0","4","02301","0","","1.0","1641.0","1","N","N","N","0","","0","0","1","","0","N","","2","0","0","0","0","0","0","2","0","2","","04","","N","","","","","","","","","",""
"2021060805","","1","0","0","0","0","0","0","0","0","7","0","","02","7","2021","5","40.377656","-79.926463","","11","0","0","0","0","0","0","0","0","","0","0","0","","","1","N","0","","40 22:39.562","2","0","79 55:35.268","3","0","0","0","2301","0","0","0","N","0","0","0","1","02301","0","","5.0","740.0","9","N","N","N","0","","1","0","0","","0","N","","1","1","1","0","0","0","0","2","0","1","","07","","N","","","","","","","","","",""
"2021080624","","2","0","0","0","0","0","0","0","0","2","0","","02","8","2021","4","40.428698","-79.988579","","11","0","1","0","0","0","0","0","0","","0","0","0","","","0","","2","","40 25:43.314","","0","79 59:18.885","0","0","0","0","2301","0","0","0","N","0","0","0","2","02301","0","","1.0","","1","N","N","N","0","","0","0","0","","2","","","2","0","0","0","0","0","0","2","0","2","","03","","N","","","","","","","","","",""
"2021058377","","0","0","0","0","0","0","0","0","0","7","0","90","02","6","2021","4","40.520528","-79.940889","","11","0","0","0","0","0","0","0","0","","0","0","0","","","0","N","0","","40 31:13.900","5","0","79 56:27.200","0","0","0","0","2118","0","0","0","N","0","0","0","1","02118","0","","1.0","917.0","1","N","N","N","0","","0","0","1","","8","Y","","1","0","0","0","0","0","0","2","0","1","","03","Y","Y","4","1","","Y","N","Y","","","","N"
"2021087944","","1","0","0","0","0","0","0","0","0","2","0","","02","9","2021","7","40.438482","-79.961196","","11","0","0","0","0","0","1","0","0","","0","0","0","","","0","","1","","40 26:18.535","3","0","79 57:40.305","0","0","0","0","2301","0","0","0","N","0","0","0","6","02301","0","","1.0","1256.0","1","N","N","N","1","","0","0","0","","2","N","","2","0","3","0","0","0","0","2","0","2","","98","","N","","","","","","","","","",""
"2021058805","","0","0","0","0","0","0","0","0","0","7","0","","02","6","2021","6","40.445778","-79.972528","","11","0","0","0","1","0","0","0","0","","0","0","0","","","0","N","0","","40 26:44.800","4","0","79 58:21.100","0","0","0","0","2301","0","0","0","N","0","0","0","1","02301","0","","6.0","1710.0","1","N","N","N","0","","0","0","1","","0","N","","1","0","0","0","0","0","0","2","0","1","","","","N","","","","","","","","","",""
"2021057968","","2","0","0","0","0","0","0","0","0","4","0","","02","6","2021","3","40.370184","-80.100779","","11","0","0","1","0","0","0","0","0","","0","0","0","","","0","","2","","40 22:12.663","1","0","80 06:02.806","0","0","0","0","2102","0","0","0","N","0","0","0","3","02102","0","","1.0","1250.0","1","N","N","N","0","","0","0","0","","2","N","","2","0","0","0","0","0","0","2","0","2","","","","N","","","","","","","","","",""
"2021088811","","2","0","0","0","0","0","0","0","0","1","0","","02","9","2021","2","40.344712","-80.114894","","11","0","0","0","0","0","0","0","0","","0","0","0","","","0","N","0","","40 20:40.963","5","6","80 06:53.617","0","0","0","0","2119","0","0","0","N","0","0","0","2","02119","0","","1.0","1745.0","1","N","N","N","0","","0","0","0","","0","N","","2","0","0","0","0","0","0","2","0","2","","","","N","","","","","","","","","",""
"2021056590","","0","0","0","0","0","0","0","0","0","7","0","","02","6","2021","7","40.436716","-79.973304","","11","0","0","0","0","0","0","0","0","","0","0","0","","","0","Y","0","","40 26:12.179","","8","79 58:23.894","0","0","0","0","2301","0","0","0","N","0","0","0","1","02301","0","","1.0","","9","N","N","N","0","","0","0","1","","0","","","1","0","0","0","0","0","0","2","0","1","","","","N","","","","","","","","","",""
"2021058785","","0","0","0","0","0","0","0","0","0","7","0","","02","6","2021","2","40.348467","-80.052194","","11","0","0","0","0","0","0","0","1","","0","0","0","","","1","N","1","","40 20:54.482","1","0","80 03:07.898","3","0","0","0","2407","0","0","0","N","0","0","0","1","02405","0","","5.0","2240.0","8","N","N","N","0","","1","0","1","","0","Y","","1","1","0","0","0","0","0","2","0","1","","98","","N","","","","","","","","","",""
"2021057874","","0","0","0","0","0","0","0","0","0","7","0","","02","6","2021","2","40.56319","-79.799893","","11","1","0","0","0","0","0","0","0","","0","0","0","","","0","N","0","","40 33:47.484","2","0","79 47:59.616","0","0","0","0","2206","0","0","0","Y","0","0","0","2","68D02","0","","2.0","1630.0","8","N","N","N","1","","0","0","0","","0","N","","1","0","0","0","0","0","0","2","0","1","","04","","N","","","","","","","","","",""
"2021060446","","1","0","0","0","0","0","0","0","0","4","0","","02","6","2021","3","40.294389","-79.892639","","11","0","0","0","0","0","0","0","0","","0","0","0","","","1","N","0","","40 17:39.800","4","0","79 53:33.500","3","0","0","1","2302","0","0","0","N","0","0","0","2","02302","0","","1.0","1630.0","1","N","N","N","0","","1","0","0","","0","N","","2","1","0","0","0","0","0","2","0","2","","03","","N","","","","","","","","","",""
"2021088016","","1","0","0","0","0","0","0","0","0","8","0","","02","9","2021","7","40.455069","-79.894866","","11","0","0","0","0","0","0","0","0","","0","0","0","","","1","N","2","","40 27:18.248","","0","79 53:41.517","3","0","0","0","2301","1","0","0","N","1","0","0","2","02301","0","","1.0","","1","N","N","N","0","","1","0","0","","0","","","2","1","0","0","0","0","1","2","0","1","","03","","N","","","","","","","","","",""
"2021057305","","0","0","0","0","0","0","0","0","0","1","0","","02","6","2021","2","40.438691","-79.750368","","11","0","0","0","0","1","0","0","0","","0","0","0","","","2","N","0","","40 26:19.288","3","0","79 45:01.324","4","0","0","0","2446","0","0","0","N","0","0","0","2","02446","2","","1.0","1455.0","1","N","N","N","0","","0","0","2","","0","N","","3","2","0","0","0","0","0","2","0","2","","03","","N","","","","","","","","","",""
"2021091004","","2","0","0","0","0","0","0","0","0","7","0","","02","8","2021","4","40.440419","-79.83193","","11","0","0","0","0","0","0","0","0","","0","0","0","","","2","N","0","","40 26:25.508","4","0","79 49:54.947","3","0","0","0","2419","0","0","0","Y","0","0","0","3","68B03","0","","4.0","2030.0","9","N","N","N","0","","2","0","0","","0","N","","2","2","0","0","0","0","0","2","0","2","","04","","N","","","","","","","","","",""
"2021086239","","2","0","0","0","0","0","0","0","0","5","1","","02","9","2021","2","40.431158","-79.959208","","11","0","0","0","0","0","1","1","0","","0","1","0","","","0","","1","","40 25:52.168","","0","79 57:33.149","0","0","0","0","2301","0","0","0","N","0","0","0","5","02301","0","","1.0","","1","N","N","N","0","","0","0","0","","0","","","3","0","2","0","0","0","0","2","0","3","","03","","N","","","","","","","","","",""
"2021087937","","1","0","0","0","0","0","0","0","0","4","0","","02","9","2021","7","40.567388","-80.00696","","11","0","0","0","0","0","1","0","1","","0","0","0","","","0","","1","","40 34:02.595","","0","80 00:25.056","0","0","0","0","2108","0","0","0","N","0","0","0","2","02108","0","","1.0","","1","N","N","N","0","","0","0","1","","2","N","","2","0","0","0","0","0","0","2","0","2","","","","N","","","","","","","","","",""
"2021058499","","0","0","0","0","0","0","0","0","0","4","0","","02","6","2021","6","40.500044","-80.221987","","11","0","0","0","0","0","0","0","0","","0","0","0","","","1","","1","","40 30:00.157","4","0","80 13:19.152","4","0","0","0","2213","0","0","0","N","0","0","0","2","02213","1","","1.0","1000.0","1","N","N","Y","1","","0","0","1","","2","N","","2","1","0","0","0","0","0","2","0","2","","","","N","","","","","","","","","",""
"2021059328","","0","0","0","0","0","0","0","0","0","1","0","","02","6","2021","6","40.618342","-79.945311","","11","0","0","0","0","0","1","0","0","","0","0","0","","","1","Y","0","","40 37:06.031","5","0","79 56:43.120","3","0","0","0","2217","0","0","0","N","0","0","0","9","02505","0","","1.0","1311.0","1","N","N","N","1","","1","0","1","","0","N","","3","1","1","0","0","0","0","2","1","3","","","","N","","","","","","","","","",""
"2021081470","","2","0","0","0","0","0","0","0","0","4","0","","02","8","2021","2","40.383768","-79.822825","","11","0","0","0","0","1","1","0","0","","0","0","0","","","0","","1","","40 23:01.566","1","0","79 49:22.170","0","0","0","0","2111","0","0","0","N","0","0","0","3","02111","0","","1.0","1717.0","1","N","N","N","1","","0","0","0","","2","N","","3","0","0","0","0","0","0","2","0","3","","04","","N","","","","","","","","","",""
"2021092665","","2","0","0","0","0","0","0","0","0","4","0","","02","10","2021","6","40.34856","-79.834379","","11","0","0","0","0","1","0","0","1","","0","0","0","","","1","","1","","40 20:54.815","1","0","79 50:03.764","8","0","0","0","2304","0","0","0","N","0","0","0","2","02304","0","","1.0","1036.0","1","N","N","N","0","","0","0","0","","3","Y","","2","1","0","0","0","1","0","2","0","2","","03","","N","","","","","","","","","",""
"2021078518","","2","0","0","0","0","0","0","0","0","4","0","","02","8","2021","3","40.427591","-79.982181","","11","0","0","0","0","0","0","0","0","","0","0","0","","","0","N","2","","40 25:39.326","","0","79 58:55.851","0","0","0","0","2301","0","0","0","N","0","0","0","2","02301","0","","1.0","","1","N","N","N","0","","0","0","0","","3","","","2","0","0","0","0","0","0","2","0","2","","03","","N","","","","","","","","","",""
"2021087518","","2","0","0","0","0","0","0","0","0","4","0","","02","9","2021","6","40.452873","-79.964887","","11","0","0","0","1","0","0","0","0","","0","0","0","","","1","N","5","","40 27:10.342","","0","79 57:53.593","3","0","0","0","2301","0","0","0","N","0","0","0","2","02301","0","","1.0","","1","N","N","N","0","","1","0","0","","2","","","2","1","0","0","0","0","0","2","0","2","","","","N","","","","","","","","","",""
"2021088429","","2","0","0","0","0","0","0","0","0","6","0","","02","9","2021","1","40.530546","-80.011848","","11","0","1","0","0","0","0","0","0","","0","0","0","","","0","N","0","","40 31:49.965","","6","80 00:42.651","0","0","0","0","2116","0","0","0","N","0","0","0","2","02116","0","","1.0","","1","N","","N","0","","0","0","0","","0","","","2","0","0","0","0","0","0","2","0","2","","","","N","","","","","","","","","",""
"2021076535","","1","0","0","0","0","0","0","0","0","6","0","","02","8","2021","2","40.438073","-79.984168","","11","0","0","0","0","0","0","0","0","","0","0","0","","","0","N","1","","40 26:17.062","","0","79 59:03.005","0","0","0","0","2301","0","0","0","N","0","0","0","2","02301","0","","1.0","","1","N","N","N","0","","0","0","1","","3","N","","2","0","0","0","0","0","0","2","0","2","","03","","N","","","","","","","","","",""
"2021055739","","1","0","0","0","0","0","0","0","0","7","0","","02","6","2021","4","40.441749","-79.941569","","11","0","0","0","0","0","0","0","0","","0","0","0","","","0","N","2","","40 26:30.296","","0","79 56:29.648","0","0","0","0","2301","0","0","0","N","0","0","0","2","02301","0","","5.0","","1","N","N","N","0","","0","0","0","","3","","","1","0","0","0","0","0","0","2","0","1","","","","N","","","","","","","","","",""
"2021058824","","1","0","0","0","0","0","0","0","0","7","0","","02","6","2021","6","40.362211","-80.046621","","11","0","0","0","0","0","0","0","0","","0","0","0","","","1","N","0","","40 21:43.960","2","0","80 02:47.837","3","0","0","0","2109","0","0","0","N","0","0","0","1","02109","0","","5.0","256.0","1","N","N","N","0","","1","0","2","","0","N","","3","1","0","0","0","0","0","2","0","3","","","","N","","","","","","","","","",""
"2021058680","","2","0","0","0","0","0","0","0","0","2","0","","02","6","2021","4","40.418006","-79.974409","","11","0","0","0","0","0","0","0","0","","0","0","0","","","1","N","0","","40 25:04.821","","0","79 58:27.873","8","0","0","0","2301","0","0","0","N","0","0","0","2","02301","0","","1.0","","1","N","N","N","0","","0","0","0","","0","","","2","1","1","0","0","1","1","2","0","2","","03","","N","","","","","","","","","",""
"2021059221","","2","0","0","0","0","0","0","0","0","3","0","","02","6","2021","6","40.463448","-79.930711","","11","0","0","0","0","0","0","2","0","","0","0","0","","","1","N","2","","40 27:48.412","","0","79 55:50.559","8","0","0","0","2301","0","0","0","N","0","0","0","2","02301","0","","1.0","","1","N","N","N","0","","0","0","0","","0","","","2","1","0","0","0","1","0","2","0","2","","","","N","","","","","","","","","",""
"2021088328","","1","0","0","0","0","0","0","0","0","7","0","","02","9","2021","6","40.475496","-79.70735","","11","0","0","0","0","0","0","0","0","","0","0","0","","","0","","1","","40 28:31.787","","0","79 42:26.460","0","0","0","0","2466","0","0","0","Y","0","0","0","1","02466","0","","5.0","","1","N","N","N","0","","0","0","0","","2","","","1","0","0","0","0","0","0","2","0","1","","","","N","","","","","","","","","",""
"2021056508","","0","0","0","0","0","0","0","0","0","7","0","","02","6","2021","6","40.344556","-79.883639","","11","0","0","0","0","0","0","0","0","","0","0","0","","","0","Y","0","","40 20:40.400","","3","79 53:01.100","0","0","0","0","2304","0","0","0","N","0","0","0","2","02304","0","","3.0","","1","N","N","N","0","","0","0","1","","0","","","1","0","2","0","0","0","0","2","0","1","","03","","N","","","","","","","","","",""
"2021085868","","0","0","0","0","0","0","0","0","0","0","0","","02","9","2021","1","40.273137","-79.965857","","11","0","0","0","0","0","0","0","0","","1","0","0","","","0","N","1","","40 16:23.293","7","0","79 57:57.086","1","0","0","0","2219","0","0","0","N","0","0","0","2","02219","0","2","1.0","2039.0","1","N","N","N","0","0","0","0","0","","3","Y","","1","0","0","0","0","0","0","1","0","1","","","","N","","","","","","","","","",""
"2021089497","","2","0","0","0","0","0","0","0","0","4","0","","02","9","2021","6","40.358332","-80.105266","","11","0","0","0","0","0","0","1","0","","0","0","0","","","2","","2","","40 21:29.995","3","0","80 06:18.957","3","0","0","0","2414","0","0","0","N","0","0","0","4","02414","0","","1.0","920.0","1","N","N","N","0","","2","0","0","","0","N","","2","2","0","0","0","0","0","2","0","2","","","","N","","","","","","","","","",""
"2021057580","","1","0","0","0","0","0","0","0","0","8","0","","02","6","2021","3","40.438371","-80.154403","","11","0","0","0","0","0","0","1","0","","0","0","0","","","1","N","2","","40 26:18.137","3","2","80 09:15.852","8","0","0","0","2115","1","0","0","N","1","0","0","2","02115","0","","1.0","1145.0","1","N","N","N","0","","0","0","0","","2","N","","2","1","0","0","0","1","0","2","0","1","","","","N","","","","","","","","","",""