"CRN","ARRIVAL_TM","AUTOMOBILE_COUNT","BELTED_DEATH_COUNT","BELTED_SUSP_SERIOUS_INJ_COUNT","BICYCLE_COUNT","BICYCLE_DEATH_COUNT","BICYCLE_SUSP_SERIOUS_INJ_COUNT","BUS_COUNT","CHLDPAS_DEATH_COUNT","CHLDPAS_SUSP_SERIOUS_INJ_COUNT","COLLISION_TYPE","COMM_VEH_COUNT","CONS_ZONE_SPD_LIM","COUNTY","CRASH_MONTH","CRASH_YEAR","DAY_OF_WEEK","DEC_LATITUDE","DEC_LONGITUDE","DISPATCH_TM","DISTRICT","DRIVER_COUNT_16YR","DRIVER_COUNT_17YR","DRIVER_COUNT_18YR","DRIVER_COUNT_19YR","DRIVER_COUNT_20YR","DRIVER_COUNT_50_64YR","DRIVER_COUNT_65_74YR","DRIVER_COUNT_75PLUS","EST_HRS_CLOSED","FATAL_COUNT","HEAVY_TRUCK_COUNT","HORSE_BUGGY_COUNT","HOUR_OF_DAY","ILLUMINATION","INJURY_COUNT","INTERSECTION_RELATED","INTERSECT_TYPE","LANE_CLOSED","LATITUDE","LN_CLOSE_DIR","LOCATION_TYPE","LONGITUDE","MAX_SEVERITY_LEVEL","MCYCLE_DEATH_COUNT","MCYCLE_SUSP_SERIOUS_INJ_COUNT","MOTORCYCLE_COUNT","MUNICIPALITY","NONMOTR_COUNT","NONMOTR_DEATH_COUNT","NONMOTR_SUSP_SERIOUS_INJ_COUNT","NTFY_HIWY_MAINT","PED_COUNT","PED_DEATH_COUNT","PED_SUSP_SERIOUS_INJ_COUNT","PERSON_COUNT","POLICE_AGCY","POSSIBLE_INJ_COUNT","RDWY_SURF_TYPE_CD","RELATION_TO_ROAD","ROADWAY_CLEARED","ROAD_CONDITION","SCH_BUS_IND","SCH_ZONE_IND","SECONDARY_CRASH","SMALL_TRUCK_COUNT","SPEC_JURIS_CD","SUSP_MINOR_INJ_COUNT","SUSP_SERIOUS_INJ_COUNT","SUV_COUNT","TCD_FUNC_CD","TCD_TYPE","TFC_DETOUR_IND","TIME_OF_DAY","TOTAL_UNITS","TOT_INJ_COUNT","UNBELTED_OCC_COUNT","UNB_DEATH_COUNT","UNB_SUSP_SERIOUS_INJ_COUNT","UNK_INJ_DEG_COUNT","UNK_INJ_PER_COUNT","URBAN_RURAL","VAN_COUNT","VEHICLE_COUNT","WEATHER1","WEATHER2","WORKERS_PRES","WORK_ZONE_IND","WORK_ZONE_LOC","WORK_ZONE_TYPE","WZ_CLOSE_DETOUR","WZ_FLAGGER","WZ_LAW_OFFCR_IND","WZ_LN_CLOSURE","WZ_MOVING","WZ_OTHER","WZ_SHLDER_MDN","WZ_WORKERS_INJ_KILLED"
"2021050540","1750","1","0","0","0","0","0","0","0","0","7","0","","02","6","2021","4","40.435722","-80.036053","1748","11","0","0","0","0","0","0","0","0","","0","0","0","","","0","N","0","","40 26:08.599","6","0","80 02:09.792","0","0","0","0","2301","0","0","0","N","0","0","0","1","02301","0","","2.0","1813.0","9","N","N","N","0","","0","0","0","","0","N","","1","0","0","0","0","0","0","2","0","1","","07","","N","","","","","","","","","",""
"2021083244","1058","1","0","0","0","0","0","0","0","0","1","1","","02","9","2021","4","40.433319","-79.731579","1054","11","0","0","0","0","0","0","1","1","","0","1","0","","","0","Y","0","","40 25:59.950","","0","79 43:53.683","0","0","0","0","2446","0","0","0","N","0","0","0","2","02446","0","","1.0","","9","N","N","N","0","","0","0","0","","0","N","","2","0","0","0","0","0","0","2","0","2","","","","N","","","","","","","","","",""
"2021095266","1819","1","0","0","0","0","0","0","0","0","1","0","","02","9","2021","2","40.430245","-79.881521","1756","11","0","0","0","0","0","2","0","0","","0","0","0","","","0","N","0","","40 25:48.881","","0","79 52:53.475","0","0","0","0","2426","0","0","0","N","0","0","0","2","68B03","0","","1.0","","1","N","N","N","0","","0","0","1","","0","","","2","0","0","0","0","0","0","2","0","2","","03","","N","","","","","","","","","",""
"2021084781","0716","1","0","0","0","0","0","0","0","0","0","0","","02","9","2021","5","40.608029","-79.981693","0709","11","0","0","0","0","0","0","0","0","","0","0","0","","","1","N","0","","40 36:28.903","5","0","79 58:54.094","3","0","0","0","2207","0","0","0","N","0","0","0","1","02207","0","","1.0","805.0","9","N","N","N","0","","1","0","0","","0","Y","","1","1","0","0","0","0","0","2","0","1","","","","N","","","","","","","","","",""
"2021052068","1557","1","0","0","0","0","0","0","0","0","1","0","","02","6","2021","2","40.428493","-79.975858","1557","11","0","0","0","0","0","0","0","0","","0","0","0","","","0","N","0","","40 25:42.575","","0","79 58:33.090","0","0","0","0","2301","0","0","0","N","0","0","0","4","02301","0","","1.0","","1","N","N","N","1","","0","0","0","","0","","","2","0","0","0","0","0","0","2","0","2","","03","","N","","","","","","","","","",""
"2021083883","0006","0","0","0","0","0","0","0","0","0","0","0","","02","9","2021","2","40.450826","-80.043866","0003","11","0","0","0","0","0","0","0","0","","0","0","0","","","1","N","0","","40 27:02.975","","0","80 02:37.916","3","0","0","0","2301","0","0","0","N","0","0","0","1","02301","0","","1.0","","1","N","N","N","0","","1","0","0","","0","","","1","1","0","0","0","0","0","2","0","1","","03","","N","","","","","","","","","",""
"2021051033","1242","1","0","0","0","0","0","0","0","0","7","0","","02","6","2021","5","40.39986","-79.935985","1242","11","0","0","0","0","0","0","0","0","","0","0","0","","","1","N","0","","40 23:59.497","2","0","79 56:09.545","3","0","0","0","2301","0","0","0","N","0","0","0","1","02301","0","","3.0","1300.0","9","N","N","Y","0","","1","0","0","","0","N","","1","1","0","0","0","0","0","2","0","1","","","","N","","","","","","","","","",""
"2021088046","1851","1","0","0","0","0","0","0","0","0","4","0","","02","9","2021","4","40.403304","-80.100303","1844","11","0","0","0","0","0","1","0","0","","0","0","0","","","0","","1","","40 24:11.894","6","0","80 06:01.092","0","0","0","0","2102","0","0","0","N","0","0","0","3","02102","0","","1.0","1919.0","1","N","N","N","0","","0","0","1","","3","Y","","2","0","0","0","0","0","0","2","0","2","","03","","N","","","","","","","","","",""
"2021051226","1520","0","0","0","0","0","0","0","0","0","2","0","","02","6","2021","6","40.416751","-79.882688","1516","11","0","0","0","0","0","0","0","0","","0","0","0","","","1","N","2","","40 25:00.303","","0","79 52:57.676","3","0","0","0","2463","0","0","0","N","0","0","0","1","02503","0","","1.0","","1","N","N","N","0","","1","0","1","","3","","","1","1","0","0","0","0","0","2","0","1","","03","","N","","","","","","","","","",""
"2021050543","2025","2","0","0","0","0","0","0","0","0","5","0","","02","6","2021","4","40.45719","-79.988641","2020","11","0","0","0","0","0","1","0","0","","0","0","0","","","0","N","0","","40 27:25.884","1","0","79 59:19.109","0","0","0","0","2301","0","0","0","N","0","0","0","2","02301","0","","1.0","2100.0","1","N","N","N","0","","0","0","0","","0","Y","","2","0","0","0","0","0","0","2","0","2","","03","","N","","","","","","","","","",""
"2021084363","1032","1","0","0","0","0","0","0","0","0","3","0","","02","9","2021","4","40.553354","-79.970611","1028","11","0","0","0","0","0","0","1","0","","0","1","0","","","0","N","0","","40 33:12.076","4","0","79 58:14.201","0","0","0","0","2118","0","0","0","N","0","0","0","2","02118","0","","1.0","1100.0","1","N","N","N","0","","0","0","0","","0","N","","2","0","0","0","0","0","0","2","0","2","","","","N","","","","","","","","","",""
"2021052733","2305","1","0","0","0","0","0","0","0","0","7","0","","02","6","2021","6","40.557548","-79.80294","2300","11","0","0","0","0","0","0","0","0","","0","0","0","","","0","N","0","","40 33:27.174","","0","79 48:10.585","9","0","0","0","2121","0","0","0","N","0","0","0","1","02514","0","","5.0","","1","N","N","N","0","","0","0","0","","0","","","1","0","0","0","0","0","1","2","0","1","","","","N","","","","","","","","","",""
"2021082621","1102","2","0","0","0","0","0","0","0","0","2","0","","02","9","2021","5","40.354963","-79.834963","1102","11","0","0","0","0","0","0","1","0","","0","0","0","","","0","N","0","","40 21:17.865","","0","79 50:05.865","0","0","0","0","2304","0","0","0","N","0","0","0","2","02304","0","","1.0","","1","N","N","N","0","","0","0","0","","0","","","2","0","2","0","0","0","0","2","0","2","","03","","N","","","","","","","","","",""
"2021052258","2006","1","0","0","0","0","0","0","0","0","1","0","99","02","6","2021","2","40.324927","-79.939737","2002","11","0","1","0","0","0","0","0","0","","0","0","0","","","0","N","0","","40 19:29.738","","0","79 56:23.053","0","0","0","0","2454","0","0","0","N","0","0","0","2","02454","0","","1.0","","1","N","N","N","0","","0","0","1","","3","","","2","0","0","0","0","0","0","2","0","2","","","Y","Y","2","1","","","U","","","","","N"
"2021050884","1447","1","0","0","0","0","0","0","0","0","4","0","","02","6","2021","5","40.606373","-80.087449","1441","11","0","0","0","0","0","0","0","1","","0","0","0","","","2","N","2","","40 36:22.942","1","0","80 05:14.816","4","0","0","0","2481","0","0","0","N","0","0","0","3","02481","2","","1.0","1544.0","9","N","N","N","0","","0","0","1","","3","N","","2","2","0","0","0","0","0","2","0","2","","","","N","","","","","","","","","",""
"2021088602","1234","0","0","0","0","0","0","0","0","0","5","0","","02","9","2021","1","40.377215","-80.10123","1228","11","0","0","0","0","0","0","0","0","","0","0","0","","","0","N","0","","40 22:37.973","4","0","80 06:04.428","0","0","0","0","2102","0","0","0","Y","0","0","0","1","02102","0","","5.0","1306.0","1","N","N","N","0","","0","0","1","","0","N","","1","0","0","0","0","0","0","2","0","1","","03","","N","","","","","","","","","",""
"2021050958","2225","0","0","0","0","0","0","0","0","0","7","0","","02","6","2021","3","40.489744","-79.971951","2222","11","0","0","0","0","0","0","0","0","","0","0","0","","","0","N","0","","40 29:23.077","1","0","79 58:19.023","0","0","0","0","2445","0","0","0","Y","0","0","0","1","02445","0","","5.0","2331.0","1","N","N","N","0","","0","0","1","","0","N","","1","0","0","0","0","0","0","2","0","1","","","","N","","","","","","","","","",""
"2021082202","0742","2","0","0","0","0","0","0","0","0","4","0","","02","8","2021","6","40.451215","-79.925799","0738","11","0","0","0","0","0","0","1","0","","0","0","0","","","0","N","2","","40 27:04.374","2","0","79 55:32.876","0","0","0","0","2301","0","0","0","N","0","0","0","2","02301","0","","1.0","815.0","1","N","N","N","0","","0","0","0","","3","Y","","2","0","0","0","0","0","0","2","0","2","","03","","N","","","","","","","","","",""
"2021085097","2055","1","0","0","0","0","0","0","0","0","6","0","","02","9","2021","5","40.478732","-79.733884","2055","11","0","0","0","0","0","2","0","0","","0","0","0","","","0","N","0","","40 28:43.435","6","0","79 44:01.984","0","0","0","0","2466","0","0","0","N","0","0","0","3","02466","0","","1.0","2200.0","1","N","N","Y","1","","0","0","1","","7","Y","","3","0","0","0","0","0","0","2","0","3","","03","","N","","","","","","","","","",""
"2021084086","1718","2","0","0","0","0","0","0","0","0","6","0","","02","9","2021","3","40.521875","-79.84223","1716","11","0","0","0","0","0","0","0","1","","0","0","0","","","0","","1","","40 31:18.750","","0","79 50:32.028","0","0","0","0","2451","0","0","0","N","0","0","0","2","02451","0","","1.0","","1","N","N","N","0","","0","0","0","","0","","","2","0","0","0","0","0","0","2","0","2","","03","","N","","","","","","","","","",""
"2021050219","1045","1","0","0","0","0","0","0","0","0","1","0","","02","6","2021","4","40.384331","-79.981142","1034","11","0","0","0","0","0","1","0","0","","0","0","0","","","0","N","2","","40 23:03.591","","0","79 58:52.111","0","0","0","0","2301","0","0","0","N","0","0","0","3","02301","0","","1.0","","1","N","N","N","0","","0","0","1","","0","","","2","0","0","0","0","0","0","2","0","2","","03","","N","","","","","","","","","",""
"2021080990","0115","4","0","0","0","0","0","0","0","0","2","0","","02","8","2021","1","40.491093","-80.048044","0114","11","0","0","0","0","0","0","0","0","","0","0","0","","","1","N","0","","40 29:27.935","","0","80 02:52.960","4","0","0","0","2404","0","0","0","N","0","0","0","1","02404","1","","2.0","","1","N","N","N","0","","0","0","0","","0","","","4","1","0","0","0","0","0","2","0","4","","03","","N","","","","","","","","","",""
"2021041739","1727","2","0","0","0","0","0","0","0","0","1","0","","02","5","2021","4","40.501968","-80.076318","1725","11","0","0","1","0","0","0","0","0","","0","0","0","","","0","N","3","","40 30:07.084","","0","80 04:34.744","0","0","0","0","2405","0","0","0","N","0","0","0","2","02215","0","","1.0","","1","N","N","N","0","","0","0","0","","0","","","2","0","1","0","0","0","0","2","0","2","","03","","N","","","","","","","","","",""
"2021094467","1657","2","0","0","0","0","0","0","0","0","2","0","","02","10","2021","4","40.458721","-79.932485","1646","11","0","0","0","0","0","0","0","0","","0","0","0","","","0","N","0","","40 27:31.395","","0","79 55:56.947","0","0","0","0","2301","0","0","0","N","0","0","0","1","02301","0","","6.0","","1","N","N","Y","0","","0","0","1","","0","","","3","0","0","0","0","0","0","2","0","3","","03","","N","","","","","","","","","",""
"2021084398","2304","2","0","0","0","0","0","0","0","0","1","1","","02","8","2021","2","40.442108","-80.159248","2300","11","0","0","0","0","0","2","0","0","","0","1","0","","","1","N","0","","40 26:31.589","3","0","80 09:33.293","8","0","0","0","2115","0","0","0","N","0","0","0","4","68B03","0","","1.0","2359.0","1","N","N","N","0","","0","0","1","","0","N","","4","1","0","0","0","1","0","2","0","4","","03","","N","","","","","","","","","",""
"2021084860","1346","1","0","0","0","0","0","0","0","0","7","0","","02","8","2021","1","40.482559","-80.262182","1335","11","0","0","0","0","0","1","0","0","","0","0","0","","","0","N","0","","40 28:57.211","3","0","80 15:43.856","0","0","0","0","2203","0","0","0","Y","0","0","0","2","68B03","0","","4.0","1420.0","9","N","N","N","0","","0","0","0","","0","N","","1","0","0","0","0","0","0","1","0","1","","","","N","","","","","","","","","",""
"2021060072","0712","1","0","0","0","0","0","0","0","0","4","0","","02","6","2021","2","40.499493","-80.326168","0707","11","0","0","0","0","0","1","0","0","","0","0","0","","","1","","1","","40 29:58.175","5","0","80 19:34.205","3","0","0","0","2203","0","0","0","N","0","0","0","2","02203","0","","1.0","900.0","1","N","N","N","1","","1","0","0","","3","N","","2","1","0","0","0","0","1","1","0","2","","03","","N","","","","","","","","","",""
"2021054476","0118","1","0","0","0","0","0","0","0","0","7","0","","02","6","2021","3","40.474554","-80.005149","0210","11","0","0","0","0","0","0","0","0","","0","0","0","","","0","","5","","40 28:28.396","","2","80 00:18.538","0","0","0","0","2301","0","0","0","N","0","0","0","1","02301","0","","2.0","","1","N","N","N","0","","0","0","0","","1","","","1","0","0","0","0","0","0","2","0","1","","03","","N","","","","","","","","","",""
"2021083856","1710","1","0","0","0","0","0","0","0","0","7","0","","02","9","2021","1","40.482324","-79.771203","1652","11","0","0","0","0","0","0","0","0","","0","0","0","","","2","N","0","","40 28:56.367","4","0","79 46:16.331","4","0","0","0","2466","0","0","0","Y","0","0","0","2","68T02","2","","4.0","1735.0","9","N","N","N","0","","0","0","0","","0","N","","1","2","0","0","0","0","0","2","0","1","","","","N","","","","","","","","","",""
"2021051942","0959","0","0","0","0","0","0","0","0","0","7","0","","02","6","2021","2","40.509332","-79.878881","0957","11","0","0","0","0","0","0","1","0","","0","0","0","","","1","N","0","","40 30:33.595","5","0","79 52:43.972","3","0","0","0","2432","0","0","0","N","0","0","0","1","02432","0","","5.0","15.0","1","N","N","N","0","","1","0","1","","0","Y","","1","1","0","0","0","0","0","2","0","1","","","","N","","","","","","","","","",""
"2021051935","1005","0","0","0","0","0","0","0","0","0","7","0","","02","6","2021","2","40.662944","-80.100694","0957","11","0","0","0","0","0","0","1","0","","0","0","0","","","1","N","0","","40 39:46.600","","0","80 06:02.500","8","0","0","0","2212","0","0","0","N","0","0","0","1","02505","0","","5.0","","1","N","N","N","1","","0","0","0","","0","N","","1","1","0","0","0","1","0","2","0","1","","","","N","","","","","","","","","",""
"2021082169","0312","2","0","1","0","0","0","0","0","0","4","0","","02","8","2021","3","40.523439","-79.768381","0310","11","0","0","0","0","0","0","0","0","","0","0","0","","","1","","2","","40 31:24.380","6","0","79 46:06.171","2","0","0","0","2466","0","0","0","N","0","0","0","2","02466","0","","1.0","401.0","1","N","N","Y","0","","0","1","0","","3","N","","2","1","0","0","0","0","0","2","0","2","","03","","N","","","","","","","","","",""
"2021080402","2359","0","0","0","0","0","0","0","0","0","3","0","","02","8","2021","5","40.437825","-80.018331","2351","11","0","0","0","0","0","0","0","0","","0","0","0","","","0","N","0","","40 26:16.169","","0","80 01:05.993","0","0","0","0","2301","0","0","0","N","0","0","0","1","02301","0","","5.0","","1","N","N","N","1","","0","0","0","","0","","","1","0","1","0","0","0","0","2","0","1","","03","","N","","","","","","","","","",""
"2021055249","1358","1","0","0","0","0","0","0","0","0","1","0","","02","6","2021","7","40.358482","-80.028707","1355","11","1","0","0","0","0","1","0","0","","0","0","0","","","1","N","0","","40 21:30.536","1","0","80 01:43.346","3","0","0","0","2416","0","0","0","N","0","0","0","3","02416","0","","1.0","40.0","1","N","N","N","0","","1","0","2","","0","N","","3","1","0","0","0","0","0","2","0","3","","03","","N","","","","","","","","","",""
"2021081052","1027","2","0","0","0","0","0","0","0","0","1","0","","02","8","2021","1","40.456669","-79.93959","1013","11","0","0","0","0","0","1","0","0","","0","0","0","","","1","N","1","","40 27:24.007","","0","79 56:22.523","8","0","0","0","2301","0","0","0","N","0","0","0","3","02301","0","","1.0","","1","N","N","N","0","","0","0","0","","2","","","2","1","0","0","0","1","2","2","0","2","","03","","N","","","","","","","","","",""
"2021081942","2140","1","0","0","0","0","0","1","0","0","4","1","","02","8","2021","2","40.409206","-79.916803","2117","11","0","0","0","0","0","0","0","0","","0","0","0","","","0","Y","0","","40 24:33.143","7","1","79 55:00.489","9","0","0","0","2438","0","0","0","N","0","0","0","3","02503","0","","1.0","2210.0","1","","","N","0","","0","0","0","","2","Y","","2","0","2","0","0","0","2","2","0","2","","03","","N","","","","","","","","","",""
"2021052035","1724","1","0","0","0","0","0","0","0","0","1","0","","02","6","2021","1","40.409256","-79.898682","1721","11","0","0","0","0","0","1","0","0","","0","0","0","","","0","N","1","","40 24:33.323","","0","79 53:55.256","0","0","0","0","2448","0","0","0","N","0","0","0","6","02448","0","","1.0","","1","N","N","N","0","","0","0","3","","2","","","4","0","1","0","0","0","0","2","0","4","","03","","N","","","","","","","","","",""
"2021082271","1250","1","0","0","0","0","0","0","0","0","7","0","","02","9","2021","4","40.429931","-80.014036","1240","11","0","0","0","0","0","0","0","1","","0","0","0","","","0","N","0","","40 25:47.752","5","0","80 00:50.530","0","0","0","0","2301","0","0","0","N","0","0","0","2","02301","0","","1.0","1530.0","9","N","N","N","0","","0","0","1","","0","Y","","2","0","0","0","0","0","0","2","0","2","","03","","N","","","","","","","","","",""
"2021051874","0445","0","0","0","0","0","0","0","0","0","1","0","","02","6","2021","2","40.482987","-79.950962","0435","11","0","0","0","0","0","0","0","0","","0","0","0","","","1","N","0","","40 28:58.752","6","0","79 57:03.462","4","0","0","0","2301","0","0","0","N","0","0","0","1","02301","1","","1.0","530.0","1","N","N","Y","1","","0","0","2","","0","Y","","3","1","0","0","0","0","0","2","0","3","","03","","N","","","","","","","","","",""
"2021083031","1514","0","0","0","0","0","0","0","0","0","7","0","","02","9","2021","4","40.657643","-79.96105","1514","11","1","0","0","0","0","0","0","0","","0","0","0","","","0","N","1","","40 39:27.515","2","0","79 57:39.779","0","0","0","0","2217","0","0","0","Y","0","0","0","1","02505","0","","4.0","1536.0","9","N","N","N","0","","0","0","1","","2","N","","1","0","0","0","0","0","0","1","0","1","","","","N","","","","","","","","","",""
"2021051089","1316","0","0","0","0","0","0","0","0","0","0","0","","02","6","2021","6","40.382426","-79.929077","1308","11","0","0","0","0","0","0","0","0","","0","0","0","","","1","N","0","","40 22:56.734","","0","79 55:44.678","3","0","0","1","2301","0","0","0","N","0","0","0","1","02301","0","","1.0","","1","N","N","N","0","","1","0","0","","0","","","1","1","0","0","0","0","0","2","0","1","","03","","N","","","","","","","","","",""
"2021050907","2115","2","0","0","0","0","0","0","0","0","4","0","","02","6","2021","4","40.590851","-79.948028","2111","11","0","0","0","1","0","1","0","0","","0","0","0","","","0","N","0","","40 35:27.063","2","7","79 56:52.901","0","0","0","0","2207","0","0","0","N","0","0","0","2","02207","0","","1.0","2146.0","1","N","N","N","0","","0","0","0","","0","Y","","2","0","0","0","0","0","0","2","0","2","","","","N","","","","","","","","","",""
"2021088881","0910","1","0","0","0","0","0","0","0","0","7","0","","02","9","2021","3","40.290596","-80.028411","0902","11","0","0","0","0","0","0","0","0","","0","0","0","","","1","N","0","","40 17:26.147","5","0","80 01:42.278","2","0","0","0","2219","0","0","0","N","0","0","0","1","02219","0","","2.0","1130.0","1","N","N","N","0","","0","1","0","","0","Y","","1","1","0","0","0","0","0","2","0","1","","","","N","","","","","","","","","",""
"2021091846","0943","1","0","0","0","0","0","0","0","0","4","1","","02","9","2021","4","40.339288","-79.913571","0938","11","0","0","0","0","1","1","0","0","","0","1","0","","","1","","2","","40 20:21.437","7","0","79 54:48.854","3","0","0","0","2473","0","0","0","N","0","0","0","2","02473","0","","1.0","1000.0","1","N","N","N","0","","1","0","0","","3","N","","2","1","0","0","0","0","0","2","0","2","","","","N","","","","","","","","","",""
"2021051668","1625","0","0","0","0","0","0","0","0","0","7","0","","02","6","2021","7","40.368513","-79.947152","1622","11","0","0","0","0","0","0","0","0","","0","0","0","","","1","N","0","","40 22:06.646","","0","79 56:49.746","3","0","0","1","2473","0","0","0","N","0","0","0","1","02473","0","","4.0","","1","N","N","N","0","","1","0","0","","0","","","1","1","0","0","0","0","0","2","0","1","","03","","N","","","","","","","","","",""
"2021059941","1615","2","0","0","0","0","0","0","0","0","4","0","","02","6","2021","2","40.450801","-80.251115","1611","11","0","0","0","0","0","0","0","0","","0","0","0","","","1","","1","","40 27:02.883","","0","80 15:04.014","4","0","0","0","2203","0","0","0","N","0","0","0","2","02203","1","","1.0","","1","N","N","N","0","","0","0","0","","3","","","2","1","0","0","0","0","0","2","0","2","","","","N","","","","","","","","","",""
"2021052047","1437","1","0","0","0","0","0","0","0","0","4","0","","02","6","2021","2","40.455451","-80.062683","1421","11","0","1","0","0","0","0","0","0","","0","0","0","","","1","N","1","","40 27:19.623","","0","80 03:45.658","3","0","0","0","2301","0","0","0","N","0","0","0","2","02301","0","","1.0","","1","N","N","N","0","","1","0","0","","0","N","","2","1","0","0","0","0","1","2","0","2","","03","","N","","","","","","","","","",""
"2021084025","1155","1","0","0","0","0","0","0","0","0","0","0","","02","9","2021","3","40.446538","-79.925801","1153","11","0","0","0","0","0","0","0","0","","0","0","0","","","0","","2","","40 26:47.536","","0","79 55:32.883","0","0","0","0","2301","0","0","0","N","0","0","0","1","02301","0","","1.0","","1","N","N","N","0","","0","0","0","","0","","","1","0","0","0","0","0","0","2","0","1","","03","","N","","","","","","","","","",""
"2021081965","1544","1","0","0","0","0","0","0","0","0","2","0","","02","8","2021","3","40.439987","-80.087394","1535","11","0","0","0","0","0","0","0","0","","0","0","0","","","1","Y","0","","40 26:23.954","","0","80 05:14.617","3","0","0","0","2115","0","0","0","N","0","0","0","3","02115","0","","1.0","","9","N","N","N","0","","1","0","0","","0","","","2","1","0","0","0","0","0","2","1","2","","","","N","","","","","","","","","",""
"2021060589","1415","1","0","0","0","0","0","0","0","0","6","0","","02","6","2021","4","40.481083","-80.036861","1405","11","0","0","0","0","0","1","0","0","","0","0","0","","","1","N","0","","40 28:51.900","","7","80 02:12.700","3","0","0","0","2301","0","0","0","N","0","0","0","2","02301","0","","1.0","","9","N","N","N","1","","1","0","0","","3","N","","2","1","0","0","0","0","0","2","0","2","","04","","N","","","","","","","","","",""
"2021085314","1741","1","0","0","0","0","0","0","0","0","7","0","","02","8","2021","7","40.49018","-80.204944","1739","11","0","0","0","0","0","0","0","0","","0","0","0","","","1","N","0","","40 29:24.647","3","0","80 12:17.798","3","0","0","0","2213","0","0","0","N","0","0","0","5","02213","0","","2.0","1820.0","9","N","N","N","0","","1","0","0","","0","N","","1","1","0","0","0","0","0","2","0","1","","","","N","","","","","","","","","",""
"2021089227","0702","2","0","0","0","0","0","0","0","0","4","0","","02","9","2021","4","40.514647","-80.012029","0700","11","0","1","0","0","0","0","0","0","","0","0","0","","","1","N","0","","40 30:52.729","6","0","80 00:43.303","4","0","0","0","2116","0","0","0","N","0","0","0","2","02116","1","","1.0","730.0","9","N","N","N","0","","0","0","0","","0","Y","","2","1","1","0","0","0","0","2","0","2","","04","","N","","","","","","","","","",""
"2021050811","1607","1","0","0","0","0","0","0","0","0","4","0","","02","6","2021","5","40.470508","-79.822237","1602","11","0","0","1","0","0","0","0","0","","0","0","0","","","1","N","0","","40 28:13.827","","7","79 49:20.052","3","0","0","0","2113","0","0","0","N","0","0","0","6","02113","0","","1.0","","1","N","N","N","0","","1","0","0","","0","","","2","1","0","0","0","0","0","2","1","2","","03","","N","","","","","","","","","",""
"2021084417","0758","2","0","0","0","0","0","0","0","0","1","0","45","02","8","2021","2","40.496917","-79.92002","0720","11","0","0","0","0","0","1","0","0","","0","0","0","","","0","N","0","","40 29:48.900","","0","79 55:12.073","0","0","0","0","2112","0","0","0","N","0","0","0","2","68D02","0","","1.0","","1","N","N","N","0","","0","0","0","","0","","","3","0","1","0","0","0","0","2","0","3","","","Y","Y","3","1","N","N","N","Y","N","N","N","N"
"2021082526","0304","0","0","0","0","0","0","0","0","0","4","0","","02","9","2021","5","40.351639","-79.856612","0302","11","0","0","0","1","0","0","0","0","","0","0","0","","","0","N","1","","40 21:05.900","5","0","79 51:23.803","9","0","0","0","2304","0","0","0","N","0","0","0","4","02304","0","","1.0","334.0","1","N","N","Y","0","","0","0","2","","0","N","","2","0","0","0","0","0","1","2","0","2","","03","","N","","","","","","","","","",""
"2021060812","1336","1","0","0","0","0","0","0","0","0","8","0","","02","6","2021","4","40.410917","-79.910472","1334","11","0","0","0","0","0","0","0","0","","0","0","0","","","1","Y","0","","40 24:39.300","","7","79 54:37.700","4","0","0","0","2438","1","0","0","N","1","0","0","2","02438","1","","1.0","","9","N","N","N","0","","0","0","0","","0","","","2","1","0","0","0","0","0","2","0","1","","07","","N","","","","","","","","","",""
"2021083833","0107","1","0","0","0","0","0","0","0","0","7","0","","02","8","2021","2","40.421584","-80.051779","0045","11","0","0","0","0","0","0","0","0","","0","0","0","","","0","N","0","","40 25:17.704","","0","80 03:06.405","0","0","0","0","2435","0","0","0","N","0","0","0","0","02435","0","","5.0","","1","N","N","N","0","","0","0","0","","0","","","1","0","0","0","0","0","0","2","0","1","","","","N","","","","","","","","","",""
"2021050533","1549","0","0","0","0","0","0","0","0","0","4","0","","02","6","2021","4","40.347279","-79.944672","1547","11","0","0","0","0","0","1","0","0","","0","0","0","","","2","","5","","40 20:50.204","7","0","79 56:40.818","8","0","0","0","2473","0","0","0","N","0","0","0","2","02473","0","","1.0","1620.0","9","N","N","N","0","","0","0","2","","3","Y","","2","2","0","0","0","2","0","2","0","2","","07","","N","","","","","","","","","",""
"2021081973","0929","0","0","0","0","0","0","0","0","0","4","1","","02","6","2021","1","40.382939","-79.857485","0926","11","0","0","0","0","0","1","1","0","","0","1","0","","","0","N","1","","40 22:58.581","7","0","79 51:26.947","0","0","0","0","2303","0","0","0","N","0","0","0","2","02303","0","","1.0","1000.0","1","N","N","N","0","","0","0","1","","2","Y","","2","0","0","0","0","0","0","2","0","2","","","","N","","","","","","","","","",""
"2021083542","1525","2","0","0","0","0","0","0","0","0","1","0","","02","9","2021","6","40.453135","-79.760827","1517","11","0","0","0","0","0","1","0","0","","0","0","0","","","0","N","2","","40 27:11.286","","0","79 45:38.977","0","0","0","0","2446","0","0","0","N","0","0","0","6","02446","0","","1.0","","1","N","N","N","0","","0","0","0","","0","","","2","0","0","0","0","0","0","2","0","2","","","","N","","","","","","","","","",""
"2021083045","1738","0","0","0","0","0","0","0","0","0","1","0","","02","9","2021","4","40.661504","-79.933755","1733","11","0","0","0","0","0","0","0","0","","0","0","0","","","0","N","0","","40 39:41.416","","0","79 56:01.518","0","0","0","0","2217","0","0","0","N","0","0","0","4","02505","0","","1.0","","9","N","N","N","1","","0","0","1","","0","","","2","0","0","0","0","0","0","2","0","2","","","","N","","","","","","","","","",""