"CRN","ARRIVAL_TM","AUTOMOBILE_COUNT","BELTED_DEATH_COUNT","BELTED_SUSP_SERIOUS_INJ_COUNT","BICYCLE_COUNT","BICYCLE_DEATH_COUNT","BICYCLE_SUSP_SERIOUS_INJ_COUNT","BUS_COUNT","CHLDPAS_DEATH_COUNT","CHLDPAS_SUSP_SERIOUS_INJ_COUNT","COLLISION_TYPE","COMM_VEH_COUNT","CONS_ZONE_SPD_LIM","COUNTY","CRASH_MONTH","CRASH_YEAR","DAY_OF_WEEK","DEC_LATITUDE","DEC_LONGITUDE","DISPATCH_TM","DISTRICT","DRIVER_COUNT_16YR","DRIVER_COUNT_17YR","DRIVER_COUNT_18YR","DRIVER_COUNT_19YR","DRIVER_COUNT_20YR","DRIVER_COUNT_50_64YR","DRIVER_COUNT_65_74YR","DRIVER_COUNT_75PLUS","EST_HRS_CLOSED","FATAL_COUNT","HEAVY_TRUCK_COUNT","HORSE_BUGGY_COUNT","HOUR_OF_DAY","ILLUMINATION","INJURY_COUNT","INTERSECTION_RELATED","INTERSECT_TYPE","LANE_CLOSED","LATITUDE","LN_CLOSE_DIR","LOCATION_TYPE","LONGITUDE","MAX_SEVERITY_LEVEL","MCYCLE_DEATH_COUNT","MCYCLE_SUSP_SERIOUS_INJ_COUNT","MOTORCYCLE_COUNT","MUNICIPALITY","NONMOTR_COUNT","NONMOTR_DEATH_COUNT","NONMOTR_SUSP_SERIOUS_INJ_COUNT","NTFY_HIWY_MAINT","PED_COUNT","PED_DEATH_COUNT","PED_SUSP_SERIOUS_INJ_COUNT","PERSON_COUNT","POLICE_AGCY","POSSIBLE_INJ_COUNT","RDWY_SURF_TYPE_CD","RELATION_TO_ROAD","ROADWAY_CLEARED","ROAD_CONDITION","SCH_BUS_IND","SCH_ZONE_IND","SECONDARY_CRASH","SMALL_TRUCK_COUNT","SPEC_JURIS_CD","SUSP_MINOR_INJ_COUNT","SUSP_SERIOUS_INJ_COUNT","SUV_COUNT","TCD_FUNC_CD","TCD_TYPE","TFC_DETOUR_IND","TIME_OF_DAY","TOTAL_UNITS","TOT_INJ_COUNT","UNBELTED_OCC_COUNT","UNB_DEATH_COUNT","UNB_SUSP_SERIOUS_INJ_COUNT","UNK_INJ_DEG_COUNT","UNK_INJ_PER_COUNT","URBAN_RURAL","VAN_COUNT","VEHICLE_COUNT","WEATHER1","WEATHER2","WORKERS_PRES","WORK_ZONE_IND","WORK_ZONE_LOC","WORK_ZONE_TYPE","WZ_CLOSE_DETOUR","WZ_FLAGGER","WZ_LAW_OFFCR_IND","WZ_LN_CLOSURE","WZ_MOVING","WZ_OTHER","WZ_SHLDER_MDN","WZ_WORKERS_INJ_KILLED"
"2021101577","0330","1","0","0","0","0","0","0","0","0","1","0","","02","10","2021","1","40.456421","-79.891913","0236","11","0","0","0","0","0","1","0","0","","0","0","0","","","0","N","1","","40 27:23.115","","0","79 53:30.886","0","0","0","0","2301","0","0","0","N","0","0","0","1","02301","0","","1.0","","1","N","N","N","0","","0","0","1","","2","","","2","0","0","0","0","0","0","2","0","2","","03","","N","","","","","","","","","",""
"2021115971","2122","3","0","0","0","0","0","0","0","0","4","0","","02","11","2021","1","40.427734","-79.978892","2115","11","0","0","0","0","0","0","0","0","","0","0","0","","","0","N","0","","40 25:39.844","6","0","79 58:44.011","0","0","0","0","2301","0","0","0","N","0","0","0","2","02301","0","","6.0","2200.0","9","N","N","N","0","","0","0","0","","0","N","","3","0","0","0","0","0","0","2","0","3","","07","","N","","","","","","","","","",""
"2021120262","1117","0","0","0","0","0","0","0","0","0","4","0","","02","12","2021","5","40.54198","-80.180212","1115","11","0","0","0","0","0","1","0","0","","0","0","0","","","0","N","2","","40 32:31.127","5","0","80 10:48.763","0","0","0","0","2458","0","0","0","N","0","0","0","2","02458","0","","1.0","1142.0","1","N","N","N","1","","0","0","1","","3","Y","","2","0","0","0","0","0","0","2","0","2","","04","","N","","","","","","","","","",""
"2021119878","1638","1","0","0","0","0","0","0","0","0","7","0","","02","11","2021","1","40.439842","-80.009546","1619","11","0","0","0","0","0","0","0","0","","0","0","0","","","1","N","0","","40 26:23.432","1","0","80 00:34.365","3","0","0","0","2301","0","0","0","N","0","0","0","1","68B03","0","","4.0","40.0","9","N","N","N","0","","1","0","0","","0","N","","1","1","1","0","0","0","0","2","0","1","","","","N","","","","","","","","","",""
"2021118265","1731","1","0","0","0","0","0","0","0","0","4","0","","02","12","2021","4","40.327151","-79.911164","1725","11","0","0","0","0","0","1","0","0","","0","0","0","","","1","","2","","40 19:37.745","2","0","79 54:40.189","8","0","0","0","2473","0","0","0","N","0","0","0","3","02473","0","","1.0","1800.0","9","N","N","N","0","","0","0","1","","0","N","","2","1","0","0","0","1","0","2","0","2","","","","N","","","","","","","","","",""
"2021078318","1839","1","0","0","0","0","0","0","0","0","2","0","","02","8","2021","6","40.454314","-80.058384","1839","11","0","0","0","0","1","0","0","0","","0","0","0","","","1","","2","","40 27:15.530","2","0","80 03:30.182","3","0","0","1","2301","0","0","0","N","0","0","0","2","02301","0","","1.0","1915.0","1","N","N","N","0","","1","0","0","","3","N","","2","1","1","0","0","0","0","2","0","2","","03","","N","","","","","","","","","",""
"2021079403","1730","2","0","0","0","0","0","0","0","0","4","0","","02","8","2021","7","40.440819","-79.992958","1723","11","0","0","0","0","0","0","0","0","","0","0","0","","","0","N","0","","40 26:26.949","2","0","79 59:34.648","0","0","0","0","2301","0","0","0","N","0","0","0","2","02301","0","","1.0","1800.0","1","N","N","N","0","","0","0","0","","0","N","","2","0","0","0","0","0","0","2","0","2","","03","","N","","","","","","","","","",""
"2021118782","0658","1","0","0","0","0","0","0","0","0","7","0","","02","11","2021","3","40.350711","-80.014841","0651","11","0","0","0","0","0","1","0","0","","0","0","0","","","0","","1","","40 21:02.560","","0","80 00:53.427","0","0","0","0","2407","0","0","0","N","0","0","0","2","02407","0","","1.0","","9","N","N","N","0","","0","0","0","","2","","","2","0","0","0","0","0","0","2","1","2","","","","N","","","","","","","","","",""
"2021115253","0923","2","0","0","0","0","0","0","0","0","1","0","","02","9","2021","2","40.274836","-79.838126","0920","11","0","0","0","0","0","1","0","0","","0","0","0","","","1","N","0","","40 16:29.408","2","0","79 50:17.252","8","0","0","0","2105","0","0","0","N","0","0","0","3","02105","0","","1.0","1000.0","1","N","N","N","0","","0","0","1","","0","N","","3","1","0","0","0","1","0","2","0","3","","03","","N","","","","","","","","","",""
"2021118647","1653","1","0","0","0","0","0","0","0","0","4","0","","02","12","2021","7","40.471547","-79.926308","1648","11","0","0","0","0","0","1","0","0","","0","0","0","","","0","N","1","","40 28:17.569","1","0","79 55:34.708","0","0","0","0","2301","0","0","0","N","0","0","0","2","02301","0","","1.0","1700.0","1","N","N","N","0","","0","0","1","","2","N","","2","0","0","0","0","0","0","2","0","2","","04","","N","","","","","","","","","",""
"2021080580","2224","3","0","0","0","0","0","0","0","0","2","0","","02","8","2021","3","40.47419","-79.931583","2220","11","0","0","0","0","0","0","0","0","","0","0","0","","","1","","2","","40 28:27.083","","0","79 55:53.698","8","0","0","0","2301","0","0","0","N","0","0","0","2","02301","0","","1.0","","1","N","N","N","0","","0","0","1","","0","","","4","1","0","0","0","1","0","2","0","4","","03","","N","","","","","","","","","",""
"2021051509","1800","0","0","0","0","0","0","0","0","0","7","0","","02","6","2021","7","40.466885","-80.025028","1756","11","0","0","0","0","0","1","0","0","","0","0","0","","","1","","1","","40 28:00.786","1","0","80 01:30.099","3","0","0","0","2301","0","0","0","N","0","0","0","1","02301","0","","1.0","1820.0","1","N","N","N","0","","1","0","1","","2","Y","","1","1","0","0","0","0","0","2","0","1","","03","","N","","","","","","","","","",""
"2021051057","0858","1","0","0","0","0","0","0","0","0","5","0","","02","6","2021","6","40.46129","-79.982671","0848","11","0","0","0","0","0","0","0","0","","0","0","0","","","0","N","0","","40 27:40.645","3","0","79 58:57.617","9","0","0","0","2301","0","0","0","N","0","0","0","2","02301","0","","1.0","922.0","1","N","N","N","1","","0","0","0","","0","Y","","2","0","0","0","0","0","1","2","0","2","","03","","N","","","","","","","","","",""
"2021119882","1816","1","0","0","0","0","0","0","0","0","7","0","","02","11","2021","2","40.455421","-79.998158","1751","11","0","0","0","0","0","0","0","0","","0","0","0","","","0","N","0","","40 27:19.515","2","0","79 59:53.368","0","0","0","0","2301","0","0","0","N","0","0","0","1","68B03","0","","4.0","30.0","1","N","N","N","0","","0","0","0","","0","N","","1","0","0","0","0","0","0","2","0","1","","","","N","","","","","","","","","",""
"2021120330","0259","1","0","0","0","0","0","0","0","0","7","0","","02","12","2021","2","40.496735","-79.938219","0236","11","0","0","0","0","0","0","0","0","","0","0","0","","","1","N","0","","40 29:48.247","2","3","79 56:17.588","8","0","0","0","2461","0","0","0","N","0","0","0","1","68D02","0","","4.0","335.0","9","N","N","N","0","","0","0","0","","0","N","","1","1","1","0","0","1","0","2","0","1","","","","N","","","","","","","","","",""
"2021120338","0716","2","0","0","0","0","0","0","0","0","7","0","","02","12","2021","4","40.49553","-79.940464","0700","11","0","0","0","0","0","2","0","0","","0","0","0","","","0","N","0","","40 29:43.908","","3","79 56:25.669","0","0","0","0","2430","0","0","0","N","0","0","0","3","68D02","0","","4.0","","2","N","N","N","0","","0","0","1","","0","","","3","0","0","0","0","0","0","2","0","3","","06","","N","","","","","","","","","",""
"2021118264","2131","0","0","0","0","0","0","0","0","0","7","0","","02","11","2021","1","40.33631","-79.889108","2129","11","0","0","0","0","0","0","0","0","","0","0","0","","","0","N","0","","40 20:10.717","3","0","79 53:20.787","0","0","0","0","2433","0","0","0","N","0","0","0","1","02433","0","","5.0","2230.0","1","N","N","N","0","","0","0","1","","0","Y","","1","0","0","0","0","0","0","2","0","1","","","","N","","","","","","","","","",""
"2021118656","1429","2","0","0","0","0","0","0","0","0","1","0","","02","12","2021","6","40.503358","-79.987031","1426","11","0","0","0","0","0","0","0","0","","0","0","0","","","0","N","0","","40 30:12.088","","0","79 59:13.312","0","0","0","0","2116","0","0","0","N","0","0","0","2","02116","0","","1.0","","1","N","N","N","0","","0","0","0","","0","","","2","0","0","0","0","0","0","2","0","2","","04","","N","","","","","","","","","",""
"2021078387","2055","2","0","0","0","0","0","0","0","0","4","0","","02","8","2021","7","40.427609","-79.982881","2055","11","0","0","0","0","0","0","0","0","","0","0","0","","","0","N","1","","40 25:39.394","","0","79 58:58.370","0","0","0","0","2301","0","0","0","N","0","0","0","3","02301","0","","1.0","","1","N","N","Y","0","","0","0","0","","3","","","2","0","0","0","0","0","0","2","0","2","","03","","N","","","","","","","","","",""
"2021119061","1120","1","0","0","0","0","0","0","0","0","7","0","","02","11","2021","4","40.591423","-79.773264","1119","11","0","0","0","0","0","0","0","0","","0","0","0","","","1","N","0","","40 35:29.122","2","0","79 46:23.749","8","0","0","0","2104","0","0","0","Y","0","0","0","1","68D02","0","","4.0","1150.0","1","N","N","N","0","","0","0","0","","0","N","","1","1","1","0","0","1","0","1","0","1","","","","N","","","","","","","","","",""
"2021120753","1834","2","0","0","0","0","0","0","0","0","4","0","","02","12","2021","2","40.32536","-80.027062","1824","11","0","1","0","0","0","0","0","0","","0","0","0","","","0","","1","","40 19:31.295","3","0","80 01:37.423","0","0","0","0","2407","0","0","0","N","0","0","0","2","02407","0","","1.0","1915.0","1","N","N","N","0","","0","0","0","","0","N","","2","0","0","0","0","0","0","2","0","2","","","","N","","","","","","","","","",""
"2021103314","0514","2","0","0","0","0","0","0","0","0","1","0","","02","8","2021","2","40.437173","-80.204749","0513","11","0","0","0","0","0","1","0","0","","0","0","0","","","1","N","6","","40 26:13.824","3","2","80 12:17.097","3","0","0","0","2214","0","0","0","N","0","0","0","1","68B03","0","","1.0","612.0","1","N","N","N","0","","1","0","0","","0","N","","2","1","0","0","0","0","0","2","0","2","","","","N","","","","","","","","","",""
"2021120229","1309","1","0","0","0","0","0","0","0","0","1","0","","02","12","2021","4","40.387324","-79.828288","1305","11","0","0","0","0","0","0","1","0","","0","0","0","","","1","N","2","","40 23:14.366","3","0","79 49:41.836","8","0","0","0","2111","0","0","0","N","0","0","0","2","02111","0","","1.0","1329.0","9","N","N","N","0","","0","0","1","","0","N","","2","1","0","0","0","1","0","2","0","2","","","","N","","","","","","","","","",""
"2021078685","1912","0","0","0","0","0","0","0","0","0","0","0","","02","8","2021","1","40.354304","-79.841559","1909","11","0","0","0","0","0","0","0","0","","0","0","0","","","0","N","0","","40 21:15.494","","0","79 50:29.613","0","0","0","0","2304","0","0","0","N","0","0","0","1","02304","0","","5.0","","1","N","N","N","0","","0","0","1","","0","","","1","0","0","0","0","0","0","2","0","1","","03","","N","","","","","","","","","",""
"2021119287","1608","2","0","0","0","0","0","0","0","0","2","0","","02","11","2021","3","40.453981","-80.014537","1608","11","0","0","0","0","0","1","1","0","","0","0","0","","","0","","1","","40 27:14.331","6","0","80 00:52.333","9","0","0","0","2301","0","0","0","N","0","0","0","2","02301","0","","1.0","1648.0","1","N","N","N","0","","0","0","0","","2","N","","2","0","0","0","0","0","1","2","0","2","","","","N","","","","","","","","","",""
"2021120706","0736","0","0","0","0","0","0","0","0","0","1","0","","02","11","2021","2","40.427892","-79.954814","0727","11","0","0","0","0","0","0","0","0","","0","0","0","","","0","N","0","","40 25:40.411","3","0","79 57:17.330","0","0","0","0","2301","0","0","0","N","0","0","0","2","68B03","0","","1.0","817.0","1","N","N","N","0","","0","0","2","","0","N","","2","0","0","0","0","0","0","2","0","2","","03","","N","","","","","","","","","",""
"2021077446","0126","0","0","0","0","0","0","0","0","0","7","0","","02","8","2021","1","40.369609","-79.874697","0124","11","0","0","0","0","0","0","0","0","","0","0","0","","","0","","9","","40 22:10.592","","0","79 52:28.909","0","0","0","0","2473","0","0","0","N","0","0","0","1","02473","0","","5.0","","1","N","N","N","0","","0","0","1","","6","","","1","0","0","0","0","0","0","2","0","1","","03","","N","","","","","","","","","",""
"2021079203","0747","1","0","0","0","0","0","0","0","0","4","0","","02","8","2021","3","40.457505","-80.051221","0741","11","0","0","0","0","0","0","0","0","","0","0","0","","","0","N","1","","40 27:27.018","","0","80 03:04.395","0","0","0","0","2301","0","0","0","N","0","0","0","4","02301","0","","1.0","","1","N","N","N","0","","0","0","1","","3","","","2","0","0","0","0","0","0","2","0","2","","","","N","","","","","","","","","",""
"2021120675","0744","2","0","0","0","0","0","0","0","0","1","0","","02","11","2021","5","40.440808","-80.156375","0725","11","0","0","0","1","0","0","0","0","","0","0","0","","","1","N","0","","40 26:26.908","","7","80 09:22.951","8","0","0","0","2115","0","0","0","N","0","0","0","3","68B03","0","","1.0","","1","N","N","N","0","","0","0","0","","0","","","2","1","0","0","0","1","0","2","0","2","","03","","N","","","","","","","","","",""
"2021077966","1328","1","0","0","0","0","0","0","0","0","4","0","","02","8","2021","6","40.4974","-79.870009","1322","11","0","0","0","0","0","0","1","0","","0","0","0","","","0","","1","","40 29:50.641","","0","79 52:12.033","0","0","0","0","2112","0","0","0","N","0","0","0","2","02112","0","","1.0","","1","N","N","N","0","","0","0","1","","2","N","","2","0","0","0","0","0","0","2","0","2","","","","N","","","","","","","","","",""
"2021119451","1456","2","0","0","0","0","0","0","0","0","4","0","","02","12","2021","7","40.356883","-80.083566","1456","11","0","0","0","0","0","0","0","0","","0","0","0","","","2","","2","","40 21:24.779","6","0","80 05:00.838","3","0","0","0","2123","0","0","0","N","0","0","0","2","02123","1","","1.0","1546.0","1","N","N","N","0","","1","0","0","","3","N","","2","2","0","0","0","0","0","2","0","2","","03","","N","","","","","","","","","",""
"2021051836","2141","2","0","0","0","0","0","0","0","0","4","0","","02","6","2021","1","40.455247","-80.020131","2139","11","0","0","0","0","0","0","0","0","","0","0","0","","","0","N","1","","40 27:18.889","","0","80 01:12.472","0","0","0","0","2301","0","0","0","N","0","0","0","3","02301","0","","1.0","","1","N","N","N","0","","0","0","0","","2","","","2","0","1","0","0","0","0","2","0","2","","03","","N","","","","","","","","","",""
"2021095128","1731","1","0","0","0","0","0","0","0","0","7","0","","02","10","2021","2","40.586819","-79.878268","1721","11","0","0","0","0","0","0","1","0","","0","0","0","","","1","N","0","","40 35:12.549","3","0","79 52:41.764","3","0","0","0","2209","0","0","0","N","0","0","0","2","68T02","0","","2.0","1800.0","9","N","N","N","0","","1","0","0","","0","N","","1","1","1","0","0","0","0","2","0","1","","","","N","","","","","","","","","",""
"2021119423","1318","1","0","0","0","0","0","0","0","0","7","0","","02","12","2021","1","40.359731","-79.905627","1314","11","0","0","0","0","0","1","0","0","","0","0","0","","","0","N","0","","40 21:35.031","7","0","79 54:20.257","0","0","0","0","2473","0","0","0","N","0","0","0","1","02473","0","","2.0","1325.0","1","N","N","N","0","","0","0","0","","0","N","","1","0","0","0","0","0","0","2","0","1","","03","","N","","","","","","","","","",""
"2021080707","0020","0","0","0","0","0","0","1","0","0","2","1","","02","8","2021","6","40.424886","-79.990203","0011","11","0","0","0","0","0","1","0","0","","0","0","0","","","0","N","0","","40 25:29.590","","0","79 59:24.730","0","0","0","0","2301","0","0","0","N","0","0","0","2","02503","0","","1.0","","1","N","N","N","0","","0","0","1","","0","","","2","0","0","0","0","0","0","2","0","2","","","","N","","","","","","","","","",""
"2021118983","2304","1","0","0","0","0","0","0","0","0","7","0","","02","10","2021","7","40.447834","-80.166486","2304","11","0","0","0","0","0","0","0","0","","0","0","0","","","0","N","0","","40 26:52.203","3","0","80 09:59.348","0","0","0","0","2115","0","0","0","Y","0","0","0","2","68B03","0","","4.0","1155.0","9","N","N","N","1","","0","0","0","","0","N","","2","0","0","0","0","0","0","2","0","2","","07","","N","","","","","","","","","",""
"2021118432","0031","2","0","0","0","0","0","0","0","0","4","0","","02","12","2021","7","40.455676","-79.942847","0031","11","0","0","0","0","0","0","0","0","","0","0","0","","","2","","1","","40 27:20.435","7","0","79 56:34.248","3","0","0","0","2301","0","0","0","N","0","0","0","3","02301","1","","1.0","130.0","1","N","N","N","0","","1","0","0","","0","N","","2","2","0","0","0","0","0","2","0","2","","03","","N","","","","","","","","","",""
"2021118822","1225","2","0","0","0","0","0","0","0","0","4","0","","02","12","2021","6","40.438547","-79.770142","1222","11","0","0","0","0","0","1","0","0","","0","0","0","","","1","N","0","","40 26:18.770","","7","79 46:12.512","8","0","0","0","2446","0","0","0","N","0","0","0","3","02446","0","","1.0","","1","N","N","N","0","","0","0","0","","0","","","2","1","0","0","0","1","0","2","0","2","","","","N","","","","","","","","","",""
"2021053993","1016","0","0","0","0","0","0","0","0","0","1","0","","02","6","2021","6","40.36215","-79.826301","1012","11","0","0","0","0","0","1","1","0","","0","0","0","","","2","Y","0","","40 21:43.739","5","0","79 49:34.683","8","0","0","0","2111","0","0","0","N","0","0","0","4","02111","0","","1.0","1111.0","1","N","N","N","0","","0","0","1","","2","Y","","4","2","1","0","0","2","0","2","3","4","","03","","N","","","","","","","","","",""
"2021084003","0836","1","0","0","0","0","0","0","0","0","7","0","","02","9","2021","3","40.438123","-80.063255","0835","11","0","0","0","0","0","0","0","0","","0","0","0","","","0","Y","0","","40 26:17.244","","0","80 03:47.718","0","0","0","0","2421","0","0","0","N","0","0","0","1","02421","0","","2.0","","1","N","N","N","0","","0","0","0","","0","","","1","0","0","0","0","0","0","2","0","1","","03","","N","","","","","","","","","",""
"2021080992","1638","0","0","1","0","0","0","0","0","0","2","0","","02","8","2021","1","40.440722","-79.919583","1635","11","0","0","0","0","0","1","1","0","","0","0","0","","","2","N","0","","40 26:26.600","","0","79 55:10.500","2","0","0","0","2301","0","0","0","N","0","0","0","2","02301","0","","1.0","","1","N","N","N","0","","1","1","2","","0","","","2","2","0","0","0","0","0","2","0","2","","03","","N","","","","","","","","","",""
"2021083292","0929","0","0","0","0","0","0","0","0","0","7","1","","02","8","2021","3","40.363475","-79.824995","0926","11","0","0","0","0","0","0","0","0","","0","1","0","","","1","N","0","","40 21:48.510","5","0","79 49:29.983","8","0","0","0","2111","0","0","0","N","0","0","0","2","02111","0","","5.0","1003.0","1","N","N","N","0","","0","0","1","","0","Y","","2","1","1","0","0","1","0","2","0","2","","04","","N","","","","","","","","","",""
"2021120686","1023","1","0","0","0","0","0","0","0","0","5","1","","02","11","2021","4","40.430509","-80.027231","1004","11","0","0","0","0","0","0","0","0","","0","1","0","","","0","N","0","","40 25:49.832","4","3","80 01:38.030","0","0","0","0","2301","0","0","0","N","0","0","0","2","68B03","0","","1.0","1010.0","1","N","N","N","0","","0","0","0","","0","N","","2","0","0","0","0","0","0","2","0","2","","03","","N","","","","","","","","","",""
"2021118425","1437","1","0","0","0","0","0","0","0","0","7","0","","02","12","2021","7","40.516703","-79.790983","1437","11","0","0","0","0","0","0","0","0","","0","0","0","","","0","N","0","","40 31:00.129","5","0","79 47:27.539","0","0","0","0","2466","0","0","0","Y","0","0","0","2","02466","0","","5.0","1519.0","1","N","N","N","0","","0","0","0","","0","N","","1","0","1","0","0","0","0","2","0","1","","","","N","","","","","","","","","",""
"2021051355","0154","1","0","0","0","0","0","0","0","0","7","0","","02","6","2021","7","40.326636","-79.898682","0153","11","0","0","0","0","0","0","0","0","","0","0","0","","","0","Y","0","","40 19:35.891","5","0","79 53:55.255","0","0","0","0","2473","0","0","0","N","0","0","0","0","02473","0","","2.0","220.0","1","N","N","N","0","","0","0","0","","0","Y","","1","0","0","0","0","0","0","2","0","1","","","","N","","","","","","","","","",""
"2021051586","0208","0","0","0","0","0","0","0","0","0","98","0","","02","6","2021","1","40.473333","-79.818056","0207","11","0","0","0","0","0","0","0","0","","0","0","0","","","1","N","0","","40 28:24.000","2","0","79 49:05.000","3","0","0","0","2113","0","0","0","N","0","0","0","1","02113","0","","5.0","238.0","1","N","N","N","0","","1","0","1","","0","N","","1","1","0","0","0","0","0","2","0","1","","03","","N","","","","","","","","","",""
"2021120154","0005","1","0","0","0","0","0","1","0","0","4","1","","02","12","2021","2","40.455059","-80.008601","0000","11","0","0","0","0","0","0","0","0","","0","0","0","","","0","N","1","","40 27:18.212","2","0","80 00:30.965","0","0","0","0","2301","0","0","0","N","0","0","0","2","02503","0","","1.0","1232.0","9","N","N","N","0","","0","0","0","","2","Y","","2","0","0","0","0","0","0","2","0","2","","07","","N","","","","","","","","","",""
"2021081658","1830","0","0","0","0","0","0","0","0","0","1","0","","02","8","2021","5","40.543303","-79.837768","1815","11","0","0","0","0","0","0","1","0","","0","0","0","","","0","N","7","","40 32:35.889","","2","79 50:15.965","0","0","0","0","2208","0","0","0","N","0","0","0","3","68D02","0","","1.0","","1","N","N","N","0","","0","0","2","","4","","","2","0","0","0","0","0","0","2","0","2","","03","","N","","","","","","","","","",""
"2021120319","1546","1","0","0","0","0","0","0","0","0","7","0","","02","12","2021","4","40.627927","-80.097255","1520","11","0","0","0","0","0","0","0","1","","0","0","0","","","1","N","0","","40 37:40.536","2","0","80 05:50.119","3","0","0","0","2212","0","0","0","Y","0","0","0","2","68B03","0","","4.0","1602.0","1","N","N","N","0","","1","0","0","","0","N","","1","1","0","0","0","0","0","2","0","1","","03","","N","","","","","","","","","",""
"2021052670","2130","0","0","0","0","0","0","0","0","0","4","0","","02","6","2021","2","40.342278","-79.944139","2125","11","0","1","0","0","0","0","0","0","","0","0","0","","","0","Y","0","","40 20:32.200","","7","79 56:38.900","0","0","0","0","2473","0","0","0","N","0","0","0","3","02473","0","","1.0","","1","N","N","N","0","","0","0","2","","3","","","2","0","0","0","0","0","0","2","0","2","","","","N","","","","","","","","","",""
"2021117617","1454","2","0","0","0","0","0","0","0","0","1","0","","02","12","2021","5","40.474855","-80.013495","1447","11","0","0","0","0","0","1","0","0","","0","0","0","","","0","","2","","40 28:29.479","","0","80 00:48.582","0","0","0","0","2301","0","0","0","N","0","0","0","1","02301","0","","4.0","","1","N","N","N","0","","0","0","0","","0","","","2","0","0","0","0","0","0","2","0","2","","03","","N","","","","","","","","","",""
"2021120671","1550","1","0","0","0","0","0","0","0","0","1","0","","02","11","2021","3","40.437929","-80.004444","1526","11","0","0","0","0","0","1","0","0","","0","0","0","","","0","N","0","","40 26:16.545","4","0","80 00:15.998","0","0","0","0","2301","0","0","0","N","0","0","0","2","68B03","0","","1.0","1609.0","1","N","N","N","1","","0","0","0","","0","N","","2","0","0","0","0","0","0","2","0","2","","","","N","","","","","","","","","",""
"2021080238","1506","0","0","0","0","0","0","0","0","0","5","0","","02","8","2021","5","40.447902","-79.991392","1450","11","0","0","1","0","0","0","1","0","","0","0","0","","","1","N","0","","40 26:52.447","","0","79 59:29.011","8","0","0","0","2301","0","0","0","N","0","0","0","2","02301","0","","1.0","","1","N","N","N","1","","0","0","1","","0","","","2","1","0","0","0","1","0","2","0","2","","03","","N","","","","","","","","","",""
"2021082900","2320","0","0","0","0","0","0","0","0","0","2","0","","02","8","2021","1","40.430026","-79.988636","2315","11","0","0","0","0","0","0","0","0","","0","0","0","","","1","","2","","40 25:48.094","","0","79 59:19.088","3","0","0","1","2301","0","0","0","N","0","0","0","2","02301","0","","1.0","","1","N","N","N","0","","1","0","1","","2","","","2","1","0","0","0","0","0","2","0","2","","03","","N","","","","","","","","","",""
"2021094146","1552","0","0","0","0","0","0","0","0","0","4","1","","02","10","2021","3","40.435849","-79.973205","1531","11","0","0","0","0","0","1","1","0","","0","1","0","","","0","","2","","40 26:09.056","3","7","79 58:23.537","0","0","0","0","2301","0","0","0","N","0","0","0","2","02301","0","","1.0","1641.0","3","N","N","N","1","","0","0","0","","2","N","","2","0","0","0","0","0","0","2","0","2","","03","","N","","","","","","","","","",""
"2021078711","2235","0","0","0","0","0","0","0","0","0","7","0","","02","8","2021","1","40.458584","-79.989884","2230","11","0","0","0","0","0","0","0","0","","0","0","0","","","0","","11","","40 27:30.904","","0","79 59:23.583","0","0","0","0","2301","0","0","0","N","0","0","0","1","02301","0","","5.0","","1","N","N","N","0","","0","0","1","","0","","","1","0","0","0","0","0","0","2","0","1","","03","","N","","","","","","","","","",""
"2021078564","1337","1","0","0","0","0","0","0","0","0","2","0","","02","8","2021","6","40.457711","-79.995421","1325","11","0","0","0","0","0","0","0","0","","0","0","0","","","0","N","1","","40 27:27.761","","0","79 59:43.514","0","0","0","0","2301","0","0","0","N","0","0","0","3","02301","0","","4.0","","1","N","N","N","0","","0","0","1","","3","","","2","0","0","0","0","0","0","2","0","2","","03","","N","","","","","","","","","",""
"2021058327","1921","1","0","0","0","0","0","0","0","0","4","0","","02","6","2021","7","40.50842","-80.170913","1916","11","0","0","0","1","0","0","1","0","","0","0","0","","","2","","2","","40 30:30.312","","0","80 10:15.288","3","0","0","0","2213","0","0","0","N","0","0","0","6","02213","1","","1.0","","1","N","N","N","0","","1","0","0","","0","","","2","2","0","0","0","0","0","2","1","2","","","","N","","","","","","","","","",""
"2021118873","1512","2","0","0","0","0","0","0","0","0","1","0","","02","12","2021","1","40.44864","-79.899642","1500","11","0","0","0","0","0","0","0","0","","0","0","0","","","1","Y","0","","40 26:55.103","","0","79 53:58.711","3","0","0","0","2301","0","0","0","N","0","0","0","5","02301","0","","1.0","","1","N","N","N","0","","1","0","0","","0","","","2","1","0","0","0","0","2","2","0","2","","04","","N","","","","","","","","","",""
"2021118547","0549","0","0","0","0","0","0","0","0","0","7","1","","02","12","2021","6","40.352468","-79.918904","0548","11","0","0","0","0","0","0","0","0","","0","1","0","","","0","N","0","","40 21:08.883","4","0","79 55:08.056","0","0","0","0","2473","0","0","0","N","0","0","0","1","02473","0","","3.0","805.0","1","N","N","N","0","","0","0","0","","0","N","","1","0","0","0","0","0","0","2","0","1","","05","","N","","","","","","","","","",""