"CRN","ARRIVAL_TM","AUTOMOBILE_COUNT","BELTED_DEATH_COUNT","BELTED_SUSP_SERIOUS_INJ_COUNT","BICYCLE_COUNT","BICYCLE_DEATH_COUNT","BICYCLE_SUSP_SERIOUS_INJ_COUNT","BUS_COUNT","CHLDPAS_DEATH_COUNT","CHLDPAS_SUSP_SERIOUS_INJ_COUNT","COLLISION_TYPE","COMM_VEH_COUNT","CONS_ZONE_SPD_LIM","COUNTY","CRASH_MONTH","CRASH_YEAR","DAY_OF_WEEK","DEC_LATITUDE","DEC_LONGITUDE","DISPATCH_TM","DISTRICT","DRIVER_COUNT_16YR","DRIVER_COUNT_17YR","DRIVER_COUNT_18YR","DRIVER_COUNT_19YR","DRIVER_COUNT_20YR","DRIVER_COUNT_50_64YR","DRIVER_COUNT_65_74YR","DRIVER_COUNT_75PLUS","EST_HRS_CLOSED","FATAL_COUNT","HEAVY_TRUCK_COUNT","HORSE_BUGGY_COUNT","HOUR_OF_DAY","ILLUMINATION","INJURY_COUNT","INTERSECTION_RELATED","INTERSECT_TYPE","LANE_CLOSED","LATITUDE","LN_CLOSE_DIR","LOCATION_TYPE","LONGITUDE","MAX_SEVERITY_LEVEL","MCYCLE_DEATH_COUNT","MCYCLE_SUSP_SERIOUS_INJ_COUNT","MOTORCYCLE_COUNT","MUNICIPALITY","NONMOTR_COUNT","NONMOTR_DEATH_COUNT","NONMOTR_SUSP_SERIOUS_INJ_COUNT","NTFY_HIWY_MAINT","PED_COUNT","PED_DEATH_COUNT","PED_SUSP_SERIOUS_INJ_COUNT","PERSON_COUNT","POLICE_AGCY","POSSIBLE_INJ_COUNT","RDWY_SURF_TYPE_CD","RELATION_TO_ROAD","ROADWAY_CLEARED","ROAD_CONDITION","SCH_BUS_IND","SCH_ZONE_IND","SECONDARY_CRASH","SMALL_TRUCK_COUNT","SPEC_JURIS_CD","SUSP_MINOR_INJ_COUNT","SUSP_SERIOUS_INJ_COUNT","SUV_COUNT","TCD_FUNC_CD","TCD_TYPE","TFC_DETOUR_IND","TIME_OF_DAY","TOTAL_UNITS","TOT_INJ_COUNT","UNBELTED_OCC_COUNT","UNB_DEATH_COUNT","UNB_SUSP_SERIOUS_INJ_COUNT","UNK_INJ_DEG_COUNT","UNK_INJ_PER_COUNT","URBAN_RURAL","VAN_COUNT","VEHICLE_COUNT","WEATHER1","WEATHER2","WORKERS_PRES","WORK_ZONE_IND","WORK_ZONE_LOC","WORK_ZONE_TYPE","WZ_CLOSE_DETOUR","WZ_FLAGGER","WZ_LAW_OFFCR_IND","WZ_LN_CLOSURE","WZ_MOVING","WZ_OTHER","WZ_SHLDER_MDN","WZ_WORKERS_INJ_KILLED"
"2021080856","2310","1","0","0","0","0","0","0","0","0","1","0","","02","8","2021","5","40.428761","-79.980559","2300","11","0","0","0","0","0","0","0","0","","0","0","0","","","1","","1","","40 25:43.539","3","0","79 58:50.011","3","0","0","1","2301","0","0","0","N","0","0","0","3","02301","0","","1.0","1.0","1","N","N","N","0","","1","0","0","","2","Y","","2","1","0","0","0","0","0","2","0","2","","03","","N","","","","","","","","","",""
"2021084081","1640","2","0","0","0","0","0","0","0","0","4","0","","02","9","2021","6","40.609944","-80.053375","1635","11","0","0","0","0","0","1","0","0","","0","0","0","","","0","N","0","","40 36:35.799","","6","80 03:12.151","0","0","0","0","2108","0","0","0","N","0","0","0","2","02108","0","","1.0","","1","N","N","N","0","","0","0","0","","0","","","2","0","0","0","0","0","0","2","0","2","","03","","N","","","","","","","","","",""
"2021116584","1818","2","0","0","0","0","0","0","0","0","1","0","","02","11","2021","3","40.474235","-79.908209","1815","11","0","0","0","0","0","1","0","0","","0","0","0","","","1","N","1","","40 28:27.247","4","0","79 54:29.551","3","0","0","0","2301","0","0","0","N","0","0","0","2","02301","0","","1.0","1845.0","1","N","N","N","0","","1","0","0","","2","N","","2","1","0","0","0","0","0","2","0","2","","","","N","","","","","","","","","",""
"2021078545","1720","1","0","0","0","0","0","0","0","0","1","0","","02","8","2021","7","40.397761","-79.821054","1713","11","0","0","0","0","0","0","0","1","","0","0","0","","","0","N","1","","40 23:51.938","1","0","79 49:15.793","0","0","0","0","2111","0","0","0","N","0","0","0","4","02111","0","","1.0","1749.0","1","N","N","N","0","","0","0","1","","0","N","","2","0","0","0","0","0","0","2","0","2","","03","","N","","","","","","","","","",""
"2021107878","0238","0","0","1","0","0","0","0","0","0","7","0","","02","11","2021","5","40.323703","-79.816719","0235","11","0","0","0","0","0","0","0","0","","0","0","0","","","1","N","0","","40 19:25.331","7","0","79 49:00.189","2","0","0","0","2477","0","0","0","Y","0","0","0","1","02477","0","","5.0","1200.0","1","N","N","N","1","","0","1","0","","0","N","","1","1","0","0","0","0","0","2","0","1","","03","","N","","","","","","","","","",""
"2021119997","1756","1","0","0","0","0","0","0","0","0","8","0","","02","12","2021","4","40.448785","-79.910101","1753","11","0","0","0","0","0","0","1","0","","0","0","0","","","1","","1","","40 26:55.625","5","0","79 54:36.362","8","0","0","0","2301","1","0","0","N","1","0","0","2","02301","0","","1.0","1820.0","1","N","N","N","0","","0","0","0","","2","N","","2","1","0","0","0","1","0","2","0","1","","","","N","","","","","","","","","",""
"2021051778","1503","2","0","0","0","0","0","0","0","0","2","0","","02","6","2021","1","40.528087","-80.006924","1458","11","0","0","0","0","0","1","0","1","","0","0","0","","","1","Y","0","","40 31:41.113","","7","80 00:24.925","8","0","0","0","2116","0","0","0","N","0","0","0","3","02116","0","","1.0","","1","N","N","N","0","","0","0","1","","2","","","3","1","0","0","0","1","0","2","0","3","","03","","N","","","","","","","","","",""
"2021075513","2157","1","0","0","0","0","0","0","0","0","2","0","","02","6","2021","6","40.396369","-79.805672","2155","11","0","0","0","0","0","1","0","0","","0","0","0","","","1","N","0","","40 23:46.930","3","0","79 48:20.420","3","0","0","0","2479","0","0","0","N","0","0","0","1","02501","0","","1.0","2215.0","1","N","N","N","0","","1","0","0","","0","N","","1","1","0","0","0","0","0","2","0","1","","","","N","","","","","","","","","",""
"2021120145","2126","1","0","0","0","0","0","0","0","0","7","0","","02","12","2021","4","40.464754","-79.957824","2120","11","0","0","0","0","0","0","0","0","","0","0","0","","","0","","2","","40 27:53.113","5","0","79 57:28.166","0","0","0","0","2301","0","0","0","N","0","0","0","1","02301","0","","2.0","2218.0","1","N","N","N","0","","0","0","0","","0","Y","","1","0","0","0","0","0","0","2","0","1","","03","","N","","","","","","","","","",""
"2021120206","1328","0","0","0","0","0","0","0","0","0","3","0","","02","12","2021","2","40.34837","-79.944808","1326","11","0","0","0","0","0","0","0","1","","0","0","0","","","1","","1","","40 20:54.133","3","0","79 56:41.310","8","0","0","0","2473","0","0","0","N","0","0","0","3","02473","0","","1.0","1427.0","1","N","N","N","1","","0","0","1","","2","N","","2","1","0","0","0","1","0","2","0","2","","04","","N","","","","","","","","","",""
"2021120707","0750","1","0","0","0","0","0","0","0","0","7","0","","02","11","2021","3","40.438523","-80.00681","0734","11","0","0","0","0","0","0","0","0","","0","0","0","","","0","N","0","","40 26:18.681","3","3","80 00:24.516","0","0","0","0","2301","0","0","0","N","0","0","0","1","68B03","0","","2.0","801.0","9","N","N","N","0","","0","0","0","","0","N","","1","0","0","0","0","0","0","2","0","1","","","","N","","","","","","","","","",""
"2021084603","1021","1","0","0","0","0","0","0","0","0","1","0","","02","8","2021","7","40.427888","-79.924831","1004","11","0","0","0","0","0","0","0","0","","0","0","0","","","0","N","0","","40 25:40.398","","4","79 55:29.393","0","0","0","0","2301","0","0","0","N","0","0","0","2","68B03","0","","1.0","","1","N","N","N","0","","0","0","1","","0","","","2","0","0","0","0","0","0","2","0","2","","03","","N","","","","","","","","","",""
"2021078297","1129","1","0","0","0","0","0","0","0","0","4","0","","02","8","2021","7","40.331783","-79.985984","1125","11","1","0","0","0","0","0","0","0","","0","0","0","","","0","","2","","40 19:54.420","","0","79 59:09.541","0","0","0","0","2403","0","0","0","N","0","0","0","4","02403","0","","1.0","","1","N","N","N","0","","0","0","1","","2","","","2","0","0","0","0","0","0","2","0","2","","","","N","","","","","","","","","",""
"2021081905","1854","1","0","0","0","0","0","0","0","0","7","0","","02","8","2021","4","40.550636","-79.818446","1838","11","0","0","0","0","0","0","0","0","","0","0","0","","","2","N","0","","40 33:02.288","2","0","79 49:06.405","4","0","0","0","2208","0","0","0","N","0","0","0","2","68D02","2","","5.0","100.0","9","N","N","N","0","","0","0","0","","0","Y","","1","2","0","0","0","0","0","2","0","1","","","","N","","","","","","","","","",""
"2021110281","1900","1","0","0","0","0","0","0","0","0","7","0","","02","11","2021","6","40.380928","-79.814622","1857","11","0","0","0","0","0","0","0","0","","0","0","0","","","0","","3","","40 22:51.342","7","0","79 48:52.638","0","0","0","0","2424","0","0","0","N","0","0","0","2","02424","0","","4.0","2028.0","1","N","N","N","0","","0","0","0","","3","Y","","1","0","0","0","0","0","0","2","0","1","","","","N","","","","","","","","","",""
"2021080464","1159","2","0","0","0","0","0","0","0","0","4","0","","02","8","2021","5","40.439339","-79.768567","1153","11","0","0","0","0","0","1","0","0","","0","0","0","","","0","Y","0","","40 26:21.620","2","7","79 46:06.840","0","0","0","0","2446","0","0","0","N","0","0","0","2","02446","0","","1.0","1215.0","1","N","N","N","0","","0","0","0","","0","N","","2","0","0","0","0","0","0","2","0","2","","03","","N","","","","","","","","","",""
"2021120697","1700","0","0","0","0","0","0","0","0","0","5","0","","02","11","2021","5","40.427936","-79.948617","1648","11","0","0","0","0","0","1","0","0","","0","0","0","","","0","N","0","","40 25:40.570","3","0","79 56:55.022","0","0","0","0","2301","0","0","0","N","0","0","0","2","68B03","0","","1.0","1705.0","9","N","N","N","0","","0","0","2","","0","N","","2","0","0","0","0","0","0","2","0","2","","04","","N","","","","","","","","","",""
"2021103317","1817","1","0","0","0","0","0","0","0","0","1","0","","02","8","2021","3","40.440047","-79.759788","1756","11","0","0","0","0","0","0","0","0","","0","0","0","","","0","N","0","","40 26:24.168","3","0","79 45:35.237","0","0","0","0","2446","0","0","0","N","0","0","0","2","68B03","0","","1.0","1902.0","1","N","N","N","0","","0","0","0","","0","N","","2","0","0","0","0","0","0","2","1","2","","","","N","","","","","","","","","",""
"2021078694","0338","0","0","0","0","0","0","0","0","0","1","0","","02","8","2021","1","40.449778","-79.888833","0330","11","0","0","0","0","0","0","0","0","","0","0","0","","","0","N","0","","40 26:59.200","","0","79 53:19.800","9","0","0","0","2301","0","0","0","N","0","0","0","1","02301","0","","2.0","","1","N","N","N","1","","0","0","1","","0","","","2","0","0","0","0","0","1","2","0","2","","03","","N","","","","","","","","","",""
"2021118724","2323","0","0","0","0","0","0","0","0","0","7","0","","02","12","2021","1","40.444143","-79.993486","2320","11","0","0","0","0","0","0","0","1","","0","0","0","","","0","N","2","","40 26:38.914","","7","79 59:36.551","0","0","0","0","2301","0","0","0","N","0","0","0","1","02301","0","","5.0","","1","N","N","N","0","","0","0","1","","2","","","1","0","0","0","0","0","0","2","0","1","","03","","N","","","","","","","","","",""
"2021116045","0653","1","0","0","0","0","0","0","0","0","7","0","","02","11","2021","4","40.311645","-79.937938","0647","11","0","0","0","0","0","1","0","0","","0","0","0","","","0","N","0","","40 18:41.921","1","0","79 56:16.578","0","0","0","0","2440","0","0","0","N","0","0","0","1","02440","0","","5.0","826.0","1","N","N","N","0","","0","0","0","","0","N","","1","0","0","0","0","0","0","2","0","1","","03","","N","","","","","","","","","",""
"2021116442","1231","1","0","0","0","0","0","0","0","0","1","0","","02","11","2021","3","40.424783","-79.92699","1221","11","0","0","0","0","0","2","0","0","","0","0","0","","","0","N","1","","40 25:29.218","","0","79 55:37.164","0","0","0","0","2301","0","0","0","N","0","0","0","2","02301","0","","1.0","","1","N","N","N","1","","0","0","0","","0","","","2","0","0","0","0","0","0","2","0","2","","04","","N","","","","","","","","","",""
"2021079702","0942","0","0","0","0","0","0","0","0","0","4","0","","02","8","2021","4","40.46425","-79.925551","0938","11","0","0","0","0","0","0","1","0","","0","0","0","","","0","N","1","","40 27:51.299","","0","79 55:31.983","0","0","0","0","2301","0","0","0","N","0","0","0","2","02301","0","","1.0","","1","N","N","N","0","","0","0","2","","3","","","2","0","0","0","0","0","0","2","0","2","","03","","N","","","","","","","","","",""
"2021078676","1858","0","0","0","0","0","0","0","0","0","7","0","","02","8","2021","1","40.411889","-79.825452","1852","11","0","0","0","0","0","0","0","0","","0","0","0","","","0","N","0","","40 24:42.799","1","0","79 49:31.627","0","0","0","0","2467","0","0","0","N","0","0","0","1","02467","0","","2.0","1936.0","1","N","N","N","0","","0","0","1","","0","Y","","1","0","0","0","0","0","0","2","0","1","","","","N","","","","","","","","","",""
"2021120085","0812","1","0","0","0","0","0","0","0","0","4","0","","02","12","2021","2","40.43636","-80.015909","0812","11","0","0","0","0","0","0","0","0","","0","0","0","","","1","N","0","","40 26:10.896","","4","80 00:57.273","3","0","0","0","2301","0","0","0","N","0","0","0","2","68B03","0","","1.0","","9","N","N","N","0","","1","0","1","","0","","","2","1","0","0","0","0","0","2","0","2","","07","","N","","","","","","","","","",""
"2021082673","2307","2","0","0","0","0","0","0","0","0","1","0","50","02","8","2021","1","40.423534","-80.030443","2301","11","0","0","0","0","0","0","0","0","","0","0","0","","","1","N","0","","40 25:24.724","3","0","80 01:49.596","3","0","0","0","2301","0","0","0","N","0","0","0","3","68B03","0","","1.0","5.0","1","N","N","N","0","","1","0","0","","0","N","","3","1","1","0","0","0","0","2","1","3","","","N","Y","2","2","","","N","","","Y","","N"
"2021108534","1533","0","0","0","0","0","0","0","0","0","4","0","","02","11","2021","3","40.53686","-80.184969","1528","11","0","0","0","0","0","1","0","0","","0","0","0","","","1","N","1","","40 32:12.696","1","0","80 11:05.890","4","0","0","0","2458","0","0","0","N","0","0","0","6","02458","1","","1.0","1600.0","1","N","N","N","0","","0","0","2","","2","N","","4","1","0","0","0","0","1","2","2","4","","03","","N","","","","","","","","","",""
"2021120772","1631","2","0","0","0","0","0","0","0","0","4","0","","02","12","2021","6","40.484349","-80.036986","1621","11","0","0","0","0","0","0","0","1","","0","0","0","","","0","N","1","","40 29:03.656","4","0","80 02:13.149","0","0","0","0","2301","0","0","0","N","0","0","0","2","02301","0","","1.0","1700.0","1","N","N","N","0","","0","0","0","","3","Y","","2","0","0","0","0","0","0","2","0","2","","","","N","","","","","","","","","",""
"2021119024","0800","0","0","0","0","0","0","0","0","0","5","0","","02","11","2021","4","40.445979","-80.009728","0745","11","0","0","0","0","0","1","0","0","","0","0","0","","","2","N","0","","40 26:45.526","2","0","80 00:35.019","3","0","0","0","2301","0","0","0","Y","0","0","0","3","68B03","0","","1.0","2045.0","1","N","N","N","0","","2","0","2","","0","Y","","2","2","0","0","0","0","0","2","0","2","","","","N","","","","","","","","","",""
"2021120673","0952","2","0","0","0","0","0","0","0","0","5","0","","02","11","2021","4","40.415013","-80.061249","0948","11","0","0","0","0","0","0","0","0","","0","0","0","","","0","N","0","","40 24:54.046","3","0","80 03:40.498","0","0","0","0","2435","0","0","0","N","0","0","0","2","68B03","0","","1.0","1015.0","1","N","N","N","0","","0","0","0","","0","N","","2","0","0","0","0","0","0","2","0","2","","03","","N","","","","","","","","","",""
"2021078768","0755","1","0","0","0","0","0","0","0","0","7","0","","02","8","2021","2","40.432372","-79.864851","0755","11","0","0","0","0","0","0","0","0","","0","0","0","","","0","N","1","","40 25:56.539","4","0","79 51:53.464","0","0","0","0","2431","0","0","0","Y","0","0","0","2","02431","0","","5.0","848.0","9","N","N","N","0","","0","0","1","","2","N","","2","0","0","0","0","0","0","2","0","2","","","","N","","","","","","","","","",""
"2021106815","1204","1","0","0","0","0","0","0","0","0","4","0","","02","11","2021","5","40.464546","-80.057973","1203","11","0","0","0","0","0","0","0","0","","0","0","0","","","0","N","1","","40 27:52.367","2","0","80 03:28.704","0","0","0","0","2444","0","0","0","N","0","0","0","3","02444","0","","1.0","1230.0","1","N","N","N","0","","0","0","1","","2","N","","2","0","0","0","0","0","0","2","0","2","","03","","N","","","","","","","","","",""
"2021116155","2154","1","0","0","0","0","0","0","0","0","7","0","","02","11","2021","5","40.448109","-79.709518","2151","11","0","0","0","0","0","0","0","0","","0","0","0","","","1","N","0","","40 26:53.191","5","0","79 42:34.263","2","0","0","0","2466","0","0","0","N","0","0","0","1","02466","0","","5.0","800.0","1","N","N","N","0","","0","1","0","","0","N","","1","1","1","0","1","0","0","2","0","1","","","","N","","","","","","","","","",""
"2021117286","1940","0","0","0","0","0","0","0","0","0","7","0","","02","10","2021","1","40.497886","-80.027365","1932","11","0","0","0","0","0","1","0","0","","0","0","0","","","0","N","0","","40 29:52.389","","0","80 01:38.515","0","0","0","0","2116","0","0","0","N","0","0","0","1","02116","0","","5.0","","1","N","N","N","0","","0","0","1","","0","","","1","0","0","0","0","0","0","2","0","1","","03","","N","","","","","","","","","",""
"2021120934","0740","1","0","0","0","0","0","0","0","0","98","0","","02","12","2021","5","40.278355","-79.938026","0704","11","0","0","0","0","0","1","0","0","","0","0","0","","","0","N","0","","40 16:42.078","","0","79 56:16.895","0","0","0","0","2440","0","0","0","N","0","0","0","1","68T09","0","","1.0","","1","N","N","N","0","","0","0","0","","0","","","1","0","0","0","0","0","0","2","0","1","","","","N","","","","","","","","","",""
"2021119040","0644","1","0","0","0","0","0","0","0","0","7","0","","02","11","2021","7","40.551229","-80.086811","0614","11","0","0","0","0","0","0","0","0","","0","0","0","","","0","N","0","","40 33:04.423","","0","80 05:12.519","0","0","0","0","2215","0","0","0","N","0","0","0","1","68B03","0","","4.0","","1","N","N","N","0","","0","0","0","","0","","","1","0","0","0","0","0","0","2","0","1","","03","","N","","","","","","","","","",""
"2021120054","0540","1","0","0","0","0","0","0","0","0","7","0","","02","11","2021","6","40.427881","-79.948838","0540","11","0","0","0","0","0","0","0","0","","0","0","0","","","1","N","0","","40 25:40.373","3","0","79 56:55.816","8","0","0","0","2301","0","0","0","N","0","0","0","1","68B03","0","","5.0","115.0","9","N","N","N","0","","0","0","0","","0","N","","1","1","1","0","0","1","0","2","0","1","","07","","N","","","","","","","","","",""
"2021120467","1215","1","0","0","0","0","0","0","0","0","7","0","","02","11","2021","7","40.617574","-79.980648","1213","11","0","0","0","0","0","0","1","0","","0","0","0","","","0","N","0","","40 37:03.267","","0","79 58:50.333","0","0","0","0","2217","0","0","0","N","0","0","0","2","68T02","0","","4.0","","1","N","N","N","0","","0","0","1","","0","","","2","0","0","0","0","0","0","1","0","2","","03","","N","","","","","","","","","",""
"2021081543","1430","1","0","0","0","0","0","0","0","0","4","0","","02","8","2021","3","40.447435","-79.942465","1430","11","0","0","0","0","0","1","0","1","","0","0","0","","","2","N","1","","40 26:50.767","","0","79 56:32.873","8","0","0","0","2301","0","0","0","N","0","0","0","2","02301","0","","1.0","","1","N","N","N","0","","0","0","1","","2","","","2","2","0","0","0","2","0","2","0","2","","03","","N","","","","","","","","","",""
"2021078500","1008","1","0","0","0","0","0","0","0","0","4","0","","02","8","2021","1","40.473234","-79.84821","1006","11","0","0","0","0","0","0","0","1","","0","0","0","","","1","N","2","","40 28:23.641","","0","79 50:53.556","3","0","0","0","2113","0","0","0","N","0","0","0","2","02113","0","","1.0","","1","N","N","N","1","","1","0","0","","0","","","2","1","0","0","0","0","0","2","0","2","","","","N","","","","","","","","","",""
"2021119399","2107","0","0","0","0","0","0","0","0","0","98","0","","02","12","2021","6","40.446046","-79.753704","2053","11","0","0","0","0","0","1","0","0","","0","0","0","","","0","N","0","","40 26:45.767","","0","79 45:13.335","0","0","0","0","2446","0","0","0","N","0","0","0","2","68T02","0","","1.0","","1","N","N","N","0","","0","0","1","","0","","","1","0","0","0","0","0","0","2","0","1","","03","","N","","","","","","","","","",""
"2021082982","1510","1","0","0","0","0","0","0","0","0","5","0","","02","8","2021","3","40.425556","-79.927944","1500","11","0","0","0","0","0","1","0","0","","0","0","0","","","0","N","0","","40 25:32.000","","0","79 55:40.600","0","0","0","0","2301","0","0","0","N","0","0","0","2","02301","0","","1.0","","1","N","N","N","1","","0","0","1","","0","","","3","0","0","0","0","0","0","2","0","3","","03","","N","","","","","","","","","",""
"2021119034","1431","1","0","0","0","0","0","0","0","0","5","0","","02","11","2021","6","40.608439","-80.094753","1408","11","0","0","0","0","0","1","0","1","","0","0","0","","","1","N","0","","40 36:30.382","2","0","80 05:41.111","3","0","0","0","2481","0","0","0","N","0","0","0","3","68B03","0","","1.0","1549.0","1","N","N","N","0","","1","0","2","","0","N","","3","1","0","0","0","0","0","2","0","3","","03","","N","","","","","","","","","",""
"2021120370","2355","1","0","0","0","0","0","0","0","0","7","0","","02","12","2021","4","40.331307","-80.070204","2355","11","0","0","0","0","0","1","0","0","","0","0","0","","","0","","7","","40 19:52.705","3","2","80 04:12.736","0","0","0","0","2123","0","0","0","N","0","0","0","1","02123","0","","4.0","23.0","1","N","N","N","0","","0","0","0","","0","N","","1","0","0","0","0","0","0","2","0","1","","03","","N","","","","","","","","","",""
"2021078165","0222","1","0","0","0","0","0","0","0","0","2","0","","02","8","2021","7","40.457569","-79.901539","0222","11","0","0","0","0","0","0","0","0","","0","0","0","","","0","N","1","","40 27:27.247","","0","79 54:05.539","0","0","0","0","2301","0","0","0","N","0","0","0","3","02301","0","","1.0","","1","N","N","N","0","","0","0","1","","2","","","2","0","1","0","0","0","0","2","0","2","","03","","N","","","","","","","","","",""
"2021119906","0212","1","0","0","0","0","0","0","0","0","7","0","","02","12","2021","7","40.460719","-79.759908","0146","11","0","0","0","0","0","0","0","0","","0","0","0","","","4","N","0","","40 27:38.590","3","0","79 45:35.670","2","0","0","0","2446","0","0","0","N","0","0","0","4","68T02","0","","4.0","300.0","1","N","N","N","0","","3","1","0","","0","N","","1","4","3","0","1","0","0","2","0","1","","","","N","","","","","","","","","",""
"2021081477","2158","2","0","0","0","0","0","0","0","0","4","0","","02","8","2021","7","40.519326","-80.166163","2157","11","0","0","0","1","0","0","0","0","","0","0","0","","","0","","1","","40 31:09.574","","0","80 09:58.186","0","0","0","0","2420","0","0","0","N","0","0","0","2","02420","0","","1.0","","1","N","N","N","0","","0","0","0","","2","","","2","0","2","0","0","0","0","2","0","2","","03","","N","","","","","","","","","",""
"2021119989","1458","1","0","0","0","0","0","0","0","0","2","0","","02","12","2021","4","40.565864","-80.059506","1452","11","0","0","0","0","0","0","0","1","","0","0","0","","","2","N","0","","40 33:57.111","5","0","80 03:34.223","3","0","0","0","2108","0","0","0","N","0","0","0","3","02108","0","","1.0","1630.0","1","N","N","N","0","","2","0","1","","0","Y","","2","2","0","0","0","0","0","2","0","2","","","","N","","","","","","","","","",""
"2021117838","2015","2","0","0","0","0","0","0","0","0","4","0","","02","12","2021","5","40.449684","-80.018343","2006","11","0","0","0","0","0","0","0","0","","0","0","0","","","0","N","1","","40 26:58.864","5","0","80 01:06.033","9","0","0","0","2301","0","0","0","N","0","0","0","3","02301","0","","1.0","2040.0","1","N","N","N","0","","0","0","0","","2","N","","2","0","0","0","0","0","2","2","0","2","","03","","N","","","","","","","","","",""
"2021078684","1600","0","0","0","0","0","0","0","0","0","1","0","","02","8","2021","1","40.527815","-80.162592","1555","11","0","0","0","0","0","0","1","0","","0","0","0","","","1","N","0","","40 31:40.134","1","0","80 09:45.330","3","0","0","0","2452","0","0","0","N","0","0","0","4","02458","0","","1.0","1650.0","1","N","N","N","1","","1","0","1","","0","N","","2","1","0","0","0","0","0","2","0","2","","03","","N","","","","","","","","","",""
"2021119056","1816","2","0","0","0","0","0","0","0","0","4","0","","02","11","2021","3","40.490718","-79.881551","1744","11","0","0","0","0","0","1","0","0","","0","0","0","","","0","N","0","","40 29:26.586","1","0","79 52:53.584","0","0","0","0","2112","0","0","0","N","0","0","0","3","68D02","0","","1.0","1910.0","1","N","N","N","1","","0","0","0","","0","N","","3","0","0","0","0","0","0","2","0","3","","","","N","","","","","","","","","",""
"2021078544","1545","1","0","0","0","0","0","0","0","0","4","0","","02","8","2021","6","40.451847","-79.981412","1530","11","0","0","0","0","1","0","0","0","","0","0","0","","","0","N","0","","40 27:06.649","4","7","79 58:53.082","0","0","0","0","2301","0","0","0","N","0","0","0","3","02301","0","","1.0","1615.0","1","N","N","N","1","","0","0","0","","0","Y","","2","0","0","0","0","0","0","2","0","2","","03","","N","","","","","","","","","",""
"2021086904","1920","0","0","0","0","0","0","0","0","0","98","0","","02","8","2021","3","40.507541","-80.223293","1912","11","0","0","0","0","0","1","0","0","","0","0","0","","","1","N","0","","40 30:27.146","","0","80 13:23.855","3","0","0","0","2213","0","0","0","N","0","0","0","1","02213","0","","1.0","","1","N","N","N","0","","1","0","1","","0","","","1","1","0","0","0","0","0","2","0","1","","","","N","","","","","","","","","",""
"2021078808","1218","1","0","0","0","0","0","0","0","0","1","0","","02","8","2021","2","40.571788","-79.961189","1209","11","0","0","0","0","0","0","1","0","","0","0","0","","","0","Y","1","","40 34:18.435","","0","79 57:40.281","0","0","0","0","2207","0","0","0","N","0","0","0","2","02207","0","","1.0","","1","N","N","N","0","","0","0","1","","0","","","2","0","0","0","0","0","0","2","0","2","","","","N","","","","","","","","","",""
"2021114463","0820","0","0","0","0","0","0","0","0","0","4","0","","02","11","2021","5","40.297233","-79.916944","0809","11","0","0","0","0","0","0","0","0","","0","0","0","","","1","Y","2","","40 17:50.037","1","0","79 55:01.000","3","0","0","0","2440","0","0","0","N","0","0","0","2","68T09","0","","1.0","851.0","9","N","N","N","1","","1","0","0","","3","N","","2","1","0","0","0","0","0","2","1","2","","","","N","","","","","","","","","",""
"2021099391","0118","2","0","0","0","0","0","0","0","0","1","0","","02","8","2021","3","40.460561","-79.922389","0115","11","0","0","0","0","0","0","0","0","","0","0","0","","","0","","1","","40 27:38.021","","0","79 55:20.602","0","0","0","0","2301","0","0","0","N","0","0","0","2","02301","0","","1.0","","1","N","N","N","0","","0","0","0","","2","","","2","0","0","0","0","0","0","2","0","2","","","","N","","","","","","","","","",""
"2021118854","1234","1","0","0","0","0","0","0","0","0","0","0","","02","12","2021","2","40.461091","-79.866318","1232","11","0","0","0","0","0","0","0","0","","0","0","0","","","0","N","1","","40 27:39.926","1","0","79 51:58.745","0","0","0","0","2113","0","0","0","N","0","0","0","1","02113","0","","1.0","1300.0","9","N","N","N","0","","0","0","0","","0","N","","1","0","0","0","0","0","0","2","0","1","","","","N","","","","","","","","","",""
"2021080061","0223","1","0","0","0","0","0","0","0","0","4","0","","02","8","2021","7","40.460583","-79.914167","0220","11","0","0","0","0","0","1","0","0","","0","0","0","","","1","N","0","","40 27:38.100","","7","79 54:51.000","8","0","0","0","2301","0","0","0","N","0","0","0","2","02301","0","","1.0","","1","N","N","N","0","","0","0","1","","0","","","2","1","0","0","0","1","0","2","0","2","","03","","N","","","","","","","","","",""
"2021118144","0706","1","0","0","0","0","0","0","0","0","4","0","","02","12","2021","6","40.310528","-79.949797","0659","11","0","0","0","0","0","0","0","0","","0","0","0","","","2","","1","","40 18:37.901","2","0","79 56:59.269","4","0","0","0","2440","0","0","0","N","0","0","0","2","02440","2","","1.0","729.0","1","N","N","N","0","","0","0","1","","3","N","","2","2","0","0","0","0","0","2","0","2","","","","N","","","","","","","","","",""
"2021079469","1740","1","0","0","0","0","0","0","0","0","1","0","","02","8","2021","3","40.326006","-79.793457","1738","11","0","0","0","0","0","0","0","0","","0","0","0","","","0","","2","","40 19:33.622","","0","79 47:36.446","0","0","0","0","2477","0","0","0","N","0","0","0","6","02477","0","","1.0","","1","N","N","N","1","","0","0","0","","0","","","2","0","0","0","0","0","0","2","0","2","","03","","N","","","","","","","","","",""
"2021057019","1230","2","0","0","0","0","0","0","0","0","4","0","","02","6","2021","3","","","1230","11","0","0","0","0","0","1","0","0","","0","0","0","","","0","N","2","","","","0","","0","0","0","0","2473","0","0","0","N","0","0","0","4","02473","0","","1.0","","1","N","N","N","0","","0","0","0","","3","","","2","0","0","0","0","0","0","1","0","2","","03","","N","","","","","","","","","",""