"CRN","ARRIVAL_TM","AUTOMOBILE_COUNT","BELTED_DEATH_COUNT","BELTED_SUSP_SERIOUS_INJ_COUNT","BICYCLE_COUNT","BICYCLE_DEATH_COUNT","BICYCLE_SUSP_SERIOUS_INJ_COUNT","BUS_COUNT","CHLDPAS_DEATH_COUNT","CHLDPAS_SUSP_SERIOUS_INJ_COUNT","COLLISION_TYPE","COMM_VEH_COUNT","CONS_ZONE_SPD_LIM","COUNTY","CRASH_MONTH","CRASH_YEAR","DAY_OF_WEEK","DEC_LATITUDE","DEC_LONGITUDE","DISPATCH_TM","DISTRICT","DRIVER_COUNT_16YR","DRIVER_COUNT_17YR","DRIVER_COUNT_18YR","DRIVER_COUNT_19YR","DRIVER_COUNT_20YR","DRIVER_COUNT_50_64YR","DRIVER_COUNT_65_74YR","DRIVER_COUNT_75PLUS","EST_HRS_CLOSED","FATAL_COUNT","HEAVY_TRUCK_COUNT","HORSE_BUGGY_COUNT","HOUR_OF_DAY","ILLUMINATION","INJURY_COUNT","INTERSECTION_RELATED","INTERSECT_TYPE","LANE_CLOSED","LATITUDE","LN_CLOSE_DIR","LOCATION_TYPE","LONGITUDE","MAX_SEVERITY_LEVEL","MCYCLE_DEATH_COUNT","MCYCLE_SUSP_SERIOUS_INJ_COUNT","MOTORCYCLE_COUNT","MUNICIPALITY","NONMOTR_COUNT","NONMOTR_DEATH_COUNT","NONMOTR_SUSP_SERIOUS_INJ_COUNT","NTFY_HIWY_MAINT","PED_COUNT","PED_DEATH_COUNT","PED_SUSP_SERIOUS_INJ_COUNT","PERSON_COUNT","POLICE_AGCY","POSSIBLE_INJ_COUNT","RDWY_SURF_TYPE_CD","RELATION_TO_ROAD","ROADWAY_CLEARED","ROAD_CONDITION","SCH_BUS_IND","SCH_ZONE_IND","SECONDARY_CRASH","SMALL_TRUCK_COUNT","SPEC_JURIS_CD","SUSP_MINOR_INJ_COUNT","SUSP_SERIOUS_INJ_COUNT","SUV_COUNT","TCD_FUNC_CD","TCD_TYPE","TFC_DETOUR_IND","TIME_OF_DAY","TOTAL_UNITS","TOT_INJ_COUNT","UNBELTED_OCC_COUNT","UNB_DEATH_COUNT","UNB_SUSP_SERIOUS_INJ_COUNT","UNK_INJ_DEG_COUNT","UNK_INJ_PER_COUNT","URBAN_RURAL","VAN_COUNT","VEHICLE_COUNT","WEATHER1","WEATHER2","WORKERS_PRES","WORK_ZONE_IND","WORK_ZONE_LOC","WORK_ZONE_TYPE","WZ_CLOSE_DETOUR","WZ_FLAGGER","WZ_LAW_OFFCR_IND","WZ_LN_CLOSURE","WZ_MOVING","WZ_OTHER","WZ_SHLDER_MDN","WZ_WORKERS_INJ_KILLED"
"2021118967","1653","1","0","0","0","0","0","0","0","0","1","0","","02","10","2021","2","40.441983","-79.762426","1559","11","0","0","0","0","0","1","0","1","","0","0","0","","","0","N","7","","40 26:31.138","","2","79 45:44.735","0","0","0","0","2446","0","0","0","N","0","0","0","4","68B03","0","","1.0","","1","N","N","N","1","","0","0","0","","0","","","2","0","0","0","0","0","0","2","0","2","","03","","N","","","","","","","","","",""
"2021118475","1925","1","0","0","0","0","0","0","0","0","4","0","","02","12","2021","6","40.500056","-79.963483","1918","11","0","0","0","0","0","0","1","0","","0","0","0","","","0","","2","","40 30:00.202","","0","79 57:48.540","0","0","0","0","2118","0","0","0","N","0","0","0","2","02118","0","","1.0","","1","N","N","N","1","","0","0","0","","3","","","2","0","0","0","0","0","0","2","0","2","","","","N","","","","","","","","","",""
"2021079691","0848","0","0","0","0","0","0","0","0","0","3","0","","02","8","2021","4","40.454194","-79.836028","0840","11","0","0","0","0","0","1","0","0","","0","0","0","","","0","N","0","","40 27:15.100","","0","79 50:09.700","0","0","0","0","2113","0","0","0","N","0","0","0","1","02113","0","","6.0","","1","N","N","N","1","","0","0","1","","0","","","2","0","1","0","0","0","0","2","0","2","","","","N","","","","","","","","","",""
"2021079233","0639","0","0","0","0","0","0","0","0","0","7","0","","02","8","2021","1","40.409187","-79.897147","0628","11","0","0","0","0","0","0","0","0","","0","0","0","","","1","N","0","","40 24:33.073","","0","79 53:49.729","4","0","0","0","2448","0","0","0","N","0","0","0","1","02448","1","","1.0","","1","N","N","N","0","","0","0","1","","0","","","1","1","0","0","0","0","0","2","0","1","","","","N","","","","","","","","","",""
"2021078254","0834","0","0","0","0","0","0","0","0","0","7","0","","02","8","2021","7","40.49102","-80.060198","0831","11","0","0","0","0","0","1","0","0","","0","0","0","","","1","N","2","","40 29:27.672","6","0","80 03:36.712","8","0","0","1","2404","0","0","0","N","0","0","0","1","02404","0","","4.0","900.0","1","N","N","N","0","","0","0","0","","0","Y","","1","1","0","0","0","1","0","2","0","1","","","","N","","","","","","","","","",""
"2021078337","1809","1","0","0","0","0","0","0","0","0","2","0","","02","8","2021","6","40.538676","-79.830456","1805","11","0","0","0","0","0","1","1","0","","0","0","0","","","1","","2","","40 32:19.234","2","0","79 49:49.643","2","0","1","1","2208","0","0","0","N","0","0","0","3","02208","0","","1.0","1844.0","1","N","N","Y","0","","0","1","1","","2","N","","3","1","0","0","0","0","0","2","0","3","","","","N","","","","","","","","","",""
"2021080854","1428","1","0","0","0","0","0","0","0","0","4","0","","02","8","2021","5","40.55644","-79.819365","1424","11","0","0","0","0","0","1","0","0","","0","0","0","","","0","","1","","40 33:23.185","","0","79 49:09.713","0","0","0","0","2208","0","0","0","N","0","0","0","2","02208","0","","1.0","","1","N","N","N","1","","0","0","0","","3","","","2","0","0","0","0","0","0","2","0","2","","03","","N","","","","","","","","","",""
"2021079870","1512","1","0","0","0","0","0","0","0","0","4","0","","02","8","2021","4","40.454043","-79.912443","1505","11","0","0","0","0","0","1","0","1","","0","0","0","","","0","","1","","40 27:14.553","","0","79 54:44.793","9","0","0","0","2301","0","0","0","N","0","0","0","3","02301","0","","1.0","","1","N","N","N","0","","0","0","1","","2","","","2","0","0","0","0","0","1","2","0","2","","","","N","","","","","","","","","",""
"2021080309","1717","0","0","0","0","0","0","0","0","0","7","0","","02","8","2021","5","40.424848","-79.984638","1715","11","0","0","0","0","0","0","0","0","","0","0","0","","","0","N","3","","40 25:29.451","","0","79 59:04.697","9","0","0","0","2301","0","0","0","N","0","0","0","1","02301","0","","5.0","","1","N","N","N","0","","0","0","1","","0","","","1","0","0","0","0","0","1","2","0","1","","03","","N","","","","","","","","","",""
"2021080083","0113","0","0","0","0","0","0","0","0","0","7","0","","02","8","2021","7","40.382191","-80.037818","0109","11","0","0","0","0","0","0","0","0","","0","0","0","","","0","","2","","40 22:55.888","","0","80 02:16.144","0","0","0","0","2109","0","0","0","N","0","0","0","1","02109","0","","4.0","","1","N","N","N","0","","0","0","1","","0","","","1","0","0","0","0","0","0","2","0","1","","","","N","","","","","","","","","",""
"2021119809","0709","0","0","0","0","0","0","0","0","0","4","0","","02","12","2021","4","40.348892","-79.938642","0704","11","0","0","0","0","0","0","0","0","","0","0","0","","","0","N","0","","40 20:56.012","3","0","79 56:19.110","0","0","0","0","2473","0","0","0","N","0","0","0","3","02473","0","","1.0","805.0","1","N","N","Y","0","","0","0","2","","2","N","","2","0","0","0","0","0","0","2","0","2","","03","","N","","","","","","","","","",""
"2021079163","0252","0","0","0","0","0","0","0","0","0","2","0","","02","8","2021","3","40.524018","-79.830926","0252","11","0","0","0","0","0","0","0","0","","0","0","0","","","1","Y","0","","40 31:26.466","3","0","79 49:51.335","2","0","0","0","2451","0","0","0","N","0","0","0","1","02451","0","","1.0","342.0","1","N","N","N","0","","0","1","1","","0","N","","1","1","1","0","1","0","0","2","0","1","","","","N","","","","","","","","","",""
"2021078151","0039","1","0","0","0","0","0","0","0","0","7","0","","02","8","2021","7","40.435358","-80.012873","0034","11","0","0","0","1","0","0","0","0","","0","0","0","","","1","N","1","","40 26:07.288","2","0","80 00:46.344","3","0","0","0","2301","0","0","0","Y","0","0","0","3","02301","0","","5.0","116.0","1","N","N","Y","0","","1","0","0","","2","N","","1","1","3","0","0","0","0","2","0","1","","03","","N","","","","","","","","","",""
"2021119637","0157","2","0","0","0","0","0","0","0","0","4","0","","02","12","2021","2","40.433748","-79.963721","0149","11","0","0","0","0","0","1","0","0","","0","0","0","","","0","N","0","","40 26:01.494","3","0","79 57:49.397","0","0","0","0","2301","0","0","0","N","0","0","0","2","68B03","0","","1.0","225.0","9","N","N","N","0","","0","0","0","","0","N","","2","0","0","0","0","0","0","2","0","2","","","","N","","","","","","","","","",""
"2021113588","1925","1","0","0","0","0","0","0","0","0","7","0","","02","11","2021","1","40.334505","-79.990036","1921","11","0","0","0","0","0","0","0","0","","0","0","0","","","1","N","0","","40 20:04.219","7","0","79 59:24.129","3","0","0","0","2403","0","0","0","N","0","0","0","1","02403","0","","5.0","630.0","9","N","N","N","0","","1","0","0","","0","Y","","1","1","0","0","0","0","0","2","0","1","","","","N","","","","","","","","","",""
"2021117996","0825","1","0","0","0","0","0","0","0","0","1","0","","02","12","2021","5","40.290893","-79.913601","0817","11","0","0","1","0","0","1","0","0","","0","0","0","","","0","N","0","","40 17:27.216","","0","79 54:48.962","0","0","0","0","2440","0","0","0","N","0","0","0","2","02440","0","","1.0","","1","N","N","N","0","","0","0","1","","0","","","2","0","0","0","0","0","0","2","0","2","","03","","N","","","","","","","","","",""
"2021119871","1735","1","0","0","0","0","0","0","0","0","1","0","","02","11","2021","4","40.45434","-80.181906","1729","11","0","0","0","0","0","0","0","0","","0","0","0","","","2","N","0","","40 27:15.623","3","0","80 10:54.860","4","0","0","0","2214","0","0","0","N","0","0","0","2","68B03","2","","1.0","1755.0","1","N","N","N","0","","0","0","1","","0","N","","2","2","0","0","0","0","0","2","0","2","","03","","N","","","","","","","","","",""
"2021118476","1754","1","0","0","0","0","0","1","0","0","4","1","","02","12","2021","6","40.348169","-79.947256","1753","11","0","0","0","0","0","0","0","0","","0","0","0","","","1","","1","","40 20:53.410","5","0","79 56:50.120","3","0","0","0","2473","0","0","0","N","0","0","0","5","02473","0","","1.0","1845.0","1","N","N","N","1","","1","0","0","","2","N","","3","1","0","0","0","0","1","2","0","3","","03","","N","","","","","","","","","",""
"2021120678","0822","0","0","0","0","0","0","0","0","0","1","0","","02","11","2021","2","40.525467","-80.156265","0808","11","0","0","0","0","0","1","0","0","","0","0","0","","","1","N","0","","40 31:31.680","","0","80 09:22.553","8","0","0","0","2436","0","0","0","N","0","0","0","2","68B03","0","","1.0","","1","N","N","N","0","","0","0","2","","0","","","2","1","0","0","0","1","0","2","0","2","","03","","N","","","","","","","","","",""
"2021079747","1033","0","0","0","0","0","0","0","0","0","8","0","","02","8","2021","3","40.384126","-79.97767","1028","11","0","0","0","0","0","1","0","0","","0","0","0","","","1","","2","","40 23:02.853","6","0","79 58:39.612","8","0","0","0","2413","1","0","0","N","1","0","0","2","02413","0","","1.0","1102.0","1","N","N","N","1","","0","0","0","","2","Y","","2","1","0","0","0","1","0","2","0","1","","","","N","","","","","","","","","",""
"2021078789","0934","1","0","0","0","0","0","0","0","0","5","0","","02","8","2021","2","40.453722","-80.058778","0932","11","0","0","0","0","0","0","0","0","","0","0","0","","","0","N","0","","40 27:13.400","7","0","80 03:31.600","0","0","0","0","2301","0","0","0","N","0","0","0","0","02301","0","","5.0","1018.0","99","N","N","N","0","","0","0","0","","0","N","","1","0","0","0","0","0","0","2","0","1","","","","N","","","","","","","","","",""
"2021119894","1547","1","0","0","0","0","0","0","0","0","1","0","","02","11","2021","1","40.434158","-80.020083","1535","11","0","0","0","0","1","1","0","0","","0","0","0","","","0","N","0","","40 26:02.968","3","4","80 01:12.297","0","0","0","0","2301","0","0","0","N","0","0","0","2","68B03","0","","1.0","1538.0","1","N","N","N","0","","0","0","1","","0","N","","2","0","0","0","0","0","0","2","0","2","","","","N","","","","","","","","","",""
"2021078790","0955","1","0","0","0","0","0","0","0","0","4","0","","02","8","2021","2","40.47365","-79.856539","0950","11","0","0","0","0","0","0","1","0","","0","0","0","","","0","","3","","40 28:25.139","","0","79 51:23.541","0","0","0","0","2113","0","0","0","N","0","0","0","2","02113","0","","1.0","","1","N","N","N","1","","0","0","0","","3","","","2","0","0","0","0","0","0","2","0","2","","03","","N","","","","","","","","","",""
"2021119928","1308","0","0","0","0","0","0","0","0","0","2","1","","02","12","2021","4","40.465326","-79.817947","1302","11","0","0","0","0","0","0","0","0","","0","1","0","","","1","N","0","","40 27:55.172","6","0","79 49:04.608","2","0","0","0","2113","1","0","1","N","1","0","1","1","02113","0","","1.0","1335.0","9","N","N","Y","0","","0","1","0","","0","N","","4","1","0","0","0","0","0","2","2","3","","04","","N","","","","","","","","","",""
"2021080448","2245","2","0","0","0","0","0","0","0","0","2","0","","02","8","2021","5","40.474389","-80.013528","2242","11","0","0","0","0","0","0","1","0","","0","0","0","","","0","N","0","","40 28:27.800","","0","80 00:48.700","0","0","0","0","2301","0","0","0","N","0","0","0","1","02301","0","","1.0","","1","N","N","N","0","","0","0","0","","0","N","","2","0","0","0","0","0","0","2","0","2","","03","","N","","","","","","","","","",""
"2021080173","1221","0","0","0","0","0","0","0","0","0","2","0","","02","8","2021","5","40.447435","-79.942465","1221","11","0","0","0","0","0","0","0","0","","0","0","0","","","1","","1","","40 26:50.767","4","0","79 56:32.873","4","0","0","0","2301","0","0","0","N","0","0","0","2","02301","1","","1.0","1300.0","1","N","N","N","0","","0","0","2","","2","N","","2","1","0","0","0","0","0","2","0","2","","","","N","","","","","","","","","",""
"2021082486","2159","0","0","0","0","0","0","0","0","0","7","0","","02","8","2021","3","40.367337","-79.84234","2156","11","0","0","0","0","0","0","0","0","","0","0","0","","","1","","2","","40 22:02.413","2","0","79 50:32.424","2","0","1","1","2303","0","0","0","N","0","0","0","1","02303","0","","3.0","2239.0","1","N","N","N","0","","0","1","0","","2","N","","1","1","0","0","0","0","0","2","0","1","","","","N","","","","","","","","","",""
"2021120708","0759","0","0","0","0","0","0","0","0","0","1","0","","02","11","2021","3","40.449087","-80.005591","0733","11","1","0","0","0","0","1","0","0","","0","0","0","","","0","N","0","","40 26:56.714","2","0","80 00:20.128","0","0","0","0","2301","0","0","0","N","0","0","0","2","68B03","0","","1.0","800.0","9","N","N","N","1","","0","0","1","","0","N","","2","0","0","0","0","0","0","2","0","2","","03","","N","","","","","","","","","",""
"2021093493","0835","0","0","0","0","0","0","0","0","0","1","0","","02","8","2021","3","40.466964","-79.978044","0819","11","0","0","0","0","0","1","0","0","","0","0","0","","","0","N","0","","40 28:01.070","","0","79 58:40.958","0","0","0","0","2118","0","0","0","N","0","0","0","2","02118","0","","1.0","","1","N","N","N","0","","0","0","2","","0","","","2","0","0","0","0","0","0","2","0","2","","03","","N","","","","","","","","","",""
"2021118370","0710","3","0","0","0","0","0","0","0","0","6","0","","02","12","2021","4","40.355171","-79.83524","0707","11","0","0","0","1","0","1","0","0","","0","0","0","","","0","N","2","","40 21:18.617","","0","79 50:06.865","0","0","0","0","2304","0","0","0","N","0","0","0","3","02304","0","","1.0","","1","N","N","N","0","","0","0","0","","2","","","3","0","0","0","0","0","0","2","0","3","","03","","N","","","","","","","","","",""
"2021085547","2315","2","0","0","0","0","0","0","0","0","3","0","","02","8","2021","4","40.42781","-79.890413","2251","11","0","0","0","0","0","0","0","0","","0","0","0","","","0","N","0","","40 25:40.116","4","0","79 53:25.488","0","0","0","0","2426","0","0","0","N","0","0","0","2","68B03","0","","4.0","2354.0","1","N","N","N","0","","0","0","0","","0","N","","2","0","0","0","0","0","0","2","0","2","","","","N","","","","","","","","","",""
"2021118611","0706","0","0","0","0","0","0","0","0","0","4","1","","02","11","2021","4","40.388206","-79.773411","0659","11","0","0","0","0","0","1","0","0","","0","1","0","","","0","","3","","40 23:17.543","","0","79 46:24.280","0","0","0","0","2470","0","0","0","N","0","0","0","2","02424","0","","1.0","","1","N","N","N","0","","0","0","1","","3","","","2","0","1","0","0","0","0","2","0","2","","03","","N","","","","","","","","","",""
"2021118437","1447","1","0","0","0","0","0","0","0","0","98","0","","02","12","2021","6","40.516328","-79.77373","1430","11","0","0","0","0","0","0","1","0","","0","0","0","","","0","N","0","","40 30:58.780","","0","79 46:25.428","0","0","0","0","2466","0","0","0","N","0","0","0","1","02466","0","","1.0","","1","N","N","N","0","","0","0","0","","0","","","1","0","0","0","0","0","0","2","0","1","","","","N","","","","","","","","","",""
"2021119875","0915","0","0","0","0","0","0","0","0","0","7","0","","02","11","2021","7","40.416109","-80.059155","0910","11","0","0","0","0","0","0","0","0","","0","0","0","","","0","N","0","","40 24:57.992","4","0","80 03:32.958","0","0","0","0","2435","0","0","0","N","0","0","0","1","68B03","0","","4.0","940.0","1","N","N","N","1","","0","0","0","","0","N","","1","0","0","0","0","0","0","2","0","1","","03","","N","","","","","","","","","",""
"2021115201","2141","1","0","0","0","0","0","0","0","0","1","0","","02","11","2021","5","40.399619","-79.991045","2131","11","0","0","0","0","0","0","0","0","","0","0","0","","","0","N","0","","40 23:58.627","","0","79 59:27.762","0","0","0","0","2301","0","0","0","N","0","0","0","1","02301","0","","1.0","","9","N","N","N","0","","0","0","2","","0","","","3","0","0","0","0","0","0","2","0","3","","07","","N","","","","","","","","","",""
"2021081609","1900","1","0","0","0","0","0","0","0","0","0","0","","02","8","2021","7","40.634554","-79.745826","1834","11","0","0","0","1","0","0","0","0","","0","0","0","","","0","N","3","","40 38:04.395","","0","79 44:44.974","0","0","0","0","2202","0","0","0","N","0","0","0","1","68D02","0","","1.0","","4","N","N","N","0","","0","0","0","","0","","","1","0","0","0","0","0","0","1","0","1","","","","N","","","","","","","","","",""
"2021119000","0531","1","0","0","0","0","0","0","0","0","4","1","","02","11","2021","4","40.444038","-80.009243","0522","11","0","0","0","0","0","1","0","0","","0","1","0","","","1","N","0","","40 26:38.535","2","3","80 00:33.276","3","0","0","0","2301","0","0","0","Y","0","0","0","2","68B03","0","","1.0","700.0","1","N","N","N","0","","1","0","0","","0","Y","","2","1","0","0","0","0","0","2","0","2","","","","N","","","","","","","","","",""
"2021078980","1615","1","0","0","0","0","0","0","0","0","4","0","","02","8","2021","2","40.504417","-79.830833","1610","11","0","0","0","1","0","0","0","0","","0","0","0","","","0","","2","","40 30:15.900","","0","79 49:51.000","0","0","0","0","2113","0","0","0","N","0","0","0","2","02113","0","","1.0","","1","N","N","N","0","","0","0","1","","0","","","2","0","0","0","0","0","0","2","0","2","","03","","N","","","","","","","","","",""
"2021120281","0149","0","0","0","0","0","0","0","0","0","98","0","","02","11","2021","2","40.662185","-79.71948","0136","11","0","0","0","0","0","1","0","0","","0","0","0","","","0","N","0","","40 39:43.865","","0","79 43:10.129","0","0","0","0","2106","0","0","0","N","0","0","0","1","68D02","0","","1.0","","1","N","N","N","1","","0","0","0","","0","","","1","0","0","0","0","0","0","2","0","1","","","","N","","","","","","","","","",""
"2021119014","1959","1","0","0","0","0","0","0","0","0","7","0","","02","11","2021","1","40.428358","-79.946922","1957","11","0","0","0","0","0","0","0","0","","0","0","0","","","0","N","0","","40 25:42.087","4","0","79 56:48.919","0","0","0","0","2301","0","0","0","N","0","0","0","1","68B03","0","","3.0","2020.0","9","N","N","N","0","","0","0","0","","0","N","","1","0","0","0","0","0","0","2","0","1","","","","N","","","","","","","","","",""
"2021112029","1643","0","0","0","0","0","0","0","0","0","4","0","","02","11","2021","4","40.385659","-79.984154","1630","11","0","0","0","0","0","0","0","1","","0","0","0","","","0","","1","","40 23:08.372","","0","79 59:02.954","0","0","0","0","2301","0","0","0","N","0","0","0","4","02301","0","","1.0","","1","N","N","N","0","","0","0","2","","3","","","2","0","2","0","0","0","0","2","0","2","","03","","N","","","","","","","","","",""
"2021082402","1754","1","0","0","0","0","0","0","0","0","4","0","","02","8","2021","4","40.340614","-80.052267","1746","11","0","0","0","0","0","1","0","0","","0","0","0","","","0","","1","","40 20:26.210","3","0","80 03:08.161","0","0","0","0","2407","0","0","0","N","0","0","0","4","02407","0","","1.0","1840.0","9","N","N","N","0","","0","0","0","","2","N","","2","0","0","0","0","0","0","2","1","2","","04","","N","","","","","","","","","",""
"2021051038","0714","0","0","0","0","0","0","1","0","0","1","1","","02","6","2021","6","40.438988","-79.995608","0711","11","0","0","0","0","0","1","0","0","","0","0","0","","","1","","2","","40 26:20.357","5","0","79 59:44.190","4","0","0","0","2301","0","0","0","N","0","0","0","3","02503","1","","1.0","738.0","1","N","N","N","0","","0","0","1","","2","Y","","2","1","0","0","0","0","0","2","0","2","","03","","N","","","","","","","","","",""
"2021118735","0004","1","0","0","0","0","0","0","0","0","7","0","","02","12","2021","5","40.634498","-79.853353","0004","11","0","0","0","0","0","0","0","0","","0","0","0","","","0","N","0","","40 38:04.191","2","0","79 51:12.072","0","0","0","0","2220","0","0","0","N","0","0","0","1","02220","0","","5.0","100.0","1","N","N","N","0","","0","0","0","","0","N","","1","0","0","0","0","0","0","2","0","1","","","","N","","","","","","","","","",""
"2021079757","1850","0","0","0","0","0","0","0","0","0","7","0","","02","8","2021","2","40.44807","-79.935281","1820","11","0","0","0","0","0","0","0","0","","0","0","0","","","3","","2","","40 26:53.052","7","0","79 56:07.010","2","0","1","1","2301","2","0","1","N","2","0","1","3","02301","0","","5.0","2017.0","1","N","N","N","0","","1","2","0","","0","Y","","3","3","0","0","0","0","0","2","0","1","","03","","N","","","","","","","","","",""
"2021117826","2003","1","0","0","0","0","0","0","0","0","7","0","","02","11","2021","5","40.515411","-80.119006","1959","11","0","0","0","0","0","0","0","0","","0","0","0","","","1","N","1","","40 30:55.481","1","0","80 07:08.420","3","0","0","0","2211","0","0","0","N","0","0","0","1","02215","0","","2.0","2148.0","1","N","N","N","0","","1","0","0","","0","Y","","1","1","0","0","0","0","0","2","0","1","","03","","N","","","","","","","","","",""
"2021120548","0200","2","0","0","0","0","0","0","0","0","2","0","","02","12","2021","6","40.438689","-79.997271","0154","11","0","0","0","0","0","0","0","0","","0","0","0","","","1","N","1","","40 26:19.280","","0","79 59:50.177","4","0","0","0","2301","0","0","0","N","0","0","0","3","02301","1","","1.0","","1","N","N","N","0","","0","0","0","","2","","","2","1","0","0","0","0","0","2","0","2","","","","N","","","","","","","","","",""
"2021077969","1256","1","0","0","0","0","0","0","0","0","1","0","","02","8","2021","6","40.487407","-79.956935","1241","11","0","0","0","0","0","0","1","0","","0","0","0","","","0","N","0","","40 29:14.664","2","0","79 57:24.966","0","0","0","0","2118","0","0","0","N","0","0","0","3","02118","0","","1.0","1320.0","1","N","N","N","0","","0","0","1","","0","Y","","2","0","0","0","0","0","0","2","0","2","","","","N","","","","","","","","","",""
"2021037573","1427","1","0","0","0","0","0","0","0","0","4","0","","02","4","2021","2","40.455097","-79.814353","1424","11","0","0","0","0","0","1","0","0","","0","0","0","","","0","N","1","","40 27:18.350","","1","79 48:51.670","0","0","0","0","2113","0","0","0","N","0","0","0","2","02113","0","","1.0","","1","N","N","Y","0","","0","0","0","","3","","","2","0","0","0","0","0","0","2","1","2","","03","","N","","","","","","","","","",""
"2021040082","1015","1","0","0","0","0","0","0","0","0","7","0","","02","4","2021","3","40.653666","-79.725084","1000","11","0","0","0","0","0","0","0","0","","0","0","0","","","0","N","0","","40 39:13.198","2","3","79 43:30.304","0","0","0","0","2106","0","0","0","Y","0","0","0","1","68D02","0","","4.0","1040.0","1","N","N","N","0","","0","0","0","","0","N","","1","0","1","0","0","0","0","1","0","1","","","","N","","","","","","","","","",""
"2021043328","1637","1","0","0","0","0","0","0","0","0","8","0","","02","5","2021","5","40.451389","-79.993472","1636","11","0","0","0","0","0","0","0","0","","0","0","0","","","1","Y","0","","40 27:05.000","1","0","79 59:36.500","2","0","0","0","2301","1","0","1","N","1","0","1","3","02301","0","","1.0","1709.0","1","N","N","N","0","","0","1","0","","0","Y","","2","1","1","0","0","0","0","2","0","1","","03","","N","","","","","","","","","",""
"2021120321","0939","1","0","0","0","0","0","0","0","0","7","0","","02","12","2021","5","40.435763","-79.979229","0913","11","0","0","0","0","0","0","0","0","","0","0","0","","","0","N","0","","40 26:08.746","4","0","79 58:45.223","0","0","0","0","2301","0","0","0","N","0","0","0","1","68B03","0","","4.0","940.0","9","N","N","N","0","","0","0","0","","0","N","","1","0","0","0","0","0","0","2","0","1","","03","","N","","","","","","","","","",""
"2021050920","1554","1","0","0","0","0","0","0","0","0","7","0","","02","6","2021","5","40.356044","-79.832024","1552","11","0","1","0","0","0","0","0","0","","0","0","0","","","0","N","0","","40 21:21.757","5","0","79 49:55.285","0","0","0","0","2304","0","0","0","N","0","0","0","1","02304","0","","5.0","1632.0","1","N","N","N","0","","0","0","0","","0","Y","","1","0","0","0","0","0","0","2","0","1","","03","","N","","","","","","","","","",""
"2021100324","1759","1","0","0","0","0","0","0","0","0","7","0","","02","9","2021","2","40.523968","-80.272782","1752","11","0","0","0","0","0","0","0","0","","0","0","0","","","1","N","0","","40 31:26.285","","0","80 16:22.016","8","0","0","0","2203","0","0","0","Y","0","0","0","1","68B03","0","","5.0","","1","N","N","N","0","","0","0","0","","0","","","1","1","0","0","0","1","0","2","0","1","","03","","N","","","","","","","","","",""
"2021037184","0226","1","0","0","0","0","0","0","0","0","2","0","","02","4","2021","1","40.449562","-79.887124","0216","11","0","0","0","0","0","0","0","0","","0","0","0","","","0","N","0","","40 26:58.424","","0","79 53:13.647","0","0","0","0","2301","0","0","0","N","0","0","0","1","02301","0","","2.0","","9","N","N","N","0","","0","0","1","","0","","","2","0","0","0","0","0","0","2","0","2","","07","","N","","","","","","","","","",""
"2021043386","1803","0","0","0","0","0","0","0","0","0","8","0","","02","5","2021","4","40.341404","-80.118601","1759","11","0","0","0","0","0","0","0","1","","0","0","0","","","1","N","0","","40 20:29.056","","7","80 07:06.965","3","0","0","0","2119","1","0","0","N","1","0","0","3","02119","0","","1.0","","1","N","N","N","0","","1","0","1","","0","","","2","1","0","0","0","0","0","2","0","1","","03","","N","","","","","","","","","",""
"2021044982","1606","2","0","1","0","0","0","0","0","0","2","0","","02","5","2021","2","40.458691","-79.908058","1605","11","0","0","0","0","0","2","0","0","","0","0","0","","","2","N","1","","40 27:31.287","","0","79 54:29.010","2","0","0","0","2301","0","0","0","N","0","0","0","2","02301","0","","1.0","","1","N","N","N","0","","0","1","0","","2","N","","2","2","0","0","0","1","0","2","0","2","","03","","N","","","","","","","","","",""
"2021039499","1954","0","0","0","0","0","0","0","0","0","1","0","","02","4","2021","2","40.430138","-79.957413","1950","11","0","0","0","0","0","1","0","0","","0","0","0","","","1","N","0","","40 25:48.498","","0","79 57:26.686","4","0","0","1","2301","0","0","0","N","0","0","0","3","68B03","1","","1.0","","1","N","N","N","1","","0","0","0","","0","","","2","1","0","0","0","0","0","2","0","2","","03","","N","","","","","","","","","",""
"2021068972","1005","2","0","0","0","0","0","0","0","0","4","0","","02","7","2021","2","40.471193","-79.933523","0958","11","0","0","0","0","0","0","0","0","","0","0","0","","","0","N","2","","40 28:16.294","","0","79 56:00.682","9","0","0","0","2301","0","0","0","N","0","0","0","1","02301","0","","1.0","","1","N","N","N","0","","0","0","0","","3","","","2","0","0","0","0","0","1","2","0","2","","03","","N","","","","","","","","","",""
"2021073835","1909","1","0","0","0","0","0","0","0","0","2","0","","02","8","2021","1","40.432623","-79.996943","1904","11","0","0","0","0","0","1","1","0","","0","0","0","","","0","N","0","","40 25:57.442","2","3","79 59:48.994","0","0","0","0","2301","0","0","0","N","0","0","0","5","02301","0","","1.0","1939.0","1","N","N","N","0","","0","0","2","","8","Y","","3","0","0","0","0","0","0","2","0","3","","03","","N","","","","","","","","","",""
"2021038127","2200","3","0","0","0","0","0","0","0","0","1","0","","02","4","2021","3","40.411123","-79.879559","2200","11","0","0","0","0","0","0","0","0","","0","0","0","","","1","N","0","","40 24:40.041","1","99","79 52:46.411","3","0","0","0","2456","0","0","0","N","0","0","0","1","02456","0","","4.0","2220.0","1","N","N","N","0","","1","0","0","","0","Y","","3","1","0","0","0","0","0","2","0","3","","03","","N","","","","","","","","","",""