"CRN","ARRIVAL_TM","AUTOMOBILE_COUNT","BELTED_DEATH_COUNT","BELTED_SUSP_SERIOUS_INJ_COUNT","BICYCLE_COUNT","BICYCLE_DEATH_COUNT","BICYCLE_SUSP_SERIOUS_INJ_COUNT","BUS_COUNT","CHLDPAS_DEATH_COUNT","CHLDPAS_SUSP_SERIOUS_INJ_COUNT","COLLISION_TYPE","COMM_VEH_COUNT","CONS_ZONE_SPD_LIM","COUNTY","CRASH_MONTH","CRASH_YEAR","DAY_OF_WEEK","DEC_LATITUDE","DEC_LONGITUDE","DISPATCH_TM","DISTRICT","DRIVER_COUNT_16YR","DRIVER_COUNT_17YR","DRIVER_COUNT_18YR","DRIVER_COUNT_19YR","DRIVER_COUNT_20YR","DRIVER_COUNT_50_64YR","DRIVER_COUNT_65_74YR","DRIVER_COUNT_75PLUS","EST_HRS_CLOSED","FATAL_COUNT","HEAVY_TRUCK_COUNT","HORSE_BUGGY_COUNT","HOUR_OF_DAY","ILLUMINATION","INJURY_COUNT","INTERSECTION_RELATED","INTERSECT_TYPE","LANE_CLOSED","LATITUDE","LN_CLOSE_DIR","LOCATION_TYPE","LONGITUDE","MAX_SEVERITY_LEVEL","MCYCLE_DEATH_COUNT","MCYCLE_SUSP_SERIOUS_INJ_COUNT","MOTORCYCLE_COUNT","MUNICIPALITY","NONMOTR_COUNT","NONMOTR_DEATH_COUNT","NONMOTR_SUSP_SERIOUS_INJ_COUNT","NTFY_HIWY_MAINT","PED_COUNT","PED_DEATH_COUNT","PED_SUSP_SERIOUS_INJ_COUNT","PERSON_COUNT","POLICE_AGCY","POSSIBLE_INJ_COUNT","RDWY_SURF_TYPE_CD","RELATION_TO_ROAD","ROADWAY_CLEARED","ROAD_CONDITION","SCH_BUS_IND","SCH_ZONE_IND","SECONDARY_CRASH","SMALL_TRUCK_COUNT","SPEC_JURIS_CD","SUSP_MINOR_INJ_COUNT","SUSP_SERIOUS_INJ_COUNT","SUV_COUNT","TCD_FUNC_CD","TCD_TYPE","TFC_DETOUR_IND","TIME_OF_DAY","TOTAL_UNITS","TOT_INJ_COUNT","UNBELTED_OCC_COUNT","UNB_DEATH_COUNT","UNB_SUSP_SERIOUS_INJ_COUNT","UNK_INJ_DEG_COUNT","UNK_INJ_PER_COUNT","URBAN_RURAL","VAN_COUNT","VEHICLE_COUNT","WEATHER1","WEATHER2","WORKERS_PRES","WORK_ZONE_IND","WORK_ZONE_LOC","WORK_ZONE_TYPE","WZ_CLOSE_DETOUR","WZ_FLAGGER","WZ_LAW_OFFCR_IND","WZ_LN_CLOSURE","WZ_MOVING","WZ_OTHER","WZ_SHLDER_MDN","WZ_WORKERS_INJ_KILLED"
"2021076822","1352","1","0","0","0","0","0","0","0","0","1","0","","02","8","2021","7","40.364599","-80.020731","1348","11","0","0","0","0","0","0","0","0","","0","0","0","","","1","N","0","","40 21:52.556","","0","80 01:14.630","3","0","0","0","2416","0","0","0","N","0","0","0","2","02416","0","","1.0","","1","N","N","N","1","","1","0","0","","0","","","2","1","0","0","0","0","0","2","0","2","","03","","N","","","","","","","","","",""
"2021035040","1910","1","0","0","0","0","0","0","0","0","6","0","","02","4","2021","1","40.47673","-79.998647","1900","11","0","0","0","0","0","1","0","0","","0","0","0","","","0","N","0","","40 28:36.229","","0","79 59:55.128","0","0","0","0","2301","0","0","0","N","0","0","0","3","02301","0","","1.0","","1","N","N","N","0","","0","0","1","","0","","","2","0","0","0","0","0","0","2","0","2","","03","","N","","","","","","","","","",""
"2021076274","1219","0","0","0","0","0","0","0","0","0","7","1","25","02","8","2021","2","40.40018","-80.099106","1219","11","0","0","0","0","0","0","0","0","","0","1","0","","","0","Y","0","","40 24:00.648","4","0","80 05:56.782","0","0","0","0","2102","0","0","0","Y","0","0","0","1","02102","0","","5.0","1404.0","9","N","N","N","0","","0","0","0","","0","Y","","1","0","0","0","0","0","0","2","0","1","","","Y","Y","2","1","","","N","Y","","","","N"
"2021045047","1629","1","0","0","0","0","0","0","0","0","4","0","","02","5","2021","4","40.376129","-79.984087","1627","11","0","0","0","0","0","0","0","0","","0","0","0","","","3","Y","0","","40 22:34.066","2","7","79 59:02.714","3","0","0","0","2413","0","0","0","N","0","0","0","3","02413","0","","1.0","1639.0","1","N","N","N","0","","3","0","1","","2","N","","2","3","0","0","0","0","0","2","0","2","","","","N","","","","","","","","","",""
"2021119633","0201","1","0","0","0","0","0","0","0","0","1","0","","02","12","2021","1","40.628336","-80.097308","0139","11","0","0","0","0","0","0","0","0","","0","0","0","","","0","N","0","","40 37:42.008","","0","80 05:50.310","9","0","0","0","2212","0","0","0","N","0","0","0","2","68B03","0","","1.0","","1","N","N","N","0","","0","0","0","","0","","","2","0","0","0","0","0","1","2","0","2","","","","N","","","","","","","","","",""
"2021036727","1440","1","0","2","0","0","0","0","0","0","1","0","","02","4","2021","3","40.400496","-79.833726","1415","11","0","0","0","0","0","1","1","0","","0","0","0","","","2","N","0","","40 24:01.784","3","0","79 50:01.412","2","0","0","0","2425","0","0","0","N","0","0","0","4","68B03","0","","1.0","1515.0","1","N","N","N","1","","0","2","1","","2","N","","3","2","1","0","0","0","0","2","0","3","","","","N","","","","","","","","","",""
"2021038762","0257","1","0","0","0","0","0","0","0","0","7","0","","02","4","2021","1","40.470303","-79.908672","0257","11","0","0","0","0","0","0","0","0","","0","0","0","","","0","","2","","40 28:13.092","","0","79 54:31.219","9","0","0","0","2301","0","0","0","Y","0","0","0","1","02301","0","","3.0","","1","N","N","N","0","","0","0","0","","2","N","","1","0","0","0","0","0","1","2","0","1","","","","N","","","","","","","","","",""
"2021038116","1428","2","0","0","0","0","0","0","0","0","4","0","","02","4","2021","3","40.443155","-80.057911","1423","11","0","0","0","0","0","0","0","0","","0","0","0","","","0","","1","","40 26:35.358","","0","80 03:28.479","0","0","0","0","2439","0","0","0","N","0","0","0","3","02301","0","","1.0","","1","N","N","N","0","","0","0","0","","0","","","2","0","0","0","0","0","0","2","0","2","","","","N","","","","","","","","","",""
"2021066375","1825","4","0","0","0","0","0","0","0","0","1","0","","02","7","2021","7","40.427778","-80.000183","1810","11","0","0","0","0","0","0","0","0","","0","0","0","","","0","N","0","","40 25:39.999","3","4","80 00:00.659","0","0","0","0","2301","0","0","0","N","0","0","0","4","02301","0","","1.0","1840.0","1","N","N","N","0","","0","0","0","","0","N","","4","0","0","0","0","0","0","2","0","4","","07","","N","","","","","","","","","",""
"2021073223","1522","2","0","0","0","0","0","0","0","0","1","0","","02","8","2021","6","40.409139","-79.94384","1517","11","0","0","0","0","0","0","0","0","","0","0","0","","","1","N","0","","40 24:32.901","1","0","79 56:37.824","8","0","0","0","2301","0","0","0","N","0","0","0","3","02301","0","","1.0","1630.0","1","N","N","N","0","","0","0","0","","0","N","","2","1","0","0","0","1","0","2","0","2","","03","","N","","","","","","","","","",""
"2021037705","1910","1","0","0","0","0","0","0","0","0","4","0","","02","4","2021","2","40.353954","-79.823236","1906","11","0","0","0","0","0","0","0","0","","0","0","0","","","2","","1","","40 21:14.236","6","0","79 49:23.648","8","0","0","0","2477","0","0","0","N","0","0","0","4","02477","0","","1.0","9999.0","1","N","N","Y","0","","0","0","1","","3","Y","","2","2","0","0","0","2","0","2","0","2","","","","N","","","","","","","","","",""
"2021035148","0837","0","0","0","0","0","0","0","0","0","1","0","","02","4","2021","2","40.35423","-79.913753","0837","11","0","0","0","0","0","2","0","0","","0","0","0","","","1","N","2","","40 21:15.227","","0","79 54:49.510","4","0","0","0","2473","0","0","0","N","0","0","0","2","02473","1","","1.0","","1","N","N","N","0","","0","0","2","","2","","","2","1","0","0","0","0","0","2","0","2","","03","","N","","","","","","","","","",""
"2021100933","0750","1","0","0","0","0","0","0","0","0","4","1","","02","10","2021","4","40.520256","-80.062597","0715","11","0","0","0","0","0","1","0","0","","0","1","0","","","0","N","0","","40 31:12.923","","0","80 03:45.349","0","0","0","0","2116","0","0","0","Y","0","0","0","2","68B03","0","","1.0","","1","N","N","N","0","","0","0","0","","0","","","2","0","0","0","0","0","0","2","0","2","","03","","N","","","","","","","","","",""
"2021070664","0047","1","0","0","0","0","0","0","0","0","4","0","","02","7","2021","6","40.432277","-80.062124","0044","11","0","0","0","0","0","0","0","0","","0","0","0","","","1","N","0","","40 25:56.196","5","0","80 03:43.648","8","0","0","0","2421","0","0","0","N","0","0","0","1","02421","0","","6.0","145.0","1","N","N","N","0","","0","0","2","","0","N","","3","1","0","0","0","1","0","2","0","3","","03","","N","","","","","","","","","",""
"2021070923","1336","1","1","1","0","0","0","0","0","0","7","0","","02","7","2021","2","40.655767","-79.724309","1324","11","0","0","0","0","0","0","0","1","","1","0","0","","","1","N","0","","40 39:20.762","2","0","79 43:27.511","1","0","0","0","2202","0","0","0","N","0","0","0","2","68D02","0","2","4.0","1947.0","1","N","N","N","0","0","0","1","0","","0","Y","","1","1","0","0","0","0","0","2","0","1","","03","","N","","","","","","","","","",""
"2021072007","0059","0","0","0","0","0","0","0","0","0","1","0","","02","7","2021","7","40.442441","-79.856681","0041","11","0","0","0","0","0","0","0","0","","0","0","0","","","0","N","0","","40 26:32.787","4","0","79 51:24.050","9","0","0","0","2419","0","0","0","N","0","0","0","2","68B03","0","","1.0","141.0","1","N","N","N","0","","0","0","1","","0","N","","2","0","0","0","0","0","1","2","0","2","","","","N","","","","","","","","","",""
"2021071135","0513","1","0","0","0","0","0","0","0","0","7","0","","02","7","2021","2","40.535361","-80.075644","0356","11","0","0","0","0","0","0","0","0","","0","0","0","","","1","N","0","","40 32:07.300","","0","80 04:32.317","3","0","0","0","2215","0","0","0","N","0","0","0","1","68B03","0","","2.0","","1","N","N","N","0","","1","0","0","","0","","","1","1","1","0","0","0","0","2","0","1","","","","N","","","","","","","","","",""
"2021071621","1909","2","0","0","0","0","0","0","0","0","4","0","","02","8","2021","1","40.49676","-79.83479","1900","11","0","0","0","0","0","0","0","0","","0","0","0","","","3","","1","","40 29:48.336","7","0","79 50:05.244","3","0","0","0","2113","0","0","0","N","0","0","0","6","02113","0","","1.0","2000.0","1","N","N","N","0","","3","0","0","","3","N","","2","3","0","0","0","0","0","2","0","2","","03","","N","","","","","","","","","",""
"2021037098","1832","1","0","0","0","0","0","0","0","0","7","0","","02","4","2021","7","40.463771","-80.0285","1830","11","0","0","0","0","0","0","0","0","","0","0","0","","","0","Y","0","","40 27:49.577","","0","80 01:42.601","0","0","0","0","2301","0","0","0","N","0","0","0","1","02301","0","","4.0","","9","N","N","N","0","","0","0","0","","0","","","1","0","0","0","0","0","0","2","0","1","","07","","N","","","","","","","","","",""
"2021044552","1916","0","0","0","0","0","0","0","0","0","1","0","","02","5","2021","7","40.479301","-80.196133","1904","11","0","0","0","0","0","1","0","0","","0","0","0","","","0","N","0","","40 28:45.482","","0","80 11:46.078","0","0","0","0","2213","0","0","0","N","0","0","0","7","02213","0","","1.0","","1","N","N","N","0","","0","0","2","","0","","","2","0","0","0","0","0","0","2","0","2","","","","N","","","","","","","","","",""
"2021036009","1300","0","0","0","0","0","0","0","0","0","7","0","","02","4","2021","4","40.337444","-80.142028","1251","11","0","0","0","0","0","0","1","0","","0","0","0","","","0","N","0","","40 20:14.800","","0","80 08:31.300","0","0","0","0","2119","0","0","0","Y","0","0","0","1","02119","0","","5.0","","9","N","N","N","1","","0","0","0","","0","N","","1","0","0","0","0","0","0","2","0","1","","","","N","","","","","","","","","",""
"2021100055","1836","2","0","0","0","0","0","0","0","0","1","0","","02","10","2021","4","40.447876","-80.162693","1833","11","0","0","0","0","0","1","1","0","","0","0","0","","","1","N","0","","40 26:52.353","4","0","80 09:45.696","2","0","0","0","2115","0","0","0","N","0","0","0","3","02115","0","","1.0","1900.0","1","N","N","N","0","","0","1","0","","0","N","","2","1","2","0","1","0","0","2","0","2","","","","N","","","","","","","","","",""
"2021044918","2249","1","0","0","0","0","0","0","0","0","1","0","","02","4","2021","1","40.426149","-79.895672","2229","11","0","0","0","0","0","0","0","0","","0","0","0","","","1","N","0","","40 25:34.137","4","0","79 53:44.418","3","0","0","0","2301","0","0","0","N","0","0","0","2","68B03","0","","1.0","2310.0","1","N","N","N","0","","1","0","1","","0","N","","2","1","1","0","0","0","0","2","0","2","","","","N","","","","","","","","","",""
"2021076694","1845","2","0","0","0","0","0","0","0","0","1","0","","02","7","2021","6","40.427273","-79.89108","1816","11","0","0","0","0","0","0","0","0","","0","0","0","","","0","N","0","","40 25:38.182","3","0","79 53:27.888","0","0","0","0","2301","0","0","0","N","0","0","0","2","68B03","0","","1.0","1825.0","1","N","N","N","0","","0","0","0","","0","N","","2","0","0","0","0","0","0","2","0","2","","03","","N","","","","","","","","","",""
"2021035229","1610","1","0","0","0","0","0","0","0","0","7","0","","02","4","2021","2","40.447387","-79.719785","1601","11","0","0","0","0","0","0","0","0","","0","0","0","","","0","N","0","","40 26:50.592","6","0","79 43:11.227","0","0","0","0","2466","0","0","0","N","0","0","0","1","02466","0","","5.0","1645.0","1","N","N","N","0","","0","0","0","","0","Y","","2","0","0","0","0","0","0","2","0","1","","","","N","","","","","","","","","",""
"2021076264","1525","0","0","0","0","0","0","0","0","0","0","0","","02","8","2021","6","40.558626","-80.031492","1520","11","0","0","0","0","0","0","0","0","","0","0","0","","","0","N","0","","40 33:31.053","6","0","80 01:53.371","0","0","0","0","2108","0","0","0","N","0","0","0","1","02108","0","","4.0","1615.0","1","N","N","N","0","","0","0","1","","0","Y","","1","0","0","0","0","0","0","2","0","1","","","","N","","","","","","","","","",""
"2021038061","0638","0","0","0","0","0","0","0","0","0","1","0","","02","4","2021","2","40.540694","-80.272337","0626","11","0","0","0","1","1","0","0","0","","0","0","0","","","0","N","0","","40 32:26.500","","0","80 16:20.413","0","0","0","0","2213","0","0","0","N","0","0","0","3","68B03","0","","1.0","","1","N","N","N","2","","0","0","1","","0","","","3","0","0","0","0","0","0","1","0","3","","","","N","","","","","","","","","",""
"2021043403","2044","1","0","0","0","0","0","0","0","0","1","0","","02","4","2021","2","40.419861","-80.051232","2018","11","0","0","0","0","0","0","0","0","","0","0","0","","","1","N","6","","40 25:11.498","3","2","80 03:04.436","3","0","0","0","2435","0","0","0","N","0","0","0","2","68B03","0","","1.0","2055.0","1","N","N","N","0","","1","0","1","","4","N","","2","1","0","0","0","0","0","2","0","2","","03","","N","","","","","","","","","",""
"2021037548","0736","0","0","0","0","0","0","0","0","0","98","0","","02","4","2021","7","40.426981","-80.292653","0727","11","0","0","0","0","0","0","0","0","","0","0","0","","","0","N","0","","40 25:37.133","","0","80 17:33.552","0","0","0","0","2214","0","0","0","N","0","0","0","1","68B03","0","","1.0","","1","N","N","N","0","","0","0","0","","0","","","1","0","0","0","0","0","0","1","1","1","","","","N","","","","","","","","","",""
"2021037100","1837","1","0","0","0","0","0","0","0","0","7","0","","02","4","2021","7","40.345178","-80.149572","1833","11","0","0","0","0","0","0","0","0","","0","0","0","","","0","N","0","","40 20:42.642","","0","80 08:58.458","0","0","0","0","2119","0","0","0","N","0","0","0","1","02119","0","","2.0","","9","N","N","N","0","","0","0","0","","0","","","1","0","0","0","0","0","0","2","0","1","","07","","N","","","","","","","","","",""
"2021100940","0138","0","0","0","0","0","0","0","0","0","98","0","","02","10","2021","5","40.474156","-79.766413","0106","11","0","0","0","0","0","0","0","0","","0","0","0","","","0","N","0","","40 28:26.961","","0","79 45:59.086","0","0","0","0","2466","0","0","0","N","0","0","0","2","68T02","0","","1.0","","1","N","N","N","0","","0","0","0","","0","","","1","0","0","0","0","0","0","2","1","1","","","","N","","","","","","","","","",""
"2021037328","2218","0","0","0","0","0","0","0","0","0","0","0","","02","4","2021","2","40.419779","-79.889083","2218","11","0","0","0","0","0","0","0","0","","0","0","0","","","1","N","2","","40 25:11.204","","0","79 53:20.698","3","0","0","1","2463","0","0","0","N","0","0","0","2","02463","0","","1.0","","1","N","N","N","0","","1","0","0","","0","","","1","1","0","0","0","0","0","2","0","1","","03","","N","","","","","","","","","",""
"2021037076","1705","0","0","0","0","0","0","0","0","0","7","0","","02","4","2021","6","40.543956","-79.972346","1650","11","0","0","0","0","0","0","0","0","","0","0","0","","","0","N","1","","40 32:38.241","","0","79 58:20.447","0","0","0","0","2118","0","0","0","Y","0","0","0","1","02501","0","","2.0","","1","N","N","N","1","","0","0","0","","3","","","1","0","0","0","0","0","0","2","0","1","","","","N","","","","","","","","","",""
"2021077181","1055","2","0","0","0","0","0","0","0","0","5","0","","02","8","2021","4","40.391919","-79.999278","1052","11","0","0","0","0","0","0","0","0","","0","0","0","","","0","Y","0","","40 23:30.908","","0","79 59:57.402","0","0","0","0","2301","0","0","0","N","0","0","0","3","02301","0","","1.0","","9","N","N","N","0","","0","0","0","","0","","","2","0","1","0","0","0","0","2","0","2","","","","N","","","","","","","","","",""
"2021036746","1907","1","0","0","0","0","0","0","0","0","8","0","","02","4","2021","4","40.442831","-80.042428","1902","11","0","0","0","0","1","0","0","0","","0","0","0","","","1","","2","","40 26:34.191","","0","80 02:32.740","4","0","0","0","2301","1","0","0","N","1","0","0","2","02301","1","","1.0","","1","N","N","Y","0","","0","0","0","","2","","","2","1","0","0","0","0","0","2","0","1","","03","","N","","","","","","","","","",""
"2021041007","0650","1","0","0","0","0","0","0","0","0","7","0","","02","5","2021","6","40.405676","-79.969257","0639","11","0","0","0","0","0","0","0","0","","0","0","0","","","0","N","0","","40 24:20.435","","0","79 58:09.326","0","0","0","0","2301","0","0","0","N","0","0","0","1","02301","0","","2.0","","9","N","","N","0","","0","0","0","","0","","","1","0","0","0","0","0","0","2","0","1","","","","N","","","","","","","","","",""
"2021036139","1730","0","0","0","0","0","0","0","0","0","4","0","","02","4","2021","4","40.436172","-79.978376","1718","11","0","0","0","0","0","0","0","0","","0","0","0","","","0","","2","","40 26:10.220","4","0","79 58:42.153","0","0","0","0","2301","0","0","0","N","0","0","0","2","02301","0","","2.0","1825.0","1","N","N","N","1","","0","0","0","","0","N","","1","0","0","0","0","0","0","2","0","1","","03","","N","","","","","","","","","",""
"2021038260","1648","1","0","0","0","0","0","0","0","0","7","0","","02","4","2021","3","40.541683","-80.235764","1645","11","0","0","0","0","0","0","0","0","","0","0","0","","","0","N","0","","40 32:30.060","","0","80 14:08.751","0","0","0","0","2213","0","0","0","N","0","0","0","1","02213","0","","2.0","","1","N","N","N","0","","0","0","0","","0","","","1","0","0","0","0","0","0","2","0","1","","","","N","","","","","","","","","",""
"2021071231","1323","2","0","0","0","0","0","0","0","0","4","0","","02","7","2021","1","40.382955","-79.87694","1321","11","0","0","0","0","0","1","0","0","","0","0","0","","","0","N","2","","40 22:58.637","","0","79 52:36.983","0","0","0","0","2473","0","0","0","N","0","0","0","2","02473","0","","1.0","","1","N","N","N","0","","0","0","0","","3","","","2","0","1","0","0","0","0","2","0","2","","03","","N","","","","","","","","","",""
"2021039113","1259","2","0","0","0","0","0","0","0","0","5","0","","02","4","2021","3","40.396627","-79.998549","1252","11","0","0","0","0","0","0","2","0","","0","0","0","","","0","N","0","","40 23:47.858","2","7","79 59:54.775","0","0","0","0","2301","0","0","0","N","0","0","0","4","02301","0","","1.0","1330.0","1","N","N","N","1","","0","0","1","","2","N","","4","0","0","0","0","0","0","2","0","4","","03","","N","","","","","","","","","",""
"2021036325","0744","2","0","0","0","0","0","0","0","0","4","0","","02","4","2021","5","40.397667","-80.032623","0743","11","0","0","0","0","0","0","0","0","","0","0","0","","","0","","1","","40 23:51.601","","0","80 01:57.442","0","0","0","0","2422","0","0","0","N","0","0","0","2","02422","0","","1.0","","1","N","N","N","0","","0","0","0","","0","","","2","0","0","0","0","0","0","2","0","2","","03","","N","","","","","","","","","",""
"2021070098","0309","0","0","0","0","0","0","0","0","0","1","1","","02","7","2021","5","40.451584","-80.028121","0302","11","0","0","0","0","0","1","0","0","","0","1","0","","","1","N","0","","40 27:05.702","2","0","80 01:41.236","8","0","0","0","2301","0","0","0","N","0","0","0","2","02301","0","","1.0","414.0","1","N","N","N","0","","0","0","1","","0","N","","2","1","0","0","0","1","0","2","0","2","","03","","N","","","","","","","","","",""
"2021077622","2246","1","0","1","0","0","0","0","0","0","4","0","","02","8","2021","4","40.415711","-79.847601","2244","11","0","0","0","1","0","0","0","0","","0","0","0","","","1","","2","","40 24:56.558","6","0","79 50:51.364","2","0","0","0","2431","0","0","0","N","0","0","0","2","02431","0","","1.0","440.0","1","N","N","N","0","","0","1","1","","2","Y","","2","1","0","0","0","0","1","2","0","2","","03","","N","","","","","","","","","",""
"2021035094","0530","1","0","0","0","0","0","0","0","0","99","0","","02","4","2021","2","40.463417","-79.895472","0530","11","0","0","0","0","0","0","0","0","","0","0","0","","","0","N","0","","40 27:48.300","","0","79 53:43.700","0","0","0","0","2301","0","0","0","N","0","0","0","0","02301","0","","1.0","","9","N","N","N","0","","0","0","0","","0","","","1","0","0","0","0","0","0","2","0","1","","07","","N","","","","","","","","","",""
"2021098881","0314","1","0","0","0","0","0","0","0","0","7","0","","02","10","2021","1","40.401204","-79.979872","0306","11","0","0","0","0","0","0","0","0","","0","0","0","","","1","N","0","","40 24:04.335","7","0","79 58:47.540","8","0","0","0","2403","0","0","0","N","0","0","0","1","02403","0","","5.0","1400.0","1","N","N","N","0","","0","0","0","","0","Y","","1","1","0","0","0","1","0","2","0","1","","","","N","","","","","","","","","",""
"2021044053","1810","0","0","0","0","0","0","0","0","0","0","0","","02","5","2021","4","40.373397","-80.062549","1808","11","0","0","0","0","0","1","0","0","","0","0","0","","","1","","2","","40 22:24.229","3","0","80 03:45.176","8","0","0","1","2109","0","0","0","N","0","0","0","1","02109","0","","1.0","1850.0","1","N","N","N","0","","0","0","0","","0","Y","","1","1","0","0","0","1","0","2","0","1","","03","","N","","","","","","","","","",""
"2021072797","0125","1","0","0","0","0","0","0","0","0","7","0","","02","7","2021","7","40.454965","-79.997426","0117","11","0","0","0","0","0","0","0","0","","0","0","0","","","0","N","0","","40 27:17.875","","0","79 59:50.733","0","0","0","0","2301","0","0","0","N","0","0","0","1","68B03","0","","2.0","","1","N","N","N","0","","0","0","0","","0","","","1","0","0","0","0","0","0","2","0","1","","","","N","","","","","","","","","",""
"2021037635","2135","0","0","0","0","0","0","0","0","0","99","0","","02","4","2021","1","40.444667","-79.827889","2135","11","0","0","0","0","0","0","0","0","","0","0","0","","","1","N","0","","40 26:40.800","","0","79 49:40.400","2","0","1","1","2419","0","0","0","N","0","0","0","1","02419","0","","1.0","","1","N","N","N","0","","0","1","0","","0","","","1","1","0","0","0","0","0","2","0","1","","03","","N","","","","","","","","","",""
"2021070130","1230","2","0","0","0","0","0","0","0","0","4","0","","02","7","2021","7","40.457286","-79.895758","1230","11","0","0","0","0","0","1","1","0","","0","0","0","","","0","N","0","","40 27:26.230","4","0","79 53:44.730","0","0","0","0","2301","0","0","0","N","0","0","0","2","02301","0","","1.0","1420.0","1","N","N","N","0","","0","0","0","","0","Y","","2","0","0","0","0","0","0","2","0","2","","03","","N","","","","","","","","","",""
"2021040955","0250","1","0","0","0","0","0","0","0","0","98","0","","02","4","2021","1","40.412056","-80.002111","0246","11","0","0","0","0","0","0","0","0","","0","0","0","","","0","N","0","","40 24:43.400","","0","80 00:07.600","0","0","0","0","2301","0","0","0","N","0","0","0","1","02301","0","","5.0","","1","N","N","N","0","","0","0","0","","0","","","1","0","0","0","0","0","0","2","0","1","","","","N","","","","","","","","","",""
"2021038077","0414","1","0","0","0","0","0","0","0","0","2","0","","02","4","2021","2","40.474016","-79.904422","0404","11","0","0","0","0","0","0","0","0","","0","0","0","","","1","","2","","40 28:26.458","6","0","79 54:15.920","3","0","0","0","2301","0","0","0","N","0","0","0","3","02301","0","","1.0","523.0","1","N","N","N","0","","1","0","1","","0","Y","","2","1","0","0","0","0","1","2","0","2","","03","","N","","","","","","","","","",""
"2021081266","0155","1","0","0","0","0","0","0","0","0","4","0","","02","8","2021","1","40.448934","-80.000726","0150","11","0","0","0","0","0","0","0","0","","0","0","0","","","0","","1","","40 26:56.163","","0","80 00:02.613","0","0","0","0","2301","0","0","0","N","0","0","0","2","02301","0","","1.0","","1","N","N","N","0","","0","0","1","","2","","","2","0","0","0","0","0","0","2","0","2","","","","N","","","","","","","","","",""
"2021079614","2145","0","0","0","0","0","0","0","0","0","7","0","","02","8","2021","3","40.468467","-79.791189","2140","11","0","0","0","0","0","1","0","0","","0","0","0","","","0","","2","","40 28:06.480","","0","79 47:28.281","0","0","0","0","2113","0","0","0","N","0","0","0","1","02113","0","","5.0","","1","N","N","N","0","","0","0","1","","0","","","1","0","0","0","0","0","0","2","0","1","","","","N","","","","","","","","","",""
"2021037157","1948","2","0","0","0","0","0","0","0","0","4","0","","02","4","2021","7","40.467123","-79.905865","1944","11","0","0","0","0","0","0","0","0","","0","0","0","","","1","","2","","40 28:01.642","","0","79 54:21.114","3","0","0","0","2301","0","0","0","N","0","0","0","3","02301","0","","2.0","","9","N","N","N","0","","1","0","0","","3","","","2","1","0","0","0","0","0","2","0","2","","","","N","","","","","","","","","",""
"2021037954","1517","0","0","0","0","0","0","0","0","0","1","0","","02","4","2021","3","40.632742","-80.002374","1510","11","0","0","0","0","0","0","0","0","","0","0","0","","","1","Y","0","","40 37:57.871","3","0","80 00:08.546","3","0","0","1","2216","0","0","0","N","0","0","0","3","02505","0","","1.0","1532.0","1","N","N","Y","0","","1","0","1","","0","Y","","3","1","0","0","0","0","0","2","1","3","","03","","N","","","","","","","","","",""
"2021044301","2041","1","0","0","0","0","0","0","0","0","7","0","","02","5","2021","1","40.319932","-79.981338","2038","11","0","0","0","0","0","0","0","0","","0","0","0","","","0","N","0","","40 19:11.755","","0","79 58:52.816","0","0","0","0","2440","0","0","0","N","0","0","0","1","02219","0","","2.0","","9","N","N","N","0","","0","0","0","","0","","","1","0","0","0","0","0","0","2","0","1","","","","N","","","","","","","","","",""
"2021072138","1822","0","0","0","0","0","0","0","0","0","7","0","","02","7","2021","3","40.610309","-80.094987","1813","11","0","0","0","0","0","0","0","0","","0","0","0","","","0","N","0","","40 36:37.113","","0","80 05:41.953","0","0","0","0","2481","0","0","0","Y","0","0","0","2","68B03","0","","4.0","","1","N","N","N","0","","0","0","2","","0","","","3","0","0","0","0","0","0","2","0","2","","","","N","","","","","","","","","",""
"2021071216","1951","1","0","0","0","0","0","0","0","0","5","0","","02","7","2021","7","40.561023","-80.039372","1946","11","0","0","0","0","1","0","0","0","","0","0","0","","","1","N","1","","40 33:39.683","","0","80 02:21.738","3","0","0","1","2108","0","0","0","N","0","0","0","2","02108","0","","1.0","","1","N","N","N","0","","1","0","0","","0","","","2","1","0","0","0","0","0","2","0","2","","","","N","","","","","","","","","",""
"2021076926","1744","1","0","0","0","0","0","0","0","0","1","0","","02","8","2021","3","40.526724","-79.850802","1739","11","0","0","0","0","0","0","0","0","","0","0","0","","","0","N","0","","40 31:36.207","1","0","79 51:02.886","0","0","0","0","2208","0","0","0","N","0","0","0","4","02208","0","","1.0","1818.0","1","N","N","Y","2","","0","0","0","","0","N","","3","0","0","0","0","0","0","2","0","3","","03","","N","","","","","","","","","",""
"2021037868","0641","1","0","0","0","0","0","0","0","0","7","0","","02","4","2021","2","40.417496","-79.731634","0619","11","0","0","0","0","0","0","0","0","","0","0","0","","","1","N","0","","40 25:02.985","3","0","79 43:53.882","3","0","0","0","2446","0","0","0","N","0","0","0","1","68T09","0","","5.0","22.0","1","N","N","N","0","","1","0","0","","0","N","","1","1","1","0","0","0","0","2","0","1","","05","","N","","","","","","","","","",""