"CRN","ARRIVAL_TM","AUTOMOBILE_COUNT","BELTED_DEATH_COUNT","BELTED_SUSP_SERIOUS_INJ_COUNT","BICYCLE_COUNT","BICYCLE_DEATH_COUNT","BICYCLE_SUSP_SERIOUS_INJ_COUNT","BUS_COUNT","CHLDPAS_DEATH_COUNT","CHLDPAS_SUSP_SERIOUS_INJ_COUNT","COLLISION_TYPE","COMM_VEH_COUNT","CONS_ZONE_SPD_LIM","COUNTY","CRASH_MONTH","CRASH_YEAR","DAY_OF_WEEK","DEC_LATITUDE","DEC_LONGITUDE","DISPATCH_TM","DISTRICT","DRIVER_COUNT_16YR","DRIVER_COUNT_17YR","DRIVER_COUNT_18YR","DRIVER_COUNT_19YR","DRIVER_COUNT_20YR","DRIVER_COUNT_50_64YR","DRIVER_COUNT_65_74YR","DRIVER_COUNT_75PLUS","EST_HRS_CLOSED","FATAL_COUNT","HEAVY_TRUCK_COUNT","HORSE_BUGGY_COUNT","HOUR_OF_DAY","ILLUMINATION","INJURY_COUNT","INTERSECTION_RELATED","INTERSECT_TYPE","LANE_CLOSED","LATITUDE","LN_CLOSE_DIR","LOCATION_TYPE","LONGITUDE","MAX_SEVERITY_LEVEL","MCYCLE_DEATH_COUNT","MCYCLE_SUSP_SERIOUS_INJ_COUNT","MOTORCYCLE_COUNT","MUNICIPALITY","NONMOTR_COUNT","NONMOTR_DEATH_COUNT","NONMOTR_SUSP_SERIOUS_INJ_COUNT","NTFY_HIWY_MAINT","PED_COUNT","PED_DEATH_COUNT","PED_SUSP_SERIOUS_INJ_COUNT","PERSON_COUNT","POLICE_AGCY","POSSIBLE_INJ_COUNT","RDWY_SURF_TYPE_CD","RELATION_TO_ROAD","ROADWAY_CLEARED","ROAD_CONDITION","SCH_BUS_IND","SCH_ZONE_IND","SECONDARY_CRASH","SMALL_TRUCK_COUNT","SPEC_JURIS_CD","SUSP_MINOR_INJ_COUNT","SUSP_SERIOUS_INJ_COUNT","SUV_COUNT","TCD_FUNC_CD","TCD_TYPE","TFC_DETOUR_IND","TIME_OF_DAY","TOTAL_UNITS","TOT_INJ_COUNT","UNBELTED_OCC_COUNT","UNB_DEATH_COUNT","UNB_SUSP_SERIOUS_INJ_COUNT","UNK_INJ_DEG_COUNT","UNK_INJ_PER_COUNT","URBAN_RURAL","VAN_COUNT","VEHICLE_COUNT","WEATHER1","WEATHER2","WORKERS_PRES","WORK_ZONE_IND","WORK_ZONE_LOC","WORK_ZONE_TYPE","WZ_CLOSE_DETOUR","WZ_FLAGGER","WZ_LAW_OFFCR_IND","WZ_LN_CLOSURE","WZ_MOVING","WZ_OTHER","WZ_SHLDER_MDN","WZ_WORKERS_INJ_KILLED"
"2021035067","0311","0","0","0","0","0","0","0","0","0","7","0","","02","4","2021","1","40.478908","-80.043019","0311","11","0","0","0","0","0","0","0","0","","0","0","0","","","0","N","1","","40 28:44.067","7","0","80 02:34.868","0","0","0","0","2301","0","0","0","N","0","0","0","2","02301","0","","3.0","345.0","1","N","N","N","0","","0","0","1","","2","Y","","1","0","0","0","0","0","0","2","0","1","","03","","N","","","","","","","","","",""
"2021036311","1305","1","0","0","0","0","0","0","0","0","7","0","","02","4","2021","4","40.248746","-79.876894","1300","11","0","0","0","0","0","0","0","0","","0","0","0","","","0","N","0","","40 14:55.484","1","0","79 52:36.817","0","0","0","0","2204","0","0","0","Y","0","0","0","1","02204","0","","5.0","1430.0","1","N","N","N","0","","0","0","0","","2","N","","1","0","0","0","0","0","0","1","0","1","","03","","N","","","","","","","","","",""
"2021047131","0038","1","0","0","0","0","0","0","0","0","7","0","","02","4","2021","2","40.614748","-80.09556","0038","11","0","0","0","0","0","0","0","0","","0","0","0","","","1","N","0","","40 36:53.093","","0","80 05:44.015","4","0","0","0","2481","0","0","0","Y","0","0","0","1","68B03","1","","5.0","","1","N","N","N","0","","0","0","0","","0","","","1","1","0","0","0","0","0","2","0","1","","07","","N","","","","","","","","","",""
"2021066227","1158","0","0","0","0","0","0","0","0","0","7","0","","02","7","2021","5","40.474264","-79.908338","1158","11","0","0","1","0","0","0","0","0","","0","0","0","","","0","N","1","","40 28:27.352","7","0","79 54:30.015","0","0","0","0","2301","0","0","0","N","0","0","0","1","02301","0","","5.0","1315.0","1","N","N","N","0","","0","0","1","","2","Y","","1","0","0","0","0","0","0","2","0","1","","03","","N","","","","","","","","","",""
"2021036888","1822","0","0","0","0","0","0","0","0","0","1","0","","02","4","2021","6","40.396168","-79.998152","1806","11","0","0","0","0","0","0","0","1","","0","0","0","","","2","N","0","","40 23:46.205","5","0","79 59:53.347","4","0","0","0","2301","0","0","0","N","0","0","0","3","02301","2","","1.0","1852.0","1","N","N","N","0","","0","0","2","","0","N","","2","2","0","0","0","0","0","2","0","2","","98","","N","","","","","","","","","",""
"2021036896","2059","1","0","0","0","0","0","0","0","0","0","0","90","02","4","2021","6","40.472447","-80.015516","2059","11","0","0","0","0","0","0","0","0","","0","0","0","","","0","","2","","40 28:20.810","5","0","80 00:55.856","0","0","0","0","2301","0","0","0","N","0","0","0","1","02301","0","","1.0","2136.0","1","N","N","N","0","","0","0","0","","0","Y","","1","0","0","0","0","0","0","2","0","1","","03","N","Y","2","1","","","N","","","Y","","N"
"2021035867","1525","1","0","0","0","0","0","0","0","0","1","0","","02","4","2021","3","40.640922","-79.938351","1525","11","0","0","0","0","0","1","0","0","","0","0","0","","","1","N","3","","40 38:27.318","2","0","79 56:18.063","8","0","0","0","2217","0","0","0","N","0","0","0","2","02505","0","","1.0","1548.0","1","N","N","N","0","","0","0","1","","0","Y","","2","1","0","0","0","1","0","2","0","2","","03","","N","","","","","","","","","",""
"2021068494","0925","1","0","0","0","0","0","0","0","0","1","0","","02","7","2021","7","40.440054","-80.01757","0922","11","0","0","0","0","0","0","0","0","","0","0","0","","","1","Y","0","","40 26:24.196","","0","80 01:03.253","8","0","0","0","2301","0","0","0","N","0","0","0","1","02301","0","","6.0","","1","N","N","N","1","","0","0","0","","2","","","2","1","0","0","0","1","0","2","0","2","","03","","N","","","","","","","","","",""
"2021036777","1617","1","0","0","0","0","0","0","0","0","7","0","","02","4","2021","6","40.451972","-80.069194","1614","11","0","0","0","0","0","0","0","0","","0","0","0","","","0","N","0","","40 27:07.100","","0","80 04:09.100","0","0","0","0","2301","0","0","0","N","0","0","0","1","02301","0","","5.0","","1","N","N","N","0","","0","0","0","","0","N","","1","0","1","0","0","0","0","2","0","1","","03","","N","","","","","","","","","",""
"2021068762","0208","2","0","0","0","0","0","0","0","0","4","0","","02","7","2021","1","40.422929","-79.891093","0204","11","0","0","0","0","0","0","0","0","","0","0","0","","","0","N","1","","40 25:22.544","5","0","79 53:27.934","0","0","0","0","2463","0","0","0","N","0","0","0","2","02463","0","","1.0","310.0","1","N","N","N","0","","0","0","0","","0","Y","","2","0","0","0","0","0","0","2","0","2","","03","","N","","","","","","","","","",""
"2021071451","1144","0","0","0","0","0","0","0","0","0","4","0","","02","8","2021","2","40.332195","-79.945976","1139","11","0","0","0","0","0","0","0","0","","0","0","0","","","0","N","0","","40 19:55.901","","6","79 56:45.515","0","0","0","0","2454","0","0","0","N","0","0","0","2","02454","0","","1.0","","1","N","N","N","0","","0","0","1","","0","","","2","0","0","0","0","0","0","2","1","2","","03","","N","","","","","","","","","",""
"2021038031","1524","2","0","0","0","0","0","0","0","0","1","0","","02","4","2021","2","40.411777","-80.076635","1514","11","0","0","0","0","0","0","0","0","","0","0","0","","","0","N","6","","40 24:42.397","","2","80 04:35.887","0","0","0","0","2415","0","0","0","N","0","0","0","2","68B03","0","","1.0","","1","N","N","N","0","","0","0","0","","0","","","2","0","0","0","0","0","0","2","0","2","","03","","N","","","","","","","","","",""
"2021035996","1153","1","0","0","0","0","0","0","0","0","1","0","","02","4","2021","4","40.371305","-79.927249","1150","11","0","0","0","0","0","0","0","0","","0","0","0","","","0","N","0","","40 22:16.697","","0","79 55:38.098","0","0","0","0","2473","0","0","0","N","0","0","0","3","02473","0","","1.0","","1","N","N","N","0","","0","0","1","","0","","","2","0","0","0","0","0","0","2","0","2","","04","","N","","","","","","","","","",""
"2021036626","0737","1","0","0","0","0","0","0","0","0","7","0","","02","4","2021","4","40.52167","-80.273029","0729","11","0","0","0","0","0","0","0","0","","0","0","0","","","1","N","0","","40 31:18.011","3","0","80 16:22.905","3","0","0","0","2203","0","0","0","Y","0","0","0","1","02203","0","","2.0","812.0","2","N","N","N","0","","1","0","0","","0","N","","1","1","0","0","0","0","0","2","0","1","","","","N","","","","","","","","","",""
"2021040966","1643","1","0","0","0","0","0","0","0","0","4","0","","02","4","2021","3","40.332894","-79.984873","1638","11","0","0","0","0","0","1","1","0","","0","0","0","","","0","","1","","40 19:58.420","5","0","79 59:05.541","0","0","0","0","2403","0","0","0","N","0","0","0","3","02403","0","","1.0","1720.0","1","N","N","N","0","","0","0","2","","2","Y","","3","0","0","0","0","0","0","2","0","3","","","","N","","","","","","","","","",""
"2021038070","2017","1","0","0","0","0","0","0","0","0","4","0","","02","4","2021","3","40.46212","-80.030732","1959","11","0","0","0","0","0","0","0","0","","0","0","0","","","0","N","1","","40 27:43.633","","2","80 01:50.635","0","0","0","0","2301","0","0","0","N","0","0","0","2","02301","0","","1.0","","1","N","N","N","0","","0","0","1","","2","","","2","0","0","0","0","0","0","2","0","2","","03","","N","","","","","","","","","",""
"2021037147","2043","1","0","0","0","0","0","0","0","0","4","0","","02","4","2021","7","40.295833","-79.964167","2035","11","0","0","0","0","0","0","0","0","","0","0","0","","","1","N","0","","40 17:45.000","6","0","79 57:51.000","3","0","0","0","2440","0","0","0","N","0","0","0","4","02440","0","","1.0","2140.0","9","N","N","N","0","","1","0","1","","0","Y","","2","1","0","0","0","0","0","2","0","2","","","","N","","","","","","","","","",""
"2021069664","1350","1","0","0","0","0","0","0","0","0","2","0","","02","7","2021","3","40.411386","-79.99041","1347","11","0","0","0","0","0","1","0","0","","0","0","0","","","0","N","2","","40 24:40.989","4","0","79 59:25.475","0","0","0","0","2301","0","0","0","N","0","0","0","3","02301","0","","1.0","1435.0","1","N","N","N","0","","0","0","1","","3","N","","2","0","0","0","0","0","0","2","0","2","","03","","N","","","","","","","","","",""
"2021037895","1525","0","0","0","0","0","0","0","0","0","7","0","45","02","4","2021","6","40.493834","-79.902844","1459","11","0","0","0","0","0","1","0","0","","0","0","0","","","0","N","0","","40 29:37.801","","0","79 54:10.240","0","0","0","0","2401","0","0","0","N","0","0","0","1","68D02","0","","5.0","","1","N","N","N","0","","0","0","1","","0","","","1","0","0","0","0","0","0","2","0","1","","","N","Y","3","1","","","N","","","Y","","N"
"2021038261","1654","1","0","0","0","0","0","0","0","0","1","0","","02","4","2021","6","40.506716","-80.223204","1651","11","0","0","0","0","0","0","0","0","","0","0","0","","","1","N","0","","40 30:24.176","1","0","80 13:23.535","8","0","0","1","2213","0","0","0","N","0","0","0","2","02213","0","","1.0","100.0","1","N","N","N","0","","0","0","0","","0","N","","2","1","0","0","0","1","0","2","0","2","","03","","N","","","","","","","","","",""
"2021035556","0919","1","0","0","0","0","0","0","0","0","1","0","","02","4","2021","3","40.392956","-79.997313","0905","11","0","0","0","0","0","0","1","0","","0","0","0","","","1","","2","","40 23:34.643","","0","79 59:50.327","3","0","0","0","2301","0","0","0","N","0","0","0","4","02301","0","","1.0","","1","N","N","Y","1","","1","0","1","","2","","","3","1","0","0","0","0","1","2","0","3","","03","","N","","","","","","","","","",""
"2021037283","1454","0","0","0","0","0","0","0","0","0","7","0","","02","4","2021","1","40.556414","-80.038199","1445","11","0","0","0","0","0","0","0","0","","0","0","0","","","0","N","0","","40 33:23.091","","0","80 02:17.515","0","0","0","0","2108","0","0","0","N","0","0","0","1","02108","0","","2.0","","1","N","N","N","0","","0","0","1","","0","","","1","0","0","0","0","0","0","2","0","1","","03","","N","","","","","","","","","",""
"2021071410","2036","1","0","0","0","0","0","0","0","0","7","0","","02","8","2021","1","40.471652","-79.961456","2033","11","0","0","0","0","0","0","0","0","","0","0","0","","","1","N","0","","40 28:17.948","6","0","79 57:41.240","3","0","0","0","2301","0","0","0","N","0","0","0","1","02301","0","","4.0","2359.0","1","N","N","N","0","","1","0","0","","0","Y","","1","1","0","0","0","0","0","2","0","1","","03","","N","","","","","","","","","",""
"2021035877","1335","1","0","0","0","0","0","0","0","0","1","0","","02","4","2021","3","40.437088","-79.995201","1325","11","0","0","0","0","0","0","1","0","","0","0","0","","","0","N","0","","40 26:13.516","","2","79 59:42.724","0","0","0","0","2301","0","0","0","N","0","0","0","2","02301","0","","7.0","","1","N","N","N","1","","0","0","0","","0","","","2","0","0","0","0","0","0","2","0","2","","","","N","","","","","","","","","",""
"2021040259","1820","2","0","0","0","0","0","0","0","0","1","0","","02","4","2021","4","40.415169","-80.060916","1813","11","0","0","0","0","0","1","0","0","","0","0","0","","","1","N","0","","40 24:54.608","3","0","80 03:39.299","4","0","0","0","2435","0","0","0","Y","0","0","0","3","68B03","1","","1.0","20.0","1","N","N","N","0","","0","0","1","","0","N","","3","1","0","0","0","0","0","2","0","3","","","","N","","","","","","","","","",""
"2021035053","2130","2","0","0","0","0","0","0","0","0","5","0","","02","4","2021","1","40.435849","-79.973205","2126","11","0","0","0","0","0","1","0","0","","0","0","0","","","0","N","2","","40 26:09.056","","0","79 58:23.537","0","0","0","0","2301","0","0","0","N","0","0","0","6","02301","0","","1.0","","1","N","N","N","0","","0","0","0","","2","","","2","0","0","0","0","0","0","2","0","2","","03","","N","","","","","","","","","",""
"2021038620","2136","0","0","0","0","0","0","0","0","0","2","0","","02","4","2021","3","40.3498","-79.9809","2134","11","0","1","0","0","0","0","0","0","","0","0","0","","","0","N","0","","40 20:59.280","7","0","79 58:51.240","0","0","0","0","2476","0","0","0","N","0","0","0","2","02476","0","","1.0","2207.0","1","N","N","N","0","","0","0","2","","0","N","","2","0","0","0","0","0","0","2","0","2","","03","","N","","","","","","","","","",""
"2021036501","1533","1","0","0","0","0","0","0","0","0","4","0","","02","4","2021","5","40.532116","-79.712779","1528","11","0","0","0","0","0","1","0","0","","0","0","0","","","0","","1","","40 31:55.616","","0","79 42:46.006","0","0","0","0","2466","0","0","0","N","0","0","0","2","02466","0","","1.0","","1","N","N","N","0","","0","0","1","","3","","","2","0","0","0","0","0","0","1","0","2","","03","","N","","","","","","","","","",""
"2021072515","1652","1","0","0","0","0","0","0","0","0","1","0","","02","8","2021","4","40.531871","-80.174675","1652","11","0","0","0","0","0","2","0","0","","0","0","0","","","0","N","0","","40 31:54.736","1","0","80 10:28.829","0","0","0","0","2452","0","0","0","N","0","0","0","3","02458","0","","1.0","1733.0","1","N","N","N","0","","0","0","2","","0","N","","3","0","0","0","0","0","0","2","0","3","","04","","N","","","","","","","","","",""
"2021036929","0105","1","0","0","0","0","0","0","0","0","1","0","","02","4","2021","7","40.47753","-80.041927","0057","11","0","0","0","0","0","0","0","0","","0","0","0","","","2","N","0","","40 28:39.109","","0","80 02:30.938","3","0","0","0","2301","0","0","0","N","0","0","0","5","02301","0","","1.0","","1","N","N","Y","0","","2","0","1","","0","N","","3","2","1","0","0","0","1","2","0","3","","03","","N","","","","","","","","","",""
"2021037208","1224","0","0","0","0","0","0","0","0","0","2","0","","02","4","2021","7","40.476403","-79.78047","1210","11","0","0","0","0","0","1","0","0","","0","0","0","","","1","","3","","40 28:35.051","4","0","79 46:49.691","3","0","0","0","2113","0","0","0","N","0","0","0","3","02113","0","","1.0","1240.0","1","N","N","N","0","","1","0","2","","3","N","","2","1","1","0","0","0","0","2","0","2","","","","N","","","","","","","","","",""
"2021073181","1611","1","0","0","0","0","0","0","0","0","1","0","","02","8","2021","5","40.383371","-80.043777","1610","11","0","0","0","1","0","1","0","0","","0","0","0","","","0","N","0","","40 23:00.134","","0","80 02:37.597","0","0","0","0","2109","0","0","0","N","0","0","0","2","02109","0","","1.0","","1","N","N","N","0","","0","0","1","","0","","","2","0","0","0","0","0","0","2","0","2","","03","","N","","","","","","","","","",""
"2021071632","1437","0","0","0","0","0","0","0","0","0","8","0","","02","8","2021","1","40.436034","-79.922897","1431","11","0","0","0","0","0","0","1","0","","0","0","0","","","1","N","2","","40 26:09.722","","0","79 55:22.429","3","0","0","0","2301","1","0","0","N","1","0","0","3","02301","0","","1.0","","1","N","N","N","0","","1","0","1","","2","","","2","1","0","0","0","0","0","2","0","1","","","","N","","","","","","","","","",""
"2021038390","0245","1","0","0","0","0","0","0","0","0","7","0","","02","4","2021","3","40.460589","-79.922902","0240","11","0","0","0","0","0","0","0","0","","0","0","0","","","0","N","0","","40 27:38.119","","0","79 55:22.447","9","0","0","0","2301","0","0","0","N","0","0","0","1","02301","0","","5.0","","1","N","N","N","0","","0","0","0","","0","","","1","0","0","0","0","0","1","2","0","1","","03","","N","","","","","","","","","",""
"2021041629","1405","0","0","0","0","0","0","0","0","0","1","0","","02","4","2021","2","40.411022","-79.955515","1400","11","0","0","0","0","0","0","0","0","","0","0","0","","","0","N","1","","40 24:39.679","","0","79 57:19.855","0","0","0","0","2301","0","0","0","N","0","0","0","2","02301","0","","1.0","","1","N","N","N","0","","0","0","1","","0","","","2","0","2","0","0","0","0","2","1","2","","03","","N","","","","","","","","","",""
"2021038914","2014","1","0","0","0","0","0","0","0","0","2","0","","02","4","2021","7","40.394076","-80.129777","2011","11","0","0","0","0","0","1","0","0","","0","0","0","","","0","N","0","","40 23:38.675","5","7","80 07:47.198","0","0","0","0","2102","0","0","0","N","0","0","0","2","02102","0","","5.0","2048.0","9","N","N","N","0","","0","0","0","","0","N","","1","0","0","0","0","0","0","2","0","1","","","","N","","","","","","","","","",""
"2021039012","1736","1","0","0","0","0","0","0","0","0","1","0","45","02","4","2021","2","40.4944","-79.904349","1734","11","0","1","1","0","0","0","0","0","","0","0","0","","","0","N","0","","40 29:39.839","2","0","79 54:15.657","0","0","0","0","2401","0","0","0","N","0","0","0","3","68D02","0","","1.0","1810.0","1","N","N","N","0","","0","0","1","","0","N","","2","0","0","0","0","0","0","2","0","2","","","N","Y","4","1","","","N","","Y","","","N"
"2021037941","1454","1","0","0","0","0","0","0","0","0","6","0","","02","4","2021","3","40.463496","-79.91735","1452","11","0","0","0","0","0","1","0","0","","0","0","0","","","1","N","1","","40 27:48.585","5","0","79 55:02.459","4","0","0","0","2301","0","0","0","N","0","0","0","2","02301","1","","1.0","1515.0","1","N","N","N","0","","0","0","1","","2","Y","","2","1","0","0","0","0","0","2","0","2","","","","N","","","","","","","","","",""
"2021084783","0726","2","0","0","0","0","0","0","0","0","4","0","","02","9","2021","5","40.349673","-79.893025","0723","11","0","0","0","0","0","1","0","0","","0","0","0","","","1","","2","","40 20:58.821","3","0","79 53:34.890","8","0","0","0","2423","0","0","0","N","0","0","0","2","02304","0","","1.0","756.0","1","N","N","N","0","","0","0","0","","3","Y","","2","1","0","0","0","1","0","2","0","2","","03","","N","","","","","","","","","",""
"2021073058","1435","1","0","0","0","0","0","0","0","0","4","0","","02","7","2021","5","40.422296","-79.749694","1428","11","0","0","0","0","0","0","0","0","","0","0","0","","","0","N","3","","40 25:20.265","3","0","79 44:58.898","0","0","0","0","2446","0","0","0","N","0","0","0","5","02446","0","","1.0","1500.0","1","N","N","N","0","","0","0","1","","0","N","","2","0","0","0","0","0","0","2","0","2","","03","","N","","","","","","","","","",""
"2021083479","0830","0","0","0","0","0","0","0","0","0","1","0","","02","8","2021","3","40.552313","-80.02021","0820","11","0","0","0","0","0","1","0","0","","0","0","0","","","1","N","0","","40 33:08.326","2","0","80 01:12.756","3","0","0","0","2116","0","0","0","N","0","0","0","2","02116","0","","1.0","909.0","1","N","N","N","1","","1","0","1","","0","N","","2","1","0","0","0","0","0","2","0","2","","03","","N","","","","","","","","","",""
"2021049668","0156","0","0","0","0","0","0","0","0","0","7","0","","02","5","2021","1","40.383157","-79.827797","0200","11","0","0","0","0","0","0","0","0","","0","0","0","","","1","N","1","","40 22:59.366","2","0","79 49:40.068","3","0","0","0","2111","0","0","0","N","0","0","0","2","02111","0","","5.0","305.0","1","N","N","Y","0","","1","0","1","","2","N","","1","1","0","0","0","0","0","2","0","1","","03","","N","","","","","","","","","",""
"2021043511","0008","0","0","0","0","0","0","0","0","0","7","0","","02","5","2021","5","40.326455","-79.851566","0008","11","0","0","0","0","0","0","0","0","","0","0","0","","","0","N","0","","40 19:35.237","","0","79 51:05.637","0","0","0","0","2442","0","0","0","N","0","0","0","1","02442","0","","5.0","","1","N","N","N","0","","0","0","1","","0","","","1","0","0","0","0","0","0","2","0","1","","03","","N","","","","","","","","","",""
"2021054679","1509","1","0","0","0","0","0","0","0","0","4","0","","02","6","2021","5","40.300535","-79.922949","1509","11","0","0","0","0","0","0","0","0","","0","0","0","","","0","N","0","","40 18:01.927","1","0","79 55:22.616","0","0","0","0","2440","0","0","0","N","0","0","0","4","02440","0","","1.0","1620.0","8","N","N","N","0","","0","0","1","","0","N","","2","0","0","0","0","0","0","2","0","2","","","","N","","","","","","","","","",""
"2021037330","1745","2","0","0","0","0","0","0","0","0","4","0","","02","4","2021","1","40.449574","-80.002594","1745","11","0","0","0","0","0","0","0","0","","0","0","0","","","4","","1","","40 26:58.466","","1","80 00:09.338","4","0","0","0","2301","0","0","0","N","0","0","0","7","02301","4","","1.0","","1","N","N","N","0","","0","0","0","","2","","","2","4","0","0","0","0","0","2","0","2","","","","N","","","","","","","","","",""
"2021069943","1448","1","0","0","0","0","0","0","0","0","1","0","","02","7","2021","4","40.415971","-80.030003","1446","11","0","0","0","0","1","1","0","0","","0","0","0","","","1","","1","","40 24:57.497","2","0","80 01:48.011","8","0","0","0","2301","0","0","0","N","0","0","0","4","02301","0","","1.0","1530.0","1","N","N","N","0","","0","0","1","","2","N","","3","1","0","0","0","1","0","2","1","3","","03","","N","","","","","","","","","",""
"2021055610","1225","1","0","0","0","0","0","0","0","0","1","0","","02","6","2021","5","40.334973","-79.811544","1223","11","0","0","0","0","0","1","1","0","","0","0","0","","","1","","2","","40 20:05.902","5","0","79 48:41.558","3","0","0","0","2477","0","0","0","N","0","0","0","2","02477","0","","1.0","1250.0","1","N","N","N","0","","1","0","1","","0","N","","2","1","1","0","0","0","0","2","0","2","","","","N","","","","","","","","","",""
"2021043836","1216","1","0","0","0","0","0","0","0","0","4","0","","02","5","2021","7","40.378608","-79.776933","1209","11","0","0","0","0","0","0","0","0","","0","0","0","","","0","N","0","","40 22:42.990","2","0","79 46:36.957","0","0","0","0","2111","0","0","0","N","0","0","0","1","02111","0","","2.0","1246.0","1","N","N","N","0","","0","0","2","","0","N","","3","0","1","0","0","0","0","2","0","3","","03","","N","","","","","","","","","",""
"2021061599","1611","2","0","0","0","0","0","0","0","0","2","0","","02","6","2021","5","40.418787","-79.890826","1608","11","0","0","0","0","0","0","0","0","","0","0","0","","","1","N","2","","40 25:07.633","6","0","79 53:26.973","3","0","0","0","2463","0","0","0","N","0","0","0","2","02463","0","","1.0","1656.0","1","N","N","N","0","","1","0","0","","0","Y","","2","1","0","0","0","0","1","2","0","2","","03","","N","","","","","","","","","",""
"2021085581","1500","0","0","0","0","0","0","0","0","0","4","0","","02","9","2021","5","40.445485","-79.76524","1454","11","0","0","0","0","0","1","0","0","","0","0","0","","","0","N","2","","40 26:43.746","","0","79 45:54.863","0","0","0","0","2446","0","0","0","N","0","0","0","2","02446","0","","1.0","","1","N","N","N","2","","0","0","0","","0","","","2","0","0","0","0","0","0","2","0","2","","03","","N","","","","","","","","","",""
"2021054677","0200","1","0","0","0","0","0","0","0","0","4","0","","02","6","2021","1","40.456922","-79.894133","0053","11","0","0","0","0","0","1","0","0","","0","0","0","","","1","","1","","40 27:24.919","7","0","79 53:38.878","2","0","1","1","2301","0","0","0","N","0","0","0","2","02301","0","","1.0","400.0","1","N","N","N","0","","0","1","0","","3","Y","","2","1","1","0","0","0","1","2","0","2","","","","N","","","","","","","","","",""
"2021055574","2206","2","0","1","0","0","0","0","0","0","2","0","","02","6","2021","2","40.429646","-79.998994","2200","11","0","0","0","0","0","0","0","1","","0","0","0","","","3","Y","0","","40 25:46.725","7","3","79 59:56.377","2","0","0","0","2301","0","0","0","N","0","0","0","6","02301","1","","1.0","2245.0","1","N","N","N","1","","1","1","1","","2","Y","","4","3","0","0","0","0","0","2","0","4","","03","","N","","","","","","","","","",""
"2021042930","1655","0","0","0","0","0","0","0","0","0","7","0","","02","5","2021","4","40.408806","-79.942472","1644","11","0","0","0","0","0","0","0","0","","0","0","0","","","0","N","0","","40 24:31.700","","0","79 56:32.900","0","0","0","0","2301","0","0","0","N","0","0","0","0","02301","0","","5.0","","1","N","N","N","0","","0","0","0","","0","","","1","0","0","0","0","0","0","2","1","1","","","","N","","","","","","","","","",""
"2021073737","1426","1","0","0","0","0","0","0","0","0","4","0","","02","8","2021","7","40.495178","-80.065864","1424","11","0","0","0","0","0","1","0","0","","0","0","0","","","1","N","0","","40 29:42.642","1","6","80 03:57.111","4","0","0","0","2402","0","0","0","N","0","0","0","3","02402","1","","1.0","1516.0","1","N","N","N","1","","0","0","0","","0","N","","2","1","0","0","0","0","0","2","0","2","","03","","N","","","","","","","","","",""
"2021087804","1652","1","0","0","0","0","0","0","0","0","4","0","","02","9","2021","3","40.39824","-80.104963","1644","11","0","0","0","0","0","1","0","0","","0","0","0","","","0","","2","","40 23:53.663","3","2","80 06:17.865","0","0","0","0","2102","0","0","0","N","0","0","0","3","02102","0","","1.0","1730.0","1","N","N","N","0","","0","0","1","","2","N","","2","0","0","0","0","0","0","2","0","2","","03","","Y","","","","","","","","","",""
"2021056023","0124","0","0","0","0","0","0","0","0","0","7","0","","02","6","2021","1","40.451583","-79.87475","0119","11","1","0","0","0","0","0","0","0","","0","0","0","","","0","N","0","","40 27:05.700","","0","79 52:29.100","0","0","0","0","2301","0","0","0","Y","0","0","0","1","02301","0","","5.0","","1","N","N","Y","0","","0","0","1","","0","N","","1","0","0","0","0","0","0","2","0","1","","03","","N","","","","","","","","","",""
"2021055779","2319","1","0","0","0","0","0","0","0","0","7","0","","02","6","2021","4","40.425765","-80.01976","2308","11","0","0","0","0","0","1","0","0","","0","0","0","","","0","N","1","","40 25:32.754","","99","80 01:11.135","0","0","0","0","2301","0","0","0","N","0","0","0","1","02301","0","","5.0","","1","N","N","N","0","","0","0","0","","2","","","1","0","0","0","0","0","0","2","0","1","","03","","N","","","","","","","","","",""
"2021052333","0744","0","0","0","0","0","0","0","0","0","1","0","","02","6","2021","3","40.407261","-79.889977","0741","11","0","0","0","0","0","1","0","0","","0","0","0","","","0","N","2","","40 24:26.141","3","0","79 53:23.918","0","0","0","0","2448","0","0","0","N","0","0","0","3","02448","0","","1.0","818.0","1","N","N","N","1","","0","0","1","","2","N","","2","0","0","0","0","0","0","2","0","2","","03","","N","","","","","","","","","",""
"2021044387","1418","2","0","0","0","0","0","0","0","0","1","0","","02","5","2021","2","40.396106","-80.024058","1408","11","0","0","0","0","0","1","0","1","","0","0","0","","","0","N","1","","40 23:45.983","1","0","80 01:26.609","0","0","0","0","2301","0","0","0","N","0","0","0","2","02301","0","","1.0","1435.0","1","N","N","N","0","","0","0","0","","2","N","","2","0","0","0","0","0","0","2","0","2","","03","","N","","","","","","","","","",""
"2021077601","0150","2","0","0","0","0","0","0","0","0","7","0","","02","5","2021","5","40.42923","-79.887361","0124","11","0","0","0","0","0","0","0","0","","0","0","0","","","1","N","0","","40 25:45.227","3","0","79 53:14.500","4","0","0","0","2426","0","0","0","N","0","0","0","3","68B03","1","","5.0","150.0","1","N","N","N","0","","0","0","0","","0","N","","2","1","0","0","0","0","0","2","0","2","","03","","N","","","","","","","","","",""
"2021054655","1559","1","0","0","0","0","0","0","0","0","1","0","","02","6","2021","6","40.421873","-79.735768","1534","11","0","0","0","1","0","0","0","0","","0","0","0","","","0","N","0","","40 25:18.741","","0","79 44:08.766","0","0","0","0","2446","0","0","0","N","0","0","0","2","68T09","0","","1.0","","9","N","N","N","1","","0","0","0","","0","","","2","0","0","0","0","0","0","2","0","2","","","","N","","","","","","","","","",""