"CRN","ARRIVAL_TM","AUTOMOBILE_COUNT","BELTED_DEATH_COUNT","BELTED_SUSP_SERIOUS_INJ_COUNT","BICYCLE_COUNT","BICYCLE_DEATH_COUNT","BICYCLE_SUSP_SERIOUS_INJ_COUNT","BUS_COUNT","CHLDPAS_DEATH_COUNT","CHLDPAS_SUSP_SERIOUS_INJ_COUNT","COLLISION_TYPE","COMM_VEH_COUNT","CONS_ZONE_SPD_LIM","COUNTY","CRASH_MONTH","CRASH_YEAR","DAY_OF_WEEK","DEC_LATITUDE","DEC_LONGITUDE","DISPATCH_TM","DISTRICT","DRIVER_COUNT_16YR","DRIVER_COUNT_17YR","DRIVER_COUNT_18YR","DRIVER_COUNT_19YR","DRIVER_COUNT_20YR","DRIVER_COUNT_50_64YR","DRIVER_COUNT_65_74YR","DRIVER_COUNT_75PLUS","EST_HRS_CLOSED","FATAL_COUNT","HEAVY_TRUCK_COUNT","HORSE_BUGGY_COUNT","HOUR_OF_DAY","ILLUMINATION","INJURY_COUNT","INTERSECTION_RELATED","INTERSECT_TYPE","LANE_CLOSED","LATITUDE","LN_CLOSE_DIR","LOCATION_TYPE","LONGITUDE","MAX_SEVERITY_LEVEL","MCYCLE_DEATH_COUNT","MCYCLE_SUSP_SERIOUS_INJ_COUNT","MOTORCYCLE_COUNT","MUNICIPALITY","NONMOTR_COUNT","NONMOTR_DEATH_COUNT","NONMOTR_SUSP_SERIOUS_INJ_COUNT","NTFY_HIWY_MAINT","PED_COUNT","PED_DEATH_COUNT","PED_SUSP_SERIOUS_INJ_COUNT","PERSON_COUNT","POLICE_AGCY","POSSIBLE_INJ_COUNT","RDWY_SURF_TYPE_CD","RELATION_TO_ROAD","ROADWAY_CLEARED","ROAD_CONDITION","SCH_BUS_IND","SCH_ZONE_IND","SECONDARY_CRASH","SMALL_TRUCK_COUNT","SPEC_JURIS_CD","SUSP_MINOR_INJ_COUNT","SUSP_SERIOUS_INJ_COUNT","SUV_COUNT","TCD_FUNC_CD","TCD_TYPE","TFC_DETOUR_IND","TIME_OF_DAY","TOTAL_UNITS","TOT_INJ_COUNT","UNBELTED_OCC_COUNT","UNB_DEATH_COUNT","UNB_SUSP_SERIOUS_INJ_COUNT","UNK_INJ_DEG_COUNT","UNK_INJ_PER_COUNT","URBAN_RURAL","VAN_COUNT","VEHICLE_COUNT","WEATHER1","WEATHER2","WORKERS_PRES","WORK_ZONE_IND","WORK_ZONE_LOC","WORK_ZONE_TYPE","WZ_CLOSE_DETOUR","WZ_FLAGGER","WZ_LAW_OFFCR_IND","WZ_LN_CLOSURE","WZ_MOVING","WZ_OTHER","WZ_SHLDER_MDN","WZ_WORKERS_INJ_KILLED"
"2021087586","2307","1","0","0","0","0","0","0","0","0","4","0","","02","8","2021","2","40.435307","-79.998296","2252","11","0","0","0","1","0","0","1","0","","0","0","0","","","1","N","0","","40 26:07.106","3","0","79 59:53.867","3","0","0","0","2301","0","0","0","N","0","0","0","3","68B03","0","","1.0","2350.0","1","N","N","N","1","","1","0","1","","8","N","","3","1","0","0","0","0","0","2","0","3","","","","N","","","","","","","","","",""
"2021056337","1743","0","0","0","0","0","0","0","0","0","2","0","","02","6","2021","4","40.494091","-80.05426","1740","11","0","0","0","0","0","0","0","0","","0","0","0","","","0","N","2","","40 29:38.727","2","0","80 03:15.335","0","0","0","0","2404","0","0","0","N","0","0","0","2","02404","0","","1.0","1820.0","1","N","N","N","1","","0","0","1","","0","Y","","2","0","0","0","0","0","0","2","0","2","","03","","N","","","","","","","","","",""
"2021046578","1942","0","0","1","0","0","0","0","0","0","7","0","","02","5","2021","4","40.543445","-79.729193","1932","11","0","0","0","0","0","0","0","0","","0","0","0","","","1","N","0","","40 32:36.402","","0","79 43:45.094","2","0","0","0","2466","0","0","0","N","0","0","0","3","02466","0","","5.0","","1","N","N","N","0","","0","1","1","","0","","","1","1","0","0","0","0","0","1","0","1","","","","N","","","","","","","","","",""
"2021064076","0955","0","0","0","0","0","0","0","0","0","7","0","","02","7","2021","4","40.603584","-79.86937","0951","11","0","0","0","0","0","0","0","0","","0","0","0","","","0","Y","0","","40 36:12.901","","0","79 52:09.732","0","0","0","0","2220","0","0","0","N","0","0","0","2","02220","0","","2.0","","1","N","N","N","1","","0","0","0","","0","N","","1","0","0","0","0","0","0","2","0","1","","","","N","","","","","","","","","",""
"2021047413","1140","0","0","0","0","0","0","0","0","0","98","1","","02","5","2021","3","40.489054","-79.876169","1138","11","0","0","0","0","0","0","0","0","","0","1","0","","","0","N","0","","40 29:20.594","","0","79 52:34.208","0","0","0","0","2112","0","0","0","N","0","0","0","1","02112","0","","6.0","","1","N","N","N","0","","0","0","2","","0","","","3","0","0","0","0","0","0","2","0","3","","03","","N","","","","","","","","","",""
"2021044345","0353","1","0","1","0","0","0","0","0","0","4","0","","02","5","2021","1","40.457675","-79.906358","0352","11","0","0","0","0","1","0","0","0","","0","0","0","","","2","","1","","40 27:27.630","6","0","79 54:22.888","2","0","0","0","2301","0","0","0","N","0","0","0","4","02301","1","","1.0","540.0","1","N","N","N","0","","0","1","1","","0","N","","2","2","0","0","0","0","0","2","0","2","","","","N","","","","","","","","","",""
"2021054206","1850","2","0","0","0","0","0","0","0","0","4","0","","02","6","2021","7","40.50472","-80.084351","1849","11","0","0","0","0","0","0","0","0","","0","0","0","","","0","","1","","40 30:16.991","5","0","80 05:03.665","0","0","0","0","2405","0","0","0","N","0","0","0","2","02215","0","","1.0","1848.0","1","N","N","N","0","","0","0","0","","2","N","","2","0","0","0","0","0","0","2","0","2","","03","","N","","","","","","","","","",""
"2021044356","0151","1","0","0","0","0","0","0","0","0","4","0","","02","5","2021","6","40.454223","-79.886828","0145","11","0","0","0","0","0","0","0","0","","0","0","0","","","2","","1","","40 27:15.201","7","0","79 53:12.580","8","0","0","0","2301","0","0","0","N","0","0","0","2","02301","0","","1.0","245.0","1","N","N","N","0","","0","0","1","","3","Y","","2","2","0","0","0","2","0","2","0","2","","","","N","","","","","","","","","",""
"2021037068","1449","2","0","0","0","0","0","0","0","0","2","0","","02","4","2021","7","40.428323","-79.973024","1442","11","0","0","0","0","1","0","0","0","","0","0","0","","","0","","1","","40 25:41.962","2","0","79 58:22.886","0","0","0","0","2301","0","0","0","N","0","0","0","3","02301","0","","1.0","1510.0","1","N","N","N","0","","0","0","0","","3","N","","2","0","0","0","0","0","0","2","0","2","","03","","N","","","","","","","","","",""
"2021037102","1906","0","0","0","0","0","0","0","0","0","7","0","","02","4","2021","7","40.45475","-79.81925","1904","11","0","0","0","0","0","0","0","0","","0","0","0","","","1","N","0","","40 27:17.100","5","0","79 49:09.300","3","0","0","0","2113","0","0","0","N","0","0","0","1","02113","0","","5.0","1946.0","9","N","N","N","0","","1","0","2","","0","Y","","2","1","0","0","0","0","0","2","0","2","","","","N","","","","","","","","","",""
"2021086054","0851","2","0","0","0","0","0","1","0","0","4","1","","02","9","2021","2","40.382926","-79.877922","0839","11","0","0","0","0","0","2","0","1","","0","0","0","","","0","","1","","40 22:58.532","","0","79 52:40.519","0","0","0","0","2473","0","0","0","N","0","0","0","3","02503","0","","1.0","","1","N","N","Y","0","","0","0","0","","2","","","3","0","0","0","0","0","0","2","0","3","","03","","N","","","","","","","","","",""
"2021053922","2029","1","0","0","0","0","0","0","0","0","7","0","","02","6","2021","6","40.417028","-79.949583","2021","11","0","0","0","0","1","0","0","0","","0","0","0","","","1","N","0","","40 25:01.300","5","0","79 56:58.500","8","0","0","0","2301","0","0","0","N","0","0","0","2","02301","0","","2.0","2140.0","3","N","N","N","0","","0","0","0","","0","N","","1","1","0","0","0","1","0","2","0","1","","03","","N","","","","","","","","","",""
"2021043308","2020","1","0","0","0","0","0","0","0","0","7","0","","02","5","2021","1","40.514861","-79.912306","2010","11","0","0","0","0","0","0","0","1","","0","0","0","","","0","Y","0","","40 30:53.500","","0","79 54:44.300","0","0","0","0","2432","0","0","0","N","0","0","0","2","02432","0","","4.0","","9","N","N","N","0","","0","0","0","","0","","","1","0","0","0","0","0","0","2","0","1","","","","N","","","","","","","","","",""
"2021085200","1245","0","0","0","0","0","0","0","0","0","8","0","","02","9","2021","6","40.443077","-79.997424","1245","11","0","0","0","0","0","1","0","0","","0","0","0","","","1","","1","","40 26:35.077","3","0","79 59:50.726","4","0","0","0","2301","1","0","0","N","1","0","0","2","02301","1","","1.0","1305.0","1","N","N","N","0","","0","0","1","","2","Y","","2","1","0","0","0","0","0","2","0","1","","03","","N","","","","","","","","","",""
"2021044904","1340","1","0","0","0","0","0","0","0","0","4","0","","02","5","2021","5","40.465124","-79.941063","1329","11","0","0","0","0","0","0","0","0","","0","0","0","","","0","N","1","","40 27:54.446","","0","79 56:27.826","9","0","0","0","2301","0","0","0","N","0","0","0","4","02301","0","","1.0","","1","N","N","N","0","","0","0","2","","3","","","3","0","0","0","0","0","3","2","0","3","","","","N","","","","","","","","","",""
"2021076792","1534","2","0","0","0","0","0","0","0","0","5","0","","02","8","2021","3","40.463881","-79.828154","1529","11","0","0","0","0","0","1","0","0","","0","0","0","","","0","N","0","","40 27:49.972","","0","79 49:41.356","0","0","0","0","2113","0","0","0","N","0","0","0","4","02113","0","","1.0","","1","N","N","N","0","","0","0","0","","0","","","2","0","1","0","0","0","0","2","0","2","","03","","N","","","","","","","","","",""
"2021066347","1703","0","0","0","0","0","0","0","0","0","8","0","","02","7","2021","6","40.376364","-79.896098","1702","11","0","0","0","0","0","0","0","0","","1","0","0","","","0","N","0","","40 22:34.910","6","0","79 53:45.953","1","0","0","0","2473","1","1","0","N","1","1","0","3","02473","0","2","1.0","1930.0","9","N","N","N","0","0","0","0","1","","0","Y","","2","0","0","0","0","0","0","2","0","1","","04","","N","","","","","","","","","",""
"2021054000","1238","2","0","0","0","0","0","0","0","0","4","0","","02","6","2021","6","40.412944","-79.908528","1237","11","0","0","0","1","0","0","0","1","","0","0","0","","","0","N","0","","40 24:46.600","","7","79 54:30.700","0","0","0","0","2438","0","0","0","N","0","0","0","3","02438","0","","1.0","","1","N","N","N","0","","0","0","0","","3","","","2","0","0","0","0","0","0","2","0","2","","","","N","","","","","","","","","",""
"2021084903","1342","2","0","0","0","0","0","0","0","0","4","0","","02","9","2021","5","40.458943","-79.93192","1338","11","0","0","0","0","0","0","0","0","","0","0","0","","","0","","2","","40 27:32.194","","0","79 55:54.913","0","0","0","0","2301","0","0","0","N","0","0","0","1","02301","0","","1.0","","1","N","N","N","0","","0","0","0","","3","","","2","0","0","0","0","0","0","2","0","2","","03","","N","","","","","","","","","",""
"2021085445","0203","2","0","0","0","0","0","0","0","0","1","0","","02","9","2021","7","40.455576","-79.888103","0151","11","0","0","0","0","0","1","0","0","","0","0","0","","","0","N","1","","40 27:20.073","3","0","79 53:17.170","0","0","0","0","2301","0","0","0","N","0","0","0","3","02301","0","","1.0","230.0","1","N","N","N","0","","0","0","0","","2","N","","2","0","0","0","0","0","0","2","0","2","","","","N","","","","","","","","","",""
"2021077785","0340","1","0","0","0","0","0","0","0","0","4","0","","02","8","2021","4","40.451574","-80.042241","0330","11","0","0","0","0","0","0","0","0","","0","0","0","","","0","N","0","","40 27:05.667","1","0","80 02:32.068","0","0","0","0","2301","0","0","0","N","0","0","0","1","02301","0","","5.0","415.0","9","N","N","N","0","","0","0","0","","0","N","","1","0","0","0","0","0","0","2","0","1","","","","N","","","","","","","","","",""
"2021060166","1615","2","0","0","0","0","0","0","0","0","4","0","","02","6","2021","3","40.438358","-79.772267","1612","11","0","0","0","0","0","1","0","0","","0","0","0","","","1","N","0","","40 26:18.087","3","7","79 46:20.161","8","0","0","0","2446","0","0","0","N","0","0","0","5","02446","0","","1.0","1640.0","1","N","N","N","0","","0","0","1","","0","N","","3","1","2","0","0","1","0","2","0","3","","03","","N","","","","","","","","","",""
"2021054862","1756","0","0","0","0","0","0","0","0","0","1","0","","02","6","2021","2","40.435823","-79.967615","1746","11","0","0","0","0","0","1","1","0","","0","0","0","","","0","N","0","","40 26:08.962","","2","79 58:03.414","0","0","0","0","2301","0","0","0","N","0","0","0","3","02301","0","","1.0","","1","N","N","N","0","","0","0","2","","0","","","2","0","0","0","0","0","0","2","0","2","","","","N","","","","","","","","","",""
"2021063833","1541","0","0","0","0","0","0","0","0","0","1","0","","02","6","2021","4","40.42572","-79.904179","1521","11","0","0","0","0","0","0","0","0","","0","0","0","","","0","N","0","","40 25:32.593","","0","79 54:15.046","0","0","0","0","2301","0","0","0","N","0","0","0","3","68B03","0","","1.0","","1","N","N","N","1","","0","0","2","","0","","","3","0","0","0","0","0","0","2","0","3","","","","N","","","","","","","","","",""
"2021071242","0752","1","0","0","0","0","0","0","0","0","4","0","","02","7","2021","4","40.349338","-79.927019","0749","11","0","0","0","0","0","0","0","0","","0","0","0","","","2","Y","0","","40 20:57.616","1","7","79 55:37.268","8","0","0","0","2473","0","0","0","N","0","0","0","3","02473","0","","1.0","810.0","1","N","N","N","0","","0","0","1","","2","N","","2","2","0","0","0","2","0","2","0","2","","","","N","","","","","","","","","",""
"2021086729","1348","0","0","0","0","0","0","0","0","0","3","1","","02","9","2021","3","40.562836","-80.203226","1345","11","0","0","1","0","0","0","0","0","","0","0","0","","","0","N","0","","40 33:46.209","","7","80 12:11.613","0","0","0","0","2441","0","0","0","N","0","0","0","2","02441","0","","4.0","","1","N","N","N","0","","0","0","1","","0","","","2","0","0","0","0","0","0","2","1","2","","03","","N","","","","","","","","","",""
"2021086674","1610","1","0","0","0","0","0","0","0","0","1","0","","02","9","2021","7","40.361867","-80.064376","1610","11","0","0","0","0","0","0","1","0","","0","0","0","","","0","","5","","40 21:42.721","","0","80 03:51.753","0","0","0","0","2109","0","0","0","N","0","0","0","7","02109","0","","1.0","","1","N","N","N","0","","0","0","2","","0","","","3","0","0","0","0","0","0","2","0","3","","03","","N","","","","","","","","","",""
"2021044054","1553","1","0","0","0","0","0","0","0","0","7","0","","02","5","2021","5","40.391522","-80.065606","1547","11","0","0","0","0","0","0","0","0","","0","0","0","","","0","N","0","","40 23:29.480","","0","80 03:56.180","0","0","0","0","2109","0","0","0","N","0","0","0","1","02109","0","","4.0","","1","N","N","Y","0","","0","0","0","","0","","","1","0","0","0","0","0","0","2","0","1","","03","","N","","","","","","","","","",""
"2021073884","0539","1","0","0","0","0","0","0","0","0","7","0","","02","8","2021","3","40.626662","-80.054857","0539","11","0","0","0","0","0","0","1","0","","0","0","0","","","1","N","0","","40 37:35.984","4","7","80 03:17.484","3","0","0","0","2216","0","0","0","N","0","0","0","1","02505","0","","5.0","609.0","1","N","N","N","0","","1","0","0","","0","Y","","1","1","0","0","0","0","0","1","0","1","","03","","N","","","","","","","","","",""
"2021077558","1704","0","0","0","0","0","0","0","0","0","1","0","","02","7","2021","4","40.425563","-79.905138","1641","11","0","0","0","0","0","0","0","0","","0","0","0","","","0","N","0","","40 25:32.025","","0","79 54:18.497","0","0","0","0","2301","0","0","0","N","0","0","0","2","68B03","0","","1.0","","1","N","N","N","0","","0","0","2","","0","","","2","0","0","0","0","0","0","2","0","2","","03","","N","","","","","","","","","",""
"2021087616","1709","1","0","0","0","0","0","0","0","0","1","0","","02","8","2021","1","40.428918","-79.945198","1651","11","0","0","0","0","0","0","0","0","","0","0","0","","","1","N","0","","40 25:44.103","","0","79 56:42.714","8","0","0","0","2301","0","0","0","N","0","0","0","3","68B03","0","","1.0","","1","N","N","N","0","","0","0","2","","0","","","3","1","0","0","0","1","0","2","0","3","","","","N","","","","","","","","","",""
"2021045787","","1","0","0","0","0","0","0","0","0","2","0","","02","5","2021","5","40.351688","-80.003207","","11","0","0","0","0","0","1","0","0","","0","0","0","","","0","","1","","40 21:06.076","","0","80 00:11.545","0","0","0","0","2476","0","0","0","N","0","0","0","2","02476","0","","1.0","","1","N","N","N","0","","0","0","1","","3","","","2","0","0","0","0","0","0","2","0","2","","03","","N","","","","","","","","","",""
"2021086735","","0","0","0","0","0","0","0","0","0","4","0","","02","9","2021","4","40.584714","-80.042897","","11","0","0","0","0","0","0","0","0","","0","0","0","","","0","N","0","","40 35:04.971","","0","80 02:34.430","0","0","0","0","2108","0","0","0","N","0","0","0","4","02108","0","","1.0","","1","N","N","N","0","","0","0","2","","0","","","2","0","0","0","0","0","0","2","0","2","","03","","N","","","","","","","","","",""
"2021074853","","3","0","0","0","0","0","0","0","0","1","0","","02","8","2021","4","40.527904","-80.017692","","11","0","0","0","0","0","0","2","0","","0","0","0","","","0","","2","","40 31:40.454","1","0","80 01:03.691","0","0","0","0","2116","0","0","0","N","0","0","0","3","02116","0","","1.0","1550.0","9","N","N","N","0","","0","0","0","","0","N","","3","0","0","0","0","0","0","2","0","3","","03","","N","","","","","","","","","",""
"2021085937","","0","0","0","0","0","0","0","0","0","7","0","","02","9","2021","1","40.419563","-79.933973","","11","0","0","0","1","0","0","0","0","","0","0","0","","","0","N","2","","40 25:10.426","4","0","79 56:02.302","0","0","0","0","2301","0","0","0","N","0","0","0","1","02301","0","","4.0","2021.0","1","N","N","N","0","","0","0","1","","0","N","","1","0","0","0","0","0","0","2","0","1","","","","N","","","","","","","","","",""
"2021086419","","1","0","0","0","0","0","0","0","0","4","0","","02","9","2021","2","40.545819","-79.962152","","11","0","0","0","0","0","0","0","1","","0","0","0","","","2","","2","","40 32:44.950","1","0","79 57:43.746","8","0","0","0","2118","0","0","0","N","0","0","0","2","02118","0","","1.0","1330.0","1","N","N","N","1","","0","0","0","","2","N","","2","2","0","0","0","2","0","2","0","2","","03","","N","","","","","","","","","",""
"2021076040","","2","0","0","0","0","0","0","0","0","2","0","","02","8","2021","7","40.376143","-80.097918","","11","0","0","0","0","0","1","0","0","","0","0","0","","","0","N","2","","40 22:34.115","4","6","80 05:52.504","0","0","0","0","2102","0","0","0","N","0","0","0","2","02102","0","","1.0","1618.0","1","N","N","N","0","","0","0","0","","2","Y","","2","0","0","0","0","0","0","2","0","2","","03","","N","","","","","","","","","",""
"2021060581","","2","0","0","0","0","0","0","0","0","6","0","","02","6","2021","5","40.338007","-79.839398","","11","0","0","0","0","0","0","0","0","","0","0","0","","","0","N","0","","40 20:16.826","4","0","79 50:21.833","0","0","0","0","2304","0","0","0","N","0","0","0","1","02304","0","","1.0","750.0","1","N","N","N","0","","0","0","0","","0","N","","2","0","0","0","0","0","0","2","0","2","","03","","N","","","","","","","","","",""
"2021025294","","0","0","0","0","0","0","0","0","0","1","0","","02","3","2021","6","40.475994","-79.969603","","11","0","0","0","0","0","2","0","0","","0","0","0","","","0","N","0","","40 28:33.579","1","0","79 58:10.570","0","0","0","0","2118","0","0","0","N","0","0","0","3","02118","0","","1.0","1620.0","1","N","N","Y","1","","0","0","1","","0","N","","3","0","0","0","0","0","0","2","1","3","","03","","N","","","","","","","","","",""
"2021077278","","2","0","0","0","0","0","0","0","0","2","0","","02","8","2021","4","40.484182","-79.819301","","11","0","0","0","0","1","0","0","0","","0","0","0","","","2","","1","","40 29:03.056","6","0","79 49:09.482","3","0","0","0","2113","0","0","0","N","0","0","0","4","02113","0","","1.0","1733.0","9","N","N","N","0","","2","0","0","","2","Y","","2","2","0","0","0","0","0","2","0","2","","04","","N","","","","","","","","","",""
"2021086458","","1","0","0","0","0","0","0","0","0","0","0","","02","9","2021","2","40.362698","-80.04669","","11","0","0","0","0","0","1","0","0","","0","0","0","","","1","N","0","","40 21:45.712","2","0","80 02:48.084","3","0","0","1","2109","0","0","0","N","0","0","0","3","02109","0","","1.0","1750.0","1","N","N","N","0","","1","0","0","","0","N","","2","1","0","0","0","0","0","2","0","2","","03","","N","","","","","","","","","",""
"2021044659","","1","0","0","0","0","0","0","0","0","7","0","","02","5","2021","3","40.608044","-79.944814","","11","0","0","0","0","0","0","0","0","","0","0","0","","","0","","7","","40 36:28.957","","2","79 56:41.330","0","0","0","0","2207","0","0","0","N","0","0","0","1","68T02","0","","4.0","","9","N","N","N","0","","0","0","0","","0","","","1","0","0","0","0","0","0","2","0","1","","","","N","","","","","","","","","",""
"2021042309","","0","0","0","0","0","0","0","0","0","5","0","","02","5","2021","2","40.409361","-80.024583","","11","0","0","0","0","0","1","0","0","","0","1","0","","","0","N","0","","40 24:33.700","","0","80 01:28.500","0","0","0","0","2301","0","0","0","N","0","0","0","2","02503","0","","9.0","","1","N","N","N","0","","0","0","0","","0","","","2","0","0","0","0","0","0","2","0","2","","03","","N","","","","","","","","","",""
"2021077250","","2","0","0","0","0","0","0","0","0","2","0","","02","8","2021","4","40.301762","-79.973267","","11","0","0","0","0","0","1","1","0","","0","0","0","","","0","","2","","40 18:06.343","1","0","79 58:23.761","0","0","0","0","2440","0","0","0","N","0","0","0","2","02440","0","","1.0","1507.0","9","N","N","N","0","","0","0","0","","3","N","","2","0","0","0","0","0","0","2","0","2","","","","N","","","","","","","","","",""
"2021077058","","2","0","0","0","0","0","0","0","0","6","0","","02","8","2021","7","40.384576","-79.873949","","11","0","0","0","0","0","0","0","0","","0","0","0","","","1","N","0","","40 23:04.475","5","0","79 52:26.215","3","0","0","0","2473","0","0","0","N","0","0","0","2","02473","0","","2.0","300.0","1","N","N","N","0","","1","0","0","","0","N","","2","1","0","0","0","0","1","2","0","2","","03","","N","","","","","","","","","",""
"2021055370","","1","0","0","0","0","0","0","0","0","4","0","","02","6","2021","3","40.541209","-79.779983","","11","0","0","0","0","0","0","0","0","","0","0","0","","","0","N","2","","40 32:28.351","","0","79 46:47.940","0","0","0","0","2462","0","0","0","N","0","0","0","2","02462","0","","4.0","","1","","","N","1","","0","0","0","","2","","","2","0","0","0","0","0","0","2","0","2","","03","","N","","","","","","","","","",""
"2021041831","","1","0","0","0","0","0","0","0","0","4","0","","02","5","2021","1","40.430026","-79.988636","","11","0","0","0","0","0","0","0","0","","0","0","0","","","0","N","2","","40 25:48.094","","0","79 59:19.088","0","0","0","0","2301","0","0","0","N","0","0","0","3","02301","0","","1.0","","9","N","N","N","0","","0","0","1","","2","","","2","0","0","0","0","0","0","2","0","2","","07","","N","","","","","","","","","",""
"2021050132","","1","0","0","0","0","0","0","0","0","4","0","","02","4","2021","4","40.382984","-79.85741","","11","0","0","0","0","0","0","0","0","","0","0","0","","","1","","1","","40 22:58.744","","7","79 51:26.676","3","0","0","0","2303","0","0","0","N","0","0","0","4","02303","0","","1.0","","1","N","N","N","0","","1","0","1","","2","","","2","1","0","0","0","0","0","2","0","2","","","","N","","","","","","","","","",""
"2021076825","","2","0","0","0","0","0","0","0","0","1","0","","02","8","2021","6","40.346746","-79.986406","","11","0","0","1","0","0","0","0","0","","0","0","0","","","1","","1","","40 20:48.285","5","0","79 59:11.063","3","0","0","0","2476","0","0","0","N","0","0","0","3","02476","0","","1.0","1715.0","1","N","N","N","0","","1","0","0","","0","N","","2","1","0","0","0","0","0","2","0","2","","","","N","","","","","","","","","",""
"2021075673","","0","0","0","0","0","0","0","0","0","7","0","","02","8","2021","6","40.45781","-80.015901","","11","0","0","0","0","0","0","0","0","","0","0","0","","","0","N","0","","40 27:28.116","","0","80 00:57.244","0","0","0","0","2301","0","0","0","N","0","0","0","3","02301","0","","6.0","","9","N","N","N","0","","0","0","1","","0","","","1","0","0","0","0","0","0","2","0","1","","","","N","","","","","","","","","",""
"2021084933","","0","0","0","0","0","0","0","0","0","7","0","","02","9","2021","3","40.355956","-79.936991","","11","0","0","0","0","0","0","0","0","","0","0","0","","","1","N","0","","40 21:21.442","2","0","79 56:13.168","8","0","0","0","2473","0","0","0","Y","0","0","0","1","02473","0","","3.0","1730.0","1","N","N","Y","0","","0","0","1","","0","N","","1","1","1","0","0","1","0","2","0","1","","","","N","","","","","","","","","",""
"2021076981","","0","0","0","0","0","0","0","0","0","1","1","55","02","8","2021","5","40.607404","-80.094257","","11","0","0","0","0","0","0","0","0","","0","1","0","","","1","N","0","","40 36:26.653","1","0","80 05:39.324","3","0","0","0","2481","0","0","0","N","0","0","0","2","68B03","0","","1.0","1240.0","1","N","N","N","0","","1","0","0","","0","N","","2","1","0","0","0","0","0","2","1","2","","03","Y","Y","4","2","N","N","N","Y","Y","N","N","N"
"2021044305","","1","0","0","0","0","0","0","0","0","4","0","","02","5","2021","1","40.437351","-79.977728","","11","0","0","0","0","0","0","0","0","","0","0","0","","","1","N","1","","40 26:14.463","","0","79 58:39.819","3","0","0","0","2301","0","0","0","N","0","0","0","3","02301","0","","1.0","","1","N","N","N","0","","1","0","1","","1","","","2","1","0","0","0","0","0","2","0","2","","03","","N","","","","","","","","","",""
"2021034949","","2","0","0","0","0","0","0","0","0","2","0","","02","4","2021","1","40.384498","-79.986177","","11","0","0","0","0","0","0","0","0","","0","0","0","","","0","N","0","","40 23:04.191","","0","79 59:10.238","0","0","0","0","2301","0","0","0","N","0","0","0","2","02301","0","","5.0","","1","N","N","N","0","","0","0","0","","0","","","2","0","0","0","0","0","0","2","0","2","","03","","N","","","","","","","","","",""
"2021043021","","0","0","0","0","0","0","0","0","0","7","0","","02","5","2021","4","40.323861","-79.781847","","11","0","0","0","0","0","0","0","0","","0","0","0","","","0","N","0","","40 19:25.901","","0","79 46:54.649","0","0","0","0","2477","0","0","0","N","0","0","0","1","02477","0","","4.0","","1","N","N","N","1","","0","0","0","","0","N","","1","0","0","0","0","0","0","2","0","1","","","","N","","","","","","","","","",""
"2021042364","","0","0","0","0","0","0","0","0","0","98","0","","02","5","2021","3","40.451716","-79.884735","","11","0","0","0","0","0","0","0","0","","0","0","0","","","0","N","2","","40 27:06.179","","0","79 53:05.046","9","0","0","0","2301","0","0","0","N","0","0","0","1","02301","0","","1.0","","1","N","N","N","0","","0","0","1","","3","","","1","0","0","0","0","0","1","2","0","1","","","","N","","","","","","","","","",""
"2021086282","","1","0","0","0","0","0","0","0","0","4","0","","02","9","2021","5","40.509073","-80.029338","","11","1","0","0","0","0","1","0","0","","0","0","0","","","2","N","2","","40 30:32.661","","0","80 01:45.615","3","0","0","0","2116","0","0","0","N","0","0","0","2","02116","0","","1.0","","1","N","N","N","0","","2","0","1","","0","","","2","2","0","0","0","0","0","2","0","2","","","","N","","","","","","","","","",""
"2021054094","","2","0","0","0","0","0","0","0","0","4","0","","02","6","2021","6","40.538231","-80.011387","","11","0","0","0","0","0","0","1","0","","0","0","0","","","1","N","0","","40 32:17.630","1","0","80 00:40.994","8","0","0","0","2116","0","0","0","N","0","0","0","4","02116","0","","1.0","1434.0","1","N","N","N","0","","0","0","0","","0","N","","2","1","0","0","0","1","0","2","0","2","","","","N","","","","","","","","","",""
"2021083824","","0","0","0","0","0","0","0","0","0","4","0","","02","9","2021","2","40.498234","-80.020256","","11","0","0","0","0","0","2","0","0","","0","0","0","","","1","N","2","","40 29:53.642","4","0","80 01:12.922","3","0","0","0","2116","0","0","0","N","0","0","0","6","02116","0","","1.0","1730.0","1","N","N","Y","1","","1","0","2","","2","Y","","3","1","0","0","0","0","0","2","0","3","","03","","N","","","","","","","","","",""
"2021043790","","2","0","0","0","0","0","0","0","0","0","0","","02","5","2021","6","40.446278","-80.00925","","11","0","0","1","0","0","0","0","0","","0","0","0","","","0","N","0","","40 26:46.600","7","0","80 00:33.300","0","0","0","0","2301","0","0","0","N","0","0","0","2","02301","0","","1.0","100.0","1","N","N","N","0","","0","0","0","","0","Y","","2","0","0","0","0","0","0","2","0","2","","03","","N","","","","","","","","","",""
"2021043499","","0","0","0","0","0","0","0","0","0","98","0","","02","5","2021","5","40.44312","-80.025649","","11","0","0","0","0","0","1","0","0","","0","0","0","","","0","N","3","","40 26:35.232","","0","80 01:32.335","0","0","0","0","2301","0","0","0","N","0","0","0","1","02301","0","","5.0","","1","N","N","N","1","","0","0","0","","0","","","1","0","0","0","0","0","0","2","0","1","","03","","N","","","","","","","","","",""