"CRN","ARRIVAL_TM","AUTOMOBILE_COUNT","BELTED_DEATH_COUNT","BELTED_SUSP_SERIOUS_INJ_COUNT","BICYCLE_COUNT","BICYCLE_DEATH_COUNT","BICYCLE_SUSP_SERIOUS_INJ_COUNT","BUS_COUNT","CHLDPAS_DEATH_COUNT","CHLDPAS_SUSP_SERIOUS_INJ_COUNT","COLLISION_TYPE","COMM_VEH_COUNT","CONS_ZONE_SPD_LIM","COUNTY","CRASH_MONTH","CRASH_YEAR","DAY_OF_WEEK","DEC_LATITUDE","DEC_LONGITUDE","DISPATCH_TM","DISTRICT","DRIVER_COUNT_16YR","DRIVER_COUNT_17YR","DRIVER_COUNT_18YR","DRIVER_COUNT_19YR","DRIVER_COUNT_20YR","DRIVER_COUNT_50_64YR","DRIVER_COUNT_65_74YR","DRIVER_COUNT_75PLUS","EST_HRS_CLOSED","FATAL_COUNT","HEAVY_TRUCK_COUNT","HORSE_BUGGY_COUNT","HOUR_OF_DAY","ILLUMINATION","INJURY_COUNT","INTERSECTION_RELATED","INTERSECT_TYPE","LANE_CLOSED","LATITUDE","LN_CLOSE_DIR","LOCATION_TYPE","LONGITUDE","MAX_SEVERITY_LEVEL","MCYCLE_DEATH_COUNT","MCYCLE_SUSP_SERIOUS_INJ_COUNT","MOTORCYCLE_COUNT","MUNICIPALITY","NONMOTR_COUNT","NONMOTR_DEATH_COUNT","NONMOTR_SUSP_SERIOUS_INJ_COUNT","NTFY_HIWY_MAINT","PED_COUNT","PED_DEATH_COUNT","PED_SUSP_SERIOUS_INJ_COUNT","PERSON_COUNT","POLICE_AGCY","POSSIBLE_INJ_COUNT","RDWY_SURF_TYPE_CD","RELATION_TO_ROAD","ROADWAY_CLEARED","ROAD_CONDITION","SCH_BUS_IND","SCH_ZONE_IND","SECONDARY_CRASH","SMALL_TRUCK_COUNT","SPEC_JURIS_CD","SUSP_MINOR_INJ_COUNT","SUSP_SERIOUS_INJ_COUNT","SUV_COUNT","TCD_FUNC_CD","TCD_TYPE","TFC_DETOUR_IND","TIME_OF_DAY","TOTAL_UNITS","TOT_INJ_COUNT","UNBELTED_OCC_COUNT","UNB_DEATH_COUNT","UNB_SUSP_SERIOUS_INJ_COUNT","UNK_INJ_DEG_COUNT","UNK_INJ_PER_COUNT","URBAN_RURAL","VAN_COUNT","VEHICLE_COUNT","WEATHER1","WEATHER2","WORKERS_PRES","WORK_ZONE_IND","WORK_ZONE_LOC","WORK_ZONE_TYPE","WZ_CLOSE_DETOUR","WZ_FLAGGER","WZ_LAW_OFFCR_IND","WZ_LN_CLOSURE","WZ_MOVING","WZ_OTHER","WZ_SHLDER_MDN","WZ_WORKERS_INJ_KILLED"
"2021029992","","1","0","0","0","0","0","0","0","0","7","0","","02","3","2021","2","40.435095","-79.748954","","11","0","0","0","0","0","0","1","0","","0","0","0","","","0","N","0","","40 26:06.341","","2","79 44:56.235","0","0","0","0","2446","0","0","0","N","0","0","0","1","68T09","0","","4.0","","1","N","N","N","0","","0","0","0","","0","","","1","0","0","0","0","0","0","2","0","1","","","","N","","","","","","","","","",""
"2021076690","","2","0","0","0","0","0","0","0","0","4","0","","02","8","2021","3","40.454209","-79.867822","","11","0","0","0","0","0","0","0","0","","0","0","0","","","1","Y","0","","40 27:15.152","7","0","79 52:04.159","3","0","0","0","2301","0","0","0","N","0","0","0","1","02301","0","","2.0","1245.0","1","N","N","N","0","","1","0","0","","0","Y","","2","1","0","0","0","0","0","2","0","2","","","","N","","","","","","","","","",""
"2021071240","","1","0","0","0","0","0","0","0","0","4","0","","02","7","2021","7","40.441377","-80.002104","","11","0","0","0","0","1","0","0","0","","0","0","0","","","1","N","1","","40 26:28.957","7","0","80 00:07.576","8","0","0","0","2301","0","0","0","N","0","0","0","3","02301","0","","1.0","2240.0","1","N","N","N","0","","0","0","0","","2","N","","2","1","0","0","0","1","1","2","0","2","","03","","N","","","","","","","","","",""
"2021043213","","1","0","0","0","0","0","0","0","0","7","0","","02","5","2021","4","40.341834","-80.119253","","11","0","0","0","0","0","0","0","0","","0","0","0","","","1","N","0","","40 20:30.604","1","0","80 07:09.310","8","0","0","0","2119","1","0","0","N","1","0","0","2","02119","0","","2.0","655.0","1","N","N","N","0","","0","0","0","","0","N","","2","1","0","0","0","1","0","2","0","1","","","","N","","","","","","","","","",""
"2021075509","","2","0","0","0","0","0","0","0","0","1","0","","02","8","2021","6","40.591258","-79.948096","","11","0","0","0","0","1","0","2","0","","0","0","0","","","0","","1","","40 35:28.527","5","0","79 56:53.145","0","0","0","0","2207","0","0","0","N","0","0","0","4","02207","0","","1.0","1516.0","1","N","N","N","0","","0","0","1","","2","N","","3","0","0","0","0","0","0","2","0","3","","03","","N","","","","","","","","","",""
"2021077208","","1","0","0","0","0","0","0","0","0","4","0","","02","8","2021","3","40.575535","-80.093178","","11","0","0","0","0","0","1","0","1","","0","0","0","","","0","N","0","","40 34:31.927","","3","80 05:35.439","0","0","0","0","2481","0","0","0","N","0","0","0","3","68B03","0","","1.0","","1","N","N","N","0","","0","0","1","","0","","","2","0","0","0","0","0","0","2","0","2","","","","N","","","","","","","","","",""
"2021086819","","0","0","0","0","0","0","0","0","0","5","0","","02","9","2021","7","40.521922","-79.815163","","11","0","0","0","0","0","0","1","0","","0","0","0","","","0","N","0","","40 31:18.918","4","0","79 48:54.588","0","0","0","0","2466","0","0","0","N","0","0","0","2","68T02","0","","1.0","1748.0","1","N","N","N","1","","0","0","1","","0","N","","2","0","0","0","0","0","0","2","0","2","","","","N","","","","","","","","","",""
"2021077049","","1","0","0","0","0","0","0","0","0","1","0","","02","7","2021","3","40.381577","-79.817585","","11","0","0","0","0","0","1","0","0","","0","0","0","","","0","N","0","","40 22:53.678","","0","79 49:03.306","0","0","0","0","2111","0","0","0","N","0","0","0","3","02111","0","","1.0","","1","N","N","N","0","","0","0","2","","0","","","3","0","0","0","0","0","0","2","0","3","","03","","N","","","","","","","","","",""
"2021077531","","3","0","0","0","0","0","0","0","0","5","0","","02","8","2021","5","40.346725","-79.855876","","11","0","0","0","0","0","0","0","0","","0","0","0","","","0","N","2","","40 20:48.210","","0","79 51:21.155","9","0","0","0","2304","0","0","0","N","0","0","0","1","02304","0","","5.0","","1","N","N","N","0","","0","0","0","","0","","","3","0","0","0","0","0","1","2","0","3","","","","N","","","","","","","","","",""
"2021077153","","1","0","0","0","0","0","0","0","0","4","0","","02","8","2021","4","40.554975","-79.971146","","11","0","0","0","0","0","0","0","0","","0","0","0","","","0","","3","","40 33:17.909","","0","79 58:16.126","0","0","0","0","2207","0","0","0","N","0","0","0","2","02207","0","","1.0","","9","N","N","N","0","","0","0","1","","3","","","2","0","0","0","0","0","0","2","0","2","","","","N","","","","","","","","","",""
"2021075258","","1","0","0","0","0","0","0","0","0","1","0","","02","8","2021","5","40.451716","-79.884735","","11","0","0","0","0","0","1","0","0","","0","0","0","","","1","N","2","","40 27:06.179","1","0","79 53:05.046","2","0","1","1","2301","0","0","0","N","0","0","0","2","02301","0","","1.0","1834.0","1","N","N","N","0","","0","1","0","","3","N","","2","1","0","0","0","0","0","2","0","2","","03","","Y","","","","","","","","","",""
"2021085490","","2","0","0","0","0","0","0","0","0","0","0","","02","9","2021","7","40.440493","-79.960229","","11","0","0","0","0","0","1","0","0","","0","0","0","","","0","N","2","","40 26:25.775","","0","79 57:36.823","0","0","0","0","2301","0","0","0","N","0","0","0","2","02301","0","","5.0","","1","N","N","N","0","","0","0","0","","1","","","2","0","0","0","0","0","0","2","0","2","","","","N","","","","","","","","","",""
"2021054885","","1","0","0","0","0","0","0","0","0","4","0","","02","6","2021","2","40.438406","-79.771772","","11","0","0","0","0","0","1","0","0","","0","0","0","","","1","N","0","","40 26:18.261","4","7","79 46:18.379","4","0","0","0","2446","0","0","0","N","0","0","0","3","02446","1","","1.0","1834.0","1","N","N","N","0","","0","0","1","","0","N","","2","1","0","0","0","0","0","2","0","2","","03","","N","","","","","","","","","",""
"2021071217","","2","0","0","0","0","0","0","0","0","5","0","","02","7","2021","7","40.444781","-79.954311","","11","0","0","0","0","0","0","0","0","","0","0","0","","","0","N","0","","40 26:41.211","4","0","79 57:15.521","9","0","0","0","2301","0","0","0","N","0","0","0","4","02301","0","","1.0","1751.0","1","N","N","N","0","","0","0","0","","0","N","","2","0","0","0","0","0","2","2","0","2","","03","","N","","","","","","","","","",""
"2021077258","","2","0","0","0","0","0","0","0","0","2","0","","02","8","2021","3","40.384794","-79.87377","","11","0","0","1","0","0","0","0","0","","0","0","0","","","3","","2","","40 23:05.259","1","0","79 52:25.573","3","0","0","0","2473","0","0","0","N","0","0","0","3","02473","0","","1.0","2020.0","9","N","N","N","0","","3","0","0","","0","N","","2","3","0","0","0","0","0","2","0","2","","","","N","","","","","","","","","",""
"2021086922","","0","0","0","0","0","0","0","0","0","7","0","","02","9","2021","3","40.365664","-79.859322","","11","0","0","0","0","0","0","0","0","","0","0","0","","","1","","2","","40 21:56.392","1","0","79 51:33.560","4","0","0","0","2473","0","0","0","Y","0","0","0","1","02473","1","","2.0","2030.0","1","N","N","Y","0","","0","0","1","","0","Y","","1","1","0","0","0","0","0","2","0","1","","","","N","","","","","","","","","",""
"2021077276","","1","0","0","0","0","0","0","0","0","7","0","","02","8","2021","4","40.542519","-79.726111","","11","0","0","0","0","0","0","0","0","","0","0","0","","","0","N","0","","40 32:33.070","","0","79 43:33.998","0","0","0","0","2466","0","0","0","N","0","0","0","1","02466","0","","4.0","","9","N","N","N","0","","0","0","0","","0","","","1","0","0","0","0","0","0","1","0","1","","04","","N","","","","","","","","","",""
"2021043932","","1","0","0","0","0","0","0","0","0","4","0","","02","5","2021","7","40.44125","-80.005833","","11","0","0","0","0","0","1","0","0","","0","0","0","","","1","Y","0","","40 26:28.500","","0","80 00:21.000","3","0","0","1","2301","0","0","0","N","0","0","0","1","02301","0","","1.0","","1","N","N","N","0","","1","0","0","","0","","","2","1","0","0","0","0","0","2","0","2","","03","","N","","","","","","","","","",""
"2021054571","","0","0","0","0","0","0","0","0","0","4","0","","02","6","2021","2","40.418833","-79.948158","","11","0","0","0","0","0","0","0","0","","0","0","0","","","0","N","0","","40 25:07.799","","7","79 56:53.367","9","0","0","0","2301","0","0","0","N","0","0","0","1","02301","0","","4.0","","9","N","N","N","2","","0","0","1","","0","","","3","0","0","0","0","0","1","2","0","3","","","","N","","","","","","","","","",""
"2021044746","","2","0","0","0","0","0","0","0","0","2","0","","02","5","2021","1","40.352776","-80.102838","","11","0","0","0","0","0","1","0","0","","0","0","0","","","1","N","0","","40 21:09.995","1","0","80 06:10.216","4","0","0","0","2414","0","0","0","N","0","0","0","1","02414","1","","2.0","720.0","1","N","N","N","0","","0","0","0","","0","N","","2","1","0","0","0","0","0","2","0","2","","03","","N","","","","","","","","","",""
"2021076824","","1","0","0","0","0","0","0","0","0","7","0","","02","8","2021","5","40.352845","-79.977919","","11","0","0","0","0","0","0","0","0","","0","0","0","","","0","N","0","","40 21:10.242","","0","79 58:40.508","0","0","0","0","2476","0","0","0","N","0","0","0","1","02476","0","","5.0","","1","N","N","N","0","","0","0","0","","0","","","1","0","0","0","0","0","0","2","0","1","","","","N","","","","","","","","","",""
"2021042313","","2","0","0","0","0","0","0","0","0","5","0","","02","5","2021","2","40.477602","-79.950441","","11","0","0","0","0","0","0","0","0","","0","0","0","","","0","","3","","40 28:39.367","","0","79 57:01.587","0","0","0","0","2301","0","0","0","N","0","0","0","1","02301","0","","1.0","","1","N","N","N","0","","0","0","0","","0","","","2","0","0","0","0","0","0","2","0","2","","03","","N","","","","","","","","","",""
"2021077753","","1","0","0","0","0","0","0","0","0","7","0","","02","8","2021","4","40.642011","-79.720303","","11","0","0","0","0","0","0","0","0","","0","0","0","","","1","N","0","","40 38:31.238","1","0","79 43:13.090","3","0","0","0","2106","0","0","0","N","0","0","0","1","68D02","0","","4.0","30.0","9","N","N","N","0","","1","0","0","","0","N","","1","1","0","0","0","0","0","2","0","1","","","","N","","","","","","","","","",""
"2021071740","","0","0","0","0","0","0","0","0","0","2","0","","02","8","2021","1","40.455576","-79.888103","","11","0","0","0","0","0","0","0","0","","0","0","0","","","2","N","1","","40 27:20.073","","0","79 53:17.170","4","0","0","0","2301","0","0","0","N","0","0","0","4","02301","2","","1.0","","1","N","N","N","1","","0","0","1","","2","","","2","2","0","0","0","0","1","2","0","2","","03","","N","","","","","","","","","",""
"2021074440","","0","0","0","0","0","0","0","0","0","2","0","","02","8","2021","2","40.453935","-79.979849","","11","0","0","0","0","0","0","0","0","","0","0","0","","","0","N","1","","40 27:14.165","4","0","79 58:47.456","0","0","0","0","2301","0","0","0","N","0","0","0","3","02301","0","","1.0","2225.0","1","N","N","N","0","","0","0","2","","3","Y","","2","0","0","0","0","0","0","2","0","2","","03","","N","","","","","","","","","",""
"2021053339","","0","0","0","0","0","0","0","0","0","1","0","","02","6","2021","5","40.434928","-79.990859","","11","0","0","0","0","0","1","0","0","","0","0","0","","","0","N","0","","40 26:05.742","","0","79 59:27.094","0","0","0","0","2301","0","0","0","N","0","0","0","3","02301","0","","1.0","","9","N","N","N","0","","0","0","3","","0","","","3","0","0","0","0","0","0","2","0","3","","04","","N","","","","","","","","","",""
"2021043829","","1","0","0","0","0","0","0","0","0","4","0","","02","5","2021","7","40.402358","-79.904499","","11","0","0","0","0","2","0","0","0","","0","0","0","","","2","","1","","40 24:08.488","","0","79 54:16.196","4","0","0","0","2438","0","0","0","N","0","0","0","3","02438","2","","1.0","","1","N","N","N","1","","0","0","0","","3","","","2","2","0","0","0","0","0","2","0","2","","","","N","","","","","","","","","",""
"2021054127","","0","0","0","0","0","0","0","0","0","1","0","","02","6","2021","7","40.432486","-79.800271","","11","0","0","0","0","1","0","0","0","","0","0","0","","","0","N","0","","40 25:56.948","4","0","79 48:00.977","0","0","0","0","2446","0","0","0","N","0","0","0","2","02446","0","","1.0","1538.0","1","N","N","N","0","","0","0","2","","2","N","","2","0","0","0","0","0","0","2","0","2","","03","","N","","","","","","","","","",""
"2021058542","","1","0","0","0","0","0","0","0","0","1","0","","02","5","2021","3","40.400546","-79.83369","","11","0","0","0","0","0","0","0","0","","0","0","0","","","2","","2","","40 24:01.967","1","0","79 50:01.285","4","0","0","0","2425","0","0","0","N","0","0","0","3","68B03","1","","1.0","1950.0","1","N","N","N","0","","0","0","1","","2","N","","2","2","0","0","0","1","0","2","0","2","","03","","N","","","","","","","","","",""
"2021046810","","1","0","0","0","0","0","0","0","0","5","0","","02","5","2021","5","40.562602","-80.207371","","11","0","0","0","0","0","1","0","0","","0","0","0","","","0","Y","0","","40 33:45.368","1","0","80 12:26.537","0","0","0","0","2441","0","0","0","N","0","0","0","2","02441","0","","1.0","849.0","1","N","N","N","0","","0","0","1","","0","N","","2","0","0","0","0","0","0","2","0","2","","03","","N","","","","","","","","","",""
"2021041974","","1","0","0","0","0","0","0","0","0","7","0","","02","5","2021","2","40.486944","-80.310556","","11","0","1","0","0","0","0","0","0","","0","0","0","","","0","N","0","","40 29:13.000","1","0","80 18:38.000","0","0","0","0","2203","0","0","0","N","0","0","0","1","02203","0","","5.0","1245.0","1","N","N","N","0","","0","0","0","","0","N","","1","0","0","0","0","0","0","1","0","1","","","","N","","","","","","","","","",""
"2021043100","","3","0","0","0","0","0","0","0","0","4","0","","02","5","2021","4","40.407854","-79.909276","","11","0","0","0","1","0","0","0","0","","0","0","0","","","0","","1","","40 24:28.273","","0","79 54:33.395","0","0","0","0","2438","0","0","0","N","0","0","0","5","02438","0","","1.0","","1","N","N","N","0","","0","0","0","","2","","","3","0","0","0","0","0","0","2","0","3","","03","","N","","","","","","","","","",""
"2021063286","","1","0","0","0","0","0","0","0","0","5","1","","02","6","2021","3","40.482164","-79.77107","","11","0","0","0","0","0","0","0","0","","0","1","0","","","0","N","0","","40 28:55.791","","0","79 46:15.853","0","0","0","0","2466","0","0","0","N","0","0","0","3","68T02","0","","1.0","","1","N","N","N","0","","0","0","0","","0","","","2","0","0","0","0","0","0","2","0","2","","","","N","","","","","","","","","",""
"2021044197","","1","0","0","0","0","0","0","0","0","7","0","","02","5","2021","6","40.505056","-80.233722","","11","0","0","0","0","0","1","0","0","","0","0","0","","","1","N","0","","40 30:18.200","","0","80 14:01.400","8","0","0","0","2213","0","0","0","N","0","0","0","1","02501","0","","2.0","","1","N","N","N","0","","0","0","0","","0","","","1","1","0","0","0","1","0","2","0","1","","","","N","","","","","","","","","",""
"2021075518","","1","0","1","0","0","0","0","0","0","7","0","","02","6","2021","2","40.40057","-79.816896","","11","0","0","0","0","0","0","0","0","","0","0","0","","","1","N","0","","40 24:02.053","3","0","79 49:00.827","2","0","0","0","2479","0","0","0","N","0","0","0","1","02501","0","","5.0","1600.0","1","N","N","N","0","","0","1","0","","0","Y","","1","1","0","0","0","0","0","2","0","1","","","","N","","","","","","","","","",""
"2021075906","","0","0","0","0","0","0","0","0","0","4","0","","02","8","2021","7","40.460446","-79.92685","","11","0","0","0","0","0","2","0","0","","0","0","0","","","0","N","2","","40 27:37.605","","0","79 55:36.659","0","0","0","0","2301","0","0","0","N","0","0","0","6","02301","0","","1.0","","1","N","N","N","0","","0","0","3","","0","","","3","0","2","0","0","0","0","2","0","3","","03","","N","","","","","","","","","",""
"2021077115","","1","0","0","0","0","0","0","0","0","4","0","","02","8","2021","4","40.452074","-79.984216","","11","0","0","0","0","0","1","0","0","","0","0","0","","","0","N","0","","40 27:07.465","3","6","79 59:03.179","0","0","0","0","2301","0","0","0","N","0","0","0","3","02301","0","","1.0","825.0","9","N","","N","0","","0","0","1","","0","N","","2","0","0","0","0","0","0","2","0","2","","","","N","","","","","","","","","",""
"2021055123","","1","0","0","0","0","0","0","0","0","5","0","","02","5","2021","3","40.400797","-80.106054","","11","0","0","0","0","0","1","1","0","","0","0","0","","","1","N","0","","40 24:02.868","1","0","80 06:21.796","4","0","0","0","2102","0","0","0","N","0","0","0","2","68B03","1","","1.0","1820.0","1","N","N","N","0","","0","0","1","","0","N","","2","1","0","0","0","0","0","2","0","2","","03","","N","","","","","","","","","",""
"2021085761","","0","0","0","0","0","0","0","0","0","8","0","","02","9","2021","1","40.344078","-79.971589","","11","0","0","0","0","0","0","0","0","","0","0","0","","","1","","2","","40 20:38.681","","0","79 58:17.721","8","0","0","0","2403","1","0","0","N","1","0","0","2","02403","0","","1.0","","1","N","N","N","0","","0","0","1","","2","","","2","1","0","0","0","1","0","2","0","1","","03","","N","","","","","","","","","",""
"2021076695","","1","0","0","0","0","0","0","0","0","1","0","","02","7","2021","7","40.444883","-80.163847","","11","0","0","0","0","0","0","0","0","","0","0","0","","","1","N","0","","40 26:41.579","4","0","80 09:49.848","8","0","0","0","2115","0","0","0","N","0","0","0","5","68B03","0","","1.0","1700.0","1","N","N","N","0","","0","0","1","","0","N","","2","1","1","0","0","1","0","2","0","2","","03","","N","","","","","","","","","",""
"2021057537","","3","0","0","0","0","0","0","0","0","7","0","","02","6","2021","4","40.407786","-79.909418","","11","0","0","1","0","0","0","0","0","","0","0","0","","","1","N","0","","40 24:28.029","6","0","79 54:33.904","4","0","0","0","2438","0","0","0","Y","0","0","0","5","02438","1","","5.0","208.0","1","","","Y","0","","0","0","0","","2","Y","","3","1","4","0","0","0","0","2","0","3","","03","","N","","","","","","","","","",""
"2021044335","","0","0","0","0","0","0","0","0","0","7","0","","02","5","2021","7","40.625806","-79.860667","","11","0","0","0","0","0","0","0","0","","0","0","0","","","1","Y","0","","40 37:32.900","","0","79 51:38.400","8","0","0","0","2220","0","0","0","N","0","0","0","1","02220","0","","2.0","","1","N","N","N","1","","0","0","0","","0","","","1","1","1","0","0","1","0","2","0","1","","03","","N","","","","","","","","","",""
"2021075978","","2","0","0","0","0","0","0","0","0","4","0","","02","8","2021","7","40.353979","-79.914811","","11","0","0","0","1","0","0","0","0","","0","0","0","","","0","","2","","40 21:14.326","3","0","79 54:53.319","0","0","0","0","2473","0","0","0","N","0","0","0","6","02473","0","","1.0","1850.0","1","N","N","N","0","","0","0","0","","2","Y","","2","0","0","0","0","0","0","2","0","2","","03","","N","","","","","","","","","",""
"2021053524","","1","0","0","0","0","0","0","0","0","2","0","","02","6","2021","5","40.493917","-79.896472","","11","0","0","0","0","0","1","1","0","","0","0","0","","","0","N","0","","40 29:38.100","4","0","79 53:47.300","0","0","0","0","2432","0","0","0","N","0","0","0","3","02432","0","","1.0","1001.0","1","N","N","N","0","","0","0","0","","0","N","","2","0","0","0","0","0","0","2","1","2","","03","","Y","","","","","","","","","",""
"2021085663","","0","0","0","0","0","0","0","0","0","98","0","","02","9","2021","5","40.657263","-79.722848","","11","0","0","0","0","0","1","0","0","","0","0","0","","","0","N","0","","40 39:26.146","","0","79 43:22.252","0","0","0","0","2106","0","0","0","N","0","0","0","1","68D02","0","","1.0","","1","N","N","N","0","","0","0","1","","0","","","1","0","0","0","0","0","0","2","0","1","","","","N","","","","","","","","","",""
"2021043653","","1","0","0","0","0","0","0","0","0","8","0","","02","5","2021","6","40.541178","-80.181567","","11","0","0","0","0","0","0","0","0","","0","0","0","","","1","","2","","40 32:28.240","5","0","80 10:53.641","8","0","0","0","2458","1","0","0","N","1","0","0","2","02458","0","","1.0","1515.0","1","N","N","N","0","","0","0","0","","3","Y","","2","1","0","0","0","1","0","2","0","1","","","","N","","","","","","","","","",""
"2021076765","","1","0","0","0","0","0","0","0","0","5","1","","02","6","2021","3","40.442585","-79.817986","","11","0","0","0","0","0","0","0","0","","0","1","0","","","1","N","0","","40 26:33.307","4","0","79 49:04.749","3","0","0","0","2124","0","0","0","N","0","0","0","3","68B03","0","","1.0","2113.0","1","N","N","N","0","","1","0","0","","0","N","","2","1","0","0","0","0","1","2","0","2","","","","N","","","","","","","","","",""
"2021031811","","3","0","0","0","0","0","0","0","0","1","0","","02","4","2021","3","40.496935","-80.068885","","11","0","0","0","0","0","1","1","0","","0","0","0","","","4","N","0","","40 29:48.967","","0","80 04:07.987","4","0","0","0","2402","0","0","0","N","0","0","0","4","02402","4","","1.0","","1","N","N","Y","0","","0","0","0","","8","","","3","4","2","0","0","0","0","2","0","3","","03","","N","","","","","","","","","",""
"2021066607","","1","0","0","0","0","0","0","0","0","4","0","","02","7","2021","7","40.378225","-80.064701","","11","0","0","0","0","0","0","1","1","","0","0","0","","","0","","5","","40 22:41.611","","0","80 03:52.925","0","0","0","0","2109","0","0","0","N","0","0","0","3","02109","0","","1.0","","1","N","N","N","0","","0","0","1","","2","","","2","0","0","0","0","0","0","2","0","2","","03","","N","","","","","","","","","",""
"2021065685","","2","0","0","0","0","0","0","0","0","4","0","","02","7","2021","5","40.339025","-79.957302","","11","0","0","0","0","0","0","0","1","","0","0","0","","","0","N","0","","40 20:20.490","","6","79 57:26.288","0","0","0","0","2454","0","0","0","N","0","0","0","2","02454","0","","1.0","","1","N","N","N","0","","0","0","0","","0","N","","2","0","0","0","0","0","0","2","0","2","","","","N","","","","","","","","","",""
"2021031772","","1","0","0","0","0","0","0","0","0","7","0","","02","4","2021","2","40.529558","-80.230863","","11","0","0","0","0","0","1","0","0","","0","0","0","","","0","N","0","","40 31:46.409","","0","80 13:51.106","0","0","0","0","2213","0","0","0","N","0","0","0","2","02213","0","","2.0","","1","N","N","N","0","","0","0","0","","0","","","1","0","1","0","0","0","0","2","0","1","","","","N","","","","","","","","","",""
"2021059759","","1","0","0","0","0","0","0","0","0","1","0","","02","6","2021","2","40.633507","-80.003968","","11","0","0","0","1","0","0","1","0","","0","0","0","","","1","","1","","40 38:00.625","5","0","80 00:14.283","3","0","0","1","2216","0","0","0","N","0","0","0","2","02505","0","","1.0","1602.0","1","N","N","N","0","","1","0","0","","2","Y","","2","1","0","0","0","0","0","2","0","2","","03","","N","","","","","","","","","",""
"2021067098","","2","0","0","0","0","0","0","0","0","5","0","","02","5","2021","1","40.426294","-79.998067","","11","0","0","0","0","0","0","0","0","","0","0","0","","","1","N","0","","40 25:34.660","","0","79 59:53.042","3","0","0","0","2301","0","0","0","N","0","0","0","1","02301","0","","6.0","","1","N","N","N","1","","1","0","1","","0","","","4","1","0","0","0","0","0","2","0","4","","03","","N","","","","","","","","","",""
"2021045151","","0","0","0","0","0","0","0","0","0","7","0","","02","5","2021","7","40.534849","-80.07424","","11","0","0","0","0","0","0","0","0","","0","0","0","","","0","N","0","","40 32:05.455","","0","80 04:27.265","9","0","0","0","2215","0","0","0","Y","0","0","0","1","68B03","0","","4.0","","1","N","N","N","0","","0","0","1","","0","","","1","0","0","0","0","0","1","2","0","1","","03","","N","","","","","","","","","",""
"2021031439","","1","0","0","0","0","0","0","0","0","1","0","","02","4","2021","3","40.491481","-79.86589","","11","0","0","0","0","0","2","0","0","","0","0","0","","","1","","2","","40 29:29.330","1","0","79 51:57.203","8","0","0","0","2112","0","0","0","N","0","0","0","3","02112","0","","1.0","1745.0","1","N","N","N","0","","0","0","2","","2","N","","3","1","0","0","0","1","0","2","0","3","","03","","N","","","","","","","","","",""
"2021043110","","1","0","0","0","0","0","0","0","0","7","0","","02","5","2021","4","40.349111","-79.876472","","11","0","0","0","0","0","0","0","0","","0","0","0","","","0","Y","0","","40 20:56.800","","0","79 52:35.300","0","0","0","0","2304","0","0","0","N","0","0","0","1","02304","0","","2.0","","1","N","N","N","0","","0","0","0","","0","","","1","0","0","0","0","0","0","2","0","1","","03","","N","","","","","","","","","",""
"2021066370","","0","0","0","0","0","0","0","0","0","4","0","","02","7","2021","6","40.51271","-79.99803","","11","0","0","0","0","0","2","0","0","","0","0","0","","","1","N","0","","40 30:45.755","7","0","79 59:52.909","3","0","0","0","2116","0","0","0","N","0","0","0","3","02116","0","","1.0","1610.0","1","N","N","N","2","","1","0","1","","0","N","","3","1","0","0","0","0","0","2","0","3","","","","N","","","","","","","","","",""
"2021067548","","2","0","0","0","0","0","0","0","0","6","0","","02","7","2021","4","40.45785","-80.015914","","11","0","0","0","0","0","0","0","0","","0","0","0","","","0","N","2","","40 27:28.259","","0","80 00:57.292","9","0","0","0","2301","0","0","0","N","0","0","0","2","02301","0","","1.0","","1","N","N","N","0","","0","0","0","","0","","","2","0","0","0","0","0","1","2","0","2","","","","N","","","","","","","","","",""
"2021045951","","1","0","0","0","0","0","0","0","0","7","0","","02","5","2021","7","40.305099","-79.869027","","11","0","0","0","0","1","0","0","0","","0","0","0","","","0","N","0","","40 18:18.358","1","0","79 52:08.497","0","0","0","0","2443","0","0","0","N","0","0","0","1","02443","0","","5.0","334.0","1","N","N","N","0","","0","0","0","","0","N","","1","0","0","0","0","0","0","1","0","1","","98","","N","","","","","","","","","",""
"2021067235","","1","0","0","0","0","0","0","0","0","5","1","","02","7","2021","4","40.461719","-79.9824","","11","0","0","0","0","0","0","0","0","","0","1","0","","","1","N","0","","40 27:42.188","2","0","79 58:56.641","3","0","0","0","2301","0","0","0","N","0","0","0","2","02301","0","","1.0","1402.0","1","N","N","N","0","","1","0","0","","0","N","","2","1","0","0","0","0","0","2","0","2","","","","N","","","","","","","","","",""
"2021042332","","1","0","0","0","0","0","0","0","0","1","0","","02","5","2021","2","40.466188","-79.826144","","11","0","0","0","0","0","1","0","0","","0","0","0","","","1","N","2","","40 27:58.276","1","0","79 49:34.119","3","0","0","0","2113","0","0","0","N","0","0","0","2","02113","0","","1.0","2324.0","1","N","N","N","0","","1","0","1","","2","Y","","2","1","1","0","0","0","0","2","0","2","","03","","N","","","","","","","","","",""