"CRN","ARRIVAL_TM","AUTOMOBILE_COUNT","BELTED_DEATH_COUNT","BELTED_SUSP_SERIOUS_INJ_COUNT","BICYCLE_COUNT","BICYCLE_DEATH_COUNT","BICYCLE_SUSP_SERIOUS_INJ_COUNT","BUS_COUNT","CHLDPAS_DEATH_COUNT","CHLDPAS_SUSP_SERIOUS_INJ_COUNT","COLLISION_TYPE","COMM_VEH_COUNT","CONS_ZONE_SPD_LIM","COUNTY","CRASH_MONTH","CRASH_YEAR","DAY_OF_WEEK","DEC_LATITUDE","DEC_LONGITUDE","DISPATCH_TM","DISTRICT","DRIVER_COUNT_16YR","DRIVER_COUNT_17YR","DRIVER_COUNT_18YR","DRIVER_COUNT_19YR","DRIVER_COUNT_20YR","DRIVER_COUNT_50_64YR","DRIVER_COUNT_65_74YR","DRIVER_COUNT_75PLUS","EST_HRS_CLOSED","FATAL_COUNT","HEAVY_TRUCK_COUNT","HORSE_BUGGY_COUNT","HOUR_OF_DAY","ILLUMINATION","INJURY_COUNT","INTERSECTION_RELATED","INTERSECT_TYPE","LANE_CLOSED","LATITUDE","LN_CLOSE_DIR","LOCATION_TYPE","LONGITUDE","MAX_SEVERITY_LEVEL","MCYCLE_DEATH_COUNT","MCYCLE_SUSP_SERIOUS_INJ_COUNT","MOTORCYCLE_COUNT","MUNICIPALITY","NONMOTR_COUNT","NONMOTR_DEATH_COUNT","NONMOTR_SUSP_SERIOUS_INJ_COUNT","NTFY_HIWY_MAINT","PED_COUNT","PED_DEATH_COUNT","PED_SUSP_SERIOUS_INJ_COUNT","PERSON_COUNT","POLICE_AGCY","POSSIBLE_INJ_COUNT","RDWY_SURF_TYPE_CD","RELATION_TO_ROAD","ROADWAY_CLEARED","ROAD_CONDITION","SCH_BUS_IND","SCH_ZONE_IND","SECONDARY_CRASH","SMALL_TRUCK_COUNT","SPEC_JURIS_CD","SUSP_MINOR_INJ_COUNT","SUSP_SERIOUS_INJ_COUNT","SUV_COUNT","TCD_FUNC_CD","TCD_TYPE","TFC_DETOUR_IND","TIME_OF_DAY","TOTAL_UNITS","TOT_INJ_COUNT","UNBELTED_OCC_COUNT","UNB_DEATH_COUNT","UNB_SUSP_SERIOUS_INJ_COUNT","UNK_INJ_DEG_COUNT","UNK_INJ_PER_COUNT","URBAN_RURAL","VAN_COUNT","VEHICLE_COUNT","WEATHER1","WEATHER2","WORKERS_PRES","WORK_ZONE_IND","WORK_ZONE_LOC","WORK_ZONE_TYPE","WZ_CLOSE_DETOUR","WZ_FLAGGER","WZ_LAW_OFFCR_IND","WZ_LN_CLOSURE","WZ_MOVING","WZ_OTHER","WZ_SHLDER_MDN","WZ_WORKERS_INJ_KILLED"
"2021067302","","1","0","0","0","0","0","0","0","0","4","0","","02","7","2021","3","40.454459","-79.823517","","11","0","0","0","0","0","0","0","0","","0","0","0","","","0","N","0","","40 27:16.054","","6","79 49:24.662","0","0","0","0","2113","0","0","0","N","0","0","0","3","02113","0","","1.0","","1","N","N","N","1","","0","0","0","","0","","","2","0","0","0","0","0","0","2","0","2","","03","","N","","","","","","","","","",""
"2021061846","","0","0","0","0","0","0","0","0","0","0","0","","02","5","2021","6","40.486524","-80.266929","","11","0","0","0","0","0","0","0","0","","0","0","0","","","4","N","0","","40 29:11.488","3","2","80 16:00.945","2","0","0","0","2203","0","0","0","N","0","0","0","4","68B03","0","","5.0","1746.0","1","N","N","N","0","","1","1","1","","0","N","","1","4","4","0","1","2","0","1","0","1","","","","N","","","","","","","","","",""
"2021043849","","3","0","0","0","0","0","0","0","0","1","0","","02","5","2021","6","40.504495","-80.143386","","11","0","0","0","0","2","1","0","0","","0","0","0","","","1","","2","","40 30:16.182","3","0","80 08:36.189","8","0","0","0","2115","0","0","0","N","0","0","0","5","02115","0","","1.0","837.0","1","N","N","N","2","","0","0","0","","0","N","","5","1","1","0","0","1","0","2","0","5","","03","","N","","","","","","","","","",""
"2021059565","","1","0","0","0","0","0","0","0","0","4","0","","02","6","2021","2","40.427483","-79.704507","","11","0","0","0","0","0","1","0","0","","0","0","0","","","4","","1","","40 25:38.940","7","0","79 42:16.224","3","0","0","0","2446","0","0","0","N","0","0","0","4","02446","0","","1.0","130.0","1","N","N","N","0","","1","0","1","","2","N","","2","4","0","0","0","3","0","2","0","2","","","","N","","","","","","","","","",""
"2021032510","","2","0","0","0","0","0","0","0","0","1","0","","02","4","2021","6","40.432071","-79.730538","","11","0","0","0","0","0","0","0","0","","0","0","0","","","0","N","0","","40 25:55.454","","0","79 43:49.937","0","0","0","0","2446","0","0","0","N","0","0","0","5","02446","0","","1.0","","1","N","N","N","0","","0","0","0","","0","","","2","0","0","0","0","0","0","2","0","2","","03","","N","","","","","","","","","",""
"2021076702","","1","0","0","0","0","0","0","0","0","1","0","","02","7","2021","7","40.428492","-79.890563","","11","0","1","0","0","0","0","0","0","","0","0","0","","","1","Y","0","","40 25:42.571","","0","79 53:26.027","8","0","0","0","2426","0","0","0","N","0","0","0","5","68B03","0","","1.0","","1","N","N","N","0","","0","0","1","","4","","","2","1","0","0","0","1","0","2","0","2","","","","N","","","","","","","","","",""
"2021067793","","1","0","0","0","0","0","0","0","0","1","0","","02","7","2021","5","40.470774","-79.821576","","11","0","0","0","0","0","0","0","0","","0","0","0","","","0","N","0","","40 28:14.788","4","0","79 49:17.674","9","0","0","0","2113","0","0","0","N","0","0","0","4","02113","0","","1.0","215.0","1","N","N","N","0","","0","0","1","","0","N","","2","0","0","0","0","0","3","2","0","2","","","","N","","","","","","","","","",""
"2021031169","","0","0","0","0","0","0","0","0","0","1","0","","02","4","2021","2","40.384797","-79.970546","","11","0","0","0","0","0","0","0","0","","0","0","0","","","1","","2","","40 23:05.269","5","0","79 58:13.965","8","0","0","1","2413","0","0","0","N","0","0","0","2","02413","0","","1.0","1940.0","1","N","N","N","1","","0","0","0","","0","N","","2","1","0","0","0","1","0","2","0","2","","03","","N","","","","","","","","","",""
"2021031946","","0","0","0","0","0","0","0","0","0","7","0","","02","4","2021","4","40.473764","-79.851808","","11","0","0","0","0","0","1","0","0","","0","0","0","","","0","N","0","","40 28:25.550","","0","79 51:06.510","0","0","0","0","2113","0","0","0","N","0","0","0","1","02113","0","","5.0","","1","N","N","N","0","","0","0","1","","0","","","1","0","0","0","0","0","0","2","0","1","","03","","N","","","","","","","","","",""
"2021076003","","2","0","0","0","0","0","0","0","0","5","0","","02","8","2021","1","40.455031","-79.94515","","11","0","0","0","0","0","0","0","0","","0","0","0","","","1","","1","","40 27:18.112","4","0","79 56:42.541","3","0","0","0","2301","0","0","0","N","0","0","0","2","02301","0","","1.0","1240.0","1","N","N","N","0","","1","0","0","","2","Y","","2","1","0","0","0","0","1","2","0","2","","03","","N","","","","","","","","","",""
"2021064663","","2","0","0","0","0","0","0","0","0","4","0","","02","7","2021","2","40.447931","-80.00206","","11","0","0","1","0","0","0","1","0","","0","0","0","","","3","N","1","","40 26:52.553","2","0","80 00:07.417","3","0","0","0","2301","0","0","0","N","0","0","0","3","02301","0","","1.0","9999.0","9","N","N","Y","0","","3","0","0","","3","N","","2","3","0","0","0","0","0","2","0","2","","07","","N","","","","","","","","","",""
"2021066155","","2","0","0","0","0","0","0","0","0","2","0","","02","7","2021","6","40.629942","-79.968716","","11","0","0","0","0","0","0","1","0","","0","0","0","","","1","N","2","","40 37:47.792","6","0","79 58:07.379","8","0","0","0","2217","0","0","0","N","0","0","0","4","02505","0","","1.0","1625.0","9","N","N","N","1","","0","0","0","","0","Y","","3","1","0","0","0","1","0","2","0","3","","07","","N","","","","","","","","","",""
"2021064479","","2","0","0","0","0","0","0","0","0","4","0","","02","7","2021","5","40.44811","-79.709521","","11","0","0","0","0","0","1","0","0","","0","0","0","","","0","N","1","","40 26:53.195","","0","79 42:34.276","0","0","0","0","2466","0","0","0","N","0","0","0","2","02466","0","","1.0","","1","N","N","N","0","","0","0","0","","3","","","2","0","0","0","0","0","0","2","0","2","","","","N","","","","","","","","","",""
"2021031176","","0","0","0","0","0","0","0","0","0","5","0","","02","4","2021","2","40.427652","-79.977579","","11","0","0","0","0","0","0","0","0","","0","0","0","","","0","N","0","","40 25:39.546","","0","79 58:39.285","9","0","0","0","2301","0","0","0","N","0","0","0","1","02301","0","","6.0","","1","N","N","N","0","","0","0","1","","3","","","2","0","0","0","0","0","1","2","0","2","","03","","N","","","","","","","","","",""
"2021066237","","1","0","0","0","0","0","0","0","0","1","0","","02","7","2021","7","40.392901","-79.997385","","11","0","0","0","0","0","0","0","0","","0","0","0","","","1","N","0","","40 23:34.445","","0","79 59:50.587","4","0","0","0","2301","0","0","0","N","0","0","0","2","02301","1","","1.0","","1","N","N","N","0","","0","0","1","","0","","","2","1","0","0","0","0","0","2","0","2","","","","N","","","","","","","","","",""
"2021073922","","0","0","0","0","0","0","0","0","0","4","0","","02","8","2021","1","40.437331","-79.775903","","11","0","0","0","0","0","0","0","0","","0","0","0","","","2","N","0","","40 26:14.390","6","7","79 46:33.250","2","0","1","1","2446","0","0","0","N","0","0","0","3","02446","0","","1.0","1145.0","1","N","N","N","0","","1","1","0","","0","Y","","2","2","1","0","0","0","0","2","1","2","","03","","N","","","","","","","","","",""
"2021033595","","0","0","0","0","0","0","0","0","0","8","0","","02","4","2021","6","40.453369","-80.166083","","11","0","0","0","0","0","0","0","0","","0","0","0","","","1","Y","0","","40 27:12.130","4","0","80 09:57.900","2","0","0","0","2115","1","0","1","N","1","0","1","2","02115","0","","1.0","1306.0","1","N","N","N","0","","0","1","1","","2","Y","","2","1","0","0","0","0","0","2","0","1","","","","N","","","","","","","","","",""
"2021076438","","1","0","0","0","0","0","0","0","0","7","0","","02","8","2021","3","40.616923","-79.752101","","11","0","0","0","0","0","0","0","0","","0","0","0","","","1","N","0","","40 37:00.924","","0","79 45:07.564","8","0","0","0","2202","0","0","0","N","0","0","0","3","68D02","0","","4.0","","1","N","N","N","0","","0","0","0","","0","","","1","1","2","0","0","1","0","2","0","1","","","","N","","","","","","","","","",""
"2021043806","","1","0","0","0","0","0","0","0","0","1","0","","02","5","2021","7","40.42882","-79.981642","","11","0","0","0","0","0","0","0","0","","0","0","0","","","0","N","0","","40 25:43.753","3","0","79 58:53.911","0","0","0","0","2301","0","0","0","N","0","0","0","3","02301","0","","1.0","303.0","1","N","N","N","0","","0","0","1","","0","N","","2","0","0","0","0","0","0","2","0","2","","98","","N","","","","","","","","","",""
"2021043491","","1","0","0","0","0","0","0","0","0","2","0","","02","5","2021","1","40.410826","-79.944465","","11","0","0","0","0","0","0","0","0","","0","0","0","","","2","Y","0","","40 24:38.972","","0","79 56:40.075","8","0","0","0","2301","0","0","0","N","0","0","0","3","02301","0","","5.0","","1","N","N","N","1","","0","0","0","","0","","","2","2","0","0","0","2","1","2","0","2","","03","","N","","","","","","","","","",""
"2021059292","","1","0","0","0","0","0","0","0","0","4","0","","02","6","2021","6","40.434008","-79.795033","","11","0","0","0","0","0","0","1","1","","0","0","0","","","0","","1","","40 26:02.430","","0","79 47:42.117","0","0","0","0","2446","0","0","0","N","0","0","0","2","02446","0","","1.0","","1","N","N","N","0","","0","0","1","","2","","","2","0","0","0","0","0","0","2","0","2","","03","","N","","","","","","","","","",""
"2021031388","","1","0","0","0","0","0","0","0","0","2","0","","02","4","2021","3","40.382253","-79.810752","","11","0","0","0","0","0","0","0","0","","0","0","0","","","0","","2","","40 22:56.110","7","0","79 48:38.707","0","0","0","0","2424","0","0","0","N","0","0","0","1","02424","0","","1.0","1559.0","1","N","N","Y","1","","0","0","1","","3","Y","","3","0","0","0","0","0","0","2","0","3","","03","","N","","","","","","","","","",""
"2021035236","","1","0","0","0","0","0","0","0","0","7","0","","02","4","2021","5","40.542975","-80.256556","","11","0","0","0","0","0","0","0","0","","0","0","0","","","1","N","0","","40 32:34.710","6","0","80 15:23.600","3","0","0","0","2213","0","0","0","Y","0","0","0","1","02213","0","","4.0","1445.0","1","N","N","N","0","","1","0","0","","0","N","","1","1","1","0","0","0","0","1","0","1","","","","N","","","","","","","","","",""
"2021065683","","1","0","0","0","0","0","0","0","0","4","0","","02","7","2021","5","40.342423","-79.862122","","11","0","0","0","0","0","2","0","0","","0","0","0","","","2","","1","","40 20:32.721","","0","79 51:43.638","8","0","0","0","2304","0","0","0","N","0","0","0","3","02304","0","","1.0","","1","N","N","N","0","","0","0","1","","3","","","2","2","0","0","0","2","0","2","0","2","","","","N","","","","","","","","","",""
"2021036386","","1","0","0","0","0","0","0","0","0","1","0","","02","4","2021","7","40.400535","-79.920185","","11","0","0","0","0","0","1","0","0","","0","0","0","","","1","N","0","","40 24:01.925","4","0","79 55:12.665","4","0","0","0","2438","0","0","0","N","0","0","0","8","02438","1","","1.0","1848.0","1","N","N","N","1","","0","0","1","","0","Y","","3","1","0","0","0","0","3","2","0","3","","03","","N","","","","","","","","","",""
"2021066430","","0","0","0","0","0","0","0","0","0","8","0","","02","7","2021","7","40.454118","-79.890785","","11","0","0","0","0","0","0","0","0","","0","0","0","","","1","","1","","40 27:14.824","7","0","79 53:26.826","3","0","0","0","2301","1","0","0","N","1","0","0","3","02301","0","","1.0","1940.0","9","N","N","N","0","","1","0","1","","0","Y","","2","1","0","0","0","0","0","2","0","1","","07","","N","","","","","","","","","",""
"2021064490","","2","0","0","0","0","0","0","0","0","5","0","","02","7","2021","2","40.474181","-80.036087","","11","0","0","0","0","0","0","0","0","","0","0","0","","","1","N","0","","40 28:27.053","","0","80 02:09.912","3","0","0","0","2301","0","0","0","N","0","0","0","1","02301","0","","4.0","","1","N","N","N","0","","1","0","0","","0","","","2","1","0","0","0","0","0","2","0","2","","03","","N","","","","","","","","","",""
"2021067470","","2","0","0","0","0","0","0","0","0","1","0","","02","7","2021","2","40.444056","-79.985689","","11","0","0","0","0","0","0","0","0","","0","0","0","","","1","N","2","","40 26:38.601","6","0","79 59:08.480","4","0","0","0","2301","0","0","0","N","0","0","0","2","02301","1","","2.0","2243.0","1","N","N","N","0","","0","0","0","","0","Y","","2","1","1","0","0","0","0","2","0","2","","03","","N","","","","","","","","","",""
"2021044551","","1","0","0","0","0","0","0","0","0","2","0","","02","5","2021","3","40.531826","-80.230261","","11","0","0","0","0","0","0","0","0","","0","0","0","","","1","N","0","","40 31:54.573","","0","80 13:48.941","4","0","0","0","2213","0","0","0","N","0","0","0","2","02213","1","","5.0","","1","N","N","N","1","","0","0","0","","9","","","2","1","0","0","0","0","0","2","0","2","","03","","N","","","","","","","","","",""
"2021064054","","2","0","0","0","0","0","0","0","0","1","0","","02","7","2021","1","40.527792","-79.806517","","11","0","0","1","0","0","0","0","0","","0","0","0","","","0","N","0","","40 31:40.051","6","7","79 48:23.461","0","0","0","0","2466","0","0","0","N","0","0","0","2","02466","0","","1.0","2015.0","9","N","N","N","0","","0","0","0","","0","N","","2","0","0","0","0","0","0","2","0","2","","","","N","","","","","","","","","",""
"2021034008","","1","0","0","0","0","0","0","0","0","1","0","","02","4","2021","6","40.524226","-80.214606","","11","0","0","0","0","0","0","0","0","","0","0","0","","","3","N","0","","40 31:27.215","1","0","80 12:52.581","3","0","0","0","2213","0","0","0","N","0","0","0","3","02213","1","","1.0","1720.0","1","N","N","N","0","","2","0","1","","0","N","","2","3","0","0","0","0","0","2","0","2","","","","N","","","","","","","","","",""
"2021060232","","3","0","0","0","0","0","0","0","0","1","0","","02","6","2021","3","40.547774","-80.018166","","11","0","0","0","1","0","1","0","1","","0","0","0","","","3","N","0","","40 32:51.986","2","0","80 01:05.397","8","0","0","0","2116","0","0","0","N","0","0","0","4","02116","0","","1.0","1648.0","1","N","N","N","0","","0","0","0","","0","N","","3","3","0","0","0","3","0","2","0","3","","03","","N","","","","","","","","","",""
"2021031774","","2","0","0","0","0","0","0","0","0","1","0","","02","4","2021","3","40.372161","-80.018127","","11","0","0","0","0","0","0","0","1","","0","0","0","","","0","","2","","40 22:19.779","5","0","80 01:05.257","9","0","0","0","2416","0","0","0","N","0","0","0","2","02416","0","","1.0","1530.0","1","N","N","N","0","","0","0","0","","0","Y","","2","0","0","0","0","0","1","2","0","2","","","","N","","","","","","","","","",""
"2021058706","","2","0","0","0","0","0","0","0","0","4","0","","02","6","2021","5","40.59949","-79.947397","","11","0","0","0","0","0","0","2","0","","0","0","0","","","0","","1","","40 35:58.163","","0","79 56:50.630","0","0","0","0","2207","0","0","0","N","0","0","0","2","02207","0","","1.0","","1","N","N","N","0","","0","0","0","","2","","","2","0","0","0","0","0","0","2","0","2","","03","","N","","","","","","","","","",""
"2021031381","","2","0","0","0","0","0","0","0","0","1","0","","02","4","2021","3","40.454698","-79.994661","","11","0","0","0","0","0","2","0","0","","0","0","0","","","0","N","0","","40 27:16.912","2","0","79 59:40.781","0","0","0","0","2301","0","0","0","N","0","0","0","5","02301","0","","1.0","1600.0","1","N","N","N","1","","0","0","1","","0","Y","","4","0","0","0","0","0","0","2","0","4","","03","","N","","","","","","","","","",""
"2021068115","","0","0","0","0","0","0","0","0","0","7","0","","02","7","2021","6","40.467372","-80.035434","","11","0","0","0","0","0","0","0","0","","0","0","0","","","0","N","0","","40 28:02.539","","0","80 02:07.562","9","0","0","0","2301","0","0","0","N","0","0","0","1","02301","0","","5.0","","1","N","N","N","0","","0","0","1","","0","N","","1","0","0","0","0","0","1","2","0","1","","03","","N","","","","","","","","","",""
"2021032315","","1","0","0","0","0","0","0","0","0","4","0","","02","4","2021","3","40.379406","-79.807029","","11","0","0","0","0","0","0","1","0","","0","0","0","","","1","","1","","40 22:45.862","4","0","79 48:25.306","3","0","0","0","2424","0","0","0","N","0","0","0","5","02424","0","","1.0","1540.0","1","N","N","N","0","","1","0","1","","0","Y","","2","1","1","0","0","0","0","2","0","2","","03","","N","","","","","","","","","",""
"2021043141","","0","0","0","0","0","0","0","0","0","7","0","","02","5","2021","5","40.444232","-80.028216","","11","0","0","0","0","0","0","0","0","","0","0","0","","","0","N","1","","40 26:39.234","","0","80 01:41.577","0","0","0","0","2301","0","0","0","N","0","0","0","1","02301","0","","3.0","","1","N","N","N","0","","0","0","1","","2","","","1","0","0","0","0","0","0","2","0","1","","03","","N","","","","","","","","","",""
"2021067310","","2","0","0","0","0","0","0","0","0","2","0","","02","7","2021","4","40.466885","-80.025028","","11","0","1","0","0","1","0","0","0","","0","0","0","","","2","N","5","","40 28:00.786","","0","80 01:30.099","3","0","0","0","2301","0","0","0","N","0","0","0","3","02301","0","","1.0","","1","N","N","N","0","","1","0","0","","0","","","2","2","0","0","0","1","0","2","0","2","","03","","N","","","","","","","","","",""
"2021034367","","0","0","0","0","0","0","0","0","0","98","0","","02","4","2021","3","40.537416","-79.843434","","11","0","0","0","0","0","0","0","0","","0","0","0","","","1","N","0","","40 32:14.699","","0","79 50:36.363","8","0","0","1","2208","0","0","0","N","0","0","0","1","68D02","0","","1.0","","1","N","N","N","0","","0","0","0","","0","","","1","1","0","0","0","1","0","2","0","1","","","","N","","","","","","","","","",""
"2021075345","","1","0","0","0","0","0","0","0","0","4","0","","02","8","2021","5","40.476061","-79.778601","","11","0","0","1","0","0","0","0","0","","0","0","0","","","0","N","0","","40 28:33.818","6","6","79 46:42.963","0","0","0","0","2466","0","0","0","N","0","0","0","3","02466","0","","1.0","20.0","1","N","N","N","1","","0","0","0","","0","Y","","2","0","0","0","0","0","0","2","0","2","","03","","N","","","","","","","","","",""
"2021077229","","2","0","0","0","0","0","0","0","0","1","0","","02","7","2021","1","40.428005","-79.925611","","11","0","0","1","0","0","0","1","0","","0","0","0","","","0","N","0","","40 25:40.817","","0","79 55:32.200","0","0","0","0","2301","0","0","0","N","0","0","0","5","68B03","0","","1.0","","1","N","N","N","0","","0","0","1","","0","","","3","0","0","0","0","0","0","2","0","3","","03","","N","","","","","","","","","",""
"2021064729","","2","0","0","0","0","0","0","0","0","4","0","","02","7","2021","2","40.413464","-80.042733","","11","0","0","0","0","0","0","0","0","","0","0","0","","","0","N","1","","40 24:48.470","","0","80 02:33.838","0","0","0","0","2301","0","0","0","N","0","0","0","4","02301","0","","1.0","","1","N","N","N","0","","0","0","0","","3","N","","2","0","0","0","0","0","0","2","0","2","","","","N","","","","","","","","","",""
"2021075958","","1","0","0","0","0","0","0","0","0","98","0","","02","8","2021","5","40.55924","-80.211737","","11","0","0","0","0","0","0","0","0","","0","0","0","","","1","N","0","","40 33:33.263","1","0","80 12:42.253","8","0","0","0","2441","0","0","0","N","0","0","0","1","02441","0","","1.0","642.0","1","N","N","N","0","","0","0","0","","0","N","","1","1","0","0","0","1","0","2","0","1","","","","N","","","","","","","","","",""
"2021058305","","3","0","0","0","0","0","0","0","0","4","0","","02","6","2021","4","40.462415","-79.959805","","11","0","0","0","0","0","1","0","0","","0","0","0","","","0","","2","","40 27:44.694","3","0","79 57:35.298","9","0","0","0","2301","0","0","0","N","0","0","0","1","02301","0","","1.0","2335.0","1","N","N","N","0","","0","0","0","","0","N","","3","0","0","0","0","0","1","2","0","3","","03","","N","","","","","","","","","",""
"2021032393","","1","0","0","0","0","0","0","0","0","1","0","","02","4","2021","6","40.499293","-80.071127","","11","0","0","0","0","0","0","0","0","","0","0","0","","","0","N","0","","40 29:57.454","","3","80 04:16.057","0","0","0","0","2301","0","0","0","N","0","0","0","2","02301","0","","1.0","","1","N","N","N","0","","0","0","1","","0","","","2","0","0","0","0","0","0","2","0","2","","03","","N","","","","","","","","","",""
"2021067636","","0","0","0","0","0","0","0","0","0","7","0","","02","7","2021","1","40.590932","-79.773742","","11","0","0","0","0","0","0","0","0","","0","0","0","","","1","N","0","","40 35:27.354","2","0","79 46:25.471","3","0","0","0","2104","0","0","0","Y","0","0","0","1","68D02","0","","3.0","145.0","1","N","N","N","1","","1","0","0","","0","N","","1","1","0","0","0","0","0","2","0","1","","","","N","","","","","","","","","",""
"2021066776","","1","0","0","0","0","0","0","0","0","4","1","","02","7","2021","2","40.456313","-79.823012","","11","0","0","0","0","0","1","0","0","","0","1","0","","","1","","2","","40 27:22.726","5","0","79 49:22.842","3","0","0","0","2113","0","0","0","N","0","0","0","2","02113","0","","1.0","630.0","1","N","N","N","0","","1","0","0","","3","N","","2","1","0","0","0","0","0","2","0","2","","03","","N","","","","","","","","","",""
"2021060486","","1","0","0","0","0","0","0","0","0","1","0","","02","6","2021","3","40.3842","-79.976508","","11","0","0","0","0","0","1","0","0","","0","0","0","","","1","N","0","","40 23:03.120","5","0","79 58:35.427","8","0","0","0","2413","0","0","0","N","0","0","0","1","02413","0","","1.0","1630.0","1","N","N","N","0","","0","0","1","","0","N","","2","1","0","0","0","1","0","2","0","2","","","","N","","","","","","","","","",""
"2021076306","","0","0","0","0","0","0","0","0","0","1","0","","02","8","2021","4","40.340708","-80.063711","","11","0","0","0","0","0","1","0","0","","0","0","0","","","0","N","0","","40 20:26.550","","0","80 03:49.360","0","0","0","0","2123","0","0","0","N","0","0","0","2","02123","0","","1.0","","1","N","N","N","0","","0","0","2","","0","","","2","0","0","0","0","0","0","2","0","2","","04","","N","","","","","","","","","",""
"2021031457","","1","0","0","0","0","0","0","0","0","7","0","","02","4","2021","3","40.450249","-79.944923","","11","0","0","0","0","0","1","0","0","","0","0","0","","","1","N","0","","40 27:00.898","7","0","79 56:41.721","4","0","0","0","2301","0","0","0","N","0","0","0","1","02301","1","","5.0","1828.0","1","N","N","N","0","","0","0","0","","0","N","","1","1","0","0","0","0","0","2","0","1","","","","N","","","","","","","","","",""
"2021066925","","1","0","0","0","0","0","0","0","0","1","0","","02","7","2021","2","40.563444","-80.010518","","11","0","0","0","0","0","1","1","0","","0","0","0","","","0","N","0","","40 33:48.398","4","0","80 00:37.865","0","0","0","0","2108","0","0","0","N","0","0","0","4","02108","0","","1.0","1637.0","1","N","N","N","0","","0","0","2","","0","Y","","3","0","0","0","0","0","0","2","0","3","","","","N","","","","","","","","","",""
"2021044034","","1","0","0","0","0","0","0","0","0","4","0","","02","5","2021","1","40.444111","-79.978277","","11","0","0","0","0","0","0","0","0","","0","0","0","","","0","","2","","40 26:38.801","","0","79 58:41.798","0","0","0","0","2301","0","0","0","N","0","0","0","1","02301","0","","1.0","","1","N","N","N","0","","0","0","1","","0","","","2","0","0","0","0","0","0","2","0","2","","03","","N","","","","","","","","","",""
"2021032430","","1","0","0","0","0","0","0","0","0","1","0","","02","4","2021","6","40.497484","-79.882886","","11","0","0","0","0","0","2","0","0","","0","0","0","","","4","N","0","","40 29:50.942","2","0","79 52:58.388","3","0","0","0","2112","0","0","0","N","0","0","0","5","02112","1","","1.0","1630.0","1","N","N","N","0","","3","0","1","","0","N","","3","4","0","0","0","0","0","2","1","3","","03","","N","","","","","","","","","",""
"2021031086","","1","0","0","0","0","0","0","0","0","5","0","","02","4","2021","2","40.448971","-80.020914","","11","0","0","0","0","0","0","0","0","","0","0","0","","","0","N","0","","40 26:56.296","1","0","80 01:15.292","0","0","0","0","2301","0","0","0","N","0","0","0","2","02301","0","","1.0","1710.0","1","N","N","N","0","","0","0","1","","0","N","","3","0","0","0","0","0","0","2","0","2","","03","","N","","","","","","","","","",""
"2021066194","","2","0","0","0","0","0","0","0","0","1","0","","02","7","2021","6","40.489787","-79.95259","","11","0","0","1","0","0","1","0","0","","0","0","0","","","0","N","0","","40 29:23.232","1","0","79 57:09.325","0","0","0","0","2118","0","0","0","N","0","0","0","2","02118","0","","1.0","1731.0","1","N","N","N","0","","0","0","0","","0","N","","2","0","0","0","0","0","0","2","0","2","","03","","N","","","","","","","","","",""
"2021032254","","1","0","0","0","0","0","0","0","0","98","0","","02","4","2021","4","40.421181","-80.01537","","11","0","0","0","0","0","1","0","0","","0","0","0","","","0","N","0","","40 25:16.251","","0","80 00:55.333","9","0","0","0","2301","0","0","0","N","0","0","0","1","02301","0","","3.0","","1","N","N","N","0","","0","0","0","","0","","","1","0","0","0","0","0","1","2","0","1","","03","","N","","","","","","","","","",""
"2021075640","","2","0","0","0","0","0","0","0","0","4","0","","02","8","2021","6","40.591193","-79.947991","","11","0","0","0","0","0","0","0","0","","0","0","0","","","2","","1","","40 35:28.296","2","0","79 56:52.767","3","0","0","0","2207","0","0","0","N","0","0","0","2","02207","0","","1.0","2025.0","9","N","N","N","0","","2","0","0","","2","N","","2","2","0","0","0","0","0","2","0","2","","07","","N","","","","","","","","","",""
"2021067712","","3","0","0","0","0","0","0","0","0","1","0","","02","7","2021","3","40.349849","-79.885644","","11","0","0","0","0","1","1","0","0","","0","0","0","","","1","N","0","","40 20:59.456","5","0","79 53:08.319","8","0","0","0","2423","0","0","0","N","0","0","0","3","02304","0","","1.0","1525.0","1","N","N","N","0","","0","0","0","","0","Y","","3","1","0","0","0","1","0","2","0","3","","03","","N","","","","","","","","","",""
"2021033493","","0","0","0","0","0","0","0","0","0","7","0","","02","4","2021","6","40.49536","-79.954288","","11","0","0","0","0","0","0","0","0","","0","0","0","","","1","N","0","","40 29:43.296","5","0","79 57:15.435","4","0","0","0","2118","0","0","0","N","0","0","0","1","02118","1","","5.0","1420.0","1","N","N","N","1","","0","0","0","","0","Y","","1","1","0","0","0","0","0","2","0","1","","03","","N","","","","","","","","","",""
"2021067770","","1","0","0","0","0","0","0","0","0","1","0","","02","7","2021","4","40.419065","-79.926085","","11","0","1","0","0","0","0","0","0","","0","0","0","","","0","N","0","","40 25:08.633","","0","79 55:33.906","0","0","0","0","2301","0","0","0","N","0","0","0","3","02301","0","","1.0","","1","N","N","N","0","","0","0","1","","0","","","2","0","0","0","0","0","0","2","0","2","","","","N","","","","","","","","","",""
"2021032348","","1","0","0","0","0","0","0","0","0","4","0","","02","4","2021","4","40.377494","-79.813681","","11","0","0","0","0","0","0","1","0","","0","0","0","","","1","","2","","40 22:38.978","1","0","79 48:49.253","3","0","0","0","2111","0","0","0","N","0","0","0","2","02424","0","","1.0","952.0","1","N","N","N","0","","1","0","1","","3","Y","","2","1","1","0","0","0","0","2","0","2","","03","","N","","","","","","","","","",""