"CRN","ARRIVAL_TM","AUTOMOBILE_COUNT","BELTED_DEATH_COUNT","BELTED_SUSP_SERIOUS_INJ_COUNT","BICYCLE_COUNT","BICYCLE_DEATH_COUNT","BICYCLE_SUSP_SERIOUS_INJ_COUNT","BUS_COUNT","CHLDPAS_DEATH_COUNT","CHLDPAS_SUSP_SERIOUS_INJ_COUNT","COLLISION_TYPE","COMM_VEH_COUNT","CONS_ZONE_SPD_LIM","COUNTY","CRASH_MONTH","CRASH_YEAR","DAY_OF_WEEK","DEC_LATITUDE","DEC_LONGITUDE","DISPATCH_TM","DISTRICT","DRIVER_COUNT_16YR","DRIVER_COUNT_17YR","DRIVER_COUNT_18YR","DRIVER_COUNT_19YR","DRIVER_COUNT_20YR","DRIVER_COUNT_50_64YR","DRIVER_COUNT_65_74YR","DRIVER_COUNT_75PLUS","EST_HRS_CLOSED","FATAL_COUNT","HEAVY_TRUCK_COUNT","HORSE_BUGGY_COUNT","HOUR_OF_DAY","ILLUMINATION","INJURY_COUNT","INTERSECTION_RELATED","INTERSECT_TYPE","LANE_CLOSED","LATITUDE","LN_CLOSE_DIR","LOCATION_TYPE","LONGITUDE","MAX_SEVERITY_LEVEL","MCYCLE_DEATH_COUNT","MCYCLE_SUSP_SERIOUS_INJ_COUNT","MOTORCYCLE_COUNT","MUNICIPALITY","NONMOTR_COUNT","NONMOTR_DEATH_COUNT","NONMOTR_SUSP_SERIOUS_INJ_COUNT","NTFY_HIWY_MAINT","PED_COUNT","PED_DEATH_COUNT","PED_SUSP_SERIOUS_INJ_COUNT","PERSON_COUNT","POLICE_AGCY","POSSIBLE_INJ_COUNT","RDWY_SURF_TYPE_CD","RELATION_TO_ROAD","ROADWAY_CLEARED","ROAD_CONDITION","SCH_BUS_IND","SCH_ZONE_IND","SECONDARY_CRASH","SMALL_TRUCK_COUNT","SPEC_JURIS_CD","SUSP_MINOR_INJ_COUNT","SUSP_SERIOUS_INJ_COUNT","SUV_COUNT","TCD_FUNC_CD","TCD_TYPE","TFC_DETOUR_IND","TIME_OF_DAY","TOTAL_UNITS","TOT_INJ_COUNT","UNBELTED_OCC_COUNT","UNB_DEATH_COUNT","UNB_SUSP_SERIOUS_INJ_COUNT","UNK_INJ_DEG_COUNT","UNK_INJ_PER_COUNT","URBAN_RURAL","VAN_COUNT","VEHICLE_COUNT","WEATHER1","WEATHER2","WORKERS_PRES","WORK_ZONE_IND","WORK_ZONE_LOC","WORK_ZONE_TYPE","WZ_CLOSE_DETOUR","WZ_FLAGGER","WZ_LAW_OFFCR_IND","WZ_LN_CLOSURE","WZ_MOVING","WZ_OTHER","WZ_SHLDER_MDN","WZ_WORKERS_INJ_KILLED"
"2021084358","1248","2","0","0","0","0","0","0","0","0","1","0","","02","8","2021","6","40.34132","-80.022424","1244","11","0","0","0","0","1","0","0","0","","0","0","0","","","1","","3","","40 20:28.753","","0","80 01:20.728","4","0","0","0","2407","0","0","0","N","0","0","0","6","02407","1","","1.0","","1","N","N","N","0","","0","0","1","","0","","","3","1","0","0","0","0","0","2","0","3","","","","N","","","","","","","","","",""
"2021122893","0541","0","0","0","0","0","0","0","0","0","7","0","","02","11","2021","2","40.561921","-80.114654","0522","11","0","0","0","0","0","0","0","0","","0","0","0","","","1","N","0","","40 33:42.915","","0","80 06:52.753","2","0","0","0","2460","0","0","0","Y","0","0","0","1","68B03","0","","4.0","","1","N","N","N","0","","0","1","1","","0","","","1","1","0","0","0","0","0","2","0","1","","","","N","","","","","","","","","",""
"2021106521","1528","2","0","0","0","0","0","0","0","0","1","1","","02","11","2021","4","40.373826","-80.048667","1527","11","0","0","0","0","0","1","0","0","","0","0","0","","","0","N","0","","40 22:25.772","1","0","80 02:55.200","0","0","0","0","2301","0","0","0","N","0","0","0","2","02301","0","","1.0","1547.0","1","N","N","N","0","","0","0","0","","0","N","","2","0","0","0","0","0","0","2","0","2","","","","N","","","","","","","","","",""
"2021120628","0757","1","0","0","0","0","0","0","0","0","6","0","","02","12","2021","5","40.671835","-79.916115","0738","11","0","0","0","0","0","0","1","0","","0","0","0","","","0","N","0","","40 40:18.605","6","0","79 54:58.013","0","0","0","0","2220","0","0","0","N","0","0","0","3","02220","0","","1.0","829.0","1","N","N","N","1","","0","0","0","","0","N","","2","0","0","0","0","0","0","1","0","2","","03","","N","","","","","","","","","",""
"2021087610","1800","0","0","0","0","0","0","0","0","0","7","0","","02","8","2021","7","40.429232","-79.931585","1743","11","0","0","0","0","0","0","0","0","","0","0","0","","","0","N","0","","40 25:45.234","","2","79 55:53.707","0","0","0","0","2301","0","0","0","N","0","0","0","1","68B03","0","","2.0","","1","N","N","N","0","","0","0","1","","0","","","1","0","0","0","0","0","0","2","0","1","","03","","N","","","","","","","","","",""
"2021122144","1822","1","0","0","0","0","0","0","0","0","7","0","","02","12","2021","2","40.524593","-80.109283","1819","11","0","0","0","0","0","0","0","1","","0","0","0","","","1","N","0","","40 31:28.536","5","0","80 06:33.419","3","0","0","0","2211","0","0","0","N","0","0","0","1","02215","0","","2.0","2355.0","1","N","N","N","0","","1","0","0","","0","Y","","1","1","0","0","0","0","0","2","0","1","","","","N","","","","","","","","","",""
"2021083264","1134","1","0","0","0","0","0","0","0","0","2","0","","02","8","2021","1","40.370504","-79.828785","1130","11","0","0","0","0","0","0","0","0","","0","0","0","","","2","","2","","40 22:13.814","5","0","79 49:43.627","8","0","0","0","2111","0","0","0","N","0","0","0","3","02111","0","","1.0","1209.0","1","N","N","N","1","","0","0","0","","0","Y","","2","2","1","0","0","2","1","2","0","2","","03","","N","","","","","","","","","",""
"2021082889","2311","1","0","0","0","0","0","0","0","0","1","0","","02","8","2021","1","40.388389","-79.984889","2309","11","0","0","0","0","0","0","0","0","","0","0","0","","","0","N","0","","40 23:18.200","","0","79 59:05.600","0","0","0","0","2301","0","0","0","N","0","0","0","1","02301","0","","4.0","","1","N","N","N","1","","0","0","1","","0","","","3","0","0","0","0","0","0","2","0","3","","03","","N","","","","","","","","","",""
"2021104593","1039","0","0","0","0","0","0","0","0","0","1","0","","02","10","2021","7","40.380271","-80.052555","1039","11","0","0","0","0","0","0","0","0","","0","0","0","","","1","","2","","40 22:48.976","","0","80 03:09.199","3","0","0","0","2109","0","0","0","N","0","0","0","3","02109","0","","1.0","","1","N","N","N","0","","1","0","2","","2","","","2","1","0","0","0","0","0","2","0","2","","04","","N","","","","","","","","","",""
"2021122924","0704","1","0","0","0","0","0","0","0","0","1","0","","02","12","2021","4","40.428089","-79.926175","0635","11","0","0","0","0","0","0","0","0","","0","0","0","","","0","N","0","","40 25:41.119","","0","79 55:34.231","0","0","0","0","2301","0","0","0","N","0","0","0","2","68B03","0","","1.0","","1","N","N","N","1","","0","0","0","","0","","","2","0","0","0","0","0","0","2","0","2","","","","N","","","","","","","","","",""
"2021117338","0334","1","0","0","0","0","0","0","0","0","2","0","","02","12","2021","5","40.384707","-79.99513","0328","11","0","0","0","0","0","0","0","0","","0","0","0","","","1","","2","","40 23:04.944","","99","79 59:42.468","2","0","0","0","2301","0","0","0","N","0","0","0","1","02301","0","","5.0","","9","N","N","N","0","","0","1","0","","2","","","1","1","0","0","0","0","0","2","0","1","","03","","N","","","","","","","","","",""
"2021084690","0206","1","0","0","0","0","0","0","0","0","2","0","","02","8","2021","1","40.418333","-79.936389","0159","11","0","0","0","0","0","0","0","0","","0","0","0","","","0","N","0","","40 25:06.000","","0","79 56:11.000","0","0","0","0","2301","0","0","0","N","0","0","0","1","02301","0","","1.0","","1","N","N","N","0","","0","0","2","","0","","","3","0","0","0","0","0","0","2","0","3","","","","N","","","","","","","","","",""
"2021122422","1400","1","0","0","0","0","0","0","0","0","7","0","","02","12","2021","2","40.443301","-79.839374","1336","11","0","0","0","0","0","0","0","0","","0","0","0","","","0","N","0","","40 26:35.882","","0","79 50:21.745","0","0","0","0","2419","0","0","0","Y","0","0","0","1","68B03","0","","2.0","","9","N","N","N","0","","0","0","0","","0","","","1","0","0","0","0","0","0","2","0","1","","","","N","","","","","","","","","",""
"2021122986","2221","1","0","0","0","0","0","0","0","0","4","0","","02","12","2021","4","40.444271","-79.813109","2217","11","0","0","0","0","0","0","0","0","","0","0","0","","","1","N","2","","40 26:39.375","6","0","79 48:47.192","3","0","0","0","2113","0","0","0","N","0","0","0","3","02113","0","","1.0","2300.0","1","N","N","N","1","","1","0","0","","3","N","","2","1","0","0","0","0","0","2","0","2","","03","","N","","","","","","","","","",""
"2021120982","1113","1","0","0","0","0","0","0","0","0","7","0","","02","12","2021","6","40.354799","-80.050129","1110","11","0","0","0","0","0","0","1","0","","0","0","0","","","0","","1","","40 21:17.277","1","0","80 03:00.463","0","0","0","0","2109","0","0","0","N","0","0","0","1","02109","0","","7.0","1130.0","1","N","N","N","0","","0","0","0","","0","Y","","1","0","0","0","0","0","0","2","0","1","","","","N","","","","","","","","","",""
"2021118316","0319","1","0","0","0","0","0","0","0","0","7","0","","02","12","2021","7","40.437953","-80.053855","0310","11","0","0","0","0","0","0","0","0","","0","0","0","","","1","N","2","","40 26:16.632","","0","80 03:13.877","3","0","0","0","2301","0","0","0","N","0","0","0","1","02301","0","","2.0","","1","N","N","N","0","","1","0","0","","0","","","1","1","0","0","0","0","0","2","0","1","","","","N","","","","","","","","","",""
"2021118250","1824","2","0","0","0","0","0","0","0","0","1","0","","02","12","2021","6","40.418568","-80.045768","1821","11","0","0","0","0","0","0","0","0","","0","0","0","","","1","N","0","","40 25:06.846","2","0","80 02:44.764","8","0","0","0","2435","0","0","0","N","0","0","0","6","02435","0","","1.0","1900.0","1","N","N","N","0","","0","0","0","","2","N","","2","1","0","0","0","1","0","2","0","2","","03","","N","","","","","","","","","",""
"2021121110","1427","0","0","0","0","0","0","0","0","0","6","0","","02","12","2021","7","40.523765","-80.071929","1420","11","0","1","0","0","0","0","0","0","","0","0","0","","","1","","2","","40 31:25.554","1","0","80 04:18.945","3","0","0","0","2215","0","0","0","N","0","0","0","4","02215","0","","1.0","1458.0","9","N","N","N","0","","1","0","2","","3","N","","2","1","0","0","0","0","0","2","0","2","","04","","N","","","","","","","","","",""
"2021120411","1528","2","0","0","0","0","0","0","0","0","4","0","","02","12","2021","5","40.478727","-79.970992","1528","11","0","0","0","0","0","1","0","0","","0","0","0","","","0","","1","","40 28:43.417","2","0","79 58:15.571","0","0","0","0","2445","0","0","0","N","0","0","0","2","02445","0","","1.0","1558.0","1","N","N","N","0","","0","0","0","","3","N","","2","0","0","0","0","0","0","2","0","2","","","","N","","","","","","","","","",""
"2021118328","1037","1","0","0","0","0","0","0","0","0","4","1","","02","12","2021","5","40.427411","-79.760142","1032","11","0","0","0","0","0","0","1","0","","0","1","0","","","1","N","0","","40 25:38.680","4","0","79 45:36.510","8","0","0","0","2446","0","0","0","N","0","0","0","1","02446","0","","5.0","1055.0","1","N","N","N","0","","0","0","0","","0","N","","2","1","1","0","0","1","0","2","0","2","","04","","N","","","","","","","","","",""
"2021120975","0239","2","0","0","0","0","0","0","0","0","5","0","","02","12","2021","7","40.468239","-79.957356","0239","11","0","0","0","0","0","0","0","0","","0","0","0","","","0","","2","","40 28:05.659","","0","79 57:26.482","0","0","0","0","2301","0","0","0","N","0","0","0","1","02301","0","","4.0","","9","N","N","N","0","","0","0","0","","0","","","2","0","0","0","0","0","0","2","0","2","","","","N","","","","","","","","","",""
"2021120969","0020","1","0","0","0","0","0","0","0","0","4","0","","02","12","2021","7","40.431606","-79.897012","0015","11","0","0","0","0","0","0","0","0","","0","0","0","","","0","","1","","40 25:53.781","","0","79 53:49.243","0","0","0","0","2301","0","0","0","N","0","0","0","2","02301","0","","1.0","","9","N","N","N","1","","0","0","0","","3","","","2","0","0","0","0","0","0","2","0","2","","","","N","","","","","","","","","",""
"2021080802","1640","2","0","0","0","0","0","0","0","0","4","0","","02","8","2021","6","40.486852","-80.055029","1637","11","0","0","0","0","0","0","0","1","","0","0","0","","","1","N","2","","40 29:12.666","4","0","80 03:18.106","8","0","0","0","2404","0","0","0","N","0","0","0","2","02404","0","","1.0","1715.0","1","N","N","N","0","","0","0","0","","0","N","","2","1","0","0","0","1","0","2","0","2","","03","","N","","","","","","","","","",""
"2021118522","2030","0","0","0","0","0","0","0","0","0","2","0","","02","12","2021","6","40.362189","-79.855255","2026","11","0","0","0","0","0","0","0","0","","0","0","0","","","1","N","0","","40 21:43.879","3","0","79 51:18.918","3","0","0","0","2473","0","0","0","N","0","0","0","4","02473","0","","1.0","2115.0","1","N","N","N","2","","1","0","0","","0","N","","2","1","0","0","0","0","1","2","0","2","","","","N","","","","","","","","","",""
"2021080801","1128","0","0","0","0","0","0","0","0","0","2","0","","02","8","2021","7","40.592061","-80.014441","1124","11","0","0","0","0","0","1","0","0","","0","0","0","","","1","","1","","40 35:31.421","2","0","80 00:51.987","3","0","0","1","2108","0","0","0","N","0","0","0","2","02501","0","","1.0","1203.0","1","N","N","N","0","","1","0","1","","2","Y","","2","1","0","0","0","0","0","1","0","2","","03","","N","","","","","","","","","",""
"2021120979","0204","2","0","0","0","0","0","0","0","0","4","0","","02","12","2021","7","40.481661","-79.963903","0158","11","0","0","0","1","0","1","0","0","","0","0","0","","","2","N","0","","40 28:53.979","2","0","79 57:50.051","3","0","0","0","2118","0","0","0","N","0","0","0","3","02118","0","","1.0","251.0","9","N","N","N","0","","2","0","0","","0","Y","","2","2","0","0","0","0","0","2","0","2","","","","N","","","","","","","","","",""
"2021080071","0135","1","0","0","0","0","0","0","0","0","2","0","","02","8","2021","5","40.401","-79.998139","0130","11","0","0","0","0","0","0","0","0","","0","0","0","","","1","N","0","","40 24:03.600","","0","79 59:53.300","3","0","0","0","2301","0","0","0","N","0","0","0","2","02301","0","","1.0","","1","N","N","N","1","","1","0","0","","0","","","2","1","0","0","0","0","0","2","0","2","","03","","N","","","","","","","","","",""
"2021081059","2230","0","0","0","0","0","0","0","0","0","2","0","","02","8","2021","6","40.332042","-79.89204","2227","11","1","0","0","0","0","0","0","0","","0","0","0","","","0","N","0","","40 19:55.352","7","0","79 53:31.344","0","0","0","0","2433","0","0","0","N","0","0","0","3","02433","0","","5.0","2335.0","1","N","N","N","0","","0","0","1","","0","Y","","1","0","0","0","0","0","0","2","0","1","","","","N","","","","","","","","","",""
"2021122206","1814","2","0","0","0","0","0","0","0","0","1","0","","02","12","2021","3","40.433537","-80.142133","1814","11","0","0","0","0","0","0","0","0","","0","0","0","","","0","N","0","","40 26:00.734","4","0","80 08:31.680","0","0","0","0","2115","0","0","0","N","0","0","0","2","68B03","0","","1.0","1902.0","1","N","N","N","0","","0","0","0","","0","N","","2","0","0","0","0","0","0","2","0","2","","","","N","","","","","","","","","",""
"2021122817","1847","1","0","0","0","0","0","0","0","0","1","0","","02","12","2021","3","40.363139","-79.968947","1845","11","0","0","1","0","1","0","0","0","","0","0","0","","","0","N","0","","40 21:47.300","","0","79 58:08.210","0","0","0","0","2476","0","0","0","N","0","0","0","3","02476","0","","1.0","","1","N","N","N","0","","0","0","1","","0","","","2","0","0","0","0","0","0","2","0","2","","03","","N","","","","","","","","","",""
"2021122905","1702","0","0","0","0","0","0","0","0","0","1","0","","02","12","2021","5","40.4272","-79.921369","1701","11","0","0","0","0","0","0","0","0","","0","0","0","","","1","N","0","","40 25:37.919","","0","79 55:16.930","3","0","0","0","2301","0","0","0","N","0","0","0","3","68B03","0","","1.0","","1","N","N","Y","1","","1","0","1","","0","","","2","1","0","0","0","0","0","2","0","2","","03","","N","","","","","","","","","",""
"2021081252","2327","0","0","0","0","0","0","0","0","0","7","0","","02","8","2021","7","40.27365","-79.899111","2323","11","0","0","0","0","0","0","0","0","","0","0","0","","","0","N","0","","40 16:25.139","1","0","79 53:56.800","0","0","0","0","2440","0","0","0","Y","0","0","0","5","02440","0","","2.0","23.0","1","N","N","N","0","","0","0","1","","0","N","","1","0","0","0","0","0","0","2","0","1","","03","","N","","","","","","","","","",""
"2021054354","1659","1","0","0","0","0","0","0","0","0","5","0","","02","6","2021","3","40.410198","-80.090278","1654","11","0","0","0","0","0","1","0","0","","0","0","0","","","1","Y","0","","40 24:36.713","3","0","80 05:24.999","2","0","1","1","2415","0","0","0","N","0","0","0","1","02415","0","","1.0","1721.0","1","N","N","N","0","","0","1","0","","0","N","","2","1","0","0","0","0","0","2","0","2","","","","N","","","","","","","","","",""
"2021084596","1053","0","0","0","0","0","0","0","0","0","7","0","","02","8","2021","5","40.440482","-79.833248","1046","11","0","0","0","1","0","0","0","0","","0","0","0","","","0","N","0","","40 26:25.736","4","0","79 49:59.694","0","0","0","1","2419","0","0","0","N","0","0","0","1","68B03","0","","3.0","1055.0","1","N","N","N","0","","0","0","0","","0","N","","1","0","0","0","0","0","0","2","0","1","","03","","N","","","","","","","","","",""
"2021080875","1517","1","0","0","0","0","0","0","0","0","5","0","","02","8","2021","7","40.605526","-79.947192","1510","11","0","0","0","0","0","1","0","0","","0","0","0","","","0","N","1","","40 36:19.892","","0","79 56:49.892","0","0","0","0","2207","0","0","0","N","0","0","0","2","02207","0","","1.0","","1","N","N","N","0","","0","0","1","","2","","","2","0","0","0","0","0","0","2","0","2","","","","N","","","","","","","","","",""
"2021081232","2026","1","0","0","0","0","0","0","0","0","7","0","","02","8","2021","1","40.541081","-79.802168","2024","11","0","0","0","0","0","0","1","0","","0","0","0","","","0","N","0","","40 32:27.891","3","0","79 48:07.804","0","0","0","0","2418","0","0","0","N","0","0","0","1","02514","0","","5.0","2050.0","1","N","N","Y","0","","0","0","0","","0","Y","","1","0","0","0","0","0","0","2","0","1","","","","N","","","","","","","","","",""
"2021080967","2024","1","0","0","0","0","0","0","0","0","7","0","","02","8","2021","7","40.45797","-80.029943","2022","11","0","0","0","0","0","0","0","0","","0","0","0","","","0","N","0","","40 27:28.691","3","0","80 01:47.795","0","0","0","0","2301","0","0","0","N","0","0","0","1","02301","0","","2.0","2130.0","1","N","N","N","0","","0","0","0","","0","Y","","1","0","0","0","0","0","0","2","0","1","","03","","N","","","","","","","","","",""
"2021080778","0908","1","0","0","0","0","0","0","0","0","7","0","","02","8","2021","7","40.481898","-79.972863","0905","11","0","0","0","0","0","0","0","0","","0","0","0","","","0","Y","0","","40 28:54.831","2","0","79 58:22.307","0","0","0","0","2445","0","0","0","Y","0","0","0","1","02445","0","","2.0","930.0","1","N","N","N","0","","0","0","0","","0","N","","1","0","0","0","0","0","0","2","0","1","","","","N","","","","","","","","","",""
"2021115195","1950","1","0","0","0","0","0","0","0","0","7","0","","02","11","2021","5","40.431518","-80.038966","1941","11","0","0","0","0","0","1","0","0","","0","0","0","","","0","","2","","40 25:53.466","","0","80 02:20.278","0","0","0","0","2301","0","0","0","N","0","0","0","1","02301","0","","5.0","","9","N","N","N","0","","0","0","0","","0","","","1","0","0","0","0","0","0","2","0","1","","03","","N","","","","","","","","","",""
"2021122028","1520","2","0","0","0","0","0","0","0","0","4","0","","02","12","2021","4","40.389137","-80.042075","1508","11","0","0","0","0","0","1","0","0","","0","0","0","","","0","N","0","","40 23:20.893","1","0","80 02:31.469","0","0","0","0","2109","0","0","0","N","0","0","0","1","02109","0","","6.0","1557.0","1","N","N","N","0","","0","0","0","","2","N","","2","0","0","0","0","0","0","2","0","2","","03","","N","","","","","","","","","",""
"2021122388","2059","1","0","0","0","0","0","0","0","0","98","0","","02","11","2021","6","40.428428","-79.928624","2047","11","0","0","0","0","0","1","0","0","","0","0","0","","","0","N","0","","40 25:42.341","","0","79 55:43.047","0","0","0","0","2301","0","0","0","N","0","0","0","2","68B03","0","","4.0","","1","N","N","N","1","","0","0","0","","0","","","2","0","0","0","0","0","0","2","0","2","","03","","N","","","","","","","","","",""
"2021121422","1535","1","0","0","0","0","0","0","0","0","1","1","","02","12","2021","5","40.34889","-79.939012","1530","11","0","0","0","0","0","1","1","0","","0","1","0","","","1","N","3","","40 20:56.003","","0","79 56:20.443","3","0","0","0","2473","0","0","0","N","0","0","0","2","02473","0","","1.0","","1","N","N","N","0","","1","0","0","","2","","","2","1","0","0","0","0","0","2","0","2","","","","N","","","","","","","","","",""
"2021120853","1608","3","0","0","0","0","0","0","0","0","4","0","","02","12","2021","6","40.402015","-80.000595","1602","11","1","0","0","0","0","0","0","0","","0","0","0","","","0","","1","","40 24:07.255","1","0","80 00:02.143","0","0","0","0","2301","0","0","0","N","0","0","0","6","02301","0","","1.0","1700.0","1","N","N","N","0","","0","0","0","","2","Y","","3","0","0","0","0","0","0","2","0","3","","03","","N","","","","","","","","","",""
"2021087608","1545","2","0","0","0","0","0","0","0","0","1","0","","02","8","2021","7","40.426583","-79.916069","1539","11","0","0","0","0","0","0","0","0","","0","0","0","","","0","N","0","","40 25:35.698","4","0","79 54:57.849","0","0","0","0","2301","0","0","0","N","0","0","0","2","68B03","0","","1.0","1530.0","99","N","N","N","0","","0","0","0","","0","N","","2","0","0","0","0","0","0","2","0","2","","","","N","","","","","","","","","",""
"2021119300","1328","1","0","0","0","0","0","0","0","0","4","1","","02","12","2021","6","40.418539","-80.045731","1328","11","0","0","0","0","0","0","0","0","","0","1","0","","","0","","1","","40 25:06.740","","0","80 02:44.633","0","0","0","0","2435","0","0","0","N","0","0","0","2","02435","0","","1.0","","1","N","N","N","0","","0","0","0","","2","","","2","0","0","0","0","0","0","2","0","2","","03","","N","","","","","","","","","",""
"2021119838","1049","0","0","0","0","0","0","0","0","0","4","0","","02","12","2021","4","40.536477","-80.176713","1046","11","0","0","0","0","0","1","0","0","","0","0","0","","","0","","2","","40 32:11.317","2","0","80 10:36.166","0","0","0","0","2458","0","0","0","N","0","0","0","2","02458","0","","1.0","1126.0","1","N","N","N","0","","0","0","1","","0","N","","2","0","0","0","0","0","0","2","1","2","","","","N","","","","","","","","","",""
"2021103393","1227","2","0","0","0","0","0","0","0","0","1","0","","02","10","2021","5","40.615674","-79.936823","1225","11","0","0","0","1","0","1","0","0","","0","0","0","","","0","N","0","","40 36:56.428","6","0","79 56:12.564","0","0","0","0","2207","0","0","0","N","0","0","0","2","02207","0","","1.0","1253.0","1","N","N","N","0","","0","0","0","","0","N","","2","0","0","0","0","0","0","2","0","2","","","","N","","","","","","","","","",""
"2021121407","1530","1","0","0","0","0","0","0","0","0","7","0","","02","12","2021","1","40.581566","-80.003698","1524","11","0","0","0","0","0","0","0","1","","0","0","0","","","0","","1","","40 34:53.639","","0","80 00:13.313","0","0","0","0","2108","0","0","0","N","0","0","0","1","02108","0","","2.0","","1","N","N","N","0","","0","0","0","","0","","","1","0","0","0","0","0","0","2","0","1","","03","","N","","","","","","","","","",""
"2021122813","1736","0","0","0","0","0","0","0","0","0","7","0","","02","12","2021","5","40.356744","-79.971222","1733","11","0","0","0","0","0","1","0","0","","0","0","0","","","1","N","0","","40 21:24.280","","0","79 58:16.400","3","0","0","0","2476","0","0","0","N","0","0","0","1","02476","0","","5.0","","1","N","N","N","0","","1","0","1","","0","","","1","1","0","0","0","0","0","2","0","1","","","","N","","","","","","","","","",""
"2021105587","1752","2","0","0","0","0","0","0","0","0","2","0","","02","11","2021","3","40.567282","-80.012159","1748","11","0","0","0","0","0","0","1","0","","0","0","0","","","0","","2","","40 34:02.214","","0","80 00:43.772","0","0","0","0","2108","0","0","0","N","0","0","0","3","02108","0","","1.0","","1","N","N","N","0","","0","0","0","","0","","","2","0","0","0","0","0","0","2","0","2","","03","","N","","","","","","","","","",""
"2021081548","1449","2","0","0","0","0","0","0","0","0","4","0","","02","8","2021","7","40.43948","-80.218265","1445","11","0","1","0","0","0","1","0","0","","0","0","0","","","2","N","0","","40 26:22.128","","7","80 13:05.753","3","0","0","0","2214","0","0","0","N","0","0","0","2","02214","0","","1.0","","1","N","N","N","0","","2","0","0","","0","","","2","2","0","0","0","0","0","2","0","2","","","","N","","","","","","","","","",""
"2021121099","1239","1","0","0","0","0","0","0","0","0","7","0","","02","12","2021","7","40.493777","-79.964109","1238","11","0","1","0","0","0","0","0","0","","0","0","0","","","0","","2","","40 29:37.597","6","0","79 57:50.793","0","0","0","0","2118","0","0","0","Y","0","0","0","1","02118","0","","5.0","1316.0","9","N","N","N","0","","0","0","0","","3","Y","","1","0","0","0","0","0","0","2","0","1","","07","","N","","","","","","","","","",""
"2021122810","2008","1","0","0","0","0","0","0","0","0","7","0","","02","12","2021","5","40.503476","-80.17526","2007","11","0","0","0","0","0","0","0","0","","0","0","0","","","1","N","0","","40 30:12.512","","0","80 10:30.937","8","0","0","0","2213","0","0","0","N","0","0","0","1","02420","0","","4.0","","1","N","N","N","0","","0","0","0","","0","","","1","1","1","0","0","1","0","2","0","1","","","","N","","","","","","","","","",""
"2021110404","1924","1","0","0","0","0","0","0","0","0","98","0","","02","11","2021","7","40.477809","-79.95482","1919","11","0","0","0","0","0","0","0","0","","0","0","0","","","0","N","2","","40 28:40.112","7","0","79 57:17.351","9","0","0","0","2301","0","0","0","Y","0","0","0","1","02301","0","","1.0","2020.0","1","N","N","Y","0","","0","0","0","","0","Y","","1","0","0","0","0","0","1","2","0","1","","08","","N","","","","","","","","","",""
"2021082726","2208","2","0","0","0","0","0","0","0","0","4","0","","02","8","2021","7","40.452053","-80.133863","2208","11","0","0","1","0","0","0","0","0","","0","0","0","","","0","N","2","","40 27:07.390","2","0","80 08:01.906","0","0","0","0","2115","0","0","0","N","0","0","0","2","02115","0","","1.0","2245.0","1","N","","N","0","","0","0","0","","2","N","","2","0","0","0","0","0","0","2","0","2","","","","N","","","","","","","","","",""
"2021081255","0950","1","0","0","0","0","0","0","0","0","1","0","","02","8","2021","7","40.33104","-79.897678","0923","11","0","0","0","0","0","1","0","0","","0","0","0","","","0","N","0","","40 19:51.743","","0","79 53:51.639","0","0","0","0","2473","0","0","0","N","0","0","0","3","02473","0","","1.0","","1","N","N","N","1","","0","0","0","","0","","","2","0","0","0","0","0","0","2","0","2","","03","","N","","","","","","","","","",""
"2021123250","1734","0","0","0","0","0","0","0","0","0","1","0","","02","12","2021","7","40.346973","-80.054954","1734","11","0","1","0","0","0","0","1","0","","0","0","0","","","0","","1","","40 20:49.103","","0","80 03:17.835","0","0","0","0","2123","0","0","0","N","0","0","0","2","02123","0","","1.0","","9","N","N","N","0","","0","0","2","","2","","","2","0","0","0","0","0","0","2","0","2","","04","","N","","","","","","","","","",""
"2021122674","1155","1","0","0","0","0","0","0","0","0","4","0","","02","12","2021","4","40.605228","-80.050946","1150","11","0","0","0","0","0","2","0","0","","0","0","0","","","1","N","0","","40 36:18.820","","7","80 03:03.404","4","0","0","0","2108","0","0","0","N","0","0","0","2","02108","1","","1.0","","1","N","N","Y","1","","0","0","1","","0","N","","3","1","1","0","0","0","0","2","0","3","","","","N","","","","","","","","","",""
"2021123737","2046","0","0","0","0","0","0","0","0","0","7","0","","02","12","2021","2","40.370801","-79.819777","2045","11","0","0","0","0","0","0","0","0","","0","0","0","","","1","N","0","","40 22:14.882","6","0","79 49:11.197","3","0","0","0","2111","0","0","0","N","0","0","0","1","02111","0","","5.0","2221.0","1","N","N","N","0","","1","0","1","","0","Y","","1","1","1","0","0","0","0","2","0","1","","03","","N","","","","","","","","","",""
"2021119317","1758","0","0","0","0","0","0","0","0","0","7","0","","02","12","2021","4","40.373549","-80.211381","1750","11","0","0","0","0","0","1","0","0","","0","0","0","","","1","N","0","","40 22:24.776","5","0","80 12:40.972","4","0","0","0","2119","0","0","0","N","0","0","0","1","02119","1","","5.0","1847.0","9","N","N","N","0","","0","0","1","","0","Y","","1","1","0","0","0","0","0","1","0","1","","","","N","","","","","","","","","",""
"2021119428","2040","1","0","0","0","0","0","0","0","0","1","0","","02","12","2021","2","40.395504","-79.987016","2032","11","0","0","0","1","0","0","0","0","","0","0","0","","","0","N","0","","40 23:43.815","7","0","79 59:13.258","0","0","0","0","2301","0","0","0","N","0","0","0","1","02301","0","","1.0","2215.0","1","N","N","N","1","","0","0","0","","0","Y","","2","0","0","0","0","0","0","2","0","2","","03","","N","","","","","","","","","",""