"CRN","ARRIVAL_TM","AUTOMOBILE_COUNT","BELTED_DEATH_COUNT","BELTED_SUSP_SERIOUS_INJ_COUNT","BICYCLE_COUNT","BICYCLE_DEATH_COUNT","BICYCLE_SUSP_SERIOUS_INJ_COUNT","BUS_COUNT","CHLDPAS_DEATH_COUNT","CHLDPAS_SUSP_SERIOUS_INJ_COUNT","COLLISION_TYPE","COMM_VEH_COUNT","CONS_ZONE_SPD_LIM","COUNTY","CRASH_MONTH","CRASH_YEAR","DAY_OF_WEEK","DEC_LATITUDE","DEC_LONGITUDE","DISPATCH_TM","DISTRICT","DRIVER_COUNT_16YR","DRIVER_COUNT_17YR","DRIVER_COUNT_18YR","DRIVER_COUNT_19YR","DRIVER_COUNT_20YR","DRIVER_COUNT_50_64YR","DRIVER_COUNT_65_74YR","DRIVER_COUNT_75PLUS","EST_HRS_CLOSED","FATAL_COUNT","HEAVY_TRUCK_COUNT","HORSE_BUGGY_COUNT","HOUR_OF_DAY","ILLUMINATION","INJURY_COUNT","INTERSECTION_RELATED","INTERSECT_TYPE","LANE_CLOSED","LATITUDE","LN_CLOSE_DIR","LOCATION_TYPE","LONGITUDE","MAX_SEVERITY_LEVEL","MCYCLE_DEATH_COUNT","MCYCLE_SUSP_SERIOUS_INJ_COUNT","MOTORCYCLE_COUNT","MUNICIPALITY","NONMOTR_COUNT","NONMOTR_DEATH_COUNT","NONMOTR_SUSP_SERIOUS_INJ_COUNT","NTFY_HIWY_MAINT","PED_COUNT","PED_DEATH_COUNT","PED_SUSP_SERIOUS_INJ_COUNT","PERSON_COUNT","POLICE_AGCY","POSSIBLE_INJ_COUNT","RDWY_SURF_TYPE_CD","RELATION_TO_ROAD","ROADWAY_CLEARED","ROAD_CONDITION","SCH_BUS_IND","SCH_ZONE_IND","SECONDARY_CRASH","SMALL_TRUCK_COUNT","SPEC_JURIS_CD","SUSP_MINOR_INJ_COUNT","SUSP_SERIOUS_INJ_COUNT","SUV_COUNT","TCD_FUNC_CD","TCD_TYPE","TFC_DETOUR_IND","TIME_OF_DAY","TOTAL_UNITS","TOT_INJ_COUNT","UNBELTED_OCC_COUNT","UNB_DEATH_COUNT","UNB_SUSP_SERIOUS_INJ_COUNT","UNK_INJ_DEG_COUNT","UNK_INJ_PER_COUNT","URBAN_RURAL","VAN_COUNT","VEHICLE_COUNT","WEATHER1","WEATHER2","WORKERS_PRES","WORK_ZONE_IND","WORK_ZONE_LOC","WORK_ZONE_TYPE","WZ_CLOSE_DETOUR","WZ_FLAGGER","WZ_LAW_OFFCR_IND","WZ_LN_CLOSURE","WZ_MOVING","WZ_OTHER","WZ_SHLDER_MDN","WZ_WORKERS_INJ_KILLED"
"2021098122","1341","2","0","0","0","0","0","0","0","0","2","0","","02","10","2021","5","40.36669","-80.014404","1337","11","0","0","0","0","0","0","1","1","","0","0","0","","","0","","1","","40 22:00.085","","0","80 00:51.854","0","0","0","0","2416","0","0","0","N","0","0","0","3","02416","0","","1.0","","1","N","N","N","1","","0","0","0","","2","","","3","0","0","0","0","0","0","2","0","3","","03","","N","","","","","","","","","",""
"2021062988","2251","1","0","0","0","0","0","0","0","0","2","0","","02","7","2021","3","40.347028","-79.868111","2246","11","0","0","0","0","0","0","0","0","","0","0","0","","","0","N","0","","40 20:49.300","","0","79 52:05.200","0","0","0","0","2304","0","0","0","N","0","0","0","2","02304","0","","1.0","","1","N","N","N","0","","0","0","1","","0","","","2","0","0","0","0","0","0","2","0","2","","03","","N","","","","","","","","","",""
"2021099853","1348","1","0","0","0","0","0","0","0","0","4","0","","02","10","2021","3","40.349453","-79.864628","1346","11","0","0","0","0","0","0","1","0","","0","0","0","","","0","N","1","","40 20:58.030","","0","79 51:52.659","0","0","0","0","2304","0","0","0","N","0","0","0","5","02304","0","","1.0","","1","N","N","N","0","","0","0","1","","3","","","2","0","0","0","0","0","0","2","0","2","","03","","N","","","","","","","","","",""
"2021067121","0505","4","0","0","0","0","0","0","0","0","4","0","","02","7","2021","1","40.45491","-79.921958","0445","11","0","0","0","0","0","0","0","0","","0","0","0","","","0","N","0","","40 27:17.677","","0","79 55:19.048","0","0","0","0","2301","0","0","0","N","0","0","0","1","02301","0","","1.0","","1","N","N","N","0","","0","0","0","","0","","","4","0","0","0","0","0","0","2","0","4","","03","","N","","","","","","","","","",""
"2021067681","1830","0","0","0","0","0","0","0","0","0","0","0","","02","7","2021","6","40.354669","-80.088761","1826","11","0","0","0","0","0","0","0","0","","0","0","0","","","2","N","0","","40 21:16.808","6","0","80 05:19.538","3","0","0","0","2123","0","0","0","N","0","0","0","2","02123","0","","1.0","1912.0","9","N","N","N","0","","2","0","1","","0","Y","","1","2","0","0","0","0","0","2","0","1","","04","","N","","","","","","","","","",""
"2021095547","1513","2","0","0","0","0","0","0","0","0","4","0","","02","10","2021","6","40.54899","-80.196517","1509","11","0","0","0","0","0","0","0","1","","0","0","0","","","1","N","2","","40 32:56.363","1","0","80 11:47.462","4","0","0","0","2427","0","0","0","N","0","0","0","2","02427","1","","1.0","1550.0","1","N","N","N","0","","0","0","0","","0","N","","2","1","0","0","0","0","0","2","0","2","","03","","N","","","","","","","","","",""
"2021063969","2151","2","0","0","0","0","0","0","0","0","4","0","","02","7","2021","7","40.455112","-79.885976","2151","11","0","0","0","0","0","0","0","0","","0","0","0","","","3","N","2","","40 27:18.403","6","0","79 53:09.513","3","0","0","0","2301","0","0","0","N","0","0","0","8","02301","2","","2.0","2251.0","1","N","N","Y","1","","1","0","2","","0","Y","","5","3","0","0","0","0","0","2","0","5","","","","N","","","","","","","","","",""
"2021096020","2345","1","0","0","0","0","0","0","0","0","7","0","","02","10","2021","7","40.459169","-80.008001","2338","11","0","0","0","0","0","1","0","0","","0","0","0","","","2","","2","","40 27:33.009","","0","80 00:28.803","3","0","0","0","2301","0","0","0","N","0","0","0","2","02301","1","","5.0","","1","N","N","N","0","","1","0","0","","0","","","2","2","0","0","0","0","0","2","0","1","","","","N","","","","","","","","","",""
"2021063536","1445","2","0","0","0","0","0","0","0","0","2","0","","02","7","2021","6","40.446798","-79.95058","1437","11","0","0","0","0","1","0","0","0","","0","0","0","","","0","N","1","","40 26:48.472","1","0","79 57:02.087","0","0","0","0","2301","0","0","0","N","0","0","0","3","02301","0","","1.0","1500.0","1","N","N","Y","0","","0","0","0","","2","N","","2","0","0","0","0","0","0","2","0","2","","03","","N","","","","","","","","","",""
"2021077850","1232","2","0","0","0","0","0","0","0","0","4","0","","02","8","2021","4","40.433965","-79.774964","1228","11","1","0","0","0","0","0","0","0","","0","0","0","","","2","N","2","","40 26:02.275","5","0","79 46:29.869","8","0","0","0","2446","0","0","0","N","0","0","0","3","02446","0","","1.0","1250.0","9","N","N","N","0","","0","0","0","","0","N","","2","2","1","0","0","2","0","2","0","2","","07","","N","","","","","","","","","",""
"2021052183","2336","0","0","0","0","0","0","0","0","0","7","0","","02","5","2021","3","40.437278","-79.75","2310","11","0","0","0","0","0","0","0","0","","0","0","0","","","0","","7","","40 26:14.200","1","5","79 45:00.000","0","0","0","0","2446","0","0","0","N","0","0","0","1","68T09","0","","4.0","2345.0","1","N","N","N","0","","0","0","1","","8","N","","1","0","0","0","0","0","0","2","0","1","","","","N","","","","","","","","","",""
"2021095349","0722","0","0","0","0","0","0","0","0","0","1","0","","02","10","2021","4","40.541317","-79.963985","0718","11","0","0","0","0","0","0","1","0","","0","0","0","","","1","N","0","","40 32:28.741","2","0","79 57:50.345","2","0","1","1","2118","0","0","0","N","0","0","0","2","02118","0","","1.0","755.0","1","N","N","N","0","","0","1","1","","0","N","","2","1","0","0","0","0","0","2","0","2","","","","N","","","","","","","","","",""
"2021062970","1515","0","0","0","0","0","0","0","0","0","5","0","","02","7","2021","3","40.454167","-79.93375","1507","11","0","0","0","0","0","0","0","0","","0","0","0","","","0","N","0","","40 27:15.000","","0","79 56:01.500","9","0","0","0","2301","0","0","0","N","0","0","0","1","02301","0","","4.0","","1","N","N","N","0","","0","0","0","","0","","","2","0","0","0","0","0","1","2","1","2","","03","","N","","","","","","","","","",""
"2021095912","1325","0","0","0","0","0","0","0","0","0","4","0","","02","10","2021","6","40.38523","-80.052253","1318","11","0","0","0","0","0","0","0","1","","0","0","0","","","0","","2","","40 23:06.827","","0","80 03:08.110","0","0","0","0","2109","0","0","0","N","0","0","0","2","02109","0","","1.0","","1","N","N","N","0","","0","0","2","","3","","","2","0","0","0","0","0","0","2","0","2","","","","N","","","","","","","","","",""
"2021095626","1853","0","0","0","0","0","0","0","0","0","4","0","","02","10","2021","6","40.454765","-79.945871","1844","11","0","0","0","1","0","0","0","0","","0","0","0","","","1","N","0","","40 27:17.153","","6","79 56:45.136","8","0","0","0","2301","0","0","0","N","0","0","0","3","02301","0","","1.0","","1","N","N","N","0","","0","0","2","","0","","","2","1","0","0","0","1","0","2","0","2","","","","N","","","","","","","","","",""
"2021087890","2255","1","0","0","0","0","0","0","0","0","7","0","","02","9","2021","6","40.431314","-79.848839","2254","11","0","0","0","0","0","0","0","0","","0","0","0","","","0","N","0","","40 25:52.730","3","0","79 50:55.819","0","0","0","0","2431","0","0","0","N","0","0","0","0","02431","0","","4.0","2332.0","1","N","N","N","0","","0","0","0","","0","N","","1","0","0","0","0","0","0","2","0","1","","","","N","","","","","","","","","",""
"2021095712","2301","0","0","0","0","0","0","0","0","0","7","0","90","02","10","2021","6","40.667564","-80.096603","2242","11","0","0","0","0","0","0","0","0","","0","0","0","","","0","N","0","","40 40:03.230","","0","80 05:47.770","0","0","0","0","2212","0","0","0","N","0","0","0","1","02505","0","","5.0","","9","N","N","N","0","","0","0","1","","0","","","1","0","0","0","0","0","0","2","0","1","","","N","Y","4","1","","","N","","","","","N"
"2021075816","1528","1","0","0","0","0","0","0","0","0","1","0","","02","8","2021","7","40.417125","-80.012931","1528","11","0","0","0","0","0","0","0","0","","0","0","0","","","1","N","0","","40 25:01.650","5","0","80 00:46.550","3","0","0","0","2301","0","0","0","N","0","0","0","1","02301","0","","6.0","1600.0","1","N","N","N","2","","1","0","1","","0","Y","","4","1","1","0","0","0","0","2","0","4","","03","","N","","","","","","","","","",""
"2021065543","0945","1","0","0","0","0","0","0","0","0","7","0","","02","7","2021","7","40.373903","-79.844142","0945","11","0","0","0","0","0","0","0","0","","0","0","0","","","0","","1","","40 22:26.050","","0","79 50:38.911","9","0","0","0","2303","0","0","0","N","0","0","0","1","02303","0","","5.0","","1","N","N","N","0","","0","0","0","","3","N","","1","0","0","0","0","0","1","2","0","1","","03","","N","","","","","","","","","",""
"2021067134","1302","1","0","0","0","0","0","0","0","0","1","0","","02","7","2021","5","40.357543","-80.00061","1300","11","0","0","0","0","0","2","0","0","","0","0","0","","","1","","3","","40 21:27.153","6","0","80 00:02.196","8","0","0","0","2476","0","0","0","N","0","0","0","4","02476","0","","1.0","1353.0","9","N","N","N","1","","0","0","1","","2","N","","3","1","0","0","0","1","1","2","0","3","","","","N","","","","","","","","","",""
"2021063965","1515","1","0","0","1","0","0","0","0","0","8","0","","02","7","2021","1","40.461772","-79.936304","1510","11","0","0","0","0","0","0","0","1","","0","0","0","","","1","","1","","40 27:42.379","","0","79 56:10.694","3","0","0","0","2301","1","0","0","N","0","0","0","2","02301","0","","1.0","","9","N","N","N","0","","1","0","0","","3","","","2","1","0","0","0","0","0","2","0","1","","04","","N","","","","","","","","","",""
"2021096562","1509","3","0","0","0","0","0","0","0","0","5","0","","02","9","2021","2","40.43393","-79.987966","1509","11","0","0","1","0","0","1","0","0","","0","0","0","","","0","N","0","","40 26:02.148","3","0","79 59:16.676","0","0","0","0","2301","0","0","0","N","0","0","0","3","68B03","0","","1.0","1525.0","1","N","N","N","0","","0","0","0","","0","N","","3","0","0","0","0","0","0","2","0","3","","03","","N","","","","","","","","","",""
"2021097064","1846","2","0","0","0","0","0","0","0","0","7","0","","02","10","2021","3","40.448667","-79.986111","1841","11","0","0","0","0","0","0","0","0","","0","0","0","","","0","N","0","","40 26:55.200","3","0","79 59:10.000","0","0","0","0","2301","0","0","0","N","0","0","0","3","02301","0","","2.0","1934.0","1","N","N","N","0","","0","0","0","","2","N","","2","0","0","0","0","0","0","2","0","2","","03","","N","","","","","","","","","",""
"2021096299","1210","1","0","0","0","0","0","0","0","0","1","0","","02","10","2021","1","40.449839","-79.929647","1207","11","0","0","0","0","1","1","0","0","","0","0","0","","","1","","1","","40 26:59.420","4","0","79 55:46.729","3","0","0","0","2301","0","0","0","N","0","0","0","9","02301","0","","1.0","1246.0","1","N","N","N","0","","1","0","1","","2","N","","3","1","6","0","0","0","0","2","1","3","","03","","N","","","","","","","","","",""
"2021097608","0705","0","0","0","0","0","0","0","0","0","7","0","","02","10","2021","5","40.450553","-79.978354","0659","11","0","0","0","0","0","0","0","0","","0","0","0","","","1","N","0","","40 27:01.990","3","0","79 58:42.073","3","0","0","0","2301","0","0","0","N","0","0","0","1","02301","0","","4.0","730.0","1","N","N","N","0","","1","0","1","","0","N","","1","1","0","0","0","0","0","2","0","1","","","","N","","","","","","","","","",""
"2021096717","0200","1","0","0","0","0","0","0","0","0","7","0","","02","10","2021","1","40.463348","-79.980853","0154","11","0","0","0","0","0","0","0","0","","0","0","0","","","1","","2","","40 27:48.052","3","2","79 58:51.071","8","0","0","0","2301","0","0","0","N","0","0","0","1","02301","0","","2.0","230.0","1","N","N","N","0","","0","0","0","","2","N","","1","1","0","0","0","1","0","2","0","1","","03","","N","","","","","","","","","",""
"2021092576","0623","2","0","0","0","0","0","0","0","0","7","0","","02","9","2021","1","40.410396","-80.015511","0620","11","0","0","0","0","0","0","0","0","","0","0","0","","","0","N","2","","40 24:37.424","","0","80 00:55.840","9","0","0","0","2301","0","0","0","N","0","0","0","1","02301","0","","5.0","","1","N","N","N","0","","0","0","0","","9","","","2","0","0","0","0","0","1","2","0","2","","03","","N","","","","","","","","","",""
"2021077847","1412","3","0","0","0","0","0","0","0","0","5","0","","02","7","2021","5","40.380938","-80.007398","1407","11","0","0","0","0","0","1","0","1","","0","0","0","","","0","N","0","","40 22:51.376","","7","80 00:26.633","0","0","0","0","2101","0","0","0","N","0","0","0","6","02101","0","","1.0","","1","N","N","Y","1","","0","0","0","","0","","","4","0","0","0","0","0","0","2","0","4","","03","","N","","","","","","","","","",""
"2021069775","0354","2","0","0","0","0","0","0","0","0","5","0","","02","7","2021","4","40.41379","-79.887312","0338","11","0","0","2","0","0","0","0","0","","0","0","0","","","1","Y","0","","40 24:49.645","","0","79 53:14.323","4","0","0","0","2456","0","0","0","N","0","0","0","5","68B03","1","","4.0","","1","N","N","N","0","","0","0","0","","0","","","2","1","0","0","0","0","0","2","0","2","","","","N","","","","","","","","","",""
"2021096062","1421","1","0","0","0","0","0","0","0","0","6","0","","02","10","2021","6","40.354509","-79.907271","1415","11","0","0","0","0","0","0","0","0","","0","0","0","","","0","","1","","40 21:16.232","","0","79 54:26.175","0","0","0","0","2473","0","0","0","N","0","0","0","2","02473","0","","1.0","","1","N","N","N","0","","0","0","1","","3","","","2","0","0","0","0","0","0","2","0","2","","","","N","","","","","","","","","",""
"2021082519","0107","1","0","0","0","0","0","0","0","0","4","0","","02","8","2021","5","40.456876","-79.893893","0105","11","0","0","0","0","0","0","0","0","","0","0","0","","","0","N","0","","40 27:24.755","","0","79 53:38.014","9","0","0","3","2301","0","0","0","N","0","0","0","1","02301","0","","2.0","","1","N","N","N","0","","0","0","0","","0","","","4","0","0","0","0","0","1","2","0","4","","","","N","","","","","","","","","",""
"2021097479","0827","0","0","0","0","0","0","0","0","0","7","0","","02","10","2021","1","40.428417","-79.947217","0823","11","0","0","1","0","0","0","0","0","","0","0","0","","","0","N","0","","40 25:42.302","","0","79 56:49.980","0","0","0","0","2301","0","0","0","N","0","0","0","2","68B03","0","","5.0","","9","N","N","N","1","","0","0","1","","0","","","2","0","0","0","0","0","0","2","0","2","","07","","N","","","","","","","","","",""
"2021062360","1408","0","0","0","0","0","0","0","0","0","4","0","","02","7","2021","3","40.48228","-80.03988","1402","11","0","0","0","0","0","0","1","0","","0","0","0","","","1","","2","","40 28:56.208","","0","80 02:23.567","3","0","0","0","2301","0","0","0","N","0","0","0","2","02301","0","","1.0","","1","N","N","N","0","","1","0","2","","3","","","2","1","0","0","0","0","0","2","0","2","","","","N","","","","","","","","","",""
"2021092550","1900","1","0","0","0","0","0","0","0","0","5","0","","02","9","2021","5","40.410892","-79.956034","1849","11","0","0","0","0","0","1","1","0","","0","0","0","","","0","N","0","","40 24:39.211","","7","79 57:21.722","0","0","0","0","2301","0","0","0","N","0","0","0","4","02301","0","","1.0","","1","N","N","N","1","","0","0","0","","0","","","2","0","0","0","0","0","0","2","0","2","","03","","N","","","","","","","","","",""
"2021096751","0930","0","0","0","0","0","0","0","0","0","4","1","","02","10","2021","3","40.402271","-80.00952","0925","11","0","0","0","0","0","0","0","0","","0","1","0","","","0","","1","","40 24:08.175","","0","80 00:34.271","0","0","0","0","2301","0","0","0","N","0","0","0","2","02301","0","","1.0","","1","N","N","N","0","","0","0","1","","0","","","2","0","0","0","0","0","0","2","0","2","","03","","N","","","","","","","","","",""
"2021070311","1656","2","0","0","0","0","0","0","0","0","1","0","","02","7","2021","3","40.50521","-80.223009","1652","11","0","0","0","0","0","1","0","0","","0","0","0","","","1","Y","0","","40 30:18.755","","0","80 13:22.834","3","0","0","0","2213","0","0","0","N","0","0","0","2","02213","0","","1.0","","1","N","N","N","0","","1","0","0","","0","","","2","1","0","0","0","0","0","2","0","2","","03","","N","","","","","","","","","",""
"2021094315","2245","2","0","0","0","0","0","0","0","0","5","0","","02","10","2021","3","40.438538","-80.026673","2236","11","0","0","0","0","0","0","0","0","","0","0","0","","","0","N","0","","40 26:18.735","","0","80 01:36.023","0","0","0","0","2301","0","0","0","N","0","0","0","1","02301","0","","6.0","","1","N","N","N","0","","0","0","0","","0","","","3","0","0","0","0","0","0","2","1","3","","","","N","","","","","","","","","",""
"2021093455","1235","1","0","0","0","0","0","0","0","0","4","0","","02","9","2021","1","40.549748","-79.959469","1229","11","0","0","0","0","0","1","0","0","","0","0","0","","","0","","1","","40 32:59.092","2","0","79 57:34.087","0","0","0","0","2118","0","0","0","N","0","0","0","4","02118","0","","1.0","1300.0","1","N","N","N","0","","0","0","0","","2","N","","2","0","1","0","0","0","0","2","1","2","","03","","N","","","","","","","","","",""
"2021063829","1539","1","0","0","0","0","0","0","0","0","1","0","","02","7","2021","7","40.384357","-79.995239","1539","11","0","0","0","0","0","0","0","1","","0","0","0","","","0","N","0","","40 23:03.685","","0","79 59:42.862","0","0","0","0","2301","0","0","0","N","0","0","0","3","02301","0","","1.0","","1","N","N","N","1","","0","0","0","","0","","","2","0","0","0","0","0","0","2","0","2","","03","","N","","","","","","","","","",""
"2021074009","1730","1","0","0","0","0","0","0","0","0","1","0","","02","7","2021","3","40.444768","-79.843484","1641","11","0","0","1","0","0","0","0","0","","0","0","0","","","0","N","6","","40 26:41.165","3","2","79 50:36.542","0","0","0","0","2419","0","0","0","N","0","0","0","2","68B03","0","","1.0","1445.0","1","N","N","N","0","","0","0","1","","0","N","","2","0","0","0","0","0","0","2","0","2","","","","N","","","","","","","","","",""
"2021063411","2141","1","0","0","0","0","0","0","0","0","1","0","","02","7","2021","5","40.495414","-79.976218","2135","11","0","0","1","0","0","0","0","0","","0","0","0","","","2","","2","","40 29:43.490","3","0","79 58:34.383","3","0","0","0","2118","0","0","0","N","0","0","0","2","02118","0","","1.0","2213.0","9","N","N","N","0","","2","0","1","","0","Y","","2","2","0","0","0","0","0","2","0","2","","","","N","","","","","","","","","",""
"2021086044","0840","0","0","0","0","0","0","0","0","0","4","1","","02","9","2021","2","40.456019","-79.991542","0830","11","0","0","0","0","0","0","1","0","","0","0","0","","","1","N","6","","40 27:21.667","","2","79 59:29.550","4","0","0","0","2301","0","0","0","N","0","0","0","2","02301","1","","1.0","","1","N","N","N","1","","0","0","1","","0","","","2","1","1","0","0","0","0","2","0","2","","","","N","","","","","","","","","",""
"2021096618","1539","0","0","0","0","0","0","0","0","0","1","0","","02","10","2021","7","40.449385","-80.003873","1521","11","0","0","0","0","0","0","0","1","","0","0","0","","","0","N","0","","40 26:57.785","2","0","80 00:13.942","0","0","0","0","2301","0","0","0","N","0","0","0","2","68B03","0","","1.0","130.0","1","N","N","N","0","","0","0","2","","0","N","","2","0","0","0","0","0","0","2","0","2","","","","N","","","","","","","","","",""
"2021092313","0734","3","0","0","0","0","0","0","0","0","1","0","","02","9","2021","5","40.421535","-79.997997","0729","11","0","0","0","0","0","0","0","0","","0","0","0","","","1","N","0","","40 25:17.525","","0","79 59:52.790","3","0","0","0","2301","0","0","0","N","0","0","0","1","02301","0","","1.0","","1","N","N","Y","0","","1","0","0","","0","","","3","1","0","0","0","0","0","2","0","3","","03","","N","","","","","","","","","",""
"2021064764","0808","2","0","0","0","0","0","0","0","0","4","0","","02","7","2021","3","40.407333","-79.904444","0759","11","0","0","0","0","0","1","0","0","","0","0","0","","","0","N","0","","40 24:26.400","4","7","79 54:16.000","0","0","0","0","2448","0","0","0","N","0","0","0","2","02448","0","","1.0","839.0","1","N","N","N","0","","0","0","2","","3","Y","","4","0","0","0","0","0","0","2","0","4","","03","","N","","","","","","","","","",""
"2021093527","0621","3","0","0","0","0","0","0","0","0","4","0","","02","10","2021","2","40.389747","-79.982969","0609","11","0","0","0","0","0","0","0","0","","0","0","0","","","0","Y","0","","40 23:23.088","1","0","79 58:58.689","0","0","0","1","2301","0","0","0","N","0","0","0","1","02301","0","","1.0","814.0","1","N","N","Y","0","","0","0","0","","0","N","","4","0","0","0","0","0","0","2","0","4","","","","N","","","","","","","","","",""
"2021096275","2000","2","0","0","0","0","0","0","0","0","6","0","","02","10","2021","1","40.477251","-79.923777","2000","11","0","0","0","0","0","1","0","0","","0","0","0","","","0","N","1","","40 28:38.103","","0","79 55:25.597","0","0","0","0","2301","0","0","0","N","0","0","0","3","02301","0","","1.0","","9","N","N","N","0","","0","0","0","","3","","","2","0","0","0","0","0","0","2","0","2","","04","","N","","","","","","","","","",""
"2021064084","0518","1","0","0","0","0","0","0","0","0","4","0","","02","7","2021","6","40.56729","-79.859141","0509","11","0","0","0","0","0","0","0","0","","0","0","0","","","0","N","0","","40 34:02.245","6","7","79 51:32.908","0","0","0","0","2209","0","0","0","N","0","0","0","2","02209","0","","1.0","559.0","9","N","N","N","1","","0","0","0","","0","N","","2","0","0","0","0","0","0","2","0","2","","04","","N","","","","","","","","","",""
"2021096065","0606","1","0","0","0","0","0","0","0","0","7","0","","02","10","2021","1","40.484949","-79.817813","0603","11","0","0","0","0","0","0","1","0","","0","0","0","","","0","N","0","","40 29:05.815","4","0","79 49:04.125","0","0","0","0","2113","0","0","0","N","0","0","0","1","02113","0","","2.0","630.0","9","N","N","N","0","","0","0","0","","0","N","","1","0","0","0","0","0","0","2","0","1","","","","N","","","","","","","","","",""
"2021097902","0646","3","0","0","0","0","0","0","0","0","1","0","","02","10","2021","4","40.423394","-80.030541","0631","11","0","0","0","0","0","2","0","0","","0","0","0","","","1","N","0","","40 25:24.219","","0","80 01:49.948","4","0","0","0","2301","0","0","0","N","0","0","0","8","68B03","1","","1.0","","1","N","N","N","1","","0","0","1","","0","","","5","1","0","0","0","0","0","2","0","5","","","","N","","","","","","","","","",""
"2021098564","2134","1","0","0","0","0","0","0","0","0","4","0","","02","10","2021","7","40.515996","-79.963363","2128","11","0","0","0","0","0","0","0","0","","0","0","0","","","0","","1","","40 30:57.587","","0","79 57:48.106","0","0","0","0","2118","0","0","0","N","0","0","0","3","02118","0","","1.0","","1","N","N","N","1","","0","0","0","","3","","","2","0","0","0","0","0","0","2","0","2","","","","N","","","","","","","","","",""
"2021065091","1706","0","0","0","0","0","0","0","0","0","4","0","","02","7","2021","3","40.45275","-80.170222","1659","11","0","0","0","0","0","0","0","0","","0","0","0","","","1","Y","0","","40 27:09.900","2","7","80 10:12.800","3","0","0","0","2115","0","0","0","N","0","0","0","2","02115","0","","1.0","1707.0","1","N","N","N","0","","1","0","2","","3","N","","2","1","0","0","0","0","0","2","0","2","","03","","N","","","","","","","","","",""
"2021063169","1351","1","0","0","0","0","0","0","0","0","0","0","","02","7","2021","5","40.46425","-79.934056","1346","11","0","0","0","0","0","0","0","0","","0","0","0","","","0","N","0","","40 27:51.300","","0","79 56:02.600","0","0","0","0","2301","0","0","0","N","0","0","0","4","02301","0","","1.0","","1","N","N","N","0","","0","0","1","","0","","","2","0","1","0","0","0","0","2","0","2","","03","","N","","","","","","","","","",""
"2021094851","1135","2","0","0","0","0","0","0","0","0","2","0","","02","10","2021","5","40.456688","-80.000109","1127","11","0","0","0","0","0","1","0","0","","0","0","0","","","0","","2","","40 27:24.075","","0","80 00:00.392","0","0","0","0","2301","0","0","0","N","0","0","0","2","02301","0","","1.0","","1","N","N","N","0","","0","0","0","","0","","","2","0","0","0","0","0","0","2","0","2","","03","","N","","","","","","","","","",""
"2021065517","2304","1","0","0","0","0","0","0","0","0","2","0","","02","7","2021","1","40.332496","-79.985279","2258","11","0","0","0","0","0","0","0","0","","0","0","0","","","1","N","2","","40 19:56.984","2","0","79 59:07.003","3","0","0","0","2403","0","0","0","N","0","0","0","3","02403","0","","1.0","3.0","1","N","N","N","0","","1","0","1","","2","N","","2","1","0","0","0","0","0","2","0","2","","98","","N","","","","","","","","","",""
"2021063090","1054","1","0","0","0","0","0","0","0","0","5","0","","02","7","2021","5","40.39995","-80.02406","1048","11","0","0","0","0","1","0","0","0","","0","0","0","","","0","N","0","","40 23:59.820","","0","80 01:26.616","0","0","0","0","2301","0","0","0","N","0","0","0","2","02301","0","","1.0","","9","N","N","N","0","","0","0","1","","0","","","2","0","0","0","0","0","0","2","0","2","","","","N","","","","","","","","","",""
"2021063351","2149","1","0","0","0","0","0","0","0","0","6","0","","02","7","2021","5","40.352688","-79.825776","2144","11","0","0","1","0","0","0","0","0","","0","0","0","","","1","N","1","","40 21:09.676","7","0","79 49:32.793","3","0","0","0","2477","0","0","0","N","0","0","0","2","02304","0","","1.0","2222.0","1","N","N","N","0","","1","0","0","","3","Y","","2","1","0","0","0","0","0","2","0","2","","03","","N","","","","","","","","","",""
"2021063684","0038","2","0","0","0","0","0","0","0","0","1","0","","02","7","2021","7","40.444222","-79.987778","0034","11","0","0","0","0","0","0","0","0","","0","0","0","","","0","N","0","","40 26:39.200","","0","79 59:16.000","0","0","0","0","2301","0","0","0","N","0","0","0","1","02301","0","","1.0","","1","N","N","N","0","","0","0","2","","0","N","","4","0","1","0","0","0","0","2","0","4","","","","N","","","","","","","","","",""
"2021098322","2302","0","0","0","0","0","0","0","0","0","1","0","","02","10","2021","6","40.391404","-80.010483","2300","11","0","0","0","0","0","0","0","0","","0","0","0","","","0","N","0","","40 23:29.053","","0","80 00:37.739","0","0","0","0","2301","0","0","0","N","0","0","0","1","02301","0","","1.0","","9","N","N","N","1","","0","0","1","","0","","","2","0","0","0","0","0","0","2","0","2","","","","N","","","","","","","","","",""
"2021063870","2354","1","0","0","0","0","0","0","0","0","1","0","","02","7","2021","7","40.279778","-79.908861","2354","11","0","0","0","0","0","1","0","0","","0","0","0","","","2","N","0","","40 16:47.200","5","0","79 54:31.900","3","0","0","0","2440","0","0","0","N","0","0","0","2","02440","0","","1.0","29.0","1","N","N","N","0","","2","0","1","","0","N","","2","2","0","0","0","0","0","2","0","2","","","","N","","","","","","","","","",""
"2021095729","0158","2","0","0","0","0","0","0","0","0","4","0","","02","10","2021","7","40.34492","-79.837559","0156","11","0","0","0","1","0","0","0","0","","0","0","0","","","0","N","2","","40 20:41.712","","0","79 50:15.212","9","0","0","0","2304","0","0","0","N","0","0","0","3","02304","0","","1.0","","9","N","N","N","0","","0","0","0","","3","","","2","0","0","0","0","0","1","2","0","2","","03","","N","","","","","","","","","",""