"CRN","ARRIVAL_TM","AUTOMOBILE_COUNT","BELTED_DEATH_COUNT","BELTED_SUSP_SERIOUS_INJ_COUNT","BICYCLE_COUNT","BICYCLE_DEATH_COUNT","BICYCLE_SUSP_SERIOUS_INJ_COUNT","BUS_COUNT","CHLDPAS_DEATH_COUNT","CHLDPAS_SUSP_SERIOUS_INJ_COUNT","COLLISION_TYPE","COMM_VEH_COUNT","CONS_ZONE_SPD_LIM","COUNTY","CRASH_MONTH","CRASH_YEAR","DAY_OF_WEEK","DEC_LATITUDE","DEC_LONGITUDE","DISPATCH_TM","DISTRICT","DRIVER_COUNT_16YR","DRIVER_COUNT_17YR","DRIVER_COUNT_18YR","DRIVER_COUNT_19YR","DRIVER_COUNT_20YR","DRIVER_COUNT_50_64YR","DRIVER_COUNT_65_74YR","DRIVER_COUNT_75PLUS","EST_HRS_CLOSED","FATAL_COUNT","HEAVY_TRUCK_COUNT","HORSE_BUGGY_COUNT","HOUR_OF_DAY","ILLUMINATION","INJURY_COUNT","INTERSECTION_RELATED","INTERSECT_TYPE","LANE_CLOSED","LATITUDE","LN_CLOSE_DIR","LOCATION_TYPE","LONGITUDE","MAX_SEVERITY_LEVEL","MCYCLE_DEATH_COUNT","MCYCLE_SUSP_SERIOUS_INJ_COUNT","MOTORCYCLE_COUNT","MUNICIPALITY","NONMOTR_COUNT","NONMOTR_DEATH_COUNT","NONMOTR_SUSP_SERIOUS_INJ_COUNT","NTFY_HIWY_MAINT","PED_COUNT","PED_DEATH_COUNT","PED_SUSP_SERIOUS_INJ_COUNT","PERSON_COUNT","POLICE_AGCY","POSSIBLE_INJ_COUNT","RDWY_SURF_TYPE_CD","RELATION_TO_ROAD","ROADWAY_CLEARED","ROAD_CONDITION","SCH_BUS_IND","SCH_ZONE_IND","SECONDARY_CRASH","SMALL_TRUCK_COUNT","SPEC_JURIS_CD","SUSP_MINOR_INJ_COUNT","SUSP_SERIOUS_INJ_COUNT","SUV_COUNT","TCD_FUNC_CD","TCD_TYPE","TFC_DETOUR_IND","TIME_OF_DAY","TOTAL_UNITS","TOT_INJ_COUNT","UNBELTED_OCC_COUNT","UNB_DEATH_COUNT","UNB_SUSP_SERIOUS_INJ_COUNT","UNK_INJ_DEG_COUNT","UNK_INJ_PER_COUNT","URBAN_RURAL","VAN_COUNT","VEHICLE_COUNT","WEATHER1","WEATHER2","WORKERS_PRES","WORK_ZONE_IND","WORK_ZONE_LOC","WORK_ZONE_TYPE","WZ_CLOSE_DETOUR","WZ_FLAGGER","WZ_LAW_OFFCR_IND","WZ_LN_CLOSURE","WZ_MOVING","WZ_OTHER","WZ_SHLDER_MDN","WZ_WORKERS_INJ_KILLED"
"2021070313","","1","0","0","0","0","0","0","0","0","4","0","","02","5","2021","5","40.521145","-80.173698","","11","0","0","0","0","0","0","1","0","","0","0","0","","","0","","1","","40 31:16.123","","0","80 10:25.312","0","0","0","0","2420","0","0","0","N","0","0","0","2","02420","0","","1.0","","1","N","N","N","0","","0","0","1","","0","","","2","0","0","0","0","0","0","2","0","2","","03","","N","","","","","","","","","",""
"2021096716","","2","0","0","0","0","0","0","0","0","1","0","","02","10","2021","2","40.364197","-79.983782","","11","0","0","0","0","0","1","0","0","","0","0","0","","","1","N","0","","40 21:51.110","2","0","79 59:01.614","8","0","0","0","2413","0","0","0","N","0","0","0","4","02413","0","","1.0","1445.0","1","N","N","N","0","","0","0","0","","0","N","","2","1","1","0","0","1","0","2","0","2","","","","N","","","","","","","","","",""
"2021096095","","1","0","0","0","0","0","0","0","0","1","0","","02","10","2021","7","40.543956","-79.972346","","11","0","0","0","0","0","1","0","0","","0","0","0","","","0","N","1","","40 32:38.241","","0","79 58:20.447","0","0","0","0","2118","0","0","0","N","0","0","0","3","02118","0","","1.0","","9","N","N","N","0","","0","0","2","","0","","","3","0","0","0","0","0","0","2","0","3","","03","","N","","","","","","","","","",""
"2021062018","","1","0","0","0","0","0","0","0","0","1","0","","02","7","2021","1","40.4382","-80.068627","","11","0","0","0","1","0","0","1","0","","0","0","0","","","1","N","2","","40 26:17.519","","0","80 04:07.058","3","0","0","0","2421","0","0","0","N","0","0","0","4","02421","0","","1.0","","1","N","N","N","1","","1","0","1","","2","","","3","1","0","0","0","0","0","2","0","3","","","","N","","","","","","","","","",""
"2021098751","","1","0","0","0","0","0","0","0","0","5","0","","02","10","2021","7","40.517725","-79.843141","","11","0","0","0","0","0","0","0","0","","0","0","0","","","0","N","0","","40 31:03.811","","0","79 50:35.307","0","0","0","0","2451","0","0","0","N","0","0","0","1","02451","0","","6.0","","1","N","N","N","0","","0","0","1","","0","","","2","0","0","0","0","0","0","2","0","2","","","","N","","","","","","","","","",""
"2021079396","","0","0","0","0","0","0","0","0","0","1","1","","02","8","2021","3","40.27574","-79.892525","","11","0","0","0","0","0","1","0","0","","0","1","0","","","0","N","6","","40 16:32.663","1","2","79 53:33.091","0","0","0","0","2440","0","0","0","N","0","0","0","2","02440","0","","1.0","1610.0","1","N","N","N","0","","0","0","0","","3","N","","2","0","0","0","0","0","0","2","1","2","","03","","N","","","","","","","","","",""
"2021096612","","1","0","0","0","0","0","0","0","0","7","0","","02","10","2021","7","40.428846","-79.931748","","11","0","0","0","0","0","0","0","0","","0","0","0","","","0","N","6","","40 25:43.844","","2","79 55:54.294","0","0","0","0","2301","0","0","0","N","0","0","0","4","68B03","0","","2.0","","9","N","N","N","0","","0","0","0","","0","","","1","0","0","0","0","0","0","2","0","1","","","","N","","","","","","","","","",""
"2021081079","","1","0","0","0","0","0","0","0","0","4","0","","02","7","2021","2","40.50153","-80.134036","","11","0","0","0","0","1","1","0","0","","0","0","0","","","5","N","0","","40 30:05.509","2","0","80 08:02.531","3","0","0","0","2115","0","0","0","N","0","0","0","6","68B03","0","","1.0","349.0","1","N","N","N","0","","5","0","1","","0","N","","2","5","0","0","0","0","0","2","0","2","","","","N","","","","","","","","","",""
"2021081919","","1","0","0","0","0","0","0","0","0","4","0","","02","8","2021","6","40.631942","-80.097773","","11","0","0","0","0","0","2","0","0","","0","0","0","","","2","N","0","","40 37:54.991","2","0","80 05:51.981","8","0","0","0","2212","0","0","0","Y","0","0","0","2","68B03","0","","1.0","1413.0","1","N","N","N","0","","0","0","1","","0","N","","2","2","1","0","0","2","0","2","0","2","","03","","N","","","","","","","","","",""
"2021062838","","1","0","0","0","0","0","0","0","0","7","0","","02","7","2021","4","40.319317","-79.889464","","11","0","0","0","0","0","1","0","0","","0","0","0","","","0","N","1","","40 19:09.541","","0","79 53:22.070","0","0","0","0","2433","0","0","0","N","0","0","0","1","02433","0","","2.0","","1","N","N","N","0","","0","0","0","","0","","","1","0","0","0","0","0","0","2","0","1","","04","","N","","","","","","","","","",""
"2021062836","","1","0","0","0","0","0","0","0","0","7","0","","02","7","2021","4","40.457363","-79.998763","","11","0","0","0","0","0","0","0","0","","0","0","0","","","0","Y","0","","40 27:26.505","","0","79 59:55.545","0","0","0","0","2301","0","0","0","N","0","0","0","1","02301","0","","7.0","","9","N","N","N","0","","0","0","0","","0","","","1","0","0","0","0","0","0","2","0","1","","04","","N","","","","","","","","","",""
"2021085088","","0","0","0","0","0","0","0","0","0","4","0","","02","9","2021","6","40.434265","-79.952223","","11","0","0","0","0","0","1","0","0","","0","0","0","","","1","N","5","","40 26:03.353","6","0","79 57:08.002","4","0","0","1","2301","0","0","0","N","0","0","0","2","02301","1","","1.0","2325.0","1","N","N","N","0","","0","0","1","","0","N","","2","1","0","0","0","0","0","2","0","2","","03","","N","","","","","","","","","",""
"2021048544","","0","0","0","0","0","0","0","0","0","2","0","","02","5","2021","5","40.455841","-79.996892","","11","0","0","0","0","0","0","0","0","","0","0","0","","","0","N","1","","40 27:21.029","","0","79 59:48.811","0","0","0","0","2301","0","0","0","N","0","0","0","3","02301","0","","1.0","","1","N","N","Y","0","","0","0","2","","0","","","2","0","1","0","0","0","0","2","0","2","","03","","N","","","","","","","","","",""
"2021063078","","1","0","0","0","0","0","0","0","0","4","0","","02","7","2021","5","40.422491","-79.96018","","11","0","0","0","0","0","0","0","0","","0","0","0","","","1","","2","","40 25:20.969","7","0","79 57:36.647","8","0","0","0","2301","0","0","0","N","0","0","0","2","02301","0","","1.0","944.0","9","N","N","N","0","","0","0","1","","2","N","","2","1","0","0","0","1","0","2","0","2","","07","","N","","","","","","","","","",""
"2021068451","","2","0","0","0","0","0","0","0","0","2","0","","02","7","2021","4","40.502909","-80.061444","","11","0","0","0","0","0","0","0","1","","0","0","0","","","1","N","1","","40 30:10.471","","0","80 03:41.199","3","0","0","0","2402","0","0","0","N","0","0","0","2","02402","0","","1.0","","1","N","N","N","0","","1","0","0","","3","","","2","1","0","0","0","0","0","2","0","2","","03","","N","","","","","","","","","",""
"2021064447","","1","0","0","0","0","0","0","0","0","8","0","","02","7","2021","6","40.431662","-79.745415","","11","0","0","0","0","0","0","1","0","","0","0","0","","","1","N","0","","40 25:53.982","4","0","79 44:43.493","3","0","0","0","2446","1","0","0","N","1","0","0","2","68T09","0","","1.0","835.0","1","N","N","N","0","","1","0","0","","0","Y","","2","1","1","0","0","0","0","2","0","1","","","","N","","","","","","","","","",""
"2021063754","","1","0","0","0","0","0","0","0","0","4","0","","02","7","2021","5","40.438361","-79.772242","","11","0","0","0","0","0","0","0","0","","0","0","0","","","1","N","0","","40 26:18.098","3","7","79 46:20.072","8","0","0","0","2446","0","0","0","N","0","0","0","4","02446","0","","1.0","1410.0","1","N","N","N","0","","0","0","1","","0","N","","2","1","0","0","0","1","0","2","0","2","","","","N","","","","","","","","","",""
"2021053873","","0","0","0","0","0","0","0","0","0","7","0","","02","6","2021","1","40.436086","-79.749279","","11","0","0","1","0","0","0","0","0","","0","0","0","","","1","N","0","","40 26:09.909","3","0","79 44:57.404","3","0","0","1","2446","0","0","0","N","0","0","0","1","68T02","0","","3.0","1245.0","1","N","N","N","0","","1","0","0","","0","N","","1","1","0","0","0","0","0","2","0","1","","","","N","","","","","","","","","",""
"2021082665","","0","0","0","0","0","0","0","0","0","7","0","","02","8","2021","5","40.462139","-79.999801","","11","0","0","0","0","0","1","0","0","","0","0","0","","","1","N","0","","40 27:43.701","2","0","79 59:59.282","8","0","0","0","2301","0","0","0","N","0","0","0","1","68B03","0","","5.0","2315.0","1","N","N","N","0","","0","0","1","","0","N","","1","1","0","0","0","1","0","2","0","1","","03","","N","","","","","","","","","",""
"2021094384","","1","0","0","0","0","0","0","0","0","1","0","","02","10","2021","4","40.45063","-80.046271","","11","0","0","0","0","0","0","0","0","","0","0","0","","","1","Y","0","","40 27:02.267","5","0","80 02:46.575","3","0","0","0","2301","0","0","0","N","0","0","0","3","02301","0","","1.0","847.0","1","N","N","N","0","","1","0","1","","0","N","","2","1","0","0","0","0","0","2","0","2","","03","","N","","","","","","","","","",""
"2021096644","","1","0","0","0","0","0","0","0","0","7","0","","02","10","2021","2","40.460851","-79.867526","","11","0","0","0","0","0","0","0","0","","0","0","0","","","1","N","0","","40 27:39.063","4","0","79 52:03.094","2","0","0","0","2113","0","0","0","N","0","0","0","1","02113","0","","2.0","2130.0","1","N","N","N","0","","0","1","0","","0","N","","1","1","0","0","0","0","0","2","0","1","","03","","N","","","","","","","","","",""
"2021096484","","1","0","0","0","0","0","0","0","0","1","0","","02","10","2021","6","40.359428","-80.076156","","11","0","0","0","0","0","0","0","0","","0","0","0","","","0","N","0","","40 21:33.940","3","0","80 04:34.160","0","0","0","0","2123","0","0","0","N","0","0","0","2","02123","0","","1.0","1805.0","1","N","N","N","0","","0","0","1","","0","N","","2","0","0","0","0","0","0","2","0","2","","03","","N","","","","","","","","","",""
"2021068286","","1","0","0","0","0","0","0","0","0","2","0","","02","7","2021","5","40.499999","-80.209009","","11","0","0","0","1","0","1","0","0","","0","0","0","","","1","","2","","40 29:59.995","","0","80 12:32.431","3","0","0","0","2213","0","0","0","N","0","0","0","2","02213","0","","1.0","","1","N","N","N","0","","1","0","1","","2","","","2","1","0","0","0","0","0","2","0","2","","","","N","","","","","","","","","",""
"2021098001","","2","0","0","0","0","0","0","0","0","2","0","","02","10","2021","6","40.340019","-79.859886","","11","0","0","0","0","0","0","0","0","","0","0","0","","","1","N","2","","40 20:24.068","7","0","79 51:35.589","8","0","0","0","2304","0","0","0","N","0","0","0","2","02304","0","","1.0","730.0","1","N","N","N","0","","0","0","0","","0","N","","2","1","0","0","0","1","0","2","0","2","","03","","N","","","","","","","","","",""
"2021095300","","2","0","0","0","0","0","0","0","0","4","0","","02","10","2021","5","40.451509","-79.908149","","11","0","0","0","0","0","1","0","0","","0","0","0","","","0","","1","","40 27:05.432","","0","79 54:29.335","9","0","0","0","2301","0","0","0","N","0","0","0","2","02301","0","","1.0","","1","N","N","N","0","","0","0","0","","2","","","2","0","0","0","0","0","1","2","0","2","","03","","N","","","","","","","","","",""
"2021085435","","2","0","0","0","0","0","0","0","0","4","0","","02","9","2021","6","40.456922","-79.894133","","11","0","0","0","0","0","0","0","0","","0","0","0","","","0","","1","","40 27:24.919","7","0","79 53:38.878","0","0","0","0","2301","0","0","0","N","0","0","0","2","02301","0","","1.0","2350.0","1","N","N","N","0","","0","0","0","","3","N","","2","0","0","0","0","0","0","2","0","2","","","","N","","","","","","","","","",""
"2021095178","","0","0","0","1","0","0","0","0","0","8","0","","02","10","2021","5","40.463344","-79.922641","","11","0","0","0","0","0","0","0","0","","0","0","0","","","1","","1","","40 27:48.038","","0","79 55:21.507","4","0","0","0","2301","1","0","0","N","0","0","0","2","02301","1","","1.0","","1","N","N","N","0","","0","0","1","","3","","","2","1","0","0","0","0","0","2","0","1","","03","","N","","","","","","","","","",""
"2021097876","","1","0","0","0","0","0","0","0","0","2","0","","02","10","2021","5","40.423314","-79.942847","","11","0","0","0","0","0","1","0","0","","0","0","0","","","0","","2","","40 25:23.930","","0","79 56:34.249","0","0","0","0","2301","0","0","0","N","0","0","0","1","02301","0","","4.0","","1","N","N","N","0","","0","0","1","","0","","","2","0","1","0","0","0","0","2","0","2","","03","","N","","","","","","","","","",""
"2021051030","","1","0","0","0","0","0","0","0","0","4","0","","02","5","2021","3","40.346661","-79.942083","","11","0","0","0","0","0","0","0","2","","0","0","0","","","0","Y","0","","40 20:47.980","","7","79 56:31.500","0","0","0","0","2473","0","0","0","N","0","0","0","2","02473","0","","1.0","","1","N","N","N","0","","0","0","1","","0","","","2","0","0","0","0","0","0","2","0","2","","03","","N","","","","","","","","","",""
"2021094223","","0","0","0","0","0","0","0","0","0","7","0","","02","10","2021","3","40.527598","-79.807462","","11","0","0","0","0","0","1","0","0","","0","0","0","","","1","N","0","","40 31:39.351","6","0","79 48:26.862","2","0","0","0","2466","0","0","0","N","0","0","0","1","02466","0","","5.0","1541.0","1","N","N","N","1","","0","1","0","","0","N","","1","1","0","0","0","0","0","2","0","1","","","","N","","","","","","","","","",""
"2021062983","","2","0","0","0","0","0","0","0","0","1","0","","02","7","2021","5","40.395889","-79.978806","","11","0","0","0","0","0","0","0","0","","0","0","0","","","0","N","0","","40 23:45.200","","7","79 58:43.700","0","0","0","0","2301","0","0","0","N","0","0","0","2","02301","0","","1.0","","9","N","N","N","0","","0","0","0","","0","","","2","0","0","0","0","0","0","2","0","2","","","","N","","","","","","","","","",""
"2021084015","","1","0","0","0","0","0","0","0","0","1","0","","02","9","2021","3","40.629324","-80.056542","","11","0","0","0","0","0","2","0","0","","0","0","0","","","2","N","3","","40 37:45.567","","0","80 03:23.551","8","0","0","0","2216","0","0","0","N","0","0","0","3","02505","0","","1.0","","1","N","N","N","0","","0","0","1","","3","","","2","2","0","0","0","2","0","2","0","2","","03","","N","","","","","","","","","",""
"2021079243","","0","0","0","0","0","0","0","0","0","7","0","","02","8","2021","3","40.480177","-80.121466","","11","0","0","1","0","0","0","0","0","","0","0","0","","","0","N","0","","40 28:48.638","2","0","80 07:17.276","0","0","0","0","2115","0","0","0","Y","0","0","0","1","02115","0","","2.0","1225.0","1","N","N","N","0","","0","0","1","","0","N","","1","0","0","0","0","0","0","2","0","1","","03","","N","","","","","","","","","",""
"2021077693","","2","0","1","0","0","0","0","0","0","4","0","","02","8","2021","4","40.373655","-79.844859","","11","0","0","0","0","0","1","1","0","","0","0","0","","","2","","1","","40 22:25.157","4","0","79 50:41.491","2","0","0","0","2303","0","0","0","N","0","0","0","2","02303","0","","1.0","2119.0","1","N","N","Y","0","","0","1","0","","2","N","","2","2","0","0","0","1","0","2","0","2","","","","N","","","","","","","","","",""
"2021096476","","0","0","0","0","0","0","0","0","0","2","0","","02","10","2021","1","40.465033","-79.820611","","11","0","0","0","0","0","2","0","0","","1","0","0","","","0","N","0","","40 27:54.120","6","0","79 49:14.200","1","0","0","0","2113","0","0","0","N","0","0","0","2","02113","0","2","1.0","2358.0","1","N","N","N","0","0","0","0","1","","0","Y","","2","0","0","0","0","0","0","2","0","2","","03","","N","","","","","","","","","",""
"2021096426","","0","0","0","0","0","0","0","0","0","1","0","","02","9","2021","4","40.433044","-79.961772","","11","0","0","0","0","0","0","0","0","","0","0","0","","","1","N","0","","40 25:58.959","4","0","79 57:42.380","3","0","0","0","2301","0","0","0","N","0","0","0","3","68B03","0","","1.0","1830.0","9","N","N","N","0","","1","0","3","","0","Y","","3","1","0","0","0","0","0","2","0","3","","","","N","","","","","","","","","",""
"2021069571","","1","0","0","0","0","0","0","0","0","1","0","","02","7","2021","3","40.289639","-79.881861","","11","0","0","0","0","0","1","0","0","","0","1","0","","","1","N","0","","40 17:22.700","3","0","79 52:54.700","3","0","0","0","2302","0","0","0","N","0","0","0","1","02302","0","","1.0","1915.0","1","N","N","N","0","","1","0","0","","0","Y","","2","1","0","0","0","0","0","2","0","2","","","","N","","","","","","","","","",""
"2021086738","","2","0","0","0","0","0","0","0","0","2","0","","02","9","2021","3","40.434288","-79.764337","","11","0","0","0","0","0","0","0","0","","0","0","0","","","1","N","0","","40 26:03.438","","0","79 45:51.613","3","0","0","0","2446","0","0","0","N","0","0","0","2","02446","0","","1.0","","1","N","N","N","0","","1","0","0","","0","","","2","1","0","0","0","0","0","2","0","2","","","","N","","","","","","","","","",""
"2021081315","","0","0","0","0","0","0","0","0","0","98","1","","02","8","2021","5","40.471428","-79.97398","","11","0","0","0","0","0","0","0","0","","0","0","0","","","1","N","0","","40 28:17.142","1","0","79 58:26.328","3","0","0","0","2445","0","0","0","N","0","0","0","2","02445","0","","1.0","1306.0","1","N","N","N","0","","1","0","1","","0","N","","2","1","0","0","0","0","0","2","1","2","","","","N","","","","","","","","","",""
"2021096264","","2","0","0","0","0","0","0","0","0","2","0","","02","10","2021","1","40.568099","-80.021893","","11","0","0","0","0","0","2","0","0","","0","0","0","","","1","","2","","40 34:05.157","3","0","80 01:18.816","3","0","0","0","2108","0","0","0","N","0","0","0","3","02108","0","","1.0","2115.0","1","N","N","N","0","","1","0","0","","2","N","","2","1","0","0","0","0","0","2","0","2","","03","","N","","","","","","","","","",""
"2021062972","","1","0","0","0","0","0","0","0","0","4","0","","02","7","2021","4","40.331135","-79.945552","","11","0","0","0","0","0","1","0","0","","0","0","0","","","0","N","0","","40 19:52.085","1","7","79 56:43.988","0","0","0","0","2454","0","0","0","N","0","0","0","5","02454","0","","1.0","2146.0","1","N","N","N","1","","0","0","0","","2","N","","2","0","0","0","0","0","0","2","0","2","","","","N","","","","","","","","","",""
"2021063917","","2","0","0","0","0","0","0","0","0","1","0","","02","7","2021","7","40.605111","-79.947087","","11","0","0","0","0","0","0","0","0","","0","0","0","","","0","N","2","","40 36:18.400","","0","79 56:49.514","0","0","0","0","2207","0","0","0","N","0","0","0","2","02207","0","","1.0","","1","N","N","N","0","","0","0","0","","2","","","2","0","0","0","0","0","0","2","0","2","","03","","N","","","","","","","","","",""
"2021094397","","1","0","0","0","0","0","0","0","0","2","0","","02","10","2021","4","40.605036","-79.910699","","11","0","0","0","0","0","0","0","0","","0","0","0","","","0","","2","","40 36:18.128","","0","79 54:38.517","0","0","0","0","2220","0","0","0","N","0","0","0","5","02220","0","","1.0","","1","N","N","N","0","","0","0","1","","3","","","2","0","0","0","0","0","0","2","0","2","","","","N","","","","","","","","","",""
"2021047851","","0","0","0","0","0","0","0","0","0","7","0","","02","5","2021","4","40.574906","-80.220681","","11","0","0","0","0","0","0","0","0","","0","0","0","","","0","N","0","","40 34:29.663","2","0","80 13:14.453","0","0","0","0","2441","0","0","0","N","0","0","0","3","02441","0","","5.0","1215.0","1","N","N","N","0","","0","0","1","","0","N","","2","0","0","0","0","0","0","2","0","1","","03","","N","","","","","","","","","",""
"2021095769","","0","0","0","0","0","0","0","0","0","7","0","","02","10","2021","4","40.640361","-80.089709","","11","0","0","1","0","0","0","0","0","","0","0","0","","","1","","2","","40 38:25.300","","0","80 05:22.953","3","0","0","0","2212","0","0","0","N","0","0","0","1","02505","0","","5.0","","1","N","N","N","0","","1","0","1","","0","","","1","1","0","0","0","0","0","2","0","1","","","","N","","","","","","","","","",""
"2021049664","","1","0","0","0","0","0","0","0","0","1","0","","02","5","2021","2","40.448874","-80.005498","","11","0","0","0","1","0","0","0","0","","0","0","0","","","1","N","0","","40 26:55.945","","0","80 00:19.791","3","0","0","1","2301","0","0","0","N","0","0","0","5","02301","0","","1.0","","1","N","N","N","0","","1","0","0","","0","","","2","1","0","0","0","0","0","2","0","2","","03","","N","","","","","","","","","",""
"2021082465","","0","0","0","0","0","0","0","0","0","1","1","","02","8","2021","3","40.437023","-79.749846","","11","0","0","0","0","0","1","0","0","","0","1","0","","","0","N","0","","40 26:13.281","","0","79 44:59.444","0","0","0","0","2446","0","0","0","N","0","0","0","2","68T09","0","","1.0","","9","N","N","N","0","","0","0","1","","0","","","2","0","0","0","0","0","0","2","0","2","","09","","N","","","","","","","","","",""
"2021056866","","2","0","0","0","0","0","0","0","0","1","0","","02","6","2021","2","40.449101","-80.005509","","11","0","0","0","0","0","2","0","0","","0","0","0","","","0","N","0","","40 26:56.764","2","0","80 00:19.831","0","0","0","0","2301","0","0","0","N","0","0","0","8","68B03","0","","1.0","130.0","9","N","N","N","0","","0","0","2","","0","N","","4","0","0","0","0","0","0","2","0","4","","","","N","","","","","","","","","",""
"2021063412","","0","0","0","0","0","0","0","0","0","0","0","","02","7","2021","5","40.360664","-79.829036","","11","0","0","0","0","0","0","0","0","","0","0","0","","","0","N","0","","40 21:38.392","","0","79 49:44.529","0","0","0","0","2477","0","0","0","N","0","0","0","1","02477","0","","1.0","","9","N","N","N","0","","0","0","0","","0","","","1","0","0","0","0","0","0","2","1","1","","04","","N","","","","","","","","","",""
"2021098592","","1","0","0","0","0","0","0","0","0","98","0","","02","10","2021","4","40.335638","-79.911056","","11","0","0","0","0","0","0","1","0","","0","0","0","","","1","N","0","","40 20:08.297","7","0","79 54:39.800","3","0","0","0","2473","0","0","0","N","0","0","0","1","02473","0","","1.0","2230.0","1","N","N","N","0","","1","0","0","","0","Y","","1","1","0","0","0","0","0","2","0","1","","03","","N","","","","","","","","","",""
"2021072604","","1","0","0","0","0","0","0","0","0","7","0","","02","3","2021","7","40.352986","-79.837663","","11","0","0","0","0","0","0","0","0","","0","0","0","","","0","N","0","","40 21:10.750","","0","79 50:15.588","0","0","0","0","2304","0","0","0","N","0","0","0","1","02304","0","","5.0","","1","N","N","N","0","","0","0","0","","0","","","1","0","0","0","0","0","0","2","0","1","","03","","N","","","","","","","","","",""
"2021087630","","0","0","0","0","0","0","0","0","0","4","1","","02","9","2021","3","40.428656","-79.934749","","11","0","0","0","0","0","1","0","0","","0","1","0","","","1","N","0","","40 25:43.160","3","0","79 56:05.097","4","0","0","0","2301","0","0","0","N","0","0","0","2","68B03","1","","1.0","1410.0","1","N","N","N","1","","0","0","0","","0","N","","2","1","0","0","0","0","0","2","0","2","","","","N","","","","","","","","","",""
"2021093236","","0","0","0","0","0","0","0","0","0","4","0","","02","10","2021","7","40.438231","-79.99604","","11","0","0","0","0","0","1","0","0","","0","0","0","","","0","N","1","","40 26:17.633","2","0","79 59:45.745","0","0","0","0","2301","0","0","0","N","0","0","0","7","02301","0","","1.0","2325.0","1","N","N","N","0","","0","0","2","","2","N","","2","0","0","0","0","0","0","2","0","2","","","","N","","","","","","","","","",""
"2021065831","","1","0","0","0","0","0","0","0","0","2","0","","02","7","2021","7","40.452426","-80.014029","","11","0","0","0","0","0","1","0","0","","0","0","0","","","0","","1","","40 27:08.734","","0","80 00:50.505","0","0","0","0","2301","0","0","0","N","0","0","0","4","02301","0","","1.0","","1","N","N","N","0","","0","0","0","","2","","","2","0","0","0","0","0","0","2","1","2","","03","","N","","","","","","","","","",""
"2021096485","","0","0","0","0","0","0","0","0","0","4","0","","02","10","2021","1","40.361671","-80.069898","","11","0","0","0","0","0","0","0","0","","0","0","0","","","0","","2","","40 21:42.016","","0","80 04:11.633","0","0","0","0","2123","0","0","0","N","0","0","0","3","02123","0","","1.0","","1","N","N","N","1","","0","0","1","","3","","","2","0","0","0","0","0","0","2","0","2","","04","","N","","","","","","","","","",""
"2021100167","","1","0","0","0","0","0","0","0","0","4","0","","02","10","2021","7","40.436514","-80.059713","","11","0","0","0","0","0","0","0","0","","0","0","0","","","0","N","0","","40 26:11.449","5","0","80 03:34.965","0","0","0","0","2421","0","0","0","N","0","0","0","3","02421","0","","4.0","110.0","9","N","N","N","0","","0","0","2","","0","N","","3","0","0","0","0","0","0","2","0","3","","07","","N","","","","","","","","","",""
"2021085278","","2","0","0","0","0","0","0","0","0","4","0","","02","9","2021","5","40.530333","-79.770676","","11","0","0","0","0","0","0","0","0","","0","0","0","","","0","N","0","","40 31:49.200","6","0","79 46:14.435","0","0","0","0","2466","0","0","0","N","0","0","0","3","02466","0","","1.0","2146.0","1","N","N","N","0","","0","0","0","","0","Y","","2","0","0","0","0","0","0","1","0","2","","03","","N","","","","","","","","","",""
"2021046067","","2","0","1","0","0","0","0","0","0","2","0","","02","5","2021","6","40.431093","-79.958324","","11","0","0","0","0","0","1","0","0","","0","0","0","","","2","N","0","","40 25:51.933","2","3","79 57:29.967","2","0","0","0","2301","0","0","0","N","0","0","0","3","02301","0","","1.0","30.0","1","N","N","N","0","","1","1","0","","0","N","","2","2","0","0","0","0","0","2","0","2","","03","","N","","","","","","","","","",""
"2021096559","","0","0","0","0","0","0","0","0","0","1","0","","02","9","2021","5","40.442759","-79.813174","","11","0","0","0","0","0","0","1","0","","0","0","0","","","1","N","0","","40 26:33.931","3","0","79 48:47.426","3","0","0","0","2113","0","0","0","N","0","0","0","2","68B03","0","","1.0","1732.0","1","N","N","N","1","","1","0","1","","0","N","","2","1","0","0","0","0","0","2","0","2","","03","","N","","","","","","","","","",""
"2021065285","","0","0","0","0","0","0","0","0","0","7","0","","02","7","2021","3","40.457972","-80.137806","","11","0","0","0","0","0","1","0","0","","0","0","0","","","1","N","0","","40 27:28.700","","0","80 08:16.100","8","0","0","0","2115","0","0","0","N","0","0","0","1","02115","0","","5.0","","1","N","N","N","0","","0","0","0","","0","","","1","1","0","0","0","1","0","2","1","1","","03","","N","","","","","","","","","",""
"2021095548","","2","0","0","0","0","0","0","0","0","4","0","","02","10","2021","6","40.441642","-80.240327","","11","0","1","1","0","0","0","0","0","","0","0","0","","","0","","1","","40 26:29.911","6","0","80 14:25.177","0","0","0","0","2214","0","0","0","N","0","0","0","5","02214","0","","1.0","1520.0","1","N","N","N","1","","0","0","0","","3","Y","","3","0","0","0","0","0","0","2","0","3","","04","","N","","","","","","","","","",""
"2021093553","","0","0","0","0","0","0","0","0","0","2","0","","02","10","2021","2","40.435799","-80.035902","","11","0","0","0","0","0","2","0","0","","0","0","0","","","0","N","0","","40 26:08.876","1","0","80 02:09.247","0","0","0","0","2301","0","0","0","N","0","0","0","3","02301","0","","1.0","831.0","9","N","N","N","1","","0","0","1","","0","Y","","2","0","1","0","0","0","0","2","0","2","","","","N","","","","","","","","","",""