"CRN","ARRIVAL_TM","AUTOMOBILE_COUNT","BELTED_DEATH_COUNT","BELTED_SUSP_SERIOUS_INJ_COUNT","BICYCLE_COUNT","BICYCLE_DEATH_COUNT","BICYCLE_SUSP_SERIOUS_INJ_COUNT","BUS_COUNT","CHLDPAS_DEATH_COUNT","CHLDPAS_SUSP_SERIOUS_INJ_COUNT","COLLISION_TYPE","COMM_VEH_COUNT","CONS_ZONE_SPD_LIM","COUNTY","CRASH_MONTH","CRASH_YEAR","DAY_OF_WEEK","DEC_LATITUDE","DEC_LONGITUDE","DISPATCH_TM","DISTRICT","DRIVER_COUNT_16YR","DRIVER_COUNT_17YR","DRIVER_COUNT_18YR","DRIVER_COUNT_19YR","DRIVER_COUNT_20YR","DRIVER_COUNT_50_64YR","DRIVER_COUNT_65_74YR","DRIVER_COUNT_75PLUS","EST_HRS_CLOSED","FATAL_COUNT","HEAVY_TRUCK_COUNT","HORSE_BUGGY_COUNT","HOUR_OF_DAY","ILLUMINATION","INJURY_COUNT","INTERSECTION_RELATED","INTERSECT_TYPE","LANE_CLOSED","LATITUDE","LN_CLOSE_DIR","LOCATION_TYPE","LONGITUDE","MAX_SEVERITY_LEVEL","MCYCLE_DEATH_COUNT","MCYCLE_SUSP_SERIOUS_INJ_COUNT","MOTORCYCLE_COUNT","MUNICIPALITY","NONMOTR_COUNT","NONMOTR_DEATH_COUNT","NONMOTR_SUSP_SERIOUS_INJ_COUNT","NTFY_HIWY_MAINT","PED_COUNT","PED_DEATH_COUNT","PED_SUSP_SERIOUS_INJ_COUNT","PERSON_COUNT","POLICE_AGCY","POSSIBLE_INJ_COUNT","RDWY_SURF_TYPE_CD","RELATION_TO_ROAD","ROADWAY_CLEARED","ROAD_CONDITION","SCH_BUS_IND","SCH_ZONE_IND","SECONDARY_CRASH","SMALL_TRUCK_COUNT","SPEC_JURIS_CD","SUSP_MINOR_INJ_COUNT","SUSP_SERIOUS_INJ_COUNT","SUV_COUNT","TCD_FUNC_CD","TCD_TYPE","TFC_DETOUR_IND","TIME_OF_DAY","TOTAL_UNITS","TOT_INJ_COUNT","UNBELTED_OCC_COUNT","UNB_DEATH_COUNT","UNB_SUSP_SERIOUS_INJ_COUNT","UNK_INJ_DEG_COUNT","UNK_INJ_PER_COUNT","URBAN_RURAL","VAN_COUNT","VEHICLE_COUNT","WEATHER1","WEATHER2","WORKERS_PRES","WORK_ZONE_IND","WORK_ZONE_LOC","WORK_ZONE_TYPE","WZ_CLOSE_DETOUR","WZ_FLAGGER","WZ_LAW_OFFCR_IND","WZ_LN_CLOSURE","WZ_MOVING","WZ_OTHER","WZ_SHLDER_MDN","WZ_WORKERS_INJ_KILLED"
"2021063665","","2","0","0","0","0","0","0","0","0","1","0","","02","7","2021","7","40.430211","-80.013634","","11","0","0","0","0","0","2","0","0","","0","0","0","","","2","N","3","","40 25:48.760","","0","80 00:49.081","3","0","0","0","2301","0","0","0","N","0","0","0","2","02301","1","","1.0","","1","N","N","N","0","","1","0","0","","2","","","2","2","0","0","0","0","0","2","0","2","","03","","N","","","","","","","","","",""
"2021063826","","1","0","0","0","0","0","0","0","0","4","0","","02","7","2021","7","40.4315","-79.797111","","11","0","0","1","0","0","0","0","0","","0","0","0","","","0","N","0","","40 25:53.400","7","7","79 47:49.600","0","0","0","0","2446","0","0","0","N","0","0","0","3","02446","0","","1.0","1735.0","1","N","N","N","0","","0","0","1","","0","Y","","2","0","0","0","0","0","0","2","0","2","","03","","N","","","","","","","","","",""
"2021061929","","1","0","0","0","0","0","0","0","0","7","0","","02","7","2021","2","40.441868","-79.989363","","11","0","0","0","0","0","0","0","0","","0","0","0","","","0","N","0","","40 26:30.725","","0","79 59:21.707","0","0","0","0","2301","0","0","0","N","0","0","0","1","02301","0","","5.0","","1","N","N","N","0","","0","0","0","","0","","","1","0","0","0","0","0","0","2","0","1","","","","N","","","","","","","","","",""
"2021066434","","1","0","0","0","0","0","0","0","0","1","0","","02","7","2021","4","40.552809","-80.106745","","11","0","0","0","0","0","0","0","0","","0","0","0","","","0","","2","","40 33:10.112","","0","80 06:24.282","0","0","0","0","2215","0","0","0","N","0","0","0","2","02215","0","","1.0","","1","N","N","N","0","","0","0","1","","0","","","2","0","0","0","0","0","0","2","0","2","","","","N","","","","","","","","","",""
"2021064667","","0","0","0","0","0","0","0","0","0","1","0","","02","7","2021","2","40.457402","-79.896287","","11","0","0","0","0","0","0","0","0","","0","0","0","","","0","N","1","","40 27:26.646","","0","79 53:46.633","0","0","0","0","2301","0","0","0","N","0","0","0","2","02301","0","","4.0","","9","N","N","N","2","","0","0","0","","0","","","2","0","0","0","0","0","0","2","0","2","","","","N","","","","","","","","","",""
"2021067821","","0","0","0","0","0","0","0","0","0","1","0","","02","7","2021","5","40.407496","-80.004515","","11","0","0","0","0","0","0","0","0","","0","0","0","","","1","Y","0","","40 24:26.984","","0","80 00:16.253","2","0","1","1","2301","0","0","0","N","0","0","0","3","02301","0","","1.0","","1","N","N","N","0","","0","1","1","","0","","","2","1","0","0","0","0","0","2","0","2","","03","","N","","","","","","","","","",""
"2021095885","","1","0","1","0","0","0","0","0","0","7","0","","02","10","2021","6","40.326136","-79.944246","","11","0","0","0","0","0","0","0","0","","0","0","0","","","2","N","0","","40 19:34.088","1","0","79 56:39.287","2","0","0","0","2454","0","0","0","N","0","0","0","2","02454","0","","4.0","1107.0","1","N","N","N","0","","1","1","0","","0","N","","1","2","0","0","0","0","0","2","0","1","","03","","N","","","","","","","","","",""
"2021063930","","1","0","0","0","0","0","0","0","0","5","0","","02","7","2021","5","40.347644","-79.951869","","11","0","0","0","1","0","0","0","0","","0","0","0","","","0","N","1","","40 20:51.517","","0","79 57:06.728","0","0","0","0","2473","0","0","0","N","0","0","0","2","02473","0","","1.0","","1","N","N","N","1","","0","0","0","","0","","","2","0","0","0","0","0","0","2","0","2","","03","","N","","","","","","","","","",""
"2021081023","","0","0","0","0","0","0","0","0","0","7","0","","02","8","2021","1","40.488659","-79.824386","","11","0","0","0","0","0","0","0","0","","0","0","0","","","1","N","0","","40 29:19.174","5","0","79 49:27.789","3","0","0","0","2113","0","0","0","N","0","0","0","1","02113","0","","2.0","1541.0","1","N","N","N","0","","1","0","1","","0","Y","","1","1","0","0","0","0","0","2","0","1","","","","N","","","","","","","","","",""
"2021048634","","1","0","0","0","0","0","0","0","0","4","0","","02","5","2021","5","40.365889","-79.830139","","11","0","0","0","0","0","0","0","0","","0","0","0","","","1","N","0","","40 21:57.200","5","0","79 49:48.500","8","0","0","0","2111","0","0","0","N","0","0","0","1","02111","0","","4.0","904.0","1","N","N","N","0","","0","0","1","","0","N","","2","1","0","0","0","1","0","2","0","2","","03","","N","","","","","","","","","",""
"2021080308","","2","0","0","0","0","0","0","0","0","4","0","","02","8","2021","5","40.52991","-79.771429","","11","0","1","0","0","0","0","0","0","","0","0","0","","","1","N","2","","40 31:47.676","7","0","79 46:17.145","8","0","0","0","2466","0","0","0","N","0","0","0","2","02466","0","","1.0","1551.0","1","N","N","N","0","","0","0","0","","3","N","","2","1","0","0","0","1","0","1","0","2","","","","N","","","","","","","","","",""
"2021094640","","1","0","0","0","0","0","0","0","0","7","0","","02","10","2021","5","40.454236","-79.944134","","11","0","0","0","0","0","0","0","0","","0","0","0","","","1","N","0","","40 27:15.251","6","0","79 56:38.881","3","0","0","0","2301","0","0","0","N","0","0","0","4","02301","0","","4.0","41.0","1","N","N","N","0","","1","0","0","","0","N","","1","1","0","0","0","0","0","2","0","1","","","","N","","","","","","","","","",""
"2021086719","","2","0","0","0","0","0","0","0","0","4","0","","02","9","2021","4","40.470409","-79.923084","","11","0","0","1","0","0","0","0","0","","0","0","0","","","0","N","1","","40 28:13.472","","0","79 55:23.102","0","0","0","0","2301","0","0","0","N","0","0","0","2","02301","0","","1.0","","1","N","N","N","0","","0","0","0","","3","","","2","0","0","0","0","0","0","2","0","2","","03","","N","","","","","","","","","",""
"2021062356","","2","0","0","0","0","0","0","0","0","4","0","","02","7","2021","1","40.541093","-79.782125","","11","0","0","0","0","1","0","0","0","","0","0","0","","","0","","2","","40 32:27.933","","0","79 46:55.649","0","0","0","0","2462","0","0","0","N","0","0","0","3","02462","0","","1.0","","1","","","N","0","","0","0","0","","3","N","","2","0","0","0","0","0","0","2","0","2","","","","N","","","","","","","","","",""
"2021099230","","2","0","0","0","0","0","0","0","0","1","0","","02","10","2021","6","40.549633","-80.08639","","11","0","0","0","0","1","0","0","0","","0","0","0","","","0","N","0","","40 32:58.680","","0","80 05:11.003","0","0","0","0","2215","0","0","0","N","0","0","0","2","68B03","0","","1.0","","9","N","N","N","0","","0","0","0","","0","","","2","0","0","0","0","0","0","2","0","2","","","","N","","","","","","","","","",""
"2021066703","","1","0","0","0","0","0","0","0","0","1","0","","02","7","2021","2","40.576692","-80.222432","","11","0","0","0","0","0","1","0","0","","0","0","0","","","0","N","2","","40 34:36.090","","0","80 13:20.756","0","0","0","0","2441","0","0","0","N","0","0","0","2","02441","0","","1.0","","1","N","N","N","0","","0","0","1","","2","N","","2","0","0","0","0","0","0","2","0","2","","","","N","","","","","","","","","",""
"2021063962","","0","0","0","0","0","0","0","0","0","7","0","","02","7","2021","1","40.462593","-79.911505","","11","0","0","0","0","0","0","0","0","","0","0","0","","","0","N","0","","40 27:45.333","","0","79 54:41.418","0","0","0","0","2301","0","0","0","N","0","0","0","1","02301","0","","5.0","","9","N","N","N","0","","0","0","1","","0","N","","1","0","0","0","0","0","0","2","0","1","","","","N","","","","","","","","","",""
"2021080989","","3","0","0","0","0","0","0","0","0","4","0","","02","8","2021","1","40.49175","-80.060871","","11","0","0","0","0","0","0","0","0","","0","0","0","","","2","N","0","","40 29:30.300","7","0","80 03:39.134","4","0","0","0","2404","0","0","0","N","0","0","0","3","02404","2","","1.0","109.0","1","N","N","N","1","","0","0","0","","0","Y","","4","2","0","0","0","0","0","2","0","4","","03","","N","","","","","","","","","",""
"2021096758","","1","0","1","0","0","0","0","0","0","7","0","","02","10","2021","3","40.422003","-80.029607","","11","0","0","0","0","0","0","0","0","","0","0","0","","","1","N","0","","40 25:19.209","","0","80 01:46.584","2","0","0","0","2301","0","0","0","N","0","0","0","1","02301","0","","4.0","","1","N","N","N","0","","0","1","0","","0","N","","1","1","0","0","0","0","0","2","0","1","","03","","N","","","","","","","","","",""
"2021094729","","2","0","0","0","0","0","0","0","0","5","0","","02","10","2021","5","40.397344","-79.999163","","11","0","0","0","0","0","0","0","0","","0","0","0","","","0","N","0","","40 23:50.439","","0","79 59:56.988","0","0","0","0","2301","0","0","0","N","0","0","0","2","02301","0","","1.0","","1","N","N","N","0","","0","0","0","","0","","","2","0","0","0","0","0","0","2","0","2","","","","N","","","","","","","","","",""
"2021092472","","2","0","0","0","0","0","0","0","0","2","0","","02","9","2021","5","40.456166","-80.167447","","11","0","0","0","0","0","0","0","0","","0","0","0","","","0","N","2","","40 27:22.197","","0","80 10:02.810","0","0","0","0","2115","0","0","0","N","0","0","0","2","02115","0","","1.0","","1","N","N","N","0","","0","0","0","","2","N","","2","0","0","0","0","0","0","2","0","2","","","","N","","","","","","","","","",""
"2021051042","","2","0","0","0","0","0","0","0","0","6","0","","02","6","2021","6","40.428683","-80.029539","","11","0","0","0","0","0","0","0","0","","0","0","0","","","0","N","3","","40 25:43.257","","2","80 01:46.340","0","0","0","0","2301","0","0","0","N","0","0","0","2","02301","0","","1.0","","1","N","N","N","0","","0","0","0","","0","","","2","0","0","0","0","0","0","2","0","2","","03","","N","","","","","","","","","",""
"2021070627","","0","0","0","0","0","0","0","0","0","4","0","","02","7","2021","5","40.449706","-80.025099","","11","0","0","0","0","0","2","0","0","","0","0","0","","","1","N","1","","40 26:58.940","2","2","80 01:30.356","3","0","0","0","2301","0","0","0","N","0","0","0","3","02301","0","","1.0","2230.0","1","N","N","N","1","","1","0","1","","2","Y","","2","1","0","0","0","0","0","2","0","2","","03","","N","","","","","","","","","",""
"2021053338","","1","0","0","0","0","0","0","0","0","2","0","","02","5","2021","5","40.532699","-80.07064","","11","0","0","0","0","0","0","0","0","","0","0","0","","","1","N","0","","40 31:57.715","7","7","80 04:14.305","3","0","0","0","2215","0","0","0","N","0","0","0","2","02215","0","","1.0","1920.0","1","N","N","N","0","","1","0","1","","0","N","","2","1","0","0","0","0","0","2","0","2","","03","","N","","","","","","","","","",""
"2021062980","","1","0","0","0","0","0","0","0","0","7","0","","02","7","2021","4","40.397279","-80.029264","","11","0","0","0","0","0","0","0","0","","0","0","0","","","0","N","0","","40 23:50.206","","0","80 01:45.352","0","0","0","0","2301","0","0","0","N","0","0","0","1","02301","0","","4.0","","9","N","N","N","0","","0","0","0","","0","","","1","0","0","0","0","0","0","2","0","1","","","","N","","","","","","","","","",""
"2021095699","","0","0","0","0","0","0","1","0","0","8","1","","02","10","2021","6","40.443828","-79.993861","","11","0","0","0","0","0","0","0","0","","0","0","0","","","1","N","1","","40 26:37.781","","0","79 59:37.901","3","0","0","0","2301","1","0","0","N","1","0","0","2","02503","0","","1.0","","9","N","N","N","0","","1","0","0","","2","","","2","1","0","0","0","0","0","2","0","1","","07","","N","","","","","","","","","",""
"2021050052","","1","0","0","0","0","0","0","0","0","7","0","","02","5","2021","6","40.427448","-79.952911","","11","0","0","0","0","0","0","0","0","","0","0","0","","","1","N","0","","40 25:38.813","4","0","79 57:10.478","8","0","0","0","2301","0","0","0","N","0","0","0","1","68B03","0","","4.0","34.0","9","N","N","N","0","","0","0","0","","0","N","","1","1","1","0","0","1","0","2","0","1","","","","N","","","","","","","","","",""
"2021047813","","2","0","0","0","0","0","0","0","0","4","0","","02","5","2021","4","40.447112","-79.895176","","11","0","0","0","0","0","1","0","0","","0","0","0","","","0","N","1","","40 26:49.602","","7","79 53:42.635","0","0","0","0","2301","0","0","0","N","0","0","0","3","02301","0","","1.0","","1","N","N","N","0","","0","0","0","","2","","","2","0","0","0","0","0","0","2","0","2","","03","","N","","","","","","","","","",""
"2021098044","","1","0","0","0","0","0","0","0","0","1","0","","02","10","2021","5","40.573139","-79.994395","","11","0","0","0","0","0","0","0","0","","0","0","0","","","0","Y","0","","40 34:23.299","4","0","79 59:39.821","0","0","0","0","2108","0","0","0","N","0","0","0","3","02108","0","","1.0","830.0","1","N","N","N","0","","0","0","1","","0","N","","2","0","0","0","0","0","0","2","0","2","","","","N","","","","","","","","","",""
"2021064754","","1","0","0","0","0","0","0","0","0","8","0","","02","7","2021","2","40.434782","-79.922838","","11","0","0","0","0","0","0","0","0","","0","0","0","","","1","N","1","","40 26:05.215","1","0","79 55:22.216","2","0","0","0","2301","1","0","1","N","1","0","1","2","02301","0","","4.0","1410.0","1","N","N","N","0","","0","1","0","","2","N","","2","1","1","0","0","0","0","2","0","1","","03","","N","","","","","","","","","",""
"2021092577","","0","0","0","0","0","0","0","0","0","4","0","","02","9","2021","5","40.453935","-79.979849","","11","0","0","0","0","0","0","0","0","","0","0","0","","","0","N","2","","40 27:14.165","","0","79 58:47.456","0","0","0","0","2301","0","0","0","N","0","0","0","3","02301","0","","1.0","","1","N","N","N","0","","0","0","2","","3","","","2","0","0","0","0","0","0","2","0","2","","03","","N","","","","","","","","","",""
"2021056499","","2","0","0","0","0","0","0","0","0","1","0","","02","6","2021","7","40.473646","-80.063091","","11","0","0","0","0","0","0","0","0","","0","0","0","","","0","N","0","","40 28:25.125","","0","80 03:47.127","0","0","0","0","2444","0","0","0","N","0","0","0","2","02444","0","","1.0","","1","N","N","N","0","","0","0","0","","0","","","2","0","1","0","0","0","0","2","0","2","","","","N","","","","","","","","","",""
"2021064500","","1","0","0","0","0","0","0","0","0","2","0","","02","7","2021","2","40.457942","-80.063786","","11","1","0","0","0","0","0","0","0","","0","0","0","","","1","N","2","","40 27:28.591","","0","80 03:49.629","3","0","0","0","2301","0","0","0","N","0","0","0","3","02301","0","","1.0","","1","N","N","N","0","","1","0","0","","0","","","2","1","0","0","0","0","0","2","0","2","","03","","N","","","","","","","","","",""
"2021065146","","3","0","0","0","0","0","0","0","0","6","0","","02","7","2021","5","40.475056","-80.09925","","11","0","0","0","0","0","4","1","0","","0","0","0","","","1","N","0","","40 28:30.200","5","7","80 05:57.300","4","0","0","0","2126","0","0","0","N","0","0","0","5","02126","1","","1.0","1202.0","9","N","N","N","0","","0","0","2","","0","N","","5","1","0","0","0","0","0","2","0","5","","","","N","","","","","","","","","",""
"2021064700","","1","0","0","0","0","0","0","0","0","7","0","","02","7","2021","3","40.524866","-79.879503","","11","0","0","0","0","0","0","0","0","","0","0","0","","","1","N","0","","40 31:29.516","1","0","79 52:46.211","8","0","0","0","2432","0","0","0","N","0","0","0","1","02432","0","","5.0","235.0","9","N","N","N","0","","0","0","0","","0","N","","1","1","0","0","0","1","0","2","0","1","","","","N","","","","","","","","","",""
"2021083229","","1","0","0","0","0","0","0","0","0","4","1","","02","8","2021","2","40.343194","-79.98525","","11","0","0","0","0","0","1","0","1","","0","1","0","","","0","N","0","","40 20:35.500","5","0","79 59:06.900","0","0","0","0","2403","0","0","0","N","0","0","0","2","02219","0","","1.0","1446.0","1","N","N","N","0","","0","0","0","","0","N","","2","0","0","0","0","0","0","2","0","2","","","","N","","","","","","","","","",""
"2021047811","","2","0","0","0","0","0","0","0","0","1","0","","02","5","2021","4","40.486633","-79.913144","","11","0","0","0","0","0","0","0","0","","0","0","0","","","0","N","6","","40 29:11.877","","2","79 54:47.318","0","0","0","0","2112","0","0","0","N","0","0","0","2","02301","0","","1.0","","1","N","N","N","0","","0","0","0","","0","","","2","0","0","0","0","0","0","2","0","2","","","","N","","","","","","","","","",""
"2021048087","","1","0","0","0","0","0","0","0","0","7","0","","02","5","2021","4","40.495259","-80.026101","","11","0","0","0","0","0","0","1","0","","0","0","0","","","1","N","0","","40 29:42.931","3","0","80 01:33.964","8","0","0","0","2301","0","0","0","N","0","0","0","1","02301","0","","4.0","1800.0","9","N","N","N","0","","0","0","0","","0","N","","1","1","0","0","0","1","0","2","0","1","","07","","N","","","","","","","","","",""
"2021046888","","1","0","0","0","0","0","0","0","0","4","0","","02","5","2021","2","40.400652","-79.911488","","11","0","0","0","0","0","0","0","0","","0","0","0","","","0","N","0","","40 24:02.348","","0","79 54:41.356","0","0","0","0","2438","0","0","0","N","0","0","0","0","02438","0","","6.0","","1","N","N","N","0","","0","0","0","","0","","","2","0","0","0","0","0","0","2","1","2","","03","","N","","","","","","","","","",""
"2021085458","","1","0","0","0","0","0","0","0","0","7","0","","02","9","2021","7","40.352533","-79.838399","","11","0","0","0","0","0","0","0","0","","0","0","0","","","0","N","0","","40 21:09.117","","0","79 50:18.238","0","0","0","0","2304","0","0","0","N","0","0","0","1","02304","0","","4.0","","1","N","N","N","0","","0","0","0","","0","","","1","0","0","0","0","0","0","2","0","1","","03","","N","","","","","","","","","",""
"2021081975","","0","0","0","0","0","0","0","0","0","5","1","","02","8","2021","5","40.355201","-80.050178","","11","0","0","0","0","0","2","0","0","","0","1","0","","","0","","1","","40 21:18.723","","0","80 03:00.639","0","0","0","0","2109","0","0","0","N","0","0","0","3","02109","0","","1.0","","1","N","N","N","1","","0","0","1","","2","","","3","0","0","0","0","0","0","2","0","3","","","","N","","","","","","","","","",""
"2021048996","","2","0","0","0","0","0","0","0","0","1","0","","02","5","2021","6","40.400719","-80.082869","","11","0","0","0","0","0","2","0","0","","0","0","0","","","1","Y","0","","40 24:02.590","2","0","80 04:58.327","8","0","0","0","2415","0","0","0","N","0","0","0","4","02415","0","","1.0","1439.0","9","N","N","N","1","","0","0","0","","0","N","","3","1","0","0","0","1","0","2","0","3","","07","","N","","","","","","","","","",""
"2021056293","","0","0","0","0","0","0","0","0","0","98","0","","02","5","2021","5","40.438021","-79.863203","","11","0","0","0","0","0","0","1","0","","0","0","0","","","1","N","0","","40 26:16.876","3","0","79 51:47.532","3","0","0","0","2478","0","0","0","N","0","0","0","1","68B03","0","","1.0","1445.0","1","N","N","N","0","","1","0","1","","0","N","","1","1","0","0","0","0","0","2","0","1","","03","","N","","","","","","","","","",""
"2021054463","","1","0","0","0","0","0","0","0","0","7","0","","02","6","2021","5","40.499444","-80.256667","","11","0","0","0","0","0","0","0","0","","0","0","0","","","0","N","0","","40 29:58.000","4","0","80 15:24.000","0","0","0","0","2203","0","0","0","N","0","0","0","1","02501","0","","4.0","500.0","1","N","N","N","0","","0","0","0","","0","N","","1","0","0","0","0","0","0","2","0","1","","03","","N","","","","","","","","","",""
"2021049671","","2","0","0","0","0","0","0","0","0","5","0","","02","5","2021","1","40.466833","-79.925972","","11","0","0","0","0","0","0","0","0","","0","0","0","","","0","Y","0","","40 28:00.600","","0","79 55:33.500","0","0","0","0","2301","0","0","0","N","0","0","0","2","02301","0","","1.0","","1","N","N","N","0","","0","0","0","","0","","","2","0","0","0","0","0","0","2","0","2","","03","","N","","","","","","","","","",""
"2021082663","","1","0","0","0","0","0","0","0","0","7","0","","02","8","2021","4","40.420341","-80.092427","","11","0","0","0","0","0","0","0","0","","0","0","0","","","0","N","0","","40 25:13.226","","0","80 05:32.738","0","0","0","0","2457","0","0","0","N","0","0","0","1","68B03","0","","5.0","","9","N","N","N","0","","0","0","0","","0","","","1","0","0","0","0","0","0","2","0","1","","07","","N","","","","","","","","","",""
"2021082672","","1","0","0","0","0","0","0","0","0","4","0","","02","8","2021","1","40.428896","-79.932395","","11","0","0","0","0","0","1","0","0","","0","0","0","","","0","N","0","","40 25:44.024","3","0","79 55:56.621","0","0","0","0","2301","0","0","0","N","0","0","0","5","68B03","0","","5.0","2356.0","1","N","N","N","1","","0","0","0","","8","N","","2","0","0","0","0","0","0","2","0","2","","03","","N","","","","","","","","","",""
"2021082259","","1","0","0","0","0","0","0","0","0","7","0","","02","9","2021","4","40.441483","-79.992216","","11","0","0","0","0","0","0","0","0","","0","0","0","","","0","N","3","","40 26:29.338","2","0","79 59:31.979","0","0","0","0","2301","0","0","0","N","0","0","0","3","02301","0","","4.0","1005.0","9","N","N","N","0","","0","0","0","","2","N","","1","0","0","0","0","0","0","2","0","1","","07","","N","","","","","","","","","",""
"2021052726","","0","0","0","0","0","0","0","0","0","7","0","","02","6","2021","4","40.391332","-79.986675","","11","0","0","0","0","0","1","0","0","","0","0","0","","","0","","2","","40 23:28.795","","0","79 59:12.030","0","0","0","0","2301","0","0","0","N","0","0","0","2","02301","0","","2.0","","1","N","N","N","0","","0","0","1","","2","","","1","0","0","0","0","0","0","2","0","1","","03","","N","","","","","","","","","",""
"2021082238","","0","0","0","0","0","0","0","0","0","7","0","","02","9","2021","4","40.585794","-80.001835","","11","0","0","0","0","0","0","0","0","","0","0","0","","","0","","2","","40 35:08.858","5","0","80 00:06.605","0","0","0","0","2108","0","0","0","N","0","0","0","1","02108","0","","2.0","530.0","8","N","N","N","0","","0","0","1","","0","Y","","1","0","0","0","0","0","0","2","0","1","","","","N","","","","","","","","","",""
"2021049408","","2","0","0","0","0","0","0","0","0","2","0","","02","5","2021","1","40.421333","-79.9985","","11","0","0","0","0","0","0","0","0","","0","0","0","","","1","N","0","","40 25:16.800","4","7","79 59:54.600","8","0","0","0","2301","0","0","0","N","0","0","0","3","02301","0","","1.0","1900.0","1","N","N","N","0","","0","0","1","","0","N","","3","1","0","0","0","1","0","2","0","3","","03","","N","","","","","","","","","",""
"2021049209","","2","0","0","0","0","0","0","0","0","4","0","","02","5","2021","2","40.356066","-80.041331","","11","0","0","0","0","0","1","0","0","","0","0","0","","","0","N","0","","40 21:21.837","3","0","80 02:28.790","0","0","0","0","2109","0","0","0","N","0","0","0","2","02109","0","","1.0","1820.0","1","N","N","N","0","","0","0","0","","0","Y","","2","0","0","0","0","0","0","2","0","2","","03","","N","","","","","","","","","",""
"2021049571","","1","0","0","0","0","0","0","0","0","4","0","","02","5","2021","7","40.329722","-80.030528","","11","0","0","0","0","0","0","1","0","","0","0","0","","","1","N","0","","40 19:47.000","","0","80 01:49.900","4","0","0","0","2407","0","0","0","N","0","0","0","3","02407","1","","1.0","","9","N","N","N","0","","0","0","1","","0","","","2","1","0","0","0","0","0","2","0","2","","","","N","","","","","","","","","",""
"2021050752","","1","0","0","0","0","0","0","0","0","98","0","","02","5","2021","4","40.429928","-79.879637","","11","0","0","0","0","0","0","0","0","","0","0","0","","","0","N","0","","40 25:47.741","","0","79 52:46.692","0","0","0","0","2426","0","0","0","N","0","0","0","2","68B03","0","","1.0","","1","N","N","N","0","","0","0","0","","0","","","1","0","0","0","0","0","0","2","0","1","","","","N","","","","","","","","","",""
"2021048229","","0","0","0","0","0","0","0","0","0","4","0","","02","5","2021","4","40.380747","-79.810708","","11","0","1","0","0","0","1","0","0","","0","0","0","","","0","N","0","","40 22:50.689","4","7","79 48:38.548","0","0","0","0","2424","0","0","0","N","0","0","0","2","02424","0","","1.0","1456.0","1","N","N","N","0","","0","0","2","","0","N","","2","0","0","0","0","0","0","2","0","2","","03","","N","","","","","","","","","",""
"2021081720","","1","0","0","0","0","0","0","0","0","7","0","","02","8","2021","2","40.407396","-79.829066","","11","0","0","0","0","0","0","0","0","","0","0","0","","","0","N","2","","40 24:26.625","","0","79 49:44.637","9","0","0","0","2467","0","0","0","N","0","0","0","1","02467","0","","5.0","","1","N","N","N","0","","0","0","0","","0","","","1","0","0","0","0","0","1","2","0","1","","","","N","","","","","","","","","",""
"2021047936","","1","0","0","0","0","0","0","0","0","4","0","","02","5","2021","4","40.449249","-79.901434","","11","0","0","1","0","0","0","0","0","","0","0","0","","","1","","1","","40 26:57.297","4","0","79 54:05.161","4","0","0","0","2301","0","0","0","N","0","0","0","5","02301","1","","1.0","1645.0","1","N","N","N","0","","0","0","1","","2","N","","2","1","0","0","0","0","0","2","0","2","","04","","N","","","","","","","","","",""
"2021082046","","1","0","0","0","0","0","0","0","0","7","0","","02","8","2021","3","40.424349","-80.049573","","11","0","0","0","0","0","0","0","0","","0","0","0","","","0","N","0","","40 25:27.657","2","0","80 02:58.463","9","0","0","0","2435","0","0","0","N","0","0","0","2","02435","0","","5.0","1708.0","9","N","N","N","0","","0","0","0","","0","N","","1","0","0","0","0","0","2","2","0","1","","","","N","","","","","","","","","",""
"2021080578","","1","0","0","0","0","0","0","0","0","8","0","","02","8","2021","5","40.618189","-79.945389","","11","0","0","0","0","0","1","0","0","","0","0","0","","","1","N","0","","40 37:05.481","2","0","79 56:43.399","3","0","0","0","2217","1","0","0","N","1","0","0","2","02505","0","","1.0","2154.0","1","N","N","N","0","","1","0","0","","0","N","","2","1","0","0","0","0","0","2","0","1","","","","N","","","","","","","","","",""
"2021087646","","0","0","0","0","0","0","0","0","0","1","0","","02","9","2021","3","40.415212","-80.061044","","11","0","0","0","0","0","0","0","0","","0","0","0","","","0","N","0","","40 24:54.762","","0","80 03:39.760","0","0","0","0","2435","0","0","0","N","0","0","0","2","68B03","0","","1.0","","1","N","N","N","1","","0","0","1","","0","","","2","0","0","0","0","0","0","2","0","2","","","","N","","","","","","","","","",""
"2021054965","","1","0","0","0","0","0","0","0","0","2","0","","02","6","2021","3","40.393049","-80.045701","","11","0","0","0","0","0","0","0","0","","0","0","0","","","1","","2","","40 23:34.978","6","0","80 02:44.522","3","0","0","0","2109","0","0","0","N","0","0","0","2","02422","0","","1.0","100.0","1","N","N","N","0","","1","0","1","","0","Y","","2","1","0","0","0","0","0","2","0","2","","03","","N","","","","","","","","","",""
"2021076531","","0","0","0","0","0","0","0","0","0","5","0","","02","8","2021","7","40.663987","-79.934296","","11","0","0","0","0","1","0","0","0","","0","0","0","","","0","N","1","","40 39:50.354","","0","79 56:03.467","0","0","0","0","2217","0","0","0","N","0","0","0","5","02505","0","","1.0","","1","N","N","N","0","","0","0","2","","2","","","2","0","0","0","0","0","0","2","0","2","","","","N","","","","","","","","","",""