"CRN","ARRIVAL_TM","AUTOMOBILE_COUNT","BELTED_DEATH_COUNT","BELTED_SUSP_SERIOUS_INJ_COUNT","BICYCLE_COUNT","BICYCLE_DEATH_COUNT","BICYCLE_SUSP_SERIOUS_INJ_COUNT","BUS_COUNT","CHLDPAS_DEATH_COUNT","CHLDPAS_SUSP_SERIOUS_INJ_COUNT","COLLISION_TYPE","COMM_VEH_COUNT","CONS_ZONE_SPD_LIM","COUNTY","CRASH_MONTH","CRASH_YEAR","DAY_OF_WEEK","DEC_LATITUDE","DEC_LONGITUDE","DISPATCH_TM","DISTRICT","DRIVER_COUNT_16YR","DRIVER_COUNT_17YR","DRIVER_COUNT_18YR","DRIVER_COUNT_19YR","DRIVER_COUNT_20YR","DRIVER_COUNT_50_64YR","DRIVER_COUNT_65_74YR","DRIVER_COUNT_75PLUS","EST_HRS_CLOSED","FATAL_COUNT","HEAVY_TRUCK_COUNT","HORSE_BUGGY_COUNT","HOUR_OF_DAY","ILLUMINATION","INJURY_COUNT","INTERSECTION_RELATED","INTERSECT_TYPE","LANE_CLOSED","LATITUDE","LN_CLOSE_DIR","LOCATION_TYPE","LONGITUDE","MAX_SEVERITY_LEVEL","MCYCLE_DEATH_COUNT","MCYCLE_SUSP_SERIOUS_INJ_COUNT","MOTORCYCLE_COUNT","MUNICIPALITY","NONMOTR_COUNT","NONMOTR_DEATH_COUNT","NONMOTR_SUSP_SERIOUS_INJ_COUNT","NTFY_HIWY_MAINT","PED_COUNT","PED_DEATH_COUNT","PED_SUSP_SERIOUS_INJ_COUNT","PERSON_COUNT","POLICE_AGCY","POSSIBLE_INJ_COUNT","RDWY_SURF_TYPE_CD","RELATION_TO_ROAD","ROADWAY_CLEARED","ROAD_CONDITION","SCH_BUS_IND","SCH_ZONE_IND","SECONDARY_CRASH","SMALL_TRUCK_COUNT","SPEC_JURIS_CD","SUSP_MINOR_INJ_COUNT","SUSP_SERIOUS_INJ_COUNT","SUV_COUNT","TCD_FUNC_CD","TCD_TYPE","TFC_DETOUR_IND","TIME_OF_DAY","TOTAL_UNITS","TOT_INJ_COUNT","UNBELTED_OCC_COUNT","UNB_DEATH_COUNT","UNB_SUSP_SERIOUS_INJ_COUNT","UNK_INJ_DEG_COUNT","UNK_INJ_PER_COUNT","URBAN_RURAL","VAN_COUNT","VEHICLE_COUNT","WEATHER1","WEATHER2","WORKERS_PRES","WORK_ZONE_IND","WORK_ZONE_LOC","WORK_ZONE_TYPE","WZ_CLOSE_DETOUR","WZ_FLAGGER","WZ_LAW_OFFCR_IND","WZ_LN_CLOSURE","WZ_MOVING","WZ_OTHER","WZ_SHLDER_MDN","WZ_WORKERS_INJ_KILLED"
"2021092394","","0","0","0","0","0","0","0","0","0","4","0","","02","9","2021","6","40.382498","-79.996011","","11","0","0","0","0","0","1","0","0","","0","0","0","","","2","N","1","","40 22:56.992","2","0","79 59:45.638","8","0","0","1","2301","0","0","0","N","0","0","0","3","02301","0","","1.0","2030.0","1","N","N","N","0","","0","0","1","","2","N","","2","2","0","0","0","2","0","2","0","2","","03","","N","","","","","","","","","",""
"2021049164","","1","0","0","0","0","0","0","0","0","0","0","","02","5","2021","7","40.410669","-80.024733","","11","0","0","0","0","0","0","0","0","","0","0","0","","","0","N","3","","40 24:38.410","4","0","80 01:29.040","0","0","0","0","2301","0","0","0","N","0","0","0","1","02301","0","","1.0","2140.0","9","N","N","N","0","","0","0","0","","0","N","","1","0","0","0","0","0","0","2","0","1","","07","","N","","","","","","","","","",""
"2021079620","","0","0","0","0","0","0","0","0","0","1","1","","02","8","2021","5","40.544915","-79.838511","","11","0","0","0","0","0","2","0","0","","0","1","0","","","0","","2","","40 32:41.695","","0","79 50:18.638","0","0","0","0","2208","0","0","0","N","0","0","0","2","02208","0","","1.0","","1","N","N","N","1","","0","0","0","","2","","","2","0","0","0","0","0","0","2","0","2","","03","","N","","","","","","","","","",""
"2021059973","","1","0","0","0","0","0","0","0","0","7","0","","02","6","2021","3","40.344438","-79.88422","","11","0","0","0","0","0","0","0","0","","0","0","0","","","0","","2","","40 20:39.978","","3","79 53:03.191","0","0","0","0","2433","0","0","0","N","0","0","0","1","02433","0","","5.0","","1","N","N","N","0","","0","0","0","","0","N","","1","0","0","0","0","0","0","2","0","1","","03","","N","","","","","","","","","",""
"2021082149","","0","0","0","0","0","0","0","0","0","4","0","","02","7","2021","5","40.45153","-79.826574","","11","0","0","0","0","0","0","0","0","","0","0","0","","","0","N","0","","40 27:05.509","5","0","79 49:35.665","0","0","0","0","2113","0","0","0","N","0","0","0","2","02113","0","","1.0","25.0","1","N","N","N","0","","0","0","2","","0","Y","","2","0","0","0","0","0","0","2","0","2","","","","N","","","","","","","","","",""
"2021077910","","1","0","0","0","0","0","0","0","0","1","1","","02","8","2021","6","40.538078","-79.83956","","11","0","0","0","0","0","0","0","0","","0","1","0","","","0","","1","","40 32:17.081","","0","79 50:22.417","0","0","0","0","2208","0","0","0","N","0","0","0","2","02208","0","","1.0","","1","N","N","N","0","","0","0","0","","2","","","2","0","0","0","0","0","0","2","0","2","","","","N","","","","","","","","","",""
"2021073343","","2","0","0","0","0","0","0","0","0","1","0","","02","8","2021","6","40.373729","-79.844765","","11","0","0","0","0","0","0","1","0","","0","0","0","","","1","","1","","40 22:25.425","1","0","79 50:41.154","4","0","0","0","2303","0","0","0","N","0","0","0","2","02303","1","","1.0","1228.0","1","N","N","N","0","","0","0","0","","0","N","","2","1","0","0","0","0","0","2","0","2","","","","N","","","","","","","","","",""
"2021093121","","0","0","0","0","0","0","0","0","0","1","0","","02","10","2021","6","40.433458","-79.888861","","11","0","0","0","0","0","1","0","0","","0","0","0","","","0","N","0","","40 26:00.450","1","0","79 53:19.900","0","0","0","0","2426","0","0","0","N","0","0","0","2","02426","0","","1.0","1344.0","1","N","N","N","0","","0","0","2","","0","N","","2","0","0","0","0","0","0","2","0","2","","03","","N","","","","","","","","","",""
"2021089491","","2","0","0","0","0","0","0","0","0","4","0","","02","9","2021","4","40.351401","-79.821274","","11","0","0","0","0","0","0","1","0","","0","0","0","","","1","","1","","40 21:05.043","4","0","79 49:16.585","8","0","0","0","2477","0","0","0","Y","0","0","0","2","02477","0","","1.0","1919.0","9","N","N","N","0","","0","0","0","","3","N","","2","1","0","0","0","1","0","2","0","2","","","","N","","","","","","","","","",""
"2021090395","","1","0","0","0","0","0","0","0","0","1","0","","02","9","2021","6","40.581435","-80.082984","","11","0","0","0","0","0","1","1","0","","0","0","0","","","0","N","2","","40 34:53.165","3","0","80 04:58.741","0","0","0","0","2481","0","0","0","N","0","0","0","3","02481","0","","1.0","1743.0","1","N","N","N","1","","0","0","0","","0","N","","2","0","0","0","0","0","0","2","0","2","","","","N","","","","","","","","","",""
"2021093400","","3","0","0","0","0","0","0","0","0","5","0","","02","10","2021","7","40.366292","-79.865181","","11","0","0","0","0","0","0","1","0","","0","0","0","","","0","N","0","","40 21:58.650","5","0","79 51:54.650","0","0","0","0","2473","0","0","0","N","0","0","0","1","02473","0","","1.0","1530.0","1","N","N","Y","0","","0","0","0","","0","Y","","3","0","0","0","0","0","0","2","0","3","","03","","N","","","","","","","","","",""
"2021090168","","3","0","0","0","0","0","0","0","0","1","0","","02","9","2021","6","40.419077","-79.94151","","11","0","0","0","0","0","2","0","0","","0","0","0","","","0","N","0","","40 25:08.678","2","0","79 56:29.436","0","0","0","0","2301","0","0","0","N","0","0","0","3","02301","0","","1.0","1620.0","1","N","N","N","0","","0","0","0","","0","N","","3","0","0","0","0","0","0","2","0","3","","03","","N","","","","","","","","","",""
"2021084671","","0","0","0","0","0","0","0","0","0","4","0","","02","9","2021","4","40.395798","-80.033153","","11","0","0","0","0","0","1","0","0","","0","0","0","","","1","","1","","40 23:44.872","","0","80 01:59.352","8","0","0","0","2301","0","0","0","N","0","0","0","3","02301","0","","1.0","","1","N","N","N","0","","0","0","2","","0","","","2","1","0","0","0","1","0","2","0","2","","03","","N","","","","","","","","","",""
"2021090409","","1","0","0","0","0","0","0","0","0","1","0","","02","9","2021","6","40.648173","-80.075354","","11","0","0","0","0","0","0","0","0","","0","0","0","","","0","N","0","","40 38:53.422","","0","80 04:31.276","0","0","0","0","2212","0","0","0","N","0","0","0","2","02505","0","","1.0","","1","N","N","N","0","","0","0","1","","0","","","2","0","0","0","0","0","0","2","0","2","","03","","N","","","","","","","","","",""
"2021091080","","0","0","0","0","0","0","0","0","0","4","0","","02","9","2021","2","40.628078","-80.023909","","11","0","0","0","0","0","1","0","0","","0","0","0","","","0","N","1","","40 37:41.080","","0","80 01:26.073","0","0","0","0","2216","0","0","0","N","0","0","0","2","02505","0","","1.0","","1","N","N","N","0","","0","0","1","","0","","","2","0","0","0","0","0","0","1","1","2","","03","","N","","","","","","","","","",""
"2021093663","","0","0","0","0","0","0","0","0","0","7","0","","02","10","2021","7","40.492539","-79.897169","","11","0","0","0","0","0","0","0","0","","0","0","0","","","0","N","0","","40 29:33.141","","3","79 53:49.807","0","0","0","0","2401","0","0","0","N","0","0","0","1","68D02","0","","2.0","","1","N","N","N","0","","0","0","1","","0","","","2","0","0","0","0","0","0","2","0","1","","","","N","","","","","","","","","",""
"2021062242","","1","0","0","0","0","0","0","0","0","7","0","","02","7","2021","6","40.481417","-79.919278","","11","0","0","0","0","0","0","0","0","","0","0","0","","","1","N","0","","40 28:53.100","5","0","79 55:09.400","3","0","0","0","2301","0","0","0","N","0","0","0","1","02301","0","","5.0","1230.0","1","N","N","N","0","","1","0","0","","0","Y","","1","1","0","0","0","0","0","2","0","1","","03","","N","","","","","","","","","",""
"2021092851","","0","0","0","0","0","0","0","0","0","4","0","","02","10","2021","6","40.417799","-80.218507","","11","0","0","0","0","0","1","0","0","","0","0","0","","","0","","2","","40 25:04.077","3","0","80 13:06.624","0","0","0","0","2214","0","0","0","N","0","0","0","5","02214","0","","1.0","1818.0","1","N","N","N","0","","0","0","2","","3","N","","2","0","0","0","0","0","0","2","0","2","","","","N","","","","","","","","","",""
"2021093185","","1","0","0","0","0","0","0","0","0","7","0","","02","9","2021","7","40.439375","-80.010456","","11","0","0","0","0","0","0","0","0","","0","0","0","","","1","N","0","","40 26:21.751","","0","80 00:37.643","8","0","0","0","2301","0","0","0","N","0","0","0","1","68B03","0","","4.0","","1","N","N","N","0","","0","0","0","","0","","","1","1","0","0","0","1","0","2","0","1","","03","","N","","","","","","","","","",""
"2021060824","","1","0","0","0","0","0","0","0","0","7","0","","02","6","2021","4","40.396778","-80.007694","","11","1","0","0","0","0","0","0","0","","0","0","0","","","0","Y","0","","40 23:48.400","","0","80 00:27.700","0","0","0","0","2301","0","0","0","N","0","0","0","2","02301","0","","4.0","","9","N","N","N","0","","0","0","0","","0","","","1","0","1","0","0","0","0","2","0","1","","","","N","","","","","","","","","",""
"2021091850","","2","0","0","0","0","0","0","0","0","4","0","","02","9","2021","4","40.456982","-79.898914","","11","0","0","0","0","0","0","0","0","","0","0","0","","","0","N","1","","40 27:25.136","","0","79 53:56.091","0","0","0","0","2301","0","0","0","N","0","0","0","2","02301","0","","1.0","","1","N","N","N","0","","0","0","0","","2","N","","2","0","1","0","0","0","0","2","0","2","","03","","N","","","","","","","","","",""
"2021085105","","1","0","0","0","0","0","0","0","0","7","0","","02","9","2021","3","40.441568","-80.196586","","11","0","0","0","0","0","0","0","0","","0","0","0","","","0","N","0","","40 26:29.645","4","0","80 11:47.709","0","0","0","0","2214","0","0","0","N","0","0","0","1","02214","0","","5.0","519.0","1","N","N","N","0","","0","0","0","","0","N","","1","0","0","0","0","0","0","2","0","1","","","","N","","","","","","","","","",""
"2021085833","","1","0","0","0","0","0","0","0","0","5","0","","02","9","2021","3","40.380966","-80.044413","","11","0","0","0","0","0","0","0","0","","0","0","0","","","0","N","0","","40 22:51.478","","0","80 02:39.887","0","0","0","0","2109","0","0","0","N","0","0","0","1","02109","0","","6.0","","1","N","N","N","0","","0","0","1","","0","","","2","0","0","0","0","0","0","2","0","2","","","","N","","","","","","","","","",""
"2021088086","","0","0","0","0","0","0","0","0","0","7","0","","02","9","2021","7","40.463277","-80.032139","","11","0","0","0","0","0","0","0","0","","0","0","0","","","0","N","0","","40 27:47.797","2","0","80 01:55.702","0","0","0","0","2301","0","0","0","N","0","0","0","1","02301","0","","1.0","2130.0","1","N","N","N","0","","0","0","1","","0","N","","1","0","0","0","0","0","0","2","0","1","","03","","N","","","","","","","","","",""
"2021085742","","1","0","0","0","0","0","0","0","0","4","0","","02","9","2021","4","40.438106","-79.960787","","11","0","0","0","0","1","0","0","0","","0","0","0","","","1","","2","","40 26:17.180","","0","79 57:38.834","3","0","0","0","2301","0","0","0","N","0","0","0","2","02301","0","","1.0","","1","N","N","N","0","","1","0","1","","0","","","2","1","0","0","0","0","0","2","0","2","","","","N","","","","","","","","","",""
"2021092936","","3","0","0","0","0","0","0","0","0","4","0","","02","9","2021","1","40.289766","-79.95809","","11","0","0","0","0","0","0","0","0","","0","0","0","","","0","N","0","","40 17:23.159","5","0","79 57:29.123","0","0","0","0","2440","0","0","0","N","0","0","0","1","02440","0","","5.0","1700.0","1","N","N","N","0","","0","0","0","","0","Y","","3","0","0","0","0","0","0","2","0","3","","03","","N","","","","","","","","","",""
"2021061455","","2","0","0","0","0","0","0","0","0","5","0","","02","7","2021","6","40.402362","-80.000852","","11","0","0","0","0","0","0","1","0","","0","0","0","","","0","N","0","","40 24:08.504","","0","80 00:03.066","0","0","0","0","2301","0","0","0","N","0","0","0","3","02301","0","","1.0","","1","N","N","Y","0","","0","0","1","","0","","","3","0","0","0","0","0","0","2","0","3","","03","","N","","","","","","","","","",""
"2021056746","","0","0","0","0","0","0","0","0","0","1","0","","02","6","2021","3","40.480209","-79.965502","","11","0","0","0","0","0","1","0","0","","0","0","0","","","0","N","0","","40 28:48.752","","0","79 57:55.807","0","0","0","0","2118","0","0","0","N","0","0","0","2","02118","0","","1.0","","1","N","N","N","1","","0","0","1","","0","","","2","0","0","0","0","0","0","2","0","2","","03","","N","","","","","","","","","",""
"2021089768","","2","0","0","0","0","0","0","0","0","4","0","","02","9","2021","5","40.421166","-79.846358","","11","0","0","0","0","0","0","0","0","","0","0","0","","","2","","2","","40 25:16.197","7","0","79 50:46.888","3","0","0","0","2431","0","0","0","N","0","0","0","2","02431","0","","1.0","1452.0","1","N","N","N","0","","2","0","0","","3","N","","2","2","0","0","0","0","0","2","0","2","","","","N","","","","","","","","","",""
"2021088525","","2","0","0","0","0","0","0","0","0","2","0","","02","9","2021","2","40.492394","-80.0198","","11","0","0","0","0","0","0","0","0","","0","0","0","","","0","","2","","40 29:32.619","","0","80 01:11.280","0","0","0","0","2301","0","0","0","N","0","0","0","2","02301","0","","1.0","","1","N","N","N","0","","0","0","0","","3","","","2","0","0","0","0","0","0","2","0","2","","","","N","","","","","","","","","",""
"2021085139","","0","0","0","0","0","0","0","0","0","8","0","","02","9","2021","5","40.441113","-79.957568","","11","0","0","0","0","0","1","0","0","","0","0","0","","","1","","2","","40 26:28.007","3","0","79 57:27.246","3","0","0","0","2301","1","0","0","N","1","0","0","3","02301","0","","1.0","700.0","1","N","N","N","1","","1","0","1","","2","N","","3","1","0","0","0","0","0","2","0","2","","03","","N","","","","","","","","","",""
"2021064159","","0","0","0","0","0","0","0","0","0","7","0","","02","7","2021","6","40.377558","-79.813651","","11","0","0","0","0","0","0","0","0","","0","0","0","","","2","","2","","40 22:39.207","1","0","79 48:49.142","3","0","0","0","2424","0","0","0","N","0","0","0","2","02424","0","","5.0","1930.0","1","N","N","N","0","","2","0","1","","0","Y","","1","2","0","0","0","0","0","2","0","1","","","","N","","","","","","","","","",""
"2021059527","","0","0","0","0","0","0","0","0","0","0","0","","02","6","2021","1","40.585608","-80.052429","","11","0","0","0","0","0","0","0","0","","0","0","0","","","1","","2","","40 35:08.188","","0","80 03:08.744","8","0","0","1","2108","0","0","0","N","0","0","0","1","02108","0","","2.0","","1","","","N","0","","0","0","0","","3","","","1","1","0","0","0","1","0","2","0","1","","","","N","","","","","","","","","",""
"2021090408","","2","0","0","0","0","0","0","0","0","1","0","","02","9","2021","6","40.629324","-80.056542","","11","0","0","0","0","0","1","0","0","","0","0","0","","","0","N","2","","40 37:45.567","","0","80 03:23.551","0","0","0","0","2216","0","0","0","N","0","0","0","2","02505","0","","1.0","","1","N","N","N","0","","0","0","0","","3","","","2","0","1","0","0","0","0","2","0","2","","03","","N","","","","","","","","","",""
"2021085436","","4","0","0","0","0","0","0","0","0","2","0","","02","9","2021","7","40.447573","-80.020979","","11","0","0","0","0","0","2","0","0","","0","0","0","","","0","N","1","","40 26:51.262","1","0","80 01:15.526","9","0","0","0","2301","0","0","0","N","0","0","0","7","02301","0","","1.0","50.0","1","N","N","N","0","","0","0","0","","2","Y","","4","0","0","0","0","0","1","2","0","4","","03","","N","","","","","","","","","",""
"2021086970","","1","0","0","0","0","0","0","0","0","7","0","","02","8","2021","4","40.425668","-79.903033","","11","0","0","0","0","0","0","0","0","","0","0","0","","","0","N","0","","40 25:32.403","3","0","79 54:10.917","0","0","0","0","2301","0","0","0","Y","0","0","0","1","68B03","0","","3.0","130.0","9","N","N","N","0","","0","0","0","","0","N","","1","0","0","0","0","0","0","2","0","1","","","","N","","","","","","","","","",""
"2021059971","","0","0","0","0","0","0","0","0","0","1","0","","02","6","2021","3","40.459361","-79.994861","","11","0","0","0","0","0","0","0","1","","0","0","0","","","0","N","0","","40 27:33.700","","0","79 59:41.500","9","0","0","0","2301","0","0","0","N","0","0","0","2","02301","0","","6.0","","1","N","N","N","1","","0","0","1","","0","N","","2","0","0","0","0","0","1","2","0","2","","","","N","","","","","","","","","",""
"2021055054","","1","0","0","0","0","0","0","0","0","4","0","","02","6","2021","2","40.456922","-79.894133","","11","0","0","0","0","0","1","0","0","","0","0","0","","","2","N","1","","40 27:24.919","","0","79 53:38.878","3","0","0","0","2301","0","0","0","N","0","0","0","2","02301","1","","1.0","","1","N","N","N","0","","1","0","0","","3","","","2","2","0","0","0","0","0","2","1","2","","03","","N","","","","","","","","","",""
"2021091012","","1","0","0","0","0","0","0","0","0","7","0","","02","8","2021","3","40.553499","-80.086192","","11","0","0","0","0","0","0","0","0","","0","0","0","","","0","N","0","","40 33:12.595","","0","80 05:10.291","0","0","0","0","2215","0","0","0","Y","0","0","0","1","68B03","0","","2.0","","9","N","N","N","0","","0","0","0","","0","","","1","0","0","0","0","0","0","2","0","1","","","","N","","","","","","","","","",""
"2021084512","","1","0","0","0","0","0","0","0","0","4","0","","02","9","2021","3","40.417426","-79.972922","","11","0","0","0","0","0","1","0","0","","0","0","0","","","0","N","1","","40 25:02.733","","0","79 58:22.519","0","0","0","0","2301","0","0","0","N","0","0","0","3","02301","0","","1.0","","1","N","N","N","0","","0","0","1","","0","","","2","0","0","0","0","0","0","2","0","2","","03","","N","","","","","","","","","",""
"2021084923","","1","0","0","0","0","0","1","0","0","4","1","","02","9","2021","4","40.394542","-79.879508","","11","0","0","0","0","0","0","0","2","","0","0","0","","","1","","1","","40 23:40.352","1","0","79 52:46.230","8","0","0","0","2473","0","0","0","N","0","0","0","3","02473","0","","1.0","1655.0","1","Y","N","N","0","","0","0","0","","3","N","","2","1","0","0","0","1","0","2","0","2","","","","N","","","","","","","","","",""
"2021060053","","2","0","0","0","0","0","0","0","0","4","0","","02","6","2021","3","40.454326","-79.947916","","11","0","0","0","0","0","0","0","1","","0","0","0","","","0","N","0","","40 27:15.573","","7","79 56:52.498","0","0","0","0","2301","0","0","0","N","0","0","0","2","02301","0","","1.0","","1","N","N","N","0","","0","0","0","","0","","","2","0","0","0","0","0","0","2","0","2","","","","N","","","","","","","","","",""
"2021089242","","0","0","0","0","0","0","0","0","0","0","1","","02","9","2021","4","40.466366","-79.770506","","11","0","0","0","0","0","0","0","0","","0","1","0","","","0","N","0","","40 27:58.917","","0","79 46:13.823","0","0","0","0","2466","0","0","0","N","0","0","0","1","02466","0","","5.0","","9","N","N","N","0","","0","0","0","","0","","","1","0","0","0","0","0","0","2","0","1","","98","","N","","","","","","","","","",""
"2021084774","","1","0","0","0","0","0","0","0","0","5","1","","02","9","2021","5","40.454583","-79.994521","","11","0","0","0","0","0","1","0","0","","0","1","0","","","0","N","3","","40 27:16.497","","2","79 59:40.277","0","0","0","0","2301","0","0","0","N","0","0","0","2","02301","0","","1.0","","1","N","N","N","0","","0","0","0","","0","","","2","0","1","0","0","0","0","2","0","2","","03","","N","","","","","","","","","",""
"2021090751","","1","0","0","0","0","0","0","0","0","8","0","","02","9","2021","5","40.434081","-79.732553","","11","0","0","0","0","0","1","0","0","","1","0","0","","","0","N","2","","40 26:02.693","3","0","79 43:57.191","1","0","0","0","2446","1","1","0","N","1","1","0","3","02446","0","2","1.0","53.0","1","N","N","N","0","0","0","0","1","","2","Y","","3","0","0","0","0","0","0","2","0","2","","03","","N","","","","","","","","","",""
"2021088146","","2","0","1","0","0","0","0","0","0","2","0","","02","9","2021","1","40.456469","-79.896671","","11","0","0","0","0","0","0","0","0","","0","0","0","","","1","N","1","","40 27:23.287","","0","79 53:48.017","2","0","0","0","2301","0","0","0","N","0","0","0","2","02301","0","","1.0","","1","N","N","N","0","","0","1","0","","2","","","2","1","0","0","0","0","1","2","0","2","","03","","N","","","","","","","","","",""
"2021054981","","2","0","0","0","0","0","0","0","0","1","0","","02","6","2021","3","40.425503","-79.964604","","11","0","0","0","0","0","1","0","0","","0","0","0","","","0","N","0","","40 25:31.812","","0","79 57:52.573","0","0","0","0","2301","0","0","0","N","0","0","0","1","02301","0","","4.0","","1","N","N","N","0","","0","0","0","","0","","","2","0","0","0","0","0","0","2","0","2","","03","","N","","","","","","","","","",""
"2021085306","","2","0","0","0","0","0","0","0","0","1","0","","02","8","2021","1","40.501904","-80.076313","","11","0","0","0","0","0","0","0","0","","0","0","0","","","0","N","5","","40 30:06.855","","0","80 04:34.727","0","0","0","0","2405","0","0","0","N","0","0","0","3","02215","0","","1.0","","9","N","N","N","0","","0","0","0","","0","N","","2","0","0","0","0","0","0","2","0","2","","03","","N","","","","","","","","","",""
"2021062248","","2","0","0","0","0","0","0","0","0","4","0","","02","7","2021","6","40.365274","-80.108357","","11","0","0","1","1","0","0","0","0","","0","0","0","","","0","","2","","40 21:54.987","2","7","80 06:30.084","0","0","0","0","2102","0","0","0","N","0","0","0","2","02102","0","","1.0","1315.0","1","N","N","N","0","","0","0","0","","2","N","","2","0","0","0","0","0","0","2","0","2","","","","N","","","","","","","","","",""
"2021087531","","1","0","0","0","0","0","0","0","0","7","0","","02","9","2021","3","40.321451","-80.028896","","11","0","0","0","0","0","0","0","0","","0","0","0","","","0","N","0","","40 19:17.223","1","0","80 01:44.024","0","0","0","0","2407","0","0","0","N","0","0","0","1","02407","0","","2.0","1535.0","1","N","N","N","0","","0","0","0","","0","N","","1","0","0","0","0","0","0","2","0","1","","03","","N","","","","","","","","","",""
"2021088416","","0","0","0","0","0","0","0","0","0","2","0","","02","9","2021","2","40.425765","-80.01976","","11","0","0","0","0","0","0","0","0","","0","0","0","","","0","","1","","40 25:32.754","3","0","80 01:11.135","0","0","0","0","2301","0","0","0","N","0","0","0","4","02301","0","","1.0","845.0","1","N","N","N","0","","0","0","2","","0","N","","2","0","0","0","0","0","0","2","0","2","","03","","N","","","","","","","","","",""
"2021055074","","0","0","0","0","0","0","0","0","0","2","0","","02","6","2021","7","40.407229","-79.889881","","11","0","0","0","0","0","1","0","0","","0","0","0","","","2","N","0","","40 24:26.023","1","0","79 53:23.570","3","0","0","0","2448","0","0","0","N","0","0","0","6","02448","1","","1.0","1430.0","1","N","N","Y","0","","1","0","3","","2","Y","","4","2","0","0","0","0","1","2","1","4","","","","N","","","","","","","","","",""
"2021062025","","0","0","0","0","0","0","0","0","0","4","0","","02","6","2021","4","40.298293","-80.046863","","11","0","0","0","1","0","0","0","0","","0","0","0","","","1","","3","","40 17:53.855","1","0","80 02:48.705","3","0","0","0","2407","0","0","0","N","0","0","0","3","02407","0","","1.0","1646.0","9","N","N","N","1","","1","0","1","","3","N","","2","1","1","0","0","0","0","2","0","2","","","","N","","","","","","","","","",""
"2021062807","","1","0","0","0","0","0","0","0","0","7","0","","02","6","2021","2","40.509213","-80.202398","","11","0","0","0","0","0","0","0","0","","0","0","0","","","1","","3","","40 30:33.165","","0","80 12:08.631","3","0","0","0","2213","0","0","0","N","0","0","0","1","02213","0","","4.0","","1","N","N","N","0","","1","0","0","","0","","","1","1","0","0","0","0","0","2","0","1","","","","N","","","","","","","","","",""
"2021060782","","0","0","0","0","0","0","0","0","0","4","0","","02","6","2021","3","40.359552","-79.981903","","11","0","0","0","0","0","0","0","0","","0","0","0","","","2","","1","","40 21:34.388","5","0","79 58:54.850","3","0","0","0","2476","0","0","0","N","0","0","0","6","02476","0","","1.0","1656.0","1","N","N","N","0","","1","0","1","","3","N","","2","2","0","0","0","1","0","2","1","2","","","","N","","","","","","","","","",""
"2021072346","","1","0","1","0","0","0","0","0","0","2","0","","02","8","2021","4","40.513392","-80.136587","","11","0","0","0","0","0","0","1","0","","0","0","0","","","1","","2","","40 30:48.211","","0","80 08:11.713","2","0","0","0","2110","0","0","0","N","0","0","0","4","02215","0","","1.0","","1","N","N","N","0","","0","1","1","","0","","","2","1","0","0","0","0","0","2","0","2","","03","","N","","","","","","","","","",""
"2021059497","","1","0","0","0","0","0","0","0","0","4","0","","02","6","2021","1","40.471019","-80.008611","","11","0","0","0","0","0","0","1","0","","0","0","0","","","0","N","1","","40 28:15.669","5","0","80 00:30.998","0","0","0","1","2301","0","0","0","N","0","0","0","3","02301","0","","1.0","2002.0","1","N","N","Y","0","","0","0","0","","2","Y","","2","0","0","0","0","0","0","2","0","2","","","","N","","","","","","","","","",""
"2021090537","","1","0","0","0","0","0","0","0","0","1","0","","02","9","2021","7","40.329999","-79.989058","","11","0","0","0","0","0","0","0","0","","0","0","0","","","1","N","0","","40 19:47.997","","0","79 59:20.609","4","0","0","0","2219","0","0","0","N","0","0","0","4","02219","1","","1.0","","1","N","N","N","0","","0","0","1","","0","","","2","1","0","0","0","0","0","2","0","2","","03","","N","","","","","","","","","",""
"2021083426","","0","0","0","0","0","0","0","0","0","6","1","","02","9","2021","7","40.50369","-80.065767","","11","0","0","0","0","0","0","0","1","","0","1","0","","","1","N","0","","40 30:13.284","5","7","80 03:56.762","4","0","0","0","2402","0","0","0","N","0","0","0","1","02402","1","","6.0","1217.0","1","N","N","N","0","","0","0","1","","0","Y","","2","1","0","0","0","0","0","2","0","2","","","","N","","","","","","","","","",""
"2021091154","","1","0","0","0","0","0","0","0","0","1","0","","02","9","2021","7","40.356942","-80.120299","","11","0","1","1","0","0","0","0","0","","0","0","0","","","1","","1","","40 21:24.990","","0","80 07:13.076","3","0","0","0","2119","0","0","0","N","0","0","0","7","02119","0","","1.0","","1","N","N","N","0","","1","0","2","","2","","","3","1","0","0","0","0","0","2","0","3","","03","","N","","","","","","","","","",""
"2021061596","","0","0","0","0","0","0","0","0","0","7","0","","02","6","2021","4","40.412593","-79.836676","","11","0","0","0","0","0","0","1","0","","0","0","0","","","0","N","2","","40 24:45.334","3","0","79 50:12.033","0","0","0","0","2417","0","0","0","N","0","0","0","2","02431","0","","5.0","1120.0","1","N","N","N","0","","0","0","1","","3","N","","1","0","0","0","0","0","0","2","0","1","","","","N","","","","","","","","","",""
"2021091013","","0","0","0","0","0","0","0","0","0","1","0","","02","8","2021","3","40.425919","-79.912774","","11","0","0","0","0","0","2","0","0","","0","0","0","","","0","N","0","","40 25:33.308","","4","79 54:45.985","0","0","0","0","2301","0","0","0","N","0","0","0","3","68B03","0","","1.0","","9","N","N","N","0","","0","0","1","","0","","","3","0","0","0","0","0","0","2","2","3","","07","","N","","","","","","","","","",""