"CRN","ARRIVAL_TM","AUTOMOBILE_COUNT","BELTED_DEATH_COUNT","BELTED_SUSP_SERIOUS_INJ_COUNT","BICYCLE_COUNT","BICYCLE_DEATH_COUNT","BICYCLE_SUSP_SERIOUS_INJ_COUNT","BUS_COUNT","CHLDPAS_DEATH_COUNT","CHLDPAS_SUSP_SERIOUS_INJ_COUNT","COLLISION_TYPE","COMM_VEH_COUNT","CONS_ZONE_SPD_LIM","COUNTY","CRASH_MONTH","CRASH_YEAR","DAY_OF_WEEK","DEC_LATITUDE","DEC_LONGITUDE","DISPATCH_TM","DISTRICT","DRIVER_COUNT_16YR","DRIVER_COUNT_17YR","DRIVER_COUNT_18YR","DRIVER_COUNT_19YR","DRIVER_COUNT_20YR","DRIVER_COUNT_50_64YR","DRIVER_COUNT_65_74YR","DRIVER_COUNT_75PLUS","EST_HRS_CLOSED","FATAL_COUNT","HEAVY_TRUCK_COUNT","HORSE_BUGGY_COUNT","HOUR_OF_DAY","ILLUMINATION","INJURY_COUNT","INTERSECTION_RELATED","INTERSECT_TYPE","LANE_CLOSED","LATITUDE","LN_CLOSE_DIR","LOCATION_TYPE","LONGITUDE","MAX_SEVERITY_LEVEL","MCYCLE_DEATH_COUNT","MCYCLE_SUSP_SERIOUS_INJ_COUNT","MOTORCYCLE_COUNT","MUNICIPALITY","NONMOTR_COUNT","NONMOTR_DEATH_COUNT","NONMOTR_SUSP_SERIOUS_INJ_COUNT","NTFY_HIWY_MAINT","PED_COUNT","PED_DEATH_COUNT","PED_SUSP_SERIOUS_INJ_COUNT","PERSON_COUNT","POLICE_AGCY","POSSIBLE_INJ_COUNT","RDWY_SURF_TYPE_CD","RELATION_TO_ROAD","ROADWAY_CLEARED","ROAD_CONDITION","SCH_BUS_IND","SCH_ZONE_IND","SECONDARY_CRASH","SMALL_TRUCK_COUNT","SPEC_JURIS_CD","SUSP_MINOR_INJ_COUNT","SUSP_SERIOUS_INJ_COUNT","SUV_COUNT","TCD_FUNC_CD","TCD_TYPE","TFC_DETOUR_IND","TIME_OF_DAY","TOTAL_UNITS","TOT_INJ_COUNT","UNBELTED_OCC_COUNT","UNB_DEATH_COUNT","UNB_SUSP_SERIOUS_INJ_COUNT","UNK_INJ_DEG_COUNT","UNK_INJ_PER_COUNT","URBAN_RURAL","VAN_COUNT","VEHICLE_COUNT","WEATHER1","WEATHER2","WORKERS_PRES","WORK_ZONE_IND","WORK_ZONE_LOC","WORK_ZONE_TYPE","WZ_CLOSE_DETOUR","WZ_FLAGGER","WZ_LAW_OFFCR_IND","WZ_LN_CLOSURE","WZ_MOVING","WZ_OTHER","WZ_SHLDER_MDN","WZ_WORKERS_INJ_KILLED"
"2021092309","","2","0","0","0","0","0","0","0","0","4","0","","02","9","2021","2","40.347644","-79.951869","","11","0","0","0","0","0","2","0","0","","0","0","0","","","2","","1","","40 20:51.517","","0","79 57:06.728","8","0","0","0","2473","0","0","0","N","0","0","0","2","02473","0","","1.0","","1","N","N","N","0","","0","0","0","","2","","","2","2","0","0","0","2","0","2","0","2","","03","","N","","","","","","","","","",""
"2021057921","","1","0","0","0","0","0","0","0","0","1","0","","02","6","2021","3","40.404948","-79.867692","","11","0","0","0","0","0","0","0","0","","0","0","0","","","0","","2","","40 24:17.812","","0","79 52:03.691","0","0","0","0","2410","0","0","0","N","0","0","0","1","02410","0","","4.0","","1","N","N","N","0","","0","0","1","","0","","","2","0","0","0","0","0","0","2","0","2","","","","N","","","","","","","","","",""
"2021052877","","1","0","0","0","0","0","0","0","0","4","0","","02","6","2021","4","40.487747","-79.880993","","11","0","0","0","0","0","1","0","1","","0","0","0","","","1","N","0","","40 29:15.889","","7","79 52:51.575","4","0","0","0","2112","0","0","0","N","0","0","0","2","02112","1","","1.0","","1","N","N","N","0","","0","0","1","","0","","","2","1","0","0","0","0","0","2","0","2","","03","","N","","","","","","","","","",""
"2021040837","","1","0","0","0","0","0","0","0","0","4","0","","02","5","2021","4","40.405678","-79.823707","","11","0","0","0","0","0","0","0","0","","0","0","0","","","0","","1","","40 24:20.441","4","0","79 49:25.345","0","0","0","0","2467","0","0","0","N","0","0","0","2","02467","0","","1.0","1734.0","1","N","N","N","0","","0","0","1","","2","N","","2","0","0","0","0","0","0","2","0","2","","","","N","","","","","","","","","",""
"2021049227","","0","0","0","0","0","0","1","0","0","4","1","","02","5","2021","7","40.442934","-79.997995","","11","0","0","0","0","0","1","0","0","","0","0","0","","","1","","2","","40 26:34.563","3","0","79 59:52.783","3","0","0","0","2301","0","0","0","N","0","0","0","3","02503","0","","1.0","1232.0","9","N","N","N","0","","1","0","1","","2","N","","2","1","0","0","0","0","0","2","0","2","","07","","N","","","","","","","","","",""
"2021060870","","2","0","0","0","0","0","0","0","0","4","0","","02","7","2021","5","40.446722","-79.895361","","11","0","0","0","0","0","0","0","0","","0","0","0","","","1","N","0","","40 26:48.200","6","7","79 53:43.300","3","0","0","0","2301","0","0","0","N","0","0","0","2","02301","0","","1.0","1300.0","9","N","N","N","0","","1","0","0","","0","Y","","2","1","0","0","0","0","0","2","0","2","","07","","N","","","","","","","","","",""
"2021092424","","0","0","0","0","0","0","0","0","0","1","0","","02","9","2021","4","40.419706","-79.850146","","11","0","0","0","0","0","2","0","0","","0","0","0","","","1","","2","","40 25:10.941","3","0","79 51:00.525","8","0","0","1","2431","0","0","0","N","0","0","0","2","02431","0","","1.0","2040.0","1","N","N","N","0","","0","0","1","","2","N","","2","1","0","0","0","1","0","2","0","2","","03","","N","","","","","","","","","",""
"2021060645","","1","0","0","0","0","0","0","0","0","7","0","","02","6","2021","4","40.399635","-79.935798","","11","0","0","0","0","0","0","0","0","","0","0","0","","","1","N","0","","40 23:58.685","2","3","79 56:08.873","8","0","0","0","2301","0","0","0","N","0","0","0","4","02301","0","","3.0","1800.0","9","N","N","N","0","","0","0","0","","0","N","","1","1","0","0","0","1","0","2","0","1","","","","N","","","","","","","","","",""
"2021082895","","1","0","0","0","0","0","0","0","0","8","0","","02","9","2021","5","40.414407","-79.98806","","11","0","0","0","0","0","0","0","0","","0","0","0","","","1","","5","","40 24:51.865","","0","79 59:17.015","2","0","0","0","2301","1","0","1","N","1","0","1","2","02301","0","","1.0","","1","N","N","N","0","","0","1","0","","2","","","2","1","0","0","0","0","1","2","0","1","","03","","N","","","","","","","","","",""
"2021053941","","2","0","0","0","0","0","0","0","0","1","0","","02","6","2021","6","40.357104","-80.120354","","11","0","1","0","0","0","1","0","0","","0","0","0","","","1","","2","","40 21:25.576","","0","80 07:13.276","8","0","0","0","2119","0","0","0","N","0","0","0","3","02119","0","","1.0","","1","N","N","N","0","","0","0","0","","2","","","2","1","0","0","0","1","0","2","0","2","","","","N","","","","","","","","","",""
"2021055394","","1","0","0","0","0","0","0","0","0","7","0","","02","5","2021","5","40.364373","-79.786406","","11","0","0","0","0","0","0","0","0","","0","0","0","","","1","N","0","","40 21:51.742","","0","79 47:11.061","3","0","0","0","2111","0","0","0","N","0","0","0","1","02111","0","","4.0","","1","N","Y","N","0","","1","0","0","","0","","","1","1","0","0","0","0","0","2","0","1","","03","","N","","","","","","","","","",""
"2021091210","","0","0","0","0","0","0","0","0","0","1","1","45","02","9","2021","2","40.422745","-80.101888","","11","0","0","0","0","0","1","0","0","","0","1","0","","","0","N","0","","40 25:21.882","4","0","80 06:06.795","0","0","0","0","2115","0","0","0","N","0","0","0","2","68B03","0","","1.0","200.0","1","N","N","N","1","","0","0","0","","0","N","","2","0","0","0","0","0","0","2","0","2","","03","Y","Y","4","2","N","N","N","Y","N","N","N","N"
"2021041179","","1","0","0","0","0","0","0","0","0","7","0","","02","5","2021","6","40.352523","-79.842451","","11","0","0","0","0","0","0","0","0","","0","0","0","","","2","N","1","","40 21:09.083","3","0","79 50:32.823","4","0","0","0","2304","0","0","0","N","0","0","0","2","02304","2","","4.0","1922.0","1","N","N","N","0","","0","0","0","","2","N","","1","2","0","0","0","0","0","2","0","1","","03","","N","","","","","","","","","",""
"2021063667","","3","0","0","0","0","0","0","0","0","5","0","","02","7","2021","6","40.421283","-79.890026","","11","0","0","0","0","0","0","0","0","","0","0","0","","","2","N","0","","40 25:16.617","","0","79 53:24.095","3","0","0","1","2463","2","0","0","N","2","0","0","3","02463","1","","2.0","","1","N","N","N","1","","1","0","0","","0","N","","7","2","0","0","0","0","0","2","0","5","","03","","N","","","","","","","","","",""
"2021092431","","0","0","0","0","0","0","0","0","0","4","0","","02","9","2021","5","40.318453","-80.080058","","11","0","0","0","0","0","0","1","0","","0","0","0","","","1","","2","","40 19:06.430","4","0","80 04:48.208","3","0","0","0","2123","0","0","0","N","0","0","0","2","02123","0","","1.0","853.0","1","N","N","N","0","","1","0","2","","0","N","","2","1","0","0","0","0","0","2","0","2","","03","","N","","","","","","","","","",""
"2021059683","","1","0","0","0","0","0","0","0","0","5","0","","02","6","2021","2","40.438484","-79.993921","","11","0","0","0","1","0","0","0","0","","0","0","0","","","1","","6","","40 26:18.544","1","8","79 59:38.116","8","0","0","0","2301","0","0","0","N","0","0","0","3","02301","0","","1.0","1345.0","1","N","N","N","0","","0","0","1","","0","Y","","2","1","0","0","0","1","0","2","0","2","","","","N","","","","","","","","","",""
"2021040783","","1","0","0","0","0","0","0","0","0","1","0","","02","5","2021","5","40.333101","-79.844607","","11","0","0","0","0","0","0","0","0","","0","0","0","","","0","N","0","","40 19:59.164","","0","79 50:40.584","0","0","0","0","2304","0","0","0","N","0","0","0","1","02304","0","","1.0","","1","N","N","Y","0","","0","0","1","","0","","","3","0","0","0","0","0","0","2","1","3","","03","","N","","","","","","","","","",""
"2021074374","","1","0","0","0","0","0","0","0","0","5","0","","02","7","2021","5","40.42585","-79.912313","","11","0","0","0","0","0","0","0","0","","0","0","0","","","0","N","0","","40 25:33.061","","4","79 54:44.328","0","0","0","0","2301","0","0","0","N","0","0","0","3","68B03","0","","1.0","","1","N","N","N","0","","0","0","1","","0","","","2","0","1","0","0","0","0","2","0","2","","","","N","","","","","","","","","",""
"2021082558","","1","0","0","0","0","0","0","0","0","6","0","","02","9","2021","4","40.535831","-79.990799","","11","1","0","0","0","0","0","1","0","","0","0","0","","","0","N","0","","40 32:08.991","5","0","79 59:26.876","0","0","0","0","2116","0","0","0","N","0","0","0","2","02116","0","","1.0","1500.0","9","N","N","Y","0","","0","0","1","","0","N","","2","0","0","0","0","0","0","2","0","2","","04","","N","","","","","","","","","",""
"2021093486","","0","0","0","0","0","0","0","0","0","7","0","","02","10","2021","2","40.489799","-79.795931","","11","0","0","0","0","0","1","0","0","","0","0","0","","","1","N","0","","40 29:23.275","4","0","79 47:45.353","8","0","0","0","2113","0","0","0","N","0","0","0","2","02113","0","","5.0","116.0","9","N","N","N","0","","0","0","1","","0","N","","1","1","0","0","0","1","0","2","0","1","","","","N","","","","","","","","","",""
"2021061284","","1","0","0","0","0","0","0","0","0","1","0","","02","7","2021","6","40.652962","-79.791432","","11","0","0","0","0","0","0","1","0","","0","0","0","","","1","Y","0","","40 39:10.662","3","0","79 47:29.154","4","0","0","0","2202","0","0","0","N","0","0","0","2","02202","1","","1.0","1230.0","1","N","N","N","1","","0","0","0","","0","N","","2","1","0","0","0","0","0","1","0","2","","03","","N","","","","","","","","","",""
"2021091348","","2","0","0","0","0","0","0","0","0","4","0","","02","9","2021","6","40.377494","-79.813681","","11","0","0","0","0","0","0","0","1","","0","0","0","","","0","N","2","","40 22:38.978","","0","79 48:49.253","0","0","0","0","2111","0","0","0","N","0","0","0","3","02111","0","","1.0","","1","N","N","N","0","","0","0","0","","3","","","2","0","0","0","0","0","0","2","0","2","","03","","N","","","","","","","","","",""
"2021061276","","0","0","0","0","0","0","0","0","0","4","0","","02","6","2021","2","40.430357","-79.998497","","11","0","0","0","0","0","0","1","0","","0","0","0","","","0","N","0","","40 25:49.284","2","0","79 59:54.589","9","0","0","0","2301","0","0","0","N","0","0","0","2","02301","0","","1.0","2300.0","1","N","N","N","0","","0","0","2","","2","Y","","2","0","0","0","0","0","1","2","0","2","","03","","N","","","","","","","","","",""
"2021041297","","0","0","0","0","0","0","0","0","0","8","0","","02","5","2021","6","40.434417","-79.953194","","11","0","0","0","0","0","1","0","0","","0","0","0","","","1","","1","","40 26:03.900","","0","79 57:11.500","3","0","0","0","2301","1","0","0","N","1","0","0","2","02301","0","","1.0","","9","N","N","N","1","","1","0","0","","2","","","2","1","0","0","0","0","0","2","0","1","","98","","N","","","","","","","","","",""
"2021061956","","0","0","0","0","0","0","0","0","0","4","0","","02","7","2021","6","40.346993","-80.027106","","11","0","0","0","0","0","0","0","0","","0","0","0","","","0","N","0","","40 20:49.174","","0","80 01:37.581","0","0","0","0","2407","0","0","0","N","0","0","0","5","02407","0","","1.0","","1","N","N","N","0","","0","0","2","","0","","","2","0","0","0","0","0","0","2","0","2","","","","N","","","","","","","","","",""
"2021073986","","1","0","1","0","0","0","0","0","0","4","1","","02","7","2021","6","40.504806","-80.28217","","11","0","0","0","0","0","0","0","0","","0","1","0","","","1","N","0","","40 30:17.302","3","0","80 16:55.812","2","0","0","0","2203","0","0","0","N","0","0","0","6","68B03","0","","1.0","1131.0","1","N","N","N","0","","0","1","0","","0","N","","2","1","1","0","0","0","0","1","0","2","","03","","N","","","","","","","","","",""
"2021040549","","2","0","0","0","0","0","0","0","0","4","0","","02","5","2021","4","40.467778","-79.916944","","11","0","0","0","0","0","1","0","0","","0","0","0","","","0","N","0","","40 28:04.000","","0","79 55:01.000","0","0","0","0","2301","0","0","0","N","0","0","0","5","02301","0","","1.0","","9","N","N","Y","0","","0","0","1","","0","","","3","0","0","0","0","0","0","2","0","3","","03","","N","","","","","","","","","",""
"2021091434","","0","0","0","0","0","0","0","0","0","1","0","","02","9","2021","3","40.449689","-80.002174","","11","0","0","0","0","0","0","0","0","","0","0","0","","","1","N","0","","40 26:58.879","","0","80 00:07.828","4","0","0","0","2301","0","0","0","N","0","0","0","2","68B03","1","","1.0","","1","N","N","N","1","","0","0","1","","0","","","2","1","0","0","0","0","0","2","0","2","","","","N","","","","","","","","","",""
"2021074689","","1","0","0","0","0","0","0","0","0","7","0","","02","8","2021","4","40.428751","-79.986473","","11","0","0","0","0","0","0","0","0","","0","0","0","","","0","N","0","","40 25:43.502","4","0","79 59:11.303","0","0","0","0","2301","0","0","0","Y","0","0","0","1","02301","0","","4.0","630.0","1","N","N","N","0","","0","0","0","","0","Y","","1","0","0","0","0","0","0","2","0","1","","03","","N","","","","","","","","","",""
"2021060484","","0","0","0","0","0","0","0","0","0","4","0","","02","6","2021","1","40.344","-79.944917","","11","0","0","0","0","0","0","1","0","","0","0","0","","","0","Y","0","","40 20:38.400","","7","79 56:41.700","0","0","0","0","2473","0","0","0","N","0","0","0","2","02473","0","","1.0","","1","N","N","N","0","","0","0","2","","2","","","2","0","0","0","0","0","0","2","0","2","","","","N","","","","","","","","","",""
"2021059396","","1","0","0","0","0","0","0","0","0","1","0","","02","6","2021","1","40.453639","-79.946167","","11","0","0","0","0","0","1","0","0","","0","0","0","","","0","N","0","","40 27:13.100","","0","79 56:46.200","0","0","0","0","2301","0","0","0","N","0","0","0","3","02301","0","","6.0","","1","N","N","Y","0","","0","0","3","","0","","","4","0","0","0","0","0","0","2","0","4","","98","","N","","","","","","","","","",""
"2021093360","","2","0","0","0","0","0","0","0","0","4","0","","02","10","2021","1","40.609497","-79.920976","","11","1","0","0","0","0","0","1","0","","0","0","0","","","0","","2","","40 36:34.189","7","0","79 55:15.513","0","0","0","0","2207","0","0","0","N","0","0","0","2","02207","0","","1.0","1445.0","9","N","N","N","0","","0","0","0","","3","N","","2","0","0","0","0","0","0","2","0","2","","04","","N","","","","","","","","","",""
"2021073174","","2","0","0","0","0","0","0","0","0","4","0","","02","8","2021","3","40.353361","-79.837334","","11","0","0","0","0","0","0","0","0","","0","0","0","","","1","N","2","","40 21:12.098","4","0","79 50:14.402","8","0","0","0","2304","0","0","0","N","0","0","0","3","02304","0","","1.0","1200.0","1","N","N","N","0","","0","0","0","","2","N","","2","1","0","0","0","1","0","2","0","2","","03","","N","","","","","","","","","",""
"2021064039","","1","0","0","0","0","0","0","0","0","7","0","","02","7","2021","6","40.420764","-80.09226","","11","0","0","0","0","0","0","0","0","","0","0","0","","","0","N","0","","40 25:14.750","","2","80 05:32.135","0","0","0","0","2457","0","0","0","N","0","0","0","1","68B03","0","","4.0","","1","N","N","N","0","","0","0","0","","0","","","1","0","0","0","0","0","0","2","0","1","","03","","N","","","","","","","","","",""
"2021075004","","1","0","0","0","0","0","0","0","0","7","0","","02","8","2021","4","40.394074","-79.766533","","11","0","0","0","0","0","0","0","0","","1","0","0","","","0","N","0","","40 23:38.666","","0","79 45:59.518","1","0","0","0","2446","1","1","0","N","1","1","0","2","02446","0","2","5.0","","1","N","N","N","0","0","0","0","0","","0","","","2","0","1","0","0","0","0","2","0","1","","03","","N","","","","","","","","","",""
"2021040006","","1","0","0","0","0","0","0","0","0","1","0","","02","5","2021","3","40.446952","-79.948999","","11","0","0","0","0","0","0","0","0","","0","0","0","","","0","","1","","40 26:49.027","","0","79 56:56.397","0","0","0","0","2301","0","0","0","N","0","0","0","3","02301","0","","1.0","","1","N","N","N","0","","0","0","1","","2","","","2","0","0","0","0","0","0","2","0","2","","04","","N","","","","","","","","","",""
"2021070177","","2","0","0","0","0","0","0","0","0","2","0","","02","7","2021","5","40.380938","-79.933913","","11","0","0","0","0","0","0","0","0","","0","0","0","","","0","N","0","","40 22:51.377","","0","79 56:02.085","0","0","0","0","2301","0","0","0","N","0","0","0","2","02301","0","","1.0","","1","N","N","N","0","","0","0","0","","0","","","2","0","0","0","0","0","0","2","0","2","","98","","N","","","","","","","","","",""
"2021042240","","2","0","0","0","0","0","0","0","0","1","0","45","02","5","2021","5","40.491501","-79.889604","","11","0","0","0","0","0","1","0","0","","0","0","0","","","0","N","0","","40 29:29.403","","0","79 53:22.576","0","0","0","0","2112","0","0","0","Y","0","0","0","2","68D02","0","","1.0","","1","N","N","N","0","","0","0","0","","0","","","2","0","0","0","0","0","0","2","0","2","","","N","Y","2","1","","","N","","","","Y","N"
"2021073268","","1","0","0","0","0","0","0","0","0","2","0","","02","8","2021","6","40.438034","-79.913079","","11","0","0","0","0","0","0","0","0","","0","0","0","","","0","N","1","","40 26:16.922","","0","79 54:47.084","0","0","0","0","2301","0","0","0","N","0","0","0","2","02301","0","","1.0","","1","N","N","N","1","","0","0","0","","2","","","2","0","0","0","0","0","0","2","0","2","","03","","N","","","","","","","","","",""
"2021072057","","1","0","0","0","0","0","0","0","0","0","0","","02","8","2021","1","40.407663","-80.004581","","11","0","0","0","0","0","0","0","0","","0","0","0","","","0","N","0","","40 24:27.588","2","0","80 00:16.491","9","0","0","0","2301","0","0","0","N","0","0","0","1","02301","0","","4.0","1630.0","8","N","N","N","0","","0","0","0","","0","Y","","1","0","0","0","0","0","1","2","0","1","","","","N","","","","","","","","","",""
"2021063189","","2","0","0","0","0","0","0","0","0","4","0","","02","7","2021","4","40.437161","-79.919247","","11","0","0","0","0","0","0","0","0","","0","0","0","","","0","N","2","","40 26:13.779","","0","79 55:09.289","0","0","0","0","2301","0","0","0","N","0","0","0","2","02301","0","","1.0","","9","N","N","N","0","","0","0","0","","3","","","2","0","0","0","0","0","0","2","0","2","","","","N","","","","","","","","","",""
"2021039448","","0","0","0","1","0","0","0","0","0","8","0","","02","5","2021","7","40.408062","-79.911972","","11","0","0","0","0","0","1","0","0","","0","0","0","","","1","Y","0","","40 24:29.024","2","0","79 54:43.100","8","0","0","0","2438","1","0","0","N","0","0","0","4","02438","0","","4.0","1649.0","1","N","N","N","0","","0","0","1","","0","N","","2","1","0","0","0","1","0","2","0","1","","","","N","","","","","","","","","",""
"2021073542","","1","0","0","0","0","0","0","0","0","1","0","","02","8","2021","7","40.448082","-79.991587","","11","0","0","0","0","0","0","0","0","","0","0","0","","","0","","7","","40 26:53.095","","2","79 59:29.714","0","0","0","0","2301","0","0","0","N","0","0","0","2","02301","0","","1.0","","1","N","N","N","0","","0","0","1","","0","","","2","0","0","0","0","0","0","2","0","2","","03","","N","","","","","","","","","",""
"2021055029","","1","0","0","0","0","0","0","0","0","1","0","","02","6","2021","2","40.339708","-79.98431","","11","0","0","0","0","0","1","0","0","","0","0","0","","","0","","2","","40 20:22.948","","0","79 59:03.516","0","0","0","0","2403","0","0","0","N","0","0","0","2","02403","0","","1.0","","9","","","N","0","","0","0","1","","0","","","2","0","0","0","0","0","0","2","0","2","","","","N","","","","","","","","","",""
"2021038250","","2","0","0","0","0","0","0","0","0","5","0","","02","4","2021","4","40.418062","-79.990768","","11","0","0","0","0","0","0","0","0","","0","0","0","","","0","N","0","","40 25:05.023","","0","79 59:26.764","0","0","0","0","2301","0","0","0","N","0","0","0","1","02301","0","","1.0","","1","N","N","N","0","","0","0","0","","0","","","2","0","0","0","0","0","0","2","0","2","","03","","N","","","","","","","","","",""
"2021060167","","0","0","0","0","0","0","0","0","0","8","0","","02","6","2021","3","40.415451","-79.92486","","11","0","0","0","0","0","0","0","0","","0","0","0","","","1","","1","","40 24:55.623","1","0","79 55:29.496","2","0","0","0","2301","1","0","1","N","1","0","1","2","02301","0","","1.0","20.0","1","N","N","N","0","","0","1","1","","2","N","","2","1","1","0","0","0","0","2","0","1","","03","","N","","","","","","","","","",""
"2021063776","","0","0","0","0","0","0","0","0","0","98","0","","02","7","2021","5","40.47398","-80.00576","","11","0","0","0","0","0","0","0","0","","0","0","0","","","0","N","0","","40 28:26.327","1","0","80 00:20.735","0","0","0","0","2301","0","0","0","N","0","0","0","1","68B03","0","","1.0","600.0","9","N","N","N","1","","0","0","0","","0","N","","1","0","0","0","0","0","0","2","0","1","","","","N","","","","","","","","","",""
"2021055094","","1","0","0","0","0","0","0","0","0","0","0","","02","6","2021","3","40.381793","-79.863709","","11","0","0","0","0","0","1","0","0","","0","0","0","","","2","Y","0","","40 22:54.453","","7","79 51:49.354","2","0","0","0","2303","0","0","0","N","0","0","0","2","02303","0","","1.0","","1","N","N","N","0","","0","2","0","","0","","","1","2","2","0","2","0","0","2","0","1","","03","","N","","","","","","","","","",""
"2021064974","","2","0","0","0","0","0","0","0","0","2","0","","02","7","2021","3","40.422107","-79.927748","","11","0","0","0","0","0","1","0","1","","0","0","0","","","0","","2","","40 25:19.585","","0","79 55:39.893","0","0","0","0","2301","0","0","0","N","0","0","0","2","02301","0","","1.0","","1","N","N","N","0","","0","0","0","","2","","","2","0","0","0","0","0","0","2","0","2","","03","","N","","","","","","","","","",""
"2021072885","","2","0","0","0","0","0","0","0","0","99","0","","02","8","2021","5","40.387726","-79.984364","","11","0","0","0","0","0","0","0","0","","0","0","0","","","0","Y","0","","40 23:15.814","7","0","79 59:03.711","0","0","0","0","2301","0","0","0","N","0","0","0","1","02301","0","","1.0","1615.0","1","N","N","N","0","","0","0","0","","0","N","","2","0","0","0","0","0","0","2","0","2","","","","N","","","","","","","","","",""
"2021074516","","2","0","0","0","0","0","0","0","0","6","0","","02","8","2021","3","40.475721","-79.864687","","11","0","0","0","1","0","0","0","0","","0","0","0","","","0","","3","","40 28:32.595","6","0","79 51:52.873","0","0","0","0","2113","0","0","0","N","0","0","0","5","02113","0","","1.0","1800.0","9","N","N","N","0","","0","0","0","","3","N","","2","0","0","0","0","0","0","2","0","2","","04","","N","","","","","","","","","",""
"2021061842","","2","0","0","0","0","0","0","0","0","4","0","","02","7","2021","6","40.549582","-79.914118","","11","0","0","0","0","0","1","1","0","","0","0","0","","","0","","1","","40 32:58.496","","0","79 54:50.825","0","0","0","0","2209","0","0","0","N","0","0","0","3","02209","0","","1.0","","1","N","N","N","0","","0","0","0","","2","","","2","0","0","0","0","0","0","2","0","2","","03","","N","","","","","","","","","",""
"2021074090","","0","0","0","0","0","0","0","0","0","4","0","","02","8","2021","2","40.44062","-79.916647","","11","0","0","0","0","0","0","1","0","","0","0","0","","","1","N","1","","40 26:26.232","1","0","79 54:59.929","3","0","0","0","2301","0","0","0","N","0","0","0","3","02301","0","","1.0","1715.0","1","N","N","N","0","","1","0","2","","3","N","","2","1","0","0","0","0","0","2","0","2","","","","N","","","","","","","","","",""
"2021065043","","0","0","0","0","0","0","0","0","0","7","0","","02","7","2021","5","40.561158","-80.085598","","11","0","0","0","0","0","0","0","0","","0","0","0","","","0","N","0","","40 33:40.168","","0","80 05:08.154","0","0","0","0","2215","0","0","0","Y","0","0","0","1","68B03","0","","4.0","","1","N","N","N","0","","0","0","1","","0","","","1","0","0","0","0","0","0","2","0","1","","03","","N","","","","","","","","","",""
"2021072697","","1","0","0","0","0","0","0","0","0","8","0","","02","8","2021","5","40.461848","-79.963913","","11","0","0","0","0","0","0","0","0","","0","0","0","","","1","Y","0","","40 27:42.653","2","0","79 57:50.085","3","0","0","0","2301","1","0","0","N","1","0","0","2","02301","0","","1.0","30.0","1","N","N","N","0","","1","0","0","","0","N","","2","1","0","0","0","0","0","2","0","1","","03","","N","","","","","","","","","",""
"2021073521","","1","0","0","0","0","0","0","0","0","4","0","","02","8","2021","7","40.446741","-79.893955","","11","0","0","0","0","0","0","0","0","","0","0","0","","","1","","2","","40 26:48.266","4","0","79 53:38.239","8","0","0","1","2301","0","0","0","N","0","0","0","3","02301","0","","1.0","1515.0","1","N","N","N","0","","0","0","0","","0","Y","","2","1","0","0","0","1","0","2","0","2","","03","","N","","","","","","","","","",""
"2021046149","","0","0","0","0","0","0","0","0","0","7","0","","02","5","2021","5","40.485279","-80.186617","","11","0","0","0","0","0","0","0","0","","0","0","0","","","0","N","0","","40 29:07.003","","0","80 11:11.821","0","0","0","0","2213","0","0","0","N","0","0","0","1","02213","0","","4.0","","1","N","N","N","1","","0","0","0","","0","","","1","0","0","0","0","0","0","2","0","1","","","","N","","","","","","","","","",""
"2021065304","","0","0","0","0","0","0","0","0","0","7","0","","02","7","2021","4","40.364119","-80.012026","","11","0","0","0","0","0","1","0","0","","0","0","0","","","0","","3","","40 21:50.828","6","0","80 00:43.293","0","0","0","0","2416","0","0","0","N","0","0","0","1","02416","0","","2.0","30.0","9","N","N","N","1","","0","0","0","","0","N","","1","0","0","0","0","0","0","2","0","1","","04","","N","","","","","","","","","",""
"2021073671","","0","0","1","0","0","0","1","0","0","1","1","","02","8","2021","1","40.427046","-79.862829","","11","0","0","0","0","0","0","1","0","","0","0","0","","","3","N","5","","40 25:37.364","1","0","79 51:46.183","2","0","0","0","2431","0","0","0","N","0","0","0","5","02503","0","","1.0","1001.0","1","N","N","N","0","","2","1","1","","2","Y","","2","3","0","0","0","0","0","2","0","2","","03","","N","","","","","","","","","",""
"2021038844","","1","0","0","0","0","0","0","0","0","4","0","","02","4","2021","6","40.452269","-79.980817","","11","0","0","0","0","0","0","0","0","","0","0","0","","","0","","2","","40 27:08.169","6","0","79 58:50.940","0","0","0","0","2301","0","0","0","N","0","0","0","4","02301","0","","1.0","1240.0","1","N","N","N","0","","0","0","1","","3","N","","2","0","0","0","0","0","0","2","0","2","","","","N","","","","","","","","","",""
"2021042331","","2","0","0","0","0","0","0","0","0","4","0","","02","5","2021","3","40.458153","-79.90501","","11","0","0","0","0","0","0","0","0","","0","0","0","","","0","N","2","","40 27:29.349","","0","79 54:18.036","0","0","0","0","2301","0","0","0","N","0","0","0","3","02301","0","","1.0","","1","N","N","N","0","","0","0","0","","3","","","2","0","0","0","0","0","0","2","0","2","","03","","N","","","","","","","","","",""
"2021064995","","1","0","0","0","0","0","0","0","0","7","0","","02","6","2021","5","40.439522","-80.189668","","11","0","0","0","0","0","0","0","0","","0","0","0","","","1","N","7","","40 26:22.279","","0","80 11:22.806","3","0","0","0","2214","0","0","0","N","0","0","0","1","68B03","0","","4.0","","1","N","N","N","0","","1","0","0","","0","","","1","1","0","0","0","0","0","2","0","1","","03","","N","","","","","","","","","",""