"CRN","ARRIVAL_TM","AUTOMOBILE_COUNT","BELTED_DEATH_COUNT","BELTED_SUSP_SERIOUS_INJ_COUNT","BICYCLE_COUNT","BICYCLE_DEATH_COUNT","BICYCLE_SUSP_SERIOUS_INJ_COUNT","BUS_COUNT","CHLDPAS_DEATH_COUNT","CHLDPAS_SUSP_SERIOUS_INJ_COUNT","COLLISION_TYPE","COMM_VEH_COUNT","CONS_ZONE_SPD_LIM","COUNTY","CRASH_MONTH","CRASH_YEAR","DAY_OF_WEEK","DEC_LATITUDE","DEC_LONGITUDE","DISPATCH_TM","DISTRICT","DRIVER_COUNT_16YR","DRIVER_COUNT_17YR","DRIVER_COUNT_18YR","DRIVER_COUNT_19YR","DRIVER_COUNT_20YR","DRIVER_COUNT_50_64YR","DRIVER_COUNT_65_74YR","DRIVER_COUNT_75PLUS","EST_HRS_CLOSED","FATAL_COUNT","HEAVY_TRUCK_COUNT","HORSE_BUGGY_COUNT","HOUR_OF_DAY","ILLUMINATION","INJURY_COUNT","INTERSECTION_RELATED","INTERSECT_TYPE","LANE_CLOSED","LATITUDE","LN_CLOSE_DIR","LOCATION_TYPE","LONGITUDE","MAX_SEVERITY_LEVEL","MCYCLE_DEATH_COUNT","MCYCLE_SUSP_SERIOUS_INJ_COUNT","MOTORCYCLE_COUNT","MUNICIPALITY","NONMOTR_COUNT","NONMOTR_DEATH_COUNT","NONMOTR_SUSP_SERIOUS_INJ_COUNT","NTFY_HIWY_MAINT","PED_COUNT","PED_DEATH_COUNT","PED_SUSP_SERIOUS_INJ_COUNT","PERSON_COUNT","POLICE_AGCY","POSSIBLE_INJ_COUNT","RDWY_SURF_TYPE_CD","RELATION_TO_ROAD","ROADWAY_CLEARED","ROAD_CONDITION","SCH_BUS_IND","SCH_ZONE_IND","SECONDARY_CRASH","SMALL_TRUCK_COUNT","SPEC_JURIS_CD","SUSP_MINOR_INJ_COUNT","SUSP_SERIOUS_INJ_COUNT","SUV_COUNT","TCD_FUNC_CD","TCD_TYPE","TFC_DETOUR_IND","TIME_OF_DAY","TOTAL_UNITS","TOT_INJ_COUNT","UNBELTED_OCC_COUNT","UNB_DEATH_COUNT","UNB_SUSP_SERIOUS_INJ_COUNT","UNK_INJ_DEG_COUNT","UNK_INJ_PER_COUNT","URBAN_RURAL","VAN_COUNT","VEHICLE_COUNT","WEATHER1","WEATHER2","WORKERS_PRES","WORK_ZONE_IND","WORK_ZONE_LOC","WORK_ZONE_TYPE","WZ_CLOSE_DETOUR","WZ_FLAGGER","WZ_LAW_OFFCR_IND","WZ_LN_CLOSURE","WZ_MOVING","WZ_OTHER","WZ_SHLDER_MDN","WZ_WORKERS_INJ_KILLED"
"2021075584","","1","0","0","0","0","0","0","0","0","4","0","","02","8","2021","6","40.477847","-79.736007","","11","0","0","0","0","0","1","0","0","","0","1","0","","","1","","1","","40 28:40.250","","0","79 44:09.624","4","0","0","0","2466","0","0","0","N","0","0","0","3","02466","1","","1.0","","1","N","N","N","0","","0","0","0","","3","","","2","1","0","0","0","0","0","2","0","2","","03","","N","","","","","","","","","",""
"2021040530","","3","0","0","0","0","0","0","0","0","1","0","","02","5","2021","4","40.326006","-79.793457","","11","0","0","1","0","0","0","0","0","","0","0","0","","","1","N","2","","40 19:33.622","4","0","79 47:36.446","3","0","0","0","2477","0","0","0","N","0","0","0","4","02477","0","","1.0","9999.0","1","N","N","N","0","","1","0","0","","0","N","","3","1","0","0","0","0","0","2","0","3","","","","N","","","","","","","","","",""
"2021043610","","0","0","0","0","0","0","0","0","0","1","0","55","02","5","2021","7","40.454549","-80.18214","","11","0","0","0","1","0","1","0","0","","0","0","0","","","0","N","0","","40 27:16.377","","0","80 10:55.703","0","0","0","0","2214","0","0","0","N","0","0","0","4","68B03","0","","1.0","","1","N","N","N","2","","0","0","1","","0","","","3","0","0","0","0","0","0","2","0","3","","","N","Y","3","2","","","Y","Y","","","","N"
"2021043607","","1","0","0","0","0","0","0","0","0","7","0","","02","4","2021","5","40.466259","-80.196624","","11","0","0","0","0","0","0","0","0","","0","0","0","","","1","N","0","","40 27:58.531","","0","80 11:47.847","3","0","0","0","2213","0","0","0","N","0","0","0","1","68B03","0","","4.0","","1","N","N","N","0","","1","0","0","","0","","","1","1","0","0","0","0","0","2","0","1","","","","N","","","","","","","","","",""
"2021074406","","1","0","0","0","0","0","0","0","0","7","0","","02","8","2021","6","40.44153","-79.752561","","11","0","0","0","0","0","1","0","0","","0","0","0","","","0","N","0","","40 26:29.508","","0","79 45:09.220","0","0","0","0","2446","0","0","0","Y","0","0","0","1","68T02","0","","4.0","","1","N","N","N","0","","0","0","0","","0","","","1","0","0","0","0","0","0","2","0","1","","","","N","","","","","","","","","",""
"2021073546","","2","0","0","0","0","0","0","0","0","2","0","","02","8","2021","1","40.487835","-79.920057","","11","0","0","0","0","0","1","0","0","","0","0","0","","","0","N","2","","40 29:16.205","","0","79 55:12.206","0","0","0","0","2301","0","0","0","N","0","0","0","2","02301","0","","1.0","","1","N","N","Y","0","","0","0","0","","2","","","2","0","0","0","0","0","0","2","0","2","","03","","N","","","","","","","","","",""
"2021041434","","1","0","0","0","0","0","0","0","0","7","0","","02","5","2021","6","40.486614","-79.778313","","11","0","0","0","0","0","1","0","0","","0","0","0","","","0","N","0","","40 29:11.812","","0","79 46:41.925","0","0","0","0","2466","0","0","0","N","0","0","0","1","68T02","0","","3.0","","9","N","N","N","0","","0","0","0","","0","","","1","0","0","0","0","0","0","2","0","1","","04","","N","","","","","","","","","",""
"2021041123","","4","0","0","0","0","0","0","0","0","4","0","","02","5","2021","5","40.452556","-79.963944","","11","0","0","0","0","0","0","0","0","","0","0","0","","","0","N","0","","40 27:09.200","","0","79 57:50.200","9","0","0","0","2301","0","0","0","N","0","0","0","1","02301","0","","1.0","","1","N","N","N","0","","0","0","0","","0","","","4","0","0","0","0","0","1","2","0","4","","03","","N","","","","","","","","","",""
"2021064160","","2","0","0","0","0","0","0","0","0","4","0","","02","7","2021","2","40.348271","-79.879797","","11","0","0","0","0","0","0","0","0","","0","0","0","","","0","N","0","","40 20:53.776","","0","79 52:47.270","0","0","0","0","2304","0","0","0","N","0","0","0","1","02304","0","","1.0","","1","N","N","N","0","","0","0","0","","0","","","2","0","0","0","0","0","0","2","0","2","","03","","N","","","","","","","","","",""
"2021038358","","2","0","0","0","0","0","0","0","0","4","0","","02","4","2021","4","40.422939","-79.96084","","11","0","0","0","0","0","0","0","0","","0","0","0","","","0","Y","0","","40 25:22.582","","7","79 57:39.024","0","0","0","0","2301","0","0","0","N","0","0","0","2","02301","0","","1.0","","1","N","N","N","0","","0","0","0","","0","","","2","0","1","0","0","0","0","2","0","2","","","","N","","","","","","","","","",""
"2021018578","","1","0","0","0","0","0","1","0","0","4","1","","02","2","2021","3","40.448921","-79.946697","","11","0","0","0","0","0","0","0","0","","0","0","0","","","0","","2","","40 26:56.115","","0","79 56:48.109","0","0","0","0","2301","0","0","0","N","0","0","0","4","02503","0","","1.0","","1","N","N","N","0","","0","0","0","","3","","","2","0","0","0","0","0","0","2","0","2","","","","N","","","","","","","","","",""
"2021049334","","0","0","0","0","0","0","0","0","0","99","0","","02","5","2021","6","40.337471","-79.863097","","11","0","0","0","0","0","0","0","0","","0","0","0","","","1","N","9","","40 20:14.894","7","0","79 51:47.150","8","0","0","0","2455","0","0","0","N","0","0","0","5","02455","0","","2.0","2125.0","1","N","N","N","0","","0","0","1","","0","Y","","1","1","0","0","0","1","4","2","0","1","","","","N","","","","","","","","","",""
"2021052385","","0","0","0","0","0","0","0","0","0","0","0","","02","5","2021","7","40.540626","-80.122462","","11","0","0","0","0","0","0","0","0","","0","0","0","","","1","N","0","","40 32:26.255","","0","80 07:20.862","8","0","0","1","2125","0","0","0","N","0","0","0","1","68B03","0","","4.0","","3","N","N","N","0","","0","0","0","","0","","","1","1","0","0","0","1","0","1","0","1","","03","","N","","","","","","","","","",""
"2021074011","","1","0","0","0","0","0","0","0","0","7","0","","02","7","2021","7","40.441857","-79.826432","","11","0","0","0","0","0","0","0","0","","0","0","0","","","0","N","0","","40 26:30.685","3","0","79 49:35.155","0","0","0","0","2124","0","0","0","N","0","0","0","1","68B03","0","","2.0","1750.0","9","N","N","N","0","","0","0","0","","0","N","","1","0","0","0","0","0","0","2","0","1","","","","N","","","","","","","","","",""
"2021034879","","1","0","0","0","0","0","0","0","0","7","0","","02","4","2021","7","40.406583","-79.992389","","11","0","0","0","0","0","0","0","0","","0","0","0","","","0","N","0","","40 24:23.700","","0","79 59:32.600","0","0","0","0","2301","0","0","0","N","0","0","0","1","02301","0","","5.0","","1","N","N","N","0","","0","0","0","","0","","","1","0","0","0","0","0","0","2","0","1","","03","","N","","","","","","","","","",""
"2021071008","","1","0","0","0","0","0","0","0","0","7","0","","02","7","2021","6","40.461782","-79.761909","","11","0","0","0","0","0","0","0","0","","0","0","0","","","0","N","0","","40 27:42.414","","0","79 45:42.871","9","0","0","0","2446","0","0","0","Y","0","0","0","1","02446","0","","2.0","","1","N","N","N","0","","0","0","0","","0","","","1","0","1","0","0","0","1","2","0","1","","03","","N","","","","","","","","","",""
"2021063798","","2","0","0","0","0","0","0","0","0","98","0","","02","7","2021","7","40.335434","-79.981705","","11","0","0","0","0","0","0","2","0","","0","0","0","","","0","N","0","","40 20:07.564","","0","79 58:54.139","0","0","0","0","2454","0","0","0","N","0","0","0","2","02454","0","","1.0","","1","N","N","N","0","","0","0","0","","0","N","","2","0","0","0","0","0","0","2","0","2","","","","N","","","","","","","","","",""
"2021040764","","0","0","0","0","0","0","0","0","0","7","0","","02","5","2021","5","40.531601","-80.027734","","11","0","0","0","0","0","1","0","0","","0","0","0","","","0","","2","","40 31:53.762","","0","80 01:39.843","9","0","0","0","2116","0","0","0","N","0","0","0","1","02116","0","","5.0","","1","N","N","Y","1","","0","0","0","","0","","","1","0","0","0","0","0","1","2","0","1","","","","N","","","","","","","","","",""
"2021035376","","1","0","0","0","0","0","0","0","0","7","0","","02","4","2021","6","40.439474","-80.010104","","11","0","0","0","0","0","0","0","0","","0","0","0","","","0","N","0","","40 26:22.105","","0","80 00:36.375","0","0","0","0","2301","0","0","0","N","0","0","0","1","68B03","0","","4.0","","1","N","N","N","0","","0","0","0","","0","","","1","0","1","0","0","0","0","2","0","1","","","","N","","","","","","","","","",""
"2021038259","","1","0","0","0","0","0","0","0","0","1","0","","02","4","2021","3","40.516933","-80.221334","","11","0","0","0","0","0","0","1","0","","0","0","0","","","1","","1","","40 31:00.959","","0","80 13:16.803","3","0","0","0","2213","0","0","0","N","0","0","0","3","02213","0","","1.0","","1","N","N","N","0","","1","0","1","","2","","","2","1","0","0","0","0","0","2","0","2","","03","","N","","","","","","","","","",""
"2021064001","","1","0","0","0","0","0","0","0","0","1","1","","02","6","2021","7","40.43655","-79.865433","","11","0","0","0","0","0","2","0","0","","0","1","0","","","0","N","0","","40 26:11.579","","0","79 51:55.557","0","0","0","0","2478","0","0","0","N","0","0","0","5","68B03","0","","1.0","","9","N","N","N","0","","0","0","1","","0","","","4","0","0","0","0","0","0","2","1","4","","","","N","","","","","","","","","",""
"2021064534","","1","0","0","0","0","0","0","0","0","4","0","","02","7","2021","2","40.45272","-79.761036","","11","0","0","0","0","0","1","1","0","","0","0","0","","","3","N","0","","40 27:09.793","","6","79 45:39.729","3","0","0","0","2446","0","0","0","N","0","0","0","3","02446","1","","1.0","","1","N","N","N","0","","2","0","0","","0","","","2","3","0","0","0","0","0","2","1","2","","03","","N","","","","","","","","","",""
"2021067530","","1","0","0","0","0","0","0","0","0","4","0","","02","7","2021","3","40.428357","-79.973525","","11","0","0","0","0","0","0","1","0","","0","0","0","","","0","N","2","","40 25:42.086","1","8","79 58:24.691","0","0","0","1","2301","0","0","0","N","0","0","0","2","02301","0","","1.0","2340.0","9","N","N","N","0","","0","0","0","","2","N","","2","0","0","0","0","0","0","2","0","2","","07","","N","","","","","","","","","",""
"2021063935","","1","0","0","0","0","0","0","0","0","4","0","","02","7","2021","1","40.425326","-79.923862","","11","0","0","0","0","0","1","0","0","","0","0","0","","","1","","1","","40 25:31.173","","0","79 55:25.903","4","0","0","0","2301","0","0","0","N","0","0","0","2","02301","1","","1.0","","1","N","N","N","0","","0","0","1","","2","","","2","1","0","0","0","0","0","2","0","2","","03","","N","","","","","","","","","",""
"2021037741","","2","0","0","0","0","0","0","0","0","4","0","","02","4","2021","7","40.405278","-79.93675","","11","0","0","0","0","0","0","0","0","","0","0","0","","","2","N","0","","40 24:19.000","","0","79 56:12.300","2","0","0","0","2301","0","0","0","N","0","0","0","4","02301","0","","1.0","","1","N","N","N","0","","1","1","2","","0","","","4","2","0","0","0","0","0","2","0","4","","03","","N","","","","","","","","","",""
"2021073921","","0","0","0","0","0","0","0","0","0","2","0","","02","8","2021","1","40.385976","-79.950061","","11","0","0","0","0","0","0","0","0","","0","0","0","","","1","N","0","","40 23:09.515","","0","79 57:00.221","2","0","1","1","2403","0","0","0","N","0","0","0","2","02403","0","","1.0","","1","N","N","N","1","","0","1","0","","0","","","2","1","0","0","0","0","0","2","0","2","","","","N","","","","","","","","","",""
"2021068112","","0","0","0","0","0","0","0","0","0","3","1","","02","7","2021","5","40.453981","-80.014537","","11","0","0","0","0","0","0","0","0","","0","0","0","","","0","","1","","40 27:14.331","","0","80 00:52.333","0","0","0","0","2301","0","0","0","N","0","0","0","1","02301","0","","2.0","","1","N","N","N","0","","0","0","1","","0","","","2","0","0","0","0","0","0","2","0","2","","03","","N","","","","","","","","","",""
"2021033604","","1","0","0","0","0","0","0","0","0","7","0","","02","4","2021","2","40.570469","-79.863012","","11","0","0","0","0","0","0","0","0","","0","0","0","","","1","N","0","","40 34:13.688","","0","79 51:46.843","3","0","0","0","2209","0","0","0","N","0","0","0","2","02209","0","","5.0","","9","N","N","N","0","","1","0","0","","0","","","1","1","0","0","0","0","0","2","0","1","","03","","N","","","","","","","","","",""
"2021065834","","0","0","0","0","0","0","0","0","0","7","0","","02","7","2021","7","40.534256","-80.179582","","11","0","0","0","0","0","0","0","0","","0","0","0","","","0","N","0","","40 32:03.322","1","0","80 10:46.496","0","0","0","0","2458","0","0","0","Y","0","0","0","1","02458","0","","5.0","528.0","1","N","N","N","0","","0","0","1","","0","N","","1","0","0","0","0","0","0","2","0","1","","03","","N","","","","","","","","","",""
"2021066446","","3","0","0","0","0","0","0","0","0","4","0","","02","7","2021","1","40.454578","-79.962428","","11","0","0","0","0","0","1","0","0","","0","0","0","","","1","N","0","","40 27:16.481","6","0","79 57:44.739","3","0","0","0","2301","0","0","0","N","0","0","0","1","02301","0","","1.0","120.0","1","N","N","N","0","","1","0","0","","0","Y","","3","1","0","0","0","0","0","2","0","3","","03","","N","","","","","","","","","",""
"2021040216","","0","0","0","0","0","0","0","0","0","4","0","","02","5","2021","3","40.465437","-79.934681","","11","0","0","0","0","0","0","0","0","","0","0","0","","","1","","1","","40 27:55.572","","0","79 56:04.851","3","0","0","0","2301","0","0","0","N","0","0","0","2","02301","0","","1.0","","9","N","N","N","0","","1","0","2","","3","","","2","1","0","0","0","0","0","2","0","2","","07","","N","","","","","","","","","",""
"2021063183","","2","0","0","0","0","0","0","0","0","4","0","","02","7","2021","5","40.395798","-80.033153","","11","0","0","0","0","0","0","1","0","","0","0","0","","","1","","1","","40 23:44.872","2","0","80 01:59.352","8","0","0","0","2301","0","0","0","N","0","0","0","3","02301","0","","1.0","1615.0","1","N","N","Y","1","","0","0","0","","2","N","","3","1","0","0","0","1","0","2","0","3","","03","","N","","","","","","","","","",""
"2021069234","","1","0","0","0","0","0","0","0","0","1","0","","02","7","2021","2","40.357476","-80.055035","","11","0","0","0","0","0","0","0","0","","0","0","0","","","0","N","0","","40 21:26.912","4","0","80 03:18.127","0","0","0","0","2109","0","0","0","N","0","0","0","2","02109","0","","1.0","1915.0","1","N","N","N","1","","0","0","0","","0","N","","2","0","0","0","0","0","0","2","0","2","","","","N","","","","","","","","","",""
"2021064006","","1","0","0","0","0","0","0","0","0","98","0","","02","6","2021","2","40.432931","-79.870373","","11","0","0","0","0","0","0","0","0","","0","0","0","","","0","N","0","","40 25:58.551","4","0","79 52:13.342","0","0","0","0","2411","0","0","0","N","0","0","0","1","68B03","0","","1.0","1415.0","1","N","N","N","0","","0","0","0","","0","N","","1","0","0","0","0","0","0","2","0","1","","","","N","","","","","","","","","",""
"2021039354","","4","0","0","0","0","0","0","0","0","5","0","","02","5","2021","7","40.433111","-80.019611","","11","0","0","0","0","0","0","0","0","","0","0","0","","","0","N","0","","40 25:59.200","","0","80 01:10.600","9","0","0","0","2301","0","0","0","N","0","0","0","6","02301","0","","1.0","","1","N","N","N","0","","0","0","2","","0","N","","6","0","0","0","0","0","1","2","0","6","","03","","N","","","","","","","","","",""
"2021034179","","0","0","0","0","0","0","0","0","0","1","0","","02","4","2021","4","40.436877","-79.972731","","11","0","0","0","0","0","0","1","0","","0","0","0","","","0","","7","","40 26:12.756","4","2","79 58:21.831","9","0","0","0","2301","0","0","0","N","0","0","0","2","02301","0","","7.0","1445.0","1","N","N","N","0","","0","0","2","","0","Y","","2","0","0","0","0","0","1","2","0","2","","03","","N","","","","","","","","","",""
"2021065943","","3","0","0","0","0","0","0","0","0","4","0","","02","7","2021","6","40.437931","-79.981409","","11","0","0","0","0","0","0","0","0","","0","0","0","","","1","N","1","","40 26:16.550","2","0","79 58:53.072","8","0","0","0","2301","0","0","0","N","0","0","0","2","02301","0","","1.0","1115.0","1","N","N","Y","0","","0","0","0","","3","Y","","3","1","0","0","0","1","0","2","0","3","","03","","N","","","","","","","","","",""
"2021050411","","2","0","0","0","0","0","0","0","0","4","0","","02","6","2021","4","40.61472","-79.947141","","11","0","0","0","0","0","0","0","0","","0","0","0","","","0","N","0","","40 36:52.991","1","6","79 56:49.706","0","0","0","0","2207","0","0","0","N","0","0","0","2","02207","0","","1.0","1750.0","9","N","N","N","0","","0","0","0","","0","N","","2","0","0","0","0","0","0","2","0","2","","","","N","","","","","","","","","",""
"2021075425","","0","0","0","0","0","0","0","0","0","0","0","","02","8","2021","6","40.477585","-79.842812","","11","0","0","0","0","0","0","0","0","","0","0","0","","","1","N","1","","40 28:39.307","4","0","79 50:34.123","3","0","0","1","2113","0","0","0","N","0","0","0","1","02113","0","","1.0","835.0","3","N","N","N","0","","1","0","0","","3","N","","1","1","0","0","0","0","0","2","0","1","","","","N","","","","","","","","","",""
"2021073525","","2","0","0","0","0","0","0","0","0","5","0","","02","8","2021","3","40.437121","-79.963052","","11","0","0","0","0","0","0","0","0","","0","0","0","","","0","","1","","40 26:13.634","","0","79 57:46.987","0","0","0","0","2301","0","0","0","N","0","0","0","2","02301","0","","2.0","","1","N","N","N","0","","0","0","0","","0","","","2","0","0","0","0","0","0","2","0","2","","03","","N","","","","","","","","","",""
"2021072589","","0","0","0","0","0","0","0","0","0","1","0","","02","7","2021","6","40.642683","-80.067481","","11","0","0","0","0","1","2","0","0","","0","0","0","","","0","","1","","40 38:33.659","","0","80 04:02.931","0","0","0","0","2216","0","0","0","N","0","0","0","4","02505","0","","1.0","","1","N","N","N","1","","0","0","2","","2","","","3","0","0","0","0","0","0","2","0","3","","","","N","","","","","","","","","",""
"2021058090","","1","0","0","0","0","0","0","0","0","4","0","","02","6","2021","4","40.421795","-79.993731","","11","0","0","0","0","0","0","0","0","","0","0","0","","","1","","1","","40 25:18.461","","0","79 59:37.432","8","0","0","0","2301","0","0","0","N","0","0","0","2","02301","0","","1.0","","1","N","N","N","0","","0","0","1","","2","","","2","1","0","0","0","1","1","2","0","2","","03","","N","","","","","","","","","",""
"2021064822","","1","0","0","0","0","0","0","0","0","4","0","","02","5","2021","7","40.445651","-80.009548","","11","0","0","0","0","0","0","0","0","","0","0","0","","","0","N","0","","40 26:44.343","1","0","80 00:34.371","0","0","0","0","2301","0","0","0","N","0","0","0","1","68B03","0","","2.0","600.0","1","N","N","N","0","","0","0","0","","0","N","","1","0","0","0","0","0","0","2","0","1","","03","","N","","","","","","","","","",""
"2021038728","","1","0","0","0","0","0","0","0","0","1","0","","02","4","2021","5","40.436172","-79.978376","","11","0","0","0","0","0","1","0","0","","0","0","0","","","0","","2","","40 26:10.220","4","0","79 58:42.153","0","0","0","0","2301","0","0","0","N","0","0","0","3","02301","0","","1.0","2255.0","9","N","N","N","1","","0","0","0","","0","N","","2","0","0","0","0","0","0","2","0","2","","","","N","","","","","","","","","",""
"2021069346","","1","0","0","0","0","0","0","0","0","7","0","","02","6","2021","5","40.442053","-79.803853","","11","0","0","0","0","0","0","0","0","","0","0","0","","","0","N","0","","40 26:31.389","4","0","79 48:13.870","0","0","0","0","2446","0","0","0","Y","0","0","0","1","68B03","0","","5.0","1647.0","9","N","N","N","0","","0","0","0","","0","N","","1","0","0","0","0","0","0","2","0","1","","07","","N","","","","","","","","","",""
"2021036005","","2","0","0","0","0","0","0","0","0","2","0","","02","4","2021","6","40.371603","-80.099793","","11","0","0","0","0","0","1","1","0","","0","0","0","","","2","","2","","40 22:17.769","1","0","80 05:59.256","3","0","0","0","2102","0","0","0","N","0","0","0","6","02102","0","","1.0","1433.0","9","N","N","N","0","","1","0","2","","0","N","","4","2","0","0","0","1","0","2","0","4","","","","N","","","","","","","","","",""
"2021033233","","0","0","0","0","0","0","0","0","0","1","0","","02","4","2021","2","40.3872","-80.054788","","11","0","0","1","0","0","0","0","0","","0","0","0","","","0","","1","","40 23:13.921","1","0","80 03:17.237","0","0","0","0","2109","0","0","0","N","0","0","0","2","02109","0","","1.0","1220.0","1","N","N","N","0","","0","0","2","","0","N","","2","0","0","0","0","0","0","2","0","2","","","","N","","","","","","","","","",""
"2021074828","","1","0","0","0","0","0","0","0","0","7","0","","02","8","2021","4","40.460214","-79.91317","","11","0","0","0","0","0","0","1","0","","0","0","0","","","1","N","0","","40 27:36.772","7","0","79 54:47.411","3","0","0","0","2301","0","0","0","N","0","0","0","1","02301","0","","5.0","1250.0","1","N","N","N","0","","1","0","0","","0","Y","","1","1","0","0","0","0","0","2","0","1","","","","N","","","","","","","","","",""
"2021038574","","0","0","0","0","0","0","0","0","0","7","0","","02","4","2021","5","40.350318","-79.887133","","11","0","0","0","0","0","0","0","0","","0","0","0","","","0","N","3","","40 21:01.144","5","0","79 53:13.680","9","0","0","0","2423","0","0","0","N","0","0","0","1","02304","0","","1.0","1413.0","9","N","N","N","0","","0","0","0","","0","N","","1","0","0","0","0","0","1","2","1","1","","04","","Y","","","","","","","","","",""
"2021064550","","2","0","0","0","0","0","0","0","0","1","0","","02","6","2021","2","40.406611","-80.107636","","11","0","0","0","0","0","0","0","0","","0","0","0","","","0","N","0","","40 24:23.798","","0","80 06:27.490","0","0","0","0","2102","0","0","0","N","0","0","0","3","68B03","0","","1.0","","9","N","N","N","0","","0","0","1","","0","","","3","0","0","0","0","0","0","2","0","3","","07","","N","","","","","","","","","",""
"2021060459","","1","0","0","0","0","0","0","0","0","5","0","","02","6","2021","4","40.406186","-80.003568","","11","0","0","0","0","0","0","0","0","","0","0","0","","","0","","2","","40 24:22.268","2","0","80 00:12.843","0","0","0","0","2301","0","0","0","N","0","0","0","2","02301","0","","1.0","905.0","1","N","N","N","0","","0","0","1","","3","N","","2","0","0","0","0","0","0","2","0","2","","","","N","","","","","","","","","",""
"2021033376","","0","0","0","0","0","0","0","0","0","7","0","","02","4","2021","1","40.353643","-80.117969","","11","0","0","1","0","0","0","0","0","","0","0","0","","","1","N","0","","40 21:13.116","","0","80 07:04.690","8","0","0","0","2119","0","0","0","Y","0","0","0","2","68B03","0","","4.0","","1","N","N","N","1","","0","0","0","","0","","","1","1","0","0","0","1","0","2","0","1","","03","","N","","","","","","","","","",""
"2021072109","","3","0","0","0","0","0","0","0","0","1","0","","02","8","2021","3","40.411015","-80.005934","","11","0","0","0","0","0","0","0","0","","0","0","0","","","0","","1","","40 24:39.653","1","0","80 00:21.363","0","0","0","0","2301","0","0","0","N","0","0","0","3","02301","0","","1.0","1745.0","1","N","N","N","0","","0","0","0","","2","N","","3","0","0","0","0","0","0","2","0","3","","","","N","","","","","","","","","",""
"2021037405","","1","0","0","0","0","0","0","0","0","7","0","","02","4","2021","2","40.524066","-79.835029","","11","0","0","1","0","0","0","0","0","","0","0","0","","","1","N","0","","40 31:26.639","7","0","79 50:06.103","3","0","0","0","2451","0","0","0","N","0","0","0","1","02451","0","","5.0","230.0","1","N","N","N","0","","1","0","0","","0","Y","","1","1","0","0","0","0","0","2","0","1","","","","N","","","","","","","","","",""
"2021038763","","1","0","0","0","0","0","0","0","0","7","0","","02","4","2021","6","40.459611","-79.886833","","11","0","0","0","0","0","0","0","0","","0","0","0","","","0","N","0","","40 27:34.600","","7","79 53:12.600","0","0","0","0","2301","0","0","0","Y","0","0","0","1","02301","0","","1.0","","1","N","N","N","0","","0","0","0","0","0","","","1","0","0","0","0","0","0","2","0","1","","03","","N","","","","","","","","","",""
"2021066067","","2","0","0","0","0","0","0","0","0","1","0","","02","7","2021","6","40.435837","-79.786114","","11","0","0","0","0","0","0","0","0","","0","0","0","","","0","N","0","","40 26:09.012","","0","79 47:10.009","0","0","0","0","2446","0","0","0","N","0","0","0","4","02446","0","","1.0","","1","N","N","N","1","","0","0","0","0","0","","","3","0","0","0","0","0","0","2","0","3","","","","N","","","","","","","","","",""
"2021038153","","1","0","0","0","0","0","0","0","0","4","0","","02","4","2021","4","40.467917","-80.034472","","11","0","0","0","0","0","0","0","1","","0","0","0","","","0","N","0","","40 28:04.500","","0","80 02:04.100","0","0","0","0","2301","0","0","0","N","0","0","0","2","02301","0","","1.0","","1","N","N","N","1","","0","0","0","0","0","","","2","0","0","0","0","0","0","2","0","2","","04","","N","","","","","","","","","",""
"2021042230","","0","0","0","0","0","0","0","0","0","7","0","","02","5","2021","2","40.443364","-79.782065","","11","0","0","0","0","0","0","0","0","","0","0","0","","","0","N","0","","40 26:36.110","4","0","79 46:55.434","0","0","0","0","2446","0","0","0","N","0","0","0","1","68B03","0","","3.0","2055.0","9","N","N","N","0","","0","0","1","0","0","N","","1","0","0","0","0","0","0","2","0","1","","07","","N","","","","","","","","","",""
"2021034209","","2","0","0","0","0","0","0","0","0","4","0","","02","4","2021","2","40.340329","-79.93829","","11","0","0","0","0","0","0","0","0","","0","0","0","","","0","N","2","","40 20:25.183","2","0","79 56:17.845","0","0","0","0","2473","0","0","0","N","0","0","0","2","02473","0","","1.0","2235.0","1","N","N","N","0","","0","0","0","3","2","N","","2","0","0","0","0","0","0","2","0","2","","03","","N","","","","","","","","","",""
"2021074230","","0","0","0","0","0","0","0","0","0","7","0","","02","7","2021","2","40.609932","-79.761324","","11","0","0","0","0","0","1","0","0","","0","0","0","","","0","N","0","","40 36:35.754","","0","79 45:40.765","0","0","0","0","2464","0","0","0","Y","0","0","0","1","68D02","0","","2.0","","1","N","N","N","1","","0","0","0","0","0","","","1","0","0","0","0","0","0","2","0","1","","","","N","","","","","","","","","",""
"2021042554","","2","0","0","0","0","0","0","0","0","1","0","45","02","5","2021","4","40.497005","-79.921021","","11","0","0","0","0","0","0","0","0","","0","0","0","","","1","N","0","","40 29:49.217","","0","79 55:15.676","4","0","0","0","2112","0","0","0","N","0","0","0","4","68D02","1","","1.0","","1","N","N","N","0","","0","0","2","0","0","","","4","1","0","0","0","0","0","2","0","4","","","N","Y","2","1","","","N","","","","Y","N"
"2021063748","","1","0","0","0","0","0","0","0","0","4","0","","02","7","2021","7","40.634145","-79.950787","","11","0","0","0","1","0","0","1","0","","0","0","0","","","3","N","0","","40 38:02.921","6","6","79 57:02.832","4","0","0","0","2217","0","0","0","N","0","0","0","3","02505","1","","1.0","1058.0","1","N","N","N","0","","0","0","1","0","0","Y","","2","3","0","0","0","2","0","2","0","2","","03","","N","","","","","","","","","",""