"CRN","ARRIVAL_TM","AUTOMOBILE_COUNT","BELTED_DEATH_COUNT","BELTED_SUSP_SERIOUS_INJ_COUNT","BICYCLE_COUNT","BICYCLE_DEATH_COUNT","BICYCLE_SUSP_SERIOUS_INJ_COUNT","BUS_COUNT","CHLDPAS_DEATH_COUNT","CHLDPAS_SUSP_SERIOUS_INJ_COUNT","COLLISION_TYPE","COMM_VEH_COUNT","CONS_ZONE_SPD_LIM","COUNTY","CRASH_MONTH","CRASH_YEAR","DAY_OF_WEEK","DEC_LATITUDE","DEC_LONGITUDE","DISPATCH_TM","DISTRICT","DRIVER_COUNT_16YR","DRIVER_COUNT_17YR","DRIVER_COUNT_18YR","DRIVER_COUNT_19YR","DRIVER_COUNT_20YR","DRIVER_COUNT_50_64YR","DRIVER_COUNT_65_74YR","DRIVER_COUNT_75PLUS","EST_HRS_CLOSED","FATAL_COUNT","HEAVY_TRUCK_COUNT","HORSE_BUGGY_COUNT","HOUR_OF_DAY","ILLUMINATION","INJURY_COUNT","INTERSECTION_RELATED","INTERSECT_TYPE","LANE_CLOSED","LATITUDE","LN_CLOSE_DIR","LOCATION_TYPE","LONGITUDE","MAX_SEVERITY_LEVEL","MCYCLE_DEATH_COUNT","MCYCLE_SUSP_SERIOUS_INJ_COUNT","MOTORCYCLE_COUNT","MUNICIPALITY","NONMOTR_COUNT","NONMOTR_DEATH_COUNT","NONMOTR_SUSP_SERIOUS_INJ_COUNT","NTFY_HIWY_MAINT","PED_COUNT","PED_DEATH_COUNT","PED_SUSP_SERIOUS_INJ_COUNT","PERSON_COUNT","POLICE_AGCY","POSSIBLE_INJ_COUNT","RDWY_SURF_TYPE_CD","RELATION_TO_ROAD","ROADWAY_CLEARED","ROAD_CONDITION","SCH_BUS_IND","SCH_ZONE_IND","SECONDARY_CRASH","SMALL_TRUCK_COUNT","SPEC_JURIS_CD","SUSP_MINOR_INJ_COUNT","SUSP_SERIOUS_INJ_COUNT","SUV_COUNT","TCD_FUNC_CD","TCD_TYPE","TFC_DETOUR_IND","TIME_OF_DAY","TOTAL_UNITS","TOT_INJ_COUNT","UNBELTED_OCC_COUNT","UNB_DEATH_COUNT","UNB_SUSP_SERIOUS_INJ_COUNT","UNK_INJ_DEG_COUNT","UNK_INJ_PER_COUNT","URBAN_RURAL","VAN_COUNT","VEHICLE_COUNT","WEATHER1","WEATHER2","WORKERS_PRES","WORK_ZONE_IND","WORK_ZONE_LOC","WORK_ZONE_TYPE","WZ_CLOSE_DETOUR","WZ_FLAGGER","WZ_LAW_OFFCR_IND","WZ_LN_CLOSURE","WZ_MOVING","WZ_OTHER","WZ_SHLDER_MDN","WZ_WORKERS_INJ_KILLED"
"2021041112","","1","0","0","0","0","0","0","0","0","1","0","","02","5","2021","3","40.438745","-79.748671","","11","0","0","0","0","0","2","0","0","","0","0","0","","","0","N","0","","40 26:19.482","4","0","79 44:55.214","0","0","0","0","2446","0","0","0","N","0","0","0","2","02446","0","","1.0","802.0","1","N","N","N","0","","0","0","1","0","0","N","","2","0","0","0","0","0","0","2","0","2","","","","N","","","","","","","","","",""
"2021065966","","3","0","0","0","0","0","0","0","0","1","0","","02","7","2021","4","40.42826","-79.927213","","11","0","0","0","0","0","0","1","0","","0","0","0","","","0","N","0","","40 25:41.736","","4","79 55:37.966","9","0","0","0","2301","0","0","0","N","0","0","0","5","68B03","0","","1.0","","9","N","N","N","0","","0","0","1","0","0","","","4","0","0","0","0","0","1","2","0","4","","","","N","","","","","","","","","",""
"2021040595","","2","0","0","0","0","0","0","0","0","1","0","","02","5","2021","4","40.436172","-79.978376","","11","0","1","0","0","0","0","0","0","","0","0","0","","","0","","2","","40 26:10.220","","0","79 58:42.153","0","0","0","0","2301","0","0","0","N","0","0","0","2","02301","0","","1.0","","1","N","N","N","0","","0","0","0","0","0","","","2","0","0","0","0","0","0","2","0","2","","03","","N","","","","","","","","","",""
"2021038434","","1","0","1","0","0","0","0","0","0","2","0","","02","4","2021","5","40.350148","-79.862901","","11","0","0","1","0","0","0","1","0","","0","0","0","","","1","N","1","","40 21:00.532","1","0","79 51:46.443","2","0","0","0","2304","0","0","0","N","0","0","0","2","02304","0","","1.0","1000.0","9","N","N","N","0","","0","1","1","3","3","Y","","2","1","0","0","0","0","0","2","0","2","","04","","N","","","","","","","","","",""
"2021038248","","4","0","0","0","0","0","0","0","0","1","0","","02","4","2021","4","40.411693","-79.955639","","11","0","0","0","0","0","1","0","0","","0","0","0","","","0","N","0","","40 24:42.096","","0","79 57:20.302","0","0","0","0","2301","0","0","0","N","0","0","0","4","02301","0","","1.0","","1","N","N","Y","0","","0","0","0","0","0","","","4","0","0","0","0","0","0","2","0","4","","","","N","","","","","","","","","",""
"2021039892","","1","0","0","0","0","0","0","0","0","5","0","","02","5","2021","2","40.408069","-80.017959","","11","0","0","0","0","0","1","0","0","","0","0","0","","","0","N","0","","40 24:29.050","","0","80 01:04.653","0","0","0","0","2301","0","0","0","N","0","0","0","2","02301","0","","1.0","","9","N","N","N","1","","0","0","0","0","0","N","","2","0","0","0","0","0","0","2","0","2","","04","","N","","","","","","","","","",""
"2021061907","","2","0","0","0","0","0","0","0","0","1","0","","02","6","2021","4","40.278082","-79.888135","","11","0","0","0","0","0","1","0","0","","0","0","0","","","0","","6","","40 16:41.094","","2","79 53:17.285","0","0","0","0","2471","0","0","0","N","0","0","0","2","02428","0","","1.0","","9","N","N","N","0","","0","0","0","0","0","","","2","0","0","0","0","0","0","2","0","2","","","","N","","","","","","","","","",""
"2021040350","","1","0","0","0","0","0","0","0","0","98","0","","02","5","2021","3","40.494564","-79.936455","","11","0","0","0","0","0","0","0","0","","0","0","0","","","1","N","2","","40 29:40.430","6","7","79 56:11.237","8","0","0","0","2461","1","0","0","N","1","0","0","2","02461","0","","1.0","2140.0","1","N","N","N","0","","0","0","0","0","0","N","","2","1","0","0","0","1","0","2","0","1","","04","","N","","","","","","","","","",""
"2021061708","","1","0","0","0","0","0","0","0","0","7","0","","02","7","2021","1","40.435732","-79.962844","","11","0","0","0","0","0","0","0","0","","0","0","0","","","0","N","2","","40 26:08.634","3","0","79 57:46.239","0","0","0","0","2301","0","0","0","N","0","0","0","1","02301","0","","5.0","100.0","1","N","N","N","0","","0","0","0","0","0","N","","1","0","0","0","0","0","0","2","0","1","","03","","N","","","","","","","","","",""
"2021071095","","0","0","0","0","0","0","0","0","0","7","0","","02","7","2021","7","40.41953","-79.844326","","11","0","0","0","0","0","0","0","0","","0","0","0","","","0","N","1","","40 25:10.307","","0","79 50:39.573","0","0","0","0","2431","0","0","0","N","0","0","0","1","02431","0","","5.0","","1","N","N","N","0","","0","0","1","0","0","","","1","0","1","0","0","0","0","2","0","1","","","","N","","","","","","","","","",""
"2021074614","","2","0","0","0","0","0","0","0","0","4","0","","02","8","2021","3","40.447077","-79.947295","","11","0","0","0","0","0","0","0","0","","0","0","0","","","0","N","1","","40 26:49.476","4","0","79 56:50.263","0","0","0","0","2301","0","0","0","N","0","0","0","2","02301","0","","1.0","2148.0","1","N","N","N","0","","0","0","0","2","1","N","","2","0","0","0","0","0","0","2","0","2","","","","N","","","","","","","","","",""
"2021068135","","2","0","0","0","0","0","0","0","0","1","0","","02","7","2021","6","40.410381","-79.990392","","11","0","0","0","0","0","1","0","0","","0","0","0","","","1","N","1","","40 24:37.371","","99","79 59:25.411","8","0","0","0","2301","0","0","0","N","0","0","0","3","02301","0","","1.0","","1","N","N","Y","1","","0","0","0","3","2","","","3","1","0","0","0","1","0","2","0","3","","03","","N","","","","","","","","","",""
"2021051335","","1","0","0","0","0","0","0","0","0","1","0","","02","4","2021","5","40.383157","-79.827797","","11","0","0","0","0","1","1","0","0","","0","0","0","","","1","","2","","40 22:59.366","3","0","79 49:40.068","3","0","0","0","2111","0","0","0","N","0","0","0","2","02111","0","","1.0","639.0","1","N","N","N","1","","1","0","0","3","4","Y","","2","1","0","0","0","0","0","2","0","2","","03","","N","","","","","","","","","",""
"2021072484","","2","0","0","0","0","0","0","0","0","2","0","","02","8","2021","4","40.423698","-79.961982","","11","0","0","0","0","0","1","1","0","","0","0","0","","","1","N","1","","40 25:25.314","","0","79 57:43.135","3","0","0","0","2301","0","0","0","N","0","0","0","2","02301","0","","1.0","","1","N","N","N","0","","1","0","0","3","2","","","2","1","0","0","0","0","0","2","0","2","","","","N","","","","","","","","","",""
"2021074255","","0","0","0","0","0","0","0","0","0","0","0","","02","7","2021","3","40.42806","-79.719726","","11","0","0","0","0","0","0","1","0","","0","0","0","","","1","N","0","","40 25:41.015","4","0","79 43:11.015","8","0","0","1","2446","0","0","0","N","0","0","0","1","02446","0","","1.0","1350.0","1","N","N","N","0","","0","0","0","0","0","N","","1","1","0","0","0","1","0","2","0","1","","","","N","","","","","","","","","",""
"2021034213","","1","0","0","0","0","0","0","0","0","4","0","","02","4","2021","5","40.465148","-79.931869","","11","0","0","0","0","0","0","0","0","","0","0","0","","","0","","1","","40 27:54.532","7","0","79 55:54.728","0","0","0","0","2301","0","0","0","N","0","0","0","2","02301","0","","1.0","1118.0","1","N","N","Y","0","","0","0","1","3","3","N","","2","0","0","0","0","0","0","2","0","2","","98","","N","","","","","","","","","",""
"2021038896","","1","0","0","0","0","0","0","0","0","98","0","","02","4","2021","6","40.450268","-79.993692","","11","0","0","0","0","0","0","0","0","","0","0","0","","","0","N","0","","40 27:00.963","","3","79 59:37.292","0","0","0","0","2301","0","0","0","N","0","0","0","1","02301","0","","1.0","","9","N","N","N","0","","0","0","0","0","0","","","1","0","0","0","0","0","0","2","0","1","","04","","N","","","","","","","","","",""
"2021033684","","2","0","0","0","0","0","0","0","0","1","0","","02","4","2021","3","40.477881","-80.042201","","11","0","0","0","0","0","0","0","0","","0","0","0","","","0","N","0","","40 28:40.372","1","0","80 02:31.925","0","0","0","0","2301","0","0","0","N","0","0","0","7","02301","0","","1.0","1630.0","1","N","N","N","0","","0","0","1","0","0","N","","3","0","0","0","0","0","0","2","0","3","","03","","N","","","","","","","","","",""
"2021070003","","2","0","0","0","0","0","0","0","0","1","0","","02","7","2021","4","40.413781","-79.922733","","11","0","1","0","0","0","0","0","0","","0","0","0","","","0","N","2","","40 24:49.612","1","0","79 55:21.837","0","0","0","0","2301","0","0","0","N","0","0","0","5","02301","0","","1.0","1802.0","1","N","N","N","0","","0","0","0","3","2","N","","2","0","0","0","0","0","0","2","0","2","","","","N","","","","","","","","","",""
"2021039189","","2","0","0","0","0","0","0","0","0","4","0","","02","5","2021","7","40.477747","-79.785712","","11","0","0","0","0","0","1","0","0","","0","0","0","","","2","N","0","","40 28:39.888","","6","79 47:08.563","8","0","0","0","2113","0","0","0","N","0","0","0","3","02113","0","","1.0","","1","N","N","N","0","","0","0","0","0","0","N","","2","2","0","0","0","2","0","2","0","2","","03","","N","","","","","","","","","",""
"2021070670","","3","0","0","0","0","0","0","0","0","5","0","","02","7","2021","6","40.454398","-79.887591","","11","0","0","0","0","0","0","0","0","","0","0","0","","","0","N","0","","40 27:15.833","","0","79 53:15.328","9","0","0","0","2301","0","0","0","N","0","0","0","1","02301","0","","1.0","","1","N","N","N","0","","0","0","0","0","0","","","3","0","0","0","0","0","1","2","0","3","","03","","N","","","","","","","","","",""
"2021044747","","1","0","0","0","0","0","0","0","0","1","0","","02","5","2021","4","40.36338","-80.110138","","11","0","0","0","1","0","0","1","0","","0","0","0","","","1","Y","0","","40 21:48.169","2","0","80 06:36.495","3","0","0","0","2414","0","0","0","N","0","0","0","3","02414","0","","1.0","1315.0","1","N","N","N","0","","1","0","2","3","2","N","","3","1","0","0","0","0","0","2","0","3","","04","","N","","","","","","","","","",""
"2021038904","","3","0","0","0","0","0","0","0","0","4","0","","02","4","2021","5","40.375893","-80.098065","","11","0","0","0","0","0","1","0","0","","0","0","0","","","1","Y","0","","40 22:33.214","2","7","80 05:53.033","3","0","0","0","2102","0","0","0","N","0","0","0","3","02102","0","","1.0","1646.0","1","N","N","Y","0","","1","0","0","0","0","N","","3","1","0","0","0","0","0","2","0","3","","","","N","","","","","","","","","",""
"2021070004","","1","0","0","0","0","0","1","0","0","6","2","","02","7","2021","4","40.379026","-79.925808","","11","0","0","0","0","0","1","0","0","","0","1","0","","","0","N","0","","40 22:44.494","","0","79 55:32.909","0","0","0","0","2473","0","0","0","N","0","0","0","4","02503","0","","1.0","","1","N","N","Y","0","","0","0","0","0","0","","","3","0","0","0","0","0","0","2","0","3","","","","N","","","","","","","","","",""
"2021035973","","0","0","0","0","0","0","0","0","0","1","0","","02","4","2021","4","40.438766","-79.74989","","11","0","0","0","0","1","0","0","0","","0","0","0","","","0","N","0","","40 26:19.559","4","0","79 44:59.603","0","0","0","0","2446","0","0","0","N","0","0","0","5","02446","0","","1.0","812.0","1","N","N","N","1","","0","0","2","0","0","N","","3","0","0","0","0","0","0","2","0","3","","03","","N","","","","","","","","","",""
"2021033092","","0","0","0","0","0","0","0","0","0","2","0","","02","4","2021","1","40.46875","-80.052139","","11","0","0","0","0","0","0","0","0","","0","0","0","","","1","N","0","","40 28:07.500","5","0","80 03:07.700","3","0","0","0","2444","0","0","0","N","0","0","0","3","02444","0","","1.0","1022.0","9","N","N","N","0","","1","0","2","0","0","Y","","2","1","0","0","0","0","1","2","0","2","","03","","N","","","","","","","","","",""
"2021069598","","1","0","0","0","0","0","0","0","0","1","0","","02","7","2021","4","40.466359","-79.993819","","11","0","0","0","0","0","0","0","0","","0","0","0","","","0","N","3","","40 27:58.892","","0","79 59:37.748","0","0","0","0","2301","0","0","0","N","0","0","0","3","02301","0","","1.0","","1","N","N","N","0","","0","0","1","3","3","","","2","0","0","0","0","0","0","2","0","2","","03","","N","","","","","","","","","",""
"2021036674","","2","0","0","0","0","0","0","0","0","4","0","","02","4","2021","4","40.350024","-79.864751","","11","0","0","0","1","0","0","0","0","","0","0","0","","","0","N","1","","40 21:00.086","1","0","79 51:53.103","0","0","0","0","2304","0","0","0","N","0","0","0","2","02304","0","","1.0","1653.0","1","N","N","N","0","","0","0","0","1","3","N","","2","0","0","0","0","0","0","2","0","2","","03","","N","","","","","","","","","",""
"2021032883","","2","0","0","0","0","0","0","0","0","7","0","","02","4","2021","1","40.484477","-79.860563","","11","0","0","0","0","0","0","1","0","","0","0","0","","","3","N","0","","40 29:04.118","6","0","79 51:38.026","3","0","0","0","2113","0","0","0","Y","0","0","0","3","02113","0","","5.0","1341.0","1","N","N","N","0","","3","0","0","0","0","Y","","2","3","1","0","0","0","0","2","0","2","","03","","N","","","","","","","","","",""
"2021069076","","1","0","0","0","0","0","0","0","0","4","0","","02","7","2021","2","40.45832","-79.933815","","11","0","0","0","0","0","0","0","0","","0","0","0","","","0","","1","","40 27:29.951","","0","79 56:01.734","0","0","0","0","2301","0","0","0","N","0","0","0","2","02301","0","","1.0","","1","N","N","N","1","","0","0","0","3","2","","","2","0","0","0","0","0","0","2","0","2","","03","","N","","","","","","","","","",""
"2021032814","","1","0","0","0","0","0","0","0","0","4","0","","02","4","2021","7","40.275328","-79.88057","","11","0","0","0","0","0","0","0","0","","0","0","0","","","2","N","2","","40 16:31.180","6","0","79 52:50.052","3","0","0","0","2428","0","0","0","N","0","0","0","3","02428","0","","1.0","1113.0","1","N","N","N","0","","2","0","1","0","0","Y","","2","2","1","0","0","0","0","2","0","2","","","","N","","","","","","","","","",""
"2021034125","","0","0","0","0","0","0","0","0","0","7","0","","02","4","2021","3","40.503441","-79.947399","","11","0","0","0","0","0","0","0","0","","0","0","0","","","0","","1","","40 30:12.387","1","0","79 56:50.637","0","0","0","0","2430","0","0","0","N","0","0","0","1","02430","0","","4.0","2104.0","1","N","N","N","0","","0","0","1","3","2","N","","1","0","0","0","0","0","0","2","0","1","","","","N","","","","","","","","","",""
"2021074605","","2","0","0","0","0","0","0","0","0","4","0","","02","8","2021","2","40.520178","-79.809459","","11","0","0","0","0","0","0","0","0","","0","0","0","","","0","","2","","40 31:12.639","","0","79 48:34.054","0","0","0","0","2466","0","0","0","N","0","0","0","3","02466","0","","1.0","","1","N","N","N","0","","0","0","0","3","3","","","2","0","0","0","0","0","0","2","0","2","","03","","N","","","","","","","","","",""
"2021035656","","1","0","0","0","0","0","0","0","0","1","0","55","02","4","2021","2","40.447109","-80.165843","","11","0","0","0","0","0","0","0","1","","0","0","0","","","1","N","0","","40 26:49.591","4","0","80 09:57.034","3","0","0","0","2115","0","0","0","N","0","0","0","3","68B03","0","","1.0","2336.0","1","N","N","N","0","","1","0","0","3","8","N","","2","1","0","0","0","0","0","2","0","2","","","Y","Y","2","1","N","N","N","Y","Y","N","N","N"
"2021068882","","1","0","0","0","0","0","0","0","0","0","1","","02","7","2021","1","40.381059","-79.811987","","11","0","0","0","0","0","1","0","0","","0","1","0","","","0","Y","0","","40 22:51.814","","0","79 48:43.153","0","0","0","0","2304","0","0","0","N","0","0","0","2","02304","0","","2.0","","1","N","N","N","0","","0","0","0","0","0","","","2","0","0","0","0","0","0","2","0","2","","03","","N","","","","","","","","","",""
"2021037607","","1","0","0","0","0","0","0","0","0","7","0","","02","4","2021","7","40.343324","-80.060332","","11","0","0","1","0","0","0","0","0","","0","0","0","","","0","N","1","","40 20:35.965","","0","80 03:37.196","0","0","0","0","2123","0","0","0","N","0","0","0","1","02123","0","","3.0","","9","N","N","N","0","","0","0","0","0","0","","","1","0","0","0","0","0","0","2","0","1","","","","N","","","","","","","","","",""
"2021041321","","0","0","0","0","0","0","0","0","0","1","0","","02","5","2021","6","40.461508","-79.925003","","11","0","1","0","0","0","1","0","0","","0","0","0","","","2","N","0","","40 27:41.427","","0","79 55:30.012","8","0","0","0","2301","0","0","0","N","0","0","0","5","02301","0","","1.0","","9","N","N","N","0","","0","0","1","3","2","","","2","2","0","0","0","2","0","2","1","2","","07","","N","","","","","","","","","",""
"2021073010","","1","0","0","0","0","0","0","0","0","7","0","","02","8","2021","6","40.351378","-79.866678","","11","0","0","0","0","0","0","0","0","","0","0","0","","","0","N","1","","40 21:04.959","3","0","79 52:00.040","0","0","0","0","2304","0","0","0","N","0","0","0","1","02304","0","","1.0","150.0","1","N","N","N","0","","0","0","0","3","2","N","","1","0","0","0","0","0","0","2","0","1","","","","N","","","","","","","","","",""
"2021075342","","1","0","0","0","0","0","0","0","0","8","0","","02","8","2021","5","40.42193","-79.928869","","11","0","0","0","0","0","0","0","0","","0","0","0","","","1","","2","","40 25:18.948","","0","79 55:43.928","2","0","0","0","2301","1","0","1","N","1","0","1","2","02301","0","","1.0","","1","N","N","N","0","","0","1","0","3","3","","","2","1","0","0","0","0","0","2","0","1","","03","","N","","","","","","","","","",""
"2021036167","","0","0","0","0","0","0","0","0","0","1","0","","02","4","2021","2","40.426732","-79.918231","","11","0","0","0","0","0","1","0","0","","0","0","0","","","2","N","0","","40 25:36.236","","4","79 55:05.630","4","0","0","0","2301","0","0","0","N","0","0","0","2","68B03","2","","1.0","","1","N","N","Y","1","","0","0","1","0","0","","","2","2","0","0","0","0","0","2","0","2","","","","N","","","","","","","","","",""
"2021035387","","1","0","0","0","0","0","0","0","0","7","0","","02","4","2021","7","40.463248","-79.999498","","11","0","0","0","0","0","0","0","0","","0","0","0","","","1","N","0","","40 27:47.692","","0","79 59:58.193","8","0","0","0","2301","0","0","0","N","0","0","0","1","68B03","0","","4.0","","1","N","N","N","0","","0","0","0","0","0","","","1","1","0","0","0","1","0","2","0","1","","","","N","","","","","","","","","",""
"2021069961","","0","0","0","0","0","0","0","0","0","7","0","","02","7","2021","7","40.337971","-80.066625","","11","0","0","0","0","0","1","0","0","","0","0","0","","","0","N","0","","40 20:16.694","1","0","80 03:59.850","0","0","0","0","2123","0","0","0","N","0","0","0","1","02123","0","","5.0","1347.0","1","N","N","N","0","","0","0","1","0","0","N","","1","0","0","0","0","0","0","2","0","1","","03","","N","","","","","","","","","",""
"2021033785","","0","0","0","0","0","0","0","0","0","7","0","","02","4","2021","3","40.39525","-80.024389","","11","0","0","0","0","0","0","0","0","","0","0","0","","","2","N","0","","40 23:42.900","6","0","80 01:27.800","3","0","0","0","2301","0","0","0","N","0","0","0","2","02301","0","","4.0","2200.0","1","N","N","N","0","","2","0","1","0","0","Y","","1","2","0","0","0","0","0","2","0","1","","03","","N","","","","","","","","","",""
"2021034680","","0","0","0","0","0","0","0","0","0","7","0","","02","4","2021","6","40.496629","-79.903602","","11","0","0","0","0","0","0","0","0","","0","0","0","","","0","N","1","","40 29:47.866","","0","79 54:12.966","0","0","0","0","2401","0","0","0","N","0","0","0","1","02401","0","","5.0","","9","N","N","N","0","","0","0","1","0","0","","","1","0","0","0","0","0","0","2","0","1","","","","N","","","","","","","","","",""
"2021069523","","1","0","0","0","0","0","0","0","0","1","0","","02","6","2021","2","40.420743","-80.047982","","11","0","0","0","0","0","0","0","0","","0","0","0","","","1","N","0","","40 25:14.674","","0","80 02:52.734","4","0","0","0","2435","0","0","0","N","0","0","0","2","68B03","1","","1.0","","1","N","N","N","1","","0","0","0","0","0","","","2","1","0","0","0","0","0","2","0","2","","03","","N","","","","","","","","","",""
"2021035000","","1","0","0","0","0","0","0","0","0","1","0","","02","4","2021","7","40.355201","-80.050178","","11","0","0","0","0","0","1","0","0","","0","0","0","","","1","","1","","40 21:18.723","","0","80 03:00.639","3","0","0","0","2109","0","0","0","N","0","0","0","4","02109","0","","1.0","","1","N","N","N","0","","1","0","1","3","4","","","2","1","0","0","0","0","0","2","0","2","","","","N","","","","","","","","","",""
"2021033829","","0","0","0","0","0","0","0","0","0","7","0","","02","4","2021","2","40.369235","-79.982953","","11","0","0","0","0","0","1","0","0","","0","0","0","","","0","N","0","","40 22:09.247","","0","79 58:58.629","0","0","0","0","2413","0","0","0","N","0","0","0","1","02413","0","","5.0","","1","N","N","N","0","","0","0","0","0","0","","","1","0","1","0","0","0","0","2","1","1","","","","N","","","","","","","","","",""
"2021034892","","1","0","0","0","0","0","0","0","0","7","0","","02","4","2021","1","40.352152","-79.865322","","11","0","0","0","0","0","0","0","0","","0","0","0","","","0","N","9","","40 21:07.747","","0","79 51:55.159","0","0","0","0","2304","0","0","0","N","0","0","0","1","02304","0","","5.0","","1","N","N","N","0","","0","0","0","0","0","","","1","0","0","0","0","0","0","2","0","1","","03","","N","","","","","","","","","",""
"2021067486","","2","0","0","0","0","0","0","0","0","4","0","","02","7","2021","4","40.502619","-80.061426","","11","0","0","0","0","0","0","0","0","","0","0","0","","","0","","2","","40 30:09.430","2","0","80 03:41.133","0","0","0","0","2404","0","0","0","N","0","0","0","4","02404","0","","1.0","1115.0","1","N","N","N","0","","0","0","0","0","0","Y","","2","0","0","0","0","0","0","2","0","2","","","","N","","","","","","","","","",""
"2021068587","","2","0","0","0","0","0","0","0","0","4","0","","02","7","2021","7","40.338991","-79.960201","","11","0","0","0","0","0","0","0","0","","0","0","0","","","0","","1","","40 20:20.366","","0","79 57:36.725","0","0","0","0","2454","0","0","0","N","0","0","0","5","02454","0","","1.0","","1","N","N","N","0","","0","0","0","3","2","N","","2","0","0","0","0","0","0","2","0","2","","","","N","","","","","","","","","",""
"2021075280","","1","0","0","0","0","0","0","0","0","7","1","","02","7","2021","5","40.440774","-79.834802","","11","0","0","0","0","0","1","0","0","","0","1","0","","","1","N","0","","40 26:26.786","3","0","79 50:05.288","3","0","0","0","2419","0","0","0","Y","0","0","0","2","68B03","0","","4.0","1300.0","9","N","N","N","0","","1","0","0","0","0","N","","2","1","0","0","0","0","0","2","0","2","","07","","N","","","","","","","","","",""
"2021068157","","0","0","0","0","0","0","0","0","0","7","0","","02","7","2021","6","40.350569","-79.87239","","11","0","0","0","0","0","1","0","0","","0","0","0","","","1","N","0","","40 21:02.048","3","0","79 52:20.603","8","0","0","0","2304","0","0","0","N","0","0","0","1","02304","0","","2.0","2210.0","9","N","N","N","0","","0","0","1","0","0","N","","1","1","0","0","0","1","0","2","0","1","","04","","N","","","","","","","","","",""
"2021044760","","1","0","0","0","0","0","0","0","0","8","0","","02","4","2021","1","40.389167","-79.821111","","11","0","0","0","0","0","0","0","0","","0","0","0","","","1","N","0","","40 23:21.000","5","0","79 49:16.000","2","0","0","0","2111","1","0","1","N","1","0","1","3","02111","0","","1.0","430.0","1","N","N","N","0","","0","1","0","0","0","Y","","2","1","0","0","0","0","0","2","0","1","","07","","N","","","","","","","","","",""
"2021038618","","0","0","0","0","0","0","0","0","0","2","0","","02","4","2021","6","40.356194","-79.9911","","11","0","0","0","0","0","0","0","0","","0","0","0","","","1","N","0","","40 21:22.300","","0","79 59:27.960","3","0","0","0","2476","0","0","0","N","0","0","0","2","02476","0","","1.0","","9","N","N","N","0","","1","0","2","0","0","","","2","1","0","0","0","0","0","2","0","2","","","","N","","","","","","","","","",""
"2021032936","","2","0","0","0","0","0","0","0","0","1","0","","02","4","2021","1","40.428184","-79.971075","","11","0","0","0","0","0","0","0","0","","0","0","0","","","0","N","0","","40 25:41.463","","0","79 58:15.870","9","0","0","0","2301","0","0","0","N","0","0","0","2","02301","0","","1.0","","9","N","N","N","0","","0","0","0","0","0","","","2","0","0","0","0","0","2","2","0","2","","04","","N","","","","","","","","","",""
"2021039332","","1","0","0","0","0","0","0","0","0","7","0","","02","5","2021","7","40.470333","-79.754861","","11","0","0","0","0","0","0","0","0","","0","0","0","","","0","N","0","","40 28:13.200","","0","79 45:17.500","0","0","0","0","2466","0","0","0","N","0","0","0","1","02466","0","","5.0","","1","N","N","N","0","","0","0","0","0","0","","","1","0","0","0","0","0","0","2","0","1","","","","N","","","","","","","","","",""
"2021070069","","1","0","0","0","0","0","0","0","0","7","0","","02","7","2021","2","40.47827","-80.066899","","11","0","0","0","0","0","0","0","0","","0","0","0","","","1","Y","0","","40 28:41.772","5","0","80 04:00.835","3","0","0","0","2122","0","0","0","N","0","0","0","1","02122","0","","2.0","2145.0","1","N","N","N","0","","1","0","0","0","0","N","","1","1","0","0","0","0","0","2","0","1","","03","","N","","","","","","","","","",""
"2021070629","","2","0","0","0","0","0","0","0","0","1","0","","02","7","2021","2","40.320388","-79.835773","","11","0","1","0","0","0","0","0","0","","0","0","0","","","1","N","0","","40 19:13.398","5","0","79 50:08.781","3","0","0","0","2469","0","0","0","N","0","0","0","2","02469","0","","1.0","2005.0","1","N","N","N","0","","1","0","1","0","0","Y","","3","1","0","0","0","0","0","2","0","3","","03","","N","","","","","","","","","",""
"2021032670","","1","0","0","0","0","0","0","0","0","4","0","","02","4","2021","7","40.454008","-79.885641","","11","0","0","0","0","0","0","0","0","","0","0","0","","","3","","1","","40 27:14.427","","0","79 53:08.306","4","0","0","0","2301","0","0","0","N","0","0","0","3","02301","3","","1.0","","1","N","N","N","0","","0","0","0","3","2","","","2","3","0","0","0","0","0","2","0","2","","03","","N","","","","","","","","","",""
"2021036701","","2","0","0","0","0","0","0","0","0","4","0","","02","4","2021","2","40.398006","-79.839922","","11","0","0","0","0","0","0","0","0","","0","0","0","","","2","N","0","","40 23:52.820","","0","79 50:23.720","3","0","0","0","2425","0","0","0","N","0","0","0","2","68B03","0","","1.0","","1","N","N","N","0","","2","0","0","0","0","","","2","2","0","0","0","0","0","2","0","2","","","","N","","","","","","","","","",""
"2021039903","","1","0","0","0","0","0","0","0","0","2","0","","02","5","2021","7","40.371515","-80.229069","","11","0","0","0","0","0","0","0","0","","0","0","0","","","0","N","1","","40 22:17.455","7","0","80 13:44.648","0","0","0","0","2490","0","0","0","N","0","0","0","2","62422","0","","1.0","2304.0","1","N","N","N","1","","0","0","0","0","0","N","","2","0","0","0","0","0","0","2","0","2","","","","N","","","","","","","","","",""
"2021034925","","0","0","0","0","0","0","0","0","0","4","0","","02","4","2021","7","40.380178","-79.828521","","11","0","0","0","0","0","0","0","0","","0","0","0","","","1","N","1","","40 22:48.639","2","0","79 49:42.676","3","0","0","0","2111","0","0","0","N","0","0","0","3","02111","0","","1.0","1449.0","1","N","N","N","0","","1","0","2","3","2","N","","2","1","0","0","0","0","0","2","0","2","","03","","N","","","","","","","","","",""