"CRN","ARRIVAL_TM","AUTOMOBILE_COUNT","BELTED_DEATH_COUNT","BELTED_SUSP_SERIOUS_INJ_COUNT","BICYCLE_COUNT","BICYCLE_DEATH_COUNT","BICYCLE_SUSP_SERIOUS_INJ_COUNT","BUS_COUNT","CHLDPAS_DEATH_COUNT","CHLDPAS_SUSP_SERIOUS_INJ_COUNT","COLLISION_TYPE","COMM_VEH_COUNT","CONS_ZONE_SPD_LIM","COUNTY","CRASH_MONTH","CRASH_YEAR","DAY_OF_WEEK","DEC_LATITUDE","DEC_LONGITUDE","DISPATCH_TM","DISTRICT","DRIVER_COUNT_16YR","DRIVER_COUNT_17YR","DRIVER_COUNT_18YR","DRIVER_COUNT_19YR","DRIVER_COUNT_20YR","DRIVER_COUNT_50_64YR","DRIVER_COUNT_65_74YR","DRIVER_COUNT_75PLUS","EST_HRS_CLOSED","FATAL_COUNT","HEAVY_TRUCK_COUNT","HORSE_BUGGY_COUNT","HOUR_OF_DAY","ILLUMINATION","INJURY_COUNT","INTERSECTION_RELATED","INTERSECT_TYPE","LANE_CLOSED","LATITUDE","LN_CLOSE_DIR","LOCATION_TYPE","LONGITUDE","MAX_SEVERITY_LEVEL","MCYCLE_DEATH_COUNT","MCYCLE_SUSP_SERIOUS_INJ_COUNT","MOTORCYCLE_COUNT","MUNICIPALITY","NONMOTR_COUNT","NONMOTR_DEATH_COUNT","NONMOTR_SUSP_SERIOUS_INJ_COUNT","NTFY_HIWY_MAINT","PED_COUNT","PED_DEATH_COUNT","PED_SUSP_SERIOUS_INJ_COUNT","PERSON_COUNT","POLICE_AGCY","POSSIBLE_INJ_COUNT","RDWY_SURF_TYPE_CD","RELATION_TO_ROAD","ROADWAY_CLEARED","ROAD_CONDITION","SCH_BUS_IND","SCH_ZONE_IND","SECONDARY_CRASH","SMALL_TRUCK_COUNT","SPEC_JURIS_CD","SUSP_MINOR_INJ_COUNT","SUSP_SERIOUS_INJ_COUNT","SUV_COUNT","TCD_FUNC_CD","TCD_TYPE","TFC_DETOUR_IND","TIME_OF_DAY","TOTAL_UNITS","TOT_INJ_COUNT","UNBELTED_OCC_COUNT","UNB_DEATH_COUNT","UNB_SUSP_SERIOUS_INJ_COUNT","UNK_INJ_DEG_COUNT","UNK_INJ_PER_COUNT","URBAN_RURAL","VAN_COUNT","VEHICLE_COUNT","WEATHER1","WEATHER2","WORKERS_PRES","WORK_ZONE_IND","WORK_ZONE_LOC","WORK_ZONE_TYPE","WZ_CLOSE_DETOUR","WZ_FLAGGER","WZ_LAW_OFFCR_IND","WZ_LN_CLOSURE","WZ_MOVING","WZ_OTHER","WZ_SHLDER_MDN","WZ_WORKERS_INJ_KILLED"
"2021034620","","0","0","0","0","0","0","0","0","0","8","0","","02","4","2021","6","40.452244","-79.950851","","11","0","0","0","0","0","0","0","0","","0","0","0","","","1","N","2","","40 27:08.078","","0","79 57:03.065","3","0","0","0","2301","1","0","0","N","1","0","0","2","02301","0","","1.0","","1","N","N","N","1","","1","0","0","3","2","","","2","1","0","0","0","0","0","2","0","1","","03","","N","","","","","","","","","",""
"2021033021","","1","0","0","0","0","0","0","0","0","1","0","","02","4","2021","1","40.355196","-80.116158","","11","0","0","0","0","0","0","0","0","","0","0","0","","","1","N","7","","40 21:18.706","","2","80 06:58.169","3","0","0","0","2119","0","0","0","N","0","0","0","2","02119","0","","1.0","","1","N","N","N","1","","1","0","0","0","0","","","2","1","0","0","0","0","0","2","0","2","","03","","N","","","","","","","","","",""
"2021058003","","1","0","0","0","0","0","0","0","0","2","0","","02","6","2021","3","40.381059","-80.094894","","11","0","0","0","0","0","0","0","1","","0","0","0","","","1","","2","","40 22:51.813","4","0","80 05:41.620","8","0","0","0","2102","0","0","0","N","0","0","0","3","02102","0","","1.0","1025.0","1","N","N","N","0","","0","0","0","2","2","N","","2","1","0","0","0","1","0","2","1","2","","03","","N","","","","","","","","","",""
"2021069016","","2","0","0","0","0","0","0","0","0","4","0","","02","7","2021","2","40.462228","-79.911088","","11","0","0","0","0","1","0","0","0","","0","0","0","","","0","N","1","","40 27:44.020","","0","79 54:39.916","0","0","0","0","2301","0","0","0","N","0","0","0","2","02301","0","","1.0","","1","N","N","N","0","","0","0","0","3","3","","","2","0","2","0","0","0","0","2","0","2","","","","N","","","","","","","","","",""
"2021078840","","0","0","0","0","0","0","0","0","0","7","0","","02","8","2021","4","40.419083","-79.732701","","11","0","0","0","0","0","0","0","0","","0","0","0","","","0","N","0","","40 25:08.699","","0","79 43:57.722","0","0","0","0","2446","0","0","0","N","0","0","0","1","68T09","0","","4.0","","9","N","N","N","0","","0","0","0","0","0","","","1","0","0","0","0","0","0","2","1","1","","","","N","","","","","","","","","",""
"2021078153","","2","0","0","0","0","0","0","0","0","6","0","","02","8","2021","6","40.448128","-80.063974","","11","0","0","0","0","0","0","0","0","","0","0","0","","","0","N","3","","40 26:53.260","6","0","80 03:50.308","9","0","0","0","2301","0","0","0","N","0","0","0","4","02301","0","","1.0","30.0","1","N","N","N","0","","0","0","0","0","0","Y","","2","0","0","0","0","0","1","2","0","2","","","","N","","","","","","","","","",""
"2021068911","","2","0","0","0","0","0","0","0","0","2","0","","02","7","2021","1","40.399183","-79.973102","","11","0","0","0","0","0","0","0","0","","0","0","0","","","0","N","0","","40 23:57.059","","0","79 58:23.166","0","0","0","0","2403","0","0","0","N","0","0","0","1","02403","0","","4.0","","1","N","N","N","0","","0","0","0","0","0","","","2","0","0","0","0","0","0","2","0","2","","","","N","","","","","","","","","",""
"2021033912","","1","0","0","0","0","0","0","0","0","7","0","99","02","4","2021","4","40.385002","-79.862739","","11","0","0","0","0","0","1","0","0","","0","0","0","","","1","","2","","40 23:06.006","5","0","79 51:45.860","8","0","0","0","2303","0","0","0","Y","0","0","0","1","02303","0","","3.0","1027.0","1","N","N","N","0","","0","0","0","3","2","Y","","1","1","1","0","0","1","0","2","0","1","","","Y","Y","4","1","","","Y","","","","","N"
"2021067572","","1","0","0","0","0","0","0","0","0","1","0","","02","7","2021","7","40.438869","-79.760496","","11","0","0","0","0","0","0","0","1","","0","0","0","","","0","N","1","","40 26:19.929","","0","79 45:37.786","9","0","0","0","2446","0","0","0","N","0","0","0","4","02446","0","","1.0","","1","N","N","N","0","","0","0","0","3","2","","","2","0","0","0","0","0","1","2","1","2","","03","","N","","","","","","","","","",""
"2021045948","","0","0","0","0","0","0","0","0","0","1","0","","02","5","2021","5","40.456105","-79.800569","","11","0","0","0","0","0","0","0","0","","0","0","0","","","0","N","0","","40 27:21.978","","0","79 48:02.047","9","0","0","0","2113","0","0","0","Y","0","0","0","1","02113","0","","1.0","","1","Y","N","N","1","","0","0","0","0","0","","","3","0","0","0","0","0","1","2","0","3","","03","","Y","","","","","","","","","",""
"2021063928","","1","0","0","0","0","0","0","0","0","4","0","","02","7","2021","5","40.436317","-79.757389","","11","0","0","0","0","0","0","0","0","","0","0","0","","","0","N","0","","40 26:10.742","2","6","79 45:26.602","0","0","0","0","2446","0","0","0","N","0","0","0","2","02446","0","","1.0","1445.0","1","N","N","N","0","","0","0","1","0","0","Y","","2","0","0","0","0","0","0","2","0","2","","03","","N","","","","","","","","","",""
"2021076804","","0","0","0","0","0","0","0","0","0","1","1","","02","8","2021","3","40.42213","-79.959494","","11","0","0","0","1","0","1","0","0","","0","1","0","","","1","N","0","","40 25:19.668","3","0","79 57:34.180","3","0","0","0","2301","0","0","0","N","0","0","0","3","02301","0","","1.0","1610.0","1","N","N","N","1","","1","0","1","0","0","N","","3","1","0","0","0","0","0","2","0","3","","03","","N","","","","","","","","","",""
"2021035943","","1","0","0","0","0","0","0","0","0","7","0","","02","4","2021","2","40.293611","-79.884222","","11","0","0","0","0","0","0","0","0","","0","0","0","","","0","N","0","","40 17:37.000","4","0","79 53:03.200","0","0","0","0","2302","0","0","0","N","0","0","0","2","02302","0","","2.0","930.0","1","N","Y","N","0","","0","0","0","0","0","N","","1","0","0","0","0","0","0","2","0","1","","03","","N","","","","","","","","","",""
"2021033674","","1","0","0","0","0","0","0","0","0","4","0","","02","4","2021","3","40.431711","-80.013701","","11","0","0","0","0","0","0","0","0","","0","0","0","","","1","","1","","40 25:54.159","3","0","80 00:49.323","3","0","0","0","2301","0","0","0","N","0","0","0","2","02301","0","","1.0","1719.0","1","N","N","N","0","","1","0","1","3","2","N","","2","1","0","0","0","0","0","2","0","2","","","","N","","","","","","","","","",""
"2021077896","","0","0","0","0","0","0","0","0","0","1","0","","02","8","2021","6","40.501958","-80.076292","","11","0","0","0","0","0","0","0","0","","0","0","0","","","1","","2","","40 30:07.049","1","0","80 04:34.650","8","0","0","0","2405","0","0","0","N","0","0","0","3","02215","0","","1.0","1124.0","1","N","N","N","1","","0","0","1","0","0","N","","2","1","0","0","0","1","0","2","0","2","","03","","N","","","","","","","","","",""
"2021032696","","0","0","0","0","0","0","0","0","0","0","0","","02","4","2021","7","40.385245","-79.802708","","11","0","0","0","0","0","0","1","0","","0","0","0","","","1","","2","","40 23:06.881","1","0","79 48:09.748","3","0","0","1","2424","0","0","0","N","0","0","0","1","02424","0","","1.0","1800.0","1","N","N","N","0","","1","0","0","0","0","Y","","1","1","0","0","0","0","0","2","0","1","","03","","N","","","","","","","","","",""
"2021066830","","1","0","0","0","0","0","0","0","0","1","0","","02","7","2021","1","40.438721","-79.74712","","11","0","0","0","0","0","2","1","0","","0","0","0","","","0","N","0","","40 26:19.396","4","0","79 44:49.633","0","0","0","0","2446","0","0","0","N","0","0","0","10","02446","0","","1.0","1230.0","1","N","N","N","1","","0","0","2","0","0","N","","4","0","0","0","0","0","0","2","0","4","","03","","N","","","","","","","","","",""
"2021068506","","1","0","0","0","0","0","0","0","0","4","0","","02","7","2021","7","40.486808","-80.016244","","11","0","0","0","1","0","0","0","0","","0","0","0","","","2","N","2","","40 29:12.508","3","0","80 00:58.477","2","0","0","0","2301","0","0","0","N","0","0","0","2","02301","0","","5.0","1309.0","1","N","N","N","0","","1","1","0","0","0","N","","1","2","1","0","1","0","0","2","0","1","","","","N","","","","","","","","","",""
"2021079544","","0","0","0","0","0","0","0","0","0","7","0","","02","8","2021","4","40.617115","-79.751438","","11","0","0","0","0","0","0","0","0","","0","0","0","","","0","N","0","","40 37:01.615","","0","79 45:05.176","0","0","0","0","2202","0","0","0","Y","0","0","0","1","68D02","0","","4.0","","8","N","N","N","0","","0","0","1","0","0","","","1","0","0","0","0","0","0","2","0","1","","","","N","","","","","","","","","",""
"2021069074","","0","0","0","0","0","0","0","0","0","1","0","","02","7","2021","2","40.350002","-79.929316","","11","0","0","0","0","0","0","0","0","","0","0","0","","","0","N","0","","40 21:00.006","","0","79 55:45.539","0","0","0","0","2473","0","0","0","N","0","0","0","2","02473","0","","1.0","","1","N","N","N","1","","0","0","1","0","0","","","2","0","0","0","0","0","0","2","0","2","","","","N","","","","","","","","","",""
"2021039141","","2","0","0","0","0","0","0","0","0","4","0","","02","4","2021","5","40.448396","-80.157693","","11","0","0","0","0","0","1","0","0","","0","0","0","","","0","Y","0","","40 26:54.225","4","7","80 09:27.693","0","0","0","0","2115","0","0","0","N","0","0","0","2","02115","0","","1.0","1300.0","1","N","N","N","0","","0","0","0","0","0","N","","2","0","0","0","0","0","0","2","0","2","","03","","N","","","","","","","","","",""
"2021079942","","0","0","0","0","0","0","0","0","0","0","0","","02","8","2021","3","40.347615","-79.832533","","11","0","0","0","0","0","0","0","0","","0","0","0","","","2","","1","","40 20:51.413","4","0","79 49:57.117","3","0","0","1","2304","0","0","0","N","0","0","0","2","02304","0","","1.0","1640.0","1","N","N","N","0","","1","0","0","3","2","N","","1","2","0","0","0","1","0","2","0","1","","03","","N","","","","","","","","","",""
"2021046795","","3","0","0","0","0","0","0","0","0","98","0","","02","5","2021","7","40.421333","-79.991444","","11","0","0","0","0","0","0","0","0","","0","0","0","","","0","Y","0","","40 25:16.800","1","0","79 59:29.200","0","0","0","0","2301","0","0","0","N","0","0","0","1","02301","0","","1.0","200.0","1","N","N","N","0","","0","0","0","0","0","N","","3","0","0","0","0","0","0","2","0","3","","03","","N","","","","","","","","","",""
"2021047718","","1","0","0","0","0","0","0","0","0","4","0","","02","5","2021","4","40.538585","-79.830396","","11","0","0","0","0","0","1","0","0","","0","0","0","","","1","","2","","40 32:18.906","5","0","79 49:49.425","8","0","0","0","2208","0","0","0","N","0","0","0","3","02208","0","","1.0","1400.0","1","N","N","N","0","","0","0","1","3","2","Y","","2","1","0","0","0","1","0","2","0","2","","03","","N","","","","","","","","","",""
"2021067499","","1","0","0","0","0","0","0","0","0","4","0","","02","7","2021","3","40.384654","-79.995066","","11","0","0","0","0","1","0","0","0","","0","0","0","","","3","","2","","40 23:04.755","7","0","79 59:42.238","2","0","0","0","2301","0","0","0","N","0","0","0","3","02301","0","","1.0","150.0","1","N","N","N","0","","2","1","1","3","2","Y","","2","3","2","0","0","0","0","2","0","2","","","","N","","","","","","","","","",""
"2021044995","","1","0","0","0","0","0","0","0","0","5","0","99","02","5","2021","3","40.44044","-79.992904","","11","0","0","0","0","0","0","1","1","","0","0","0","","","1","N","7","","40 26:25.583","1","2","79 59:34.453","8","0","0","0","2301","0","0","0","Y","0","0","0","2","02301","0","","1.0","1640.0","1","N","N","N","0","","0","0","1","0","0","N","","2","1","0","0","0","1","0","2","0","2","","","N","Y","4","1","Y","","N","Y","Y","","Y","N"
"2021073691","","1","0","0","0","0","0","0","0","0","4","0","","02","8","2021","5","40.672726","-80.069462","","11","0","0","1","0","0","0","1","0","","0","0","0","","","0","N","1","","40 40:21.814","","0","80 04:10.064","0","0","0","0","2216","0","0","0","N","0","0","0","2","02505","0","","1.0","","1","N","N","N","1","","0","0","0","3","3","","","2","0","0","0","0","0","0","2","0","2","","03","","N","","","","","","","","","",""
"2021080183","","1","0","0","0","0","0","0","0","0","7","0","","02","7","2021","5","40.436338","-80.206585","","11","0","0","0","0","0","0","0","1","","0","0","0","","","1","N","0","","40 26:10.816","3","2","80 12:23.706","4","0","0","0","2214","0","0","0","Y","0","0","0","1","68B03","1","","4.0","22.0","1","N","N","N","0","","0","0","0","0","0","N","","1","1","0","0","0","0","0","1","0","1","","","","N","","","","","","","","","",""
"2021045656","","1","0","0","0","0","0","0","0","0","4","0","","02","5","2021","5","40.464603","-79.96148","","11","0","0","0","0","0","1","0","0","","0","0","0","","","0","N","1","","40 27:52.570","3","0","79 57:41.327","0","0","0","0","2301","0","0","0","N","0","0","0","2","02301","0","","1.0","30.0","1","N","N","N","0","","0","0","1","3","3","N","","2","0","0","0","0","0","0","2","0","2","","03","","N","","","","","","","","","",""
"2021064814","","1","0","1","0","0","0","0","0","0","4","0","","02","7","2021","5","40.512184","-80.103884","","11","0","0","0","0","0","1","0","0","","0","0","0","","","2","","2","","40 30:43.861","4","0","80 06:13.984","2","0","0","0","2429","0","0","0","N","0","0","0","2","02215","0","","1.0","1300.0","9","","","N","0","","1","1","1","3","2","N","","2","2","0","0","0","0","0","2","0","2","","07","","N","","","","","","","","","",""
"2021036260","","2","0","0","0","0","0","0","0","0","2","0","","02","4","2021","6","40.449444","-79.885111","","11","0","0","0","0","0","0","0","0","","0","0","0","","","0","Y","0","","40 26:58.000","","0","79 53:06.400","9","0","0","0","2301","0","0","0","N","0","0","0","1","02301","0","","6.0","","1","N","N","N","0","","0","0","1","0","0","","","3","0","0","0","0","0","1","2","0","3","","","","N","","","","","","","","","",""
"2021077681","","2","0","0","0","0","0","0","0","0","2","0","","02","8","2021","5","40.496018","-80.007926","","11","0","0","0","0","0","0","1","0","","0","0","0","","","0","","1","","40 29:45.666","","0","80 00:28.534","0","0","0","0","2301","0","0","0","N","0","0","0","4","02301","0","","1.0","","1","N","N","N","0","","0","0","0","3","3","","","2","0","0","0","0","0","0","2","0","2","","03","","N","","","","","","","","","",""
"2021070751","","1","0","0","0","0","0","0","0","0","7","0","","02","7","2021","6","40.445952","-79.714879","","11","0","0","0","0","0","1","0","0","","0","0","0","","","0","N","0","","40 26:45.427","4","0","79 42:53.566","9","0","0","0","2466","0","0","0","N","0","0","0","1","02466","0","","4.0","1025.0","1","N","N","N","0","","0","0","0","0","0","N","","1","0","0","0","0","0","1","2","0","1","","","","N","","","","","","","","","",""
"2021047292","","1","0","0","0","0","0","0","0","0","4","0","","02","5","2021","6","40.36204","-80.064776","","11","0","0","0","0","0","1","0","1","","0","0","0","","","0","","2","","40 21:43.345","3","0","80 03:53.192","0","0","0","0","2109","0","0","0","N","0","0","0","2","02109","0","","1.0","1905.0","1","N","N","N","0","","0","0","1","0","0","N","","2","0","0","0","0","0","0","2","0","2","","03","","N","","","","","","","","","",""
"2021079527","","0","0","0","0","0","0","0","0","0","7","0","","02","8","2021","2","40.42444","-80.111867","","11","0","0","0","0","0","0","0","0","","0","0","0","","","0","Y","0","","40 25:27.983","","0","80 06:42.721","0","0","0","0","2102","0","0","0","Y","0","0","0","1","68B03","0","","5.0","","1","N","N","N","0","","0","0","1","0","0","","","1","0","0","0","0","0","0","2","0","1","","03","","N","","","","","","","","","",""
"2021033579","","0","0","0","0","0","0","0","0","0","7","0","","02","4","2021","3","40.335888","-79.805943","","11","0","0","0","0","0","1","0","0","","0","0","0","","","1","N","0","","40 20:09.197","6","0","79 48:21.394","3","0","0","0","2477","0","0","0","Y","0","0","0","1","02477","0","","5.0","1845.0","1","N","N","N","0","","1","0","1","0","0","Y","","1","1","0","0","0","0","0","2","0","1","","03","","N","","","","","","","","","",""
"2021034888","","2","0","0","0","0","0","0","0","0","4","0","","02","4","2021","1","40.456858","-79.975627","","11","0","0","0","0","0","0","0","0","","0","0","0","","","2","","1","","40 27:24.688","3","0","79 58:32.257","4","0","0","0","2301","0","0","0","N","0","0","0","3","02301","2","","1.0","245.0","1","N","N","N","0","","0","0","0","3","2","N","","2","2","0","0","0","0","0","2","0","2","","03","","N","","","","","","","","","",""
"2021048178","","2","0","0","0","0","0","0","0","0","4","0","","02","5","2021","6","40.404148","-79.952959","","11","0","0","0","0","0","0","1","0","","0","0","0","","","2","N","0","","40 24:14.933","5","0","79 57:10.652","2","0","0","0","2403","0","0","0","N","0","0","0","4","02403","0","","1.0","1800.0","1","N","N","N","0","","0","1","1","0","0","N","","3","2","0","0","0","1","0","2","0","3","","","","N","","","","","","","","","",""
"2021046314","","3","0","0","0","0","0","0","0","0","5","0","","02","5","2021","6","40.467","-79.892983","","11","0","0","0","0","0","0","0","0","","0","0","0","","","0","N","0","","40 28:01.200","","0","79 53:34.740","0","0","0","0","2301","0","0","0","N","0","0","0","1","02301","0","","4.0","","1","N","N","N","0","","0","0","0","0","0","","","3","0","0","0","0","0","0","2","0","3","","03","","N","","","","","","","","","",""
"2021046571","","1","0","0","0","0","0","0","0","0","4","0","","02","5","2021","1","40.292597","-79.883344","","11","0","0","0","0","0","0","0","0","","0","0","0","","","0","","1","","40 17:33.348","1","0","79 53:00.040","0","0","0","0","2302","0","0","0","N","0","0","0","2","02302","0","","1.0","10.0","1","N","N","N","0","","0","0","1","0","0","N","","2","0","0","0","0","0","0","2","0","2","","03","","N","","","","","","","","","",""
"2021062009","","2","0","0","0","0","0","0","0","0","4","0","","02","5","2021","5","40.489565","-79.929582","","11","0","0","0","0","0","0","0","0","","0","0","0","","","0","Y","0","","40 29:22.434","","0","79 55:46.496","0","0","0","0","2301","0","0","0","N","0","0","0","1","02301","0","","4.0","","1","N","N","N","1","","0","0","0","0","0","","","3","0","0","0","0","0","0","2","0","3","","03","","N","","","","","","","","","",""
"2021037525","","0","0","0","0","0","0","0","0","0","7","0","","02","4","2021","2","40.428171","-79.948191","","11","0","0","0","0","0","0","0","0","","0","0","0","","","0","N","0","","40 25:41.415","","0","79 56:53.488","0","0","0","0","2301","0","0","0","N","0","0","0","4","68B03","0","","2.0","","9","N","N","N","0","","0","0","1","0","0","","","1","0","0","0","0","0","0","2","0","1","","","","N","","","","","","","","","",""
"2021045200","","0","0","0","0","0","0","0","0","0","6","0","","02","5","2021","3","40.453243","-79.906889","","11","0","0","0","0","0","0","0","0","","0","0","0","","","2","","1","","40 27:11.676","4","0","79 54:24.801","3","0","0","1","2301","0","0","0","N","0","0","0","6","02301","1","","1.0","2215.0","1","N","N","N","0","","1","0","1","3","2","N","","2","2","0","0","0","0","0","2","0","2","","03","","N","","","","","","","","","",""
"2021039335","","1","0","0","0","0","0","0","0","0","7","0","","02","4","2021","5","40.52483","-79.83776","","11","0","0","0","0","0","0","0","0","","0","0","0","","","1","N","0","","40 31:29.388","4","0","79 50:15.935","2","0","0","0","2451","0","0","0","N","0","0","0","1","02451","0","","4.0","1823.0","9","N","N","N","0","","0","1","0","0","0","Y","","1","1","1","0","1","0","0","2","0","1","","","","N","","","","","","","","","",""
"2021051562","","0","0","0","0","0","0","0","0","0","7","0","","02","5","2021","3","40.406493","-79.910829","","11","0","0","0","0","0","0","0","0","","0","0","0","","","0","N","0","","40 24:23.374","3","7","79 54:38.985","0","0","0","0","2438","0","0","0","N","0","0","0","1","02438","0","","4.0","317.0","1","N","N","N","0","","0","0","1","0","0","N","","1","0","0","0","0","0","0","2","0","1","","03","","N","","","","","","","","","",""
"2021046187","","1","0","0","0","0","0","0","0","0","7","0","","02","5","2021","2","40.44003","-80.084865","","11","0","0","0","0","1","0","0","0","","0","0","0","","","0","N","0","","40 26:24.107","","0","80 05:05.515","0","0","0","0","2115","0","0","0","N","0","0","0","1","02115","0","","5.0","","1","N","N","N","0","","0","0","0","0","0","N","","1","0","0","0","0","0","0","2","0","1","","03","","N","","","","","","","","","",""
"2021040349","","0","0","0","0","0","0","0","0","0","4","0","","02","5","2021","1","40.439796","-79.959381","","11","0","0","0","0","0","0","0","0","","0","0","0","","","0","N","2","","40 26:23.266","","0","79 57:33.770","0","0","0","0","2301","0","0","0","N","0","0","0","2","02506","0","","1.0","","1","N","N","N","0","","0","0","2","3","2","N","","2","0","0","0","0","0","0","2","0","2","","04","","N","","","","","","","","","",""
"2021074684","","1","0","0","0","0","0","0","0","0","1","0","","02","8","2021","3","40.611682","-79.896581","","11","0","0","0","0","1","0","0","0","","0","0","0","","","0","N","0","","40 36:42.055","","0","79 53:47.690","0","0","0","0","2208","0","0","0","N","0","0","0","2","02208","0","","1.0","","9","N","N","N","0","","0","0","1","0","0","","","2","0","1","0","0","0","0","2","0","2","","07","","N","","","","","","","","","",""
"2021073379","","1","0","0","0","0","0","0","0","0","4","0","","02","8","2021","7","40.351601","-79.86509","","11","0","0","0","0","0","0","0","0","","0","0","0","","","1","N","1","","40 21:05.762","","0","79 51:54.325","8","0","0","1","2304","0","0","0","N","0","0","0","2","02304","0","","1.0","","1","N","N","N","0","","0","0","0","3","2","","","2","1","0","0","0","1","1","2","0","2","","","","N","","","","","","","","","",""
"2021078911","","0","0","0","0","0","0","0","0","0","4","0","","02","8","2021","6","40.326425","-80.065053","","11","0","0","0","0","0","1","0","0","","0","0","0","","","0","N","0","","40 19:35.130","","0","80 03:54.190","0","0","0","0","2123","0","0","0","N","0","0","0","2","02123","0","","1.0","","1","N","N","N","0","","0","0","2","0","0","","","2","0","0","0","0","0","0","2","0","2","","03","","N","","","","","","","","","",""
"2021039774","","1","0","0","0","0","0","0","0","0","4","0","","02","5","2021","2","40.436669","-79.973431","","11","0","0","0","0","0","0","1","0","","0","0","0","","","1","N","0","","40 26:12.008","1","0","79 58:24.351","3","0","0","0","2301","0","0","0","N","0","0","0","2","02301","0","","1.0","1750.0","9","N","N","N","0","","1","0","1","0","0","Y","","2","1","0","0","0","0","1","2","0","2","","04","","N","","","","","","","","","",""
"2021046614","","1","0","0","0","0","0","0","0","0","5","0","","02","5","2021","6","40.626198","-80.056119","","11","0","0","0","0","0","0","1","0","","0","0","0","","","0","Y","0","","40 37:34.312","","0","80 03:22.027","0","0","0","0","2216","0","0","0","N","0","0","0","3","02505","0","","1.0","","1","N","N","N","1","","0","0","1","3","2","","","3","0","0","0","0","0","0","2","0","3","","","","N","","","","","","","","","",""
"2021039777","","1","0","0","0","0","0","0","0","0","2","0","","02","5","2021","2","40.449249","-79.901434","","11","0","0","0","0","0","0","0","0","","0","0","0","","","0","N","1","","40 26:57.297","","0","79 54:05.161","0","0","0","0","2301","0","0","0","N","0","0","0","2","02301","0","","1.0","","1","N","N","N","0","","0","0","1","0","0","","","2","0","0","0","0","0","0","2","0","2","","04","","N","","","","","","","","","",""
"2021039285","","0","0","0","0","0","0","0","0","0","8","0","","02","5","2021","7","40.338917","-79.845111","","11","0","0","0","0","0","0","0","0","","0","0","0","","","1","N","0","","40 20:20.100","7","0","79 50:42.400","2","0","0","0","2304","1","0","1","N","1","0","1","2","02304","0","","1.0","25.0","1","N","N","Y","0","","0","1","1","0","0","N","","2","1","0","0","0","0","0","2","0","1","","03","","N","","","","","","","","","",""
"2021078561","","2","0","0","0","0","0","0","0","0","1","0","","02","8","2021","7","40.454367","-79.947679","","11","0","0","0","0","0","0","0","0","","0","0","0","","","0","N","1","","40 27:15.720","","0","79 56:51.643","0","0","0","0","2301","0","0","0","N","0","0","0","2","02301","0","","1.0","","1","N","N","N","0","","0","0","0","3","2","","","2","0","0","0","0","0","0","2","0","2","","03","","N","","","","","","","","","",""
"2021080216","","1","0","0","0","0","0","0","0","0","1","0","","02","7","2021","1","40.443265","-79.781968","","11","0","0","0","0","0","0","0","0","","0","0","0","","","1","N","0","","40 26:35.755","","0","79 46:55.086","3","0","0","0","2446","0","0","0","N","0","0","0","3","68B03","0","","1.0","","1","N","N","N","0","","1","0","1","0","0","","","2","1","0","0","0","0","0","2","0","2","","03","","N","","","","","","","","","",""
"2021078442","","0","0","0","0","0","0","0","0","0","7","0","","02","8","2021","1","40.47754","-79.799584","","11","0","0","0","0","0","0","0","0","","0","0","0","","","0","N","2","","40 28:39.145","","0","79 47:58.504","0","0","0","0","2113","0","0","0","N","0","0","0","1","02113","0","","4.0","","1","N","N","N","0","","0","0","1","0","0","","","1","0","0","0","0","0","0","2","0","1","","03","","N","","","","","","","","","",""
"2021078842","","1","0","0","0","0","0","0","0","0","7","0","","02","8","2021","4","40.432051","-80.139173","","11","0","0","0","0","0","0","1","0","","0","0","0","","","0","N","0","","40 25:55.383","","0","80 08:21.021","0","0","0","0","2115","0","0","0","N","0","0","0","1","68B03","0","","4.0","","9","N","N","N","0","","0","0","0","0","0","","","1","0","0","0","0","0","0","2","0","1","","","","N","","","","","","","","","",""
"2021046538","","1","0","0","0","0","0","0","0","0","7","0","","02","5","2021","7","40.415611","-79.939028","","11","0","0","0","0","0","0","0","0","","0","0","0","","","1","N","0","","40 24:56.200","1","0","79 56:20.500","3","0","0","0","2301","0","0","0","N","0","0","0","2","02301","0","","1.0","2100.0","1","N","N","N","0","","1","0","0","0","0","Y","","1","1","0","0","0","0","0","2","0","1","","03","","N","","","","","","","","","",""
"2021051965","","0","0","0","0","0","0","0","0","0","0","0","","02","5","2021","7","40.439612","-80.009669","","11","0","0","0","0","0","0","0","0","","0","0","0","","","1","N","3","","40 26:22.604","4","3","80 00:34.807","3","0","0","1","2301","0","0","0","N","0","0","0","1","68B03","0","","1.0","1945.0","1","N","N","N","0","","1","0","0","0","0","N","","1","1","0","0","0","0","0","2","0","1","","","","N","","","","","","","","","",""
"2021070641","","1","0","1","0","0","0","0","0","0","7","0","","02","7","2021","5","40.382433","-79.818397","","11","0","0","0","0","0","0","0","0","","0","0","0","","","1","Y","0","","40 22:56.760","6","0","79 49:06.228","2","0","0","0","2424","0","0","0","N","0","0","0","1","02424","0","","5.0","1920.0","1","N","N","N","0","","0","1","0","0","0","Y","","1","1","0","0","0","0","0","2","0","1","","03","","N","","","","","","","","","",""