"CRN","ARRIVAL_TM","AUTOMOBILE_COUNT","BELTED_DEATH_COUNT","BELTED_SUSP_SERIOUS_INJ_COUNT","BICYCLE_COUNT","BICYCLE_DEATH_COUNT","BICYCLE_SUSP_SERIOUS_INJ_COUNT","BUS_COUNT","CHLDPAS_DEATH_COUNT","CHLDPAS_SUSP_SERIOUS_INJ_COUNT","COLLISION_TYPE","COMM_VEH_COUNT","CONS_ZONE_SPD_LIM","COUNTY","CRASH_MONTH","CRASH_YEAR","DAY_OF_WEEK","DEC_LATITUDE","DEC_LONGITUDE","DISPATCH_TM","DISTRICT","DRIVER_COUNT_16YR","DRIVER_COUNT_17YR","DRIVER_COUNT_18YR","DRIVER_COUNT_19YR","DRIVER_COUNT_20YR","DRIVER_COUNT_50_64YR","DRIVER_COUNT_65_74YR","DRIVER_COUNT_75PLUS","EST_HRS_CLOSED","FATAL_COUNT","HEAVY_TRUCK_COUNT","HORSE_BUGGY_COUNT","HOUR_OF_DAY","ILLUMINATION","INJURY_COUNT","INTERSECTION_RELATED","INTERSECT_TYPE","LANE_CLOSED","LATITUDE","LN_CLOSE_DIR","LOCATION_TYPE","LONGITUDE","MAX_SEVERITY_LEVEL","MCYCLE_DEATH_COUNT","MCYCLE_SUSP_SERIOUS_INJ_COUNT","MOTORCYCLE_COUNT","MUNICIPALITY","NONMOTR_COUNT","NONMOTR_DEATH_COUNT","NONMOTR_SUSP_SERIOUS_INJ_COUNT","NTFY_HIWY_MAINT","PED_COUNT","PED_DEATH_COUNT","PED_SUSP_SERIOUS_INJ_COUNT","PERSON_COUNT","POLICE_AGCY","POSSIBLE_INJ_COUNT","RDWY_SURF_TYPE_CD","RELATION_TO_ROAD","ROADWAY_CLEARED","ROAD_CONDITION","SCH_BUS_IND","SCH_ZONE_IND","SECONDARY_CRASH","SMALL_TRUCK_COUNT","SPEC_JURIS_CD","SUSP_MINOR_INJ_COUNT","SUSP_SERIOUS_INJ_COUNT","SUV_COUNT","TCD_FUNC_CD","TCD_TYPE","TFC_DETOUR_IND","TIME_OF_DAY","TOTAL_UNITS","TOT_INJ_COUNT","UNBELTED_OCC_COUNT","UNB_DEATH_COUNT","UNB_SUSP_SERIOUS_INJ_COUNT","UNK_INJ_DEG_COUNT","UNK_INJ_PER_COUNT","URBAN_RURAL","VAN_COUNT","VEHICLE_COUNT","WEATHER1","WEATHER2","WORKERS_PRES","WORK_ZONE_IND","WORK_ZONE_LOC","WORK_ZONE_TYPE","WZ_CLOSE_DETOUR","WZ_FLAGGER","WZ_LAW_OFFCR_IND","WZ_LN_CLOSURE","WZ_MOVING","WZ_OTHER","WZ_SHLDER_MDN","WZ_WORKERS_INJ_KILLED"
"2021040567","","0","0","0","0","0","0","0","0","0","7","0","","02","4","2021","5","40.492273","-80.205756","","11","0","0","0","0","0","0","0","0","","0","0","0","","","0","N","0","","40 29:32.182","4","0","80 12:20.723","0","0","0","0","2213","0","0","0","N","0","0","0","1","02213","0","","3.0","1715.0","8","N","N","N","1","","0","0","0","0","0","N","","1","0","0","0","0","0","0","2","0","1","","","","N","","","","","","","","","",""
"2021077142","","1","0","0","0","0","0","0","0","0","4","1","","02","8","2021","6","40.497207","-80.069216","","11","0","0","0","0","0","1","0","0","","0","1","0","","","1","N","0","","40 29:49.944","5","7","80 04:09.177","3","0","0","0","2402","0","0","0","N","0","0","0","2","02402","0","","1.0","746.0","1","N","N","N","0","","1","0","0","0","0","N","","2","1","0","0","0","0","0","2","0","2","","","","N","","","","","","","","","",""
"2021044415","","0","0","0","0","0","0","0","0","0","1","0","","02","5","2021","2","40.428363","-79.973629","","11","0","0","0","0","0","1","0","0","","0","0","0","","","1","","2","","40 25:42.107","","0","79 58:25.066","4","0","0","0","2301","0","0","0","N","0","0","0","2","02301","1","","1.0","","1","N","N","N","2","","0","0","0","3","2","","","2","1","0","0","0","0","0","2","0","2","","03","","N","","","","","","","","","",""
"2021076536","","2","0","0","0","0","0","0","0","0","4","0","","02","8","2021","2","40.540966","-79.795804","","11","0","0","0","0","0","1","0","1","","0","0","0","","","1","","1","","40 32:27.477","1","0","79 47:44.894","8","0","0","0","2418","0","0","0","N","0","0","0","2","02514","0","","1.0","1755.0","1","N","N","N","0","","0","0","0","0","0","Y","","2","1","0","0","0","1","0","2","0","2","","03","","N","","","","","","","","","",""
"2021046468","","1","0","0","0","0","0","0","0","0","0","0","","02","5","2021","2","40.604708","-79.923473","","11","0","0","0","0","0","0","0","0","","0","0","0","","","0","N","0","","40 36:16.950","3","0","79 55:24.504","0","0","0","0","2207","0","0","0","N","0","0","0","1","02207","0","","5.0","825.0","1","N","N","N","0","","0","0","0","0","0","N","","1","0","0","0","0","0","0","2","0","1","","","","N","","","","","","","","","",""
"2021074034","","2","0","0","0","0","0","0","0","0","5","0","","02","8","2021","2","40.46452","-79.930097","","11","0","0","0","0","0","0","0","1","","0","0","0","","","0","","2","","40 27:52.272","","0","79 55:48.349","0","0","0","0","2301","0","0","0","N","0","0","0","3","02301","0","","1.0","","1","N","N","N","0","","0","0","0","0","0","","","2","0","0","0","0","0","0","2","0","2","","03","","N","","","","","","","","","",""
"2021045306","","0","0","0","0","0","0","0","0","0","2","0","","02","5","2021","4","40.458982","-79.931791","","11","0","0","0","0","0","0","0","0","","0","0","0","","","0","N","0","","40 27:32.335","6","7","79 55:54.446","0","0","0","1","2301","0","0","0","N","0","0","0","2","02301","0","","1.0","1145.0","1","N","N","N","0","","0","0","1","0","0","N","","2","0","0","0","0","0","0","2","0","2","","","","N","","","","","","","","","",""
"2021048238","","1","0","0","0","0","0","0","0","0","2","0","","02","5","2021","1","40.520839","-80.165156","","11","0","1","0","0","0","0","1","0","","0","0","0","","","1","N","0","","40 31:15.021","2","0","80 09:54.562","3","0","0","0","2203","0","0","0","N","0","0","0","2","02203","0","","1.0","2149.0","1","N","N","N","0","","1","0","1","3","8","N","","2","1","1","0","0","0","0","2","0","2","","98","","N","","","","","","","","","",""
"2021073554","","3","0","0","0","0","0","0","0","0","1","0","","02","8","2021","7","40.481378","-79.804697","","11","0","0","0","0","1","0","0","0","","0","0","0","","","1","","2","","40 28:52.959","","0","79 48:16.910","8","0","0","0","2113","0","0","0","N","0","0","0","3","02113","0","","1.0","","9","N","N","Y","0","","0","0","0","0","0","","","3","1","0","0","0","1","1","2","0","3","","07","","N","","","","","","","","","",""
"2021080036","","0","0","0","0","0","0","0","0","0","4","0","","02","8","2021","4","40.460232","-79.842633","","11","0","0","0","0","0","1","0","0","","0","0","0","","","0","Y","1","","40 27:36.835","","7","79 50:33.477","0","0","0","0","2113","0","0","0","N","0","0","0","3","02113","0","","1.0","","9","N","N","N","1","","0","0","1","3","3","N","","2","0","0","0","0","0","0","2","0","2","","","","N","","","","","","","","","",""
"2021079578","","1","0","0","0","0","0","0","0","0","1","0","","02","8","2021","1","40.444314","-79.841799","","11","0","0","0","0","0","1","2","0","","0","0","0","","","2","N","0","","40 26:39.529","3","0","79 50:30.478","3","0","0","0","2419","0","0","0","N","0","0","0","4","68B03","0","","1.0","115.0","1","N","N","N","1","","2","0","1","0","0","N","","3","2","0","0","0","0","0","2","0","3","","","","N","","","","","","","","","",""
"2021050140","","1","0","0","0","0","0","0","0","0","7","0","","02","5","2021","1","40.435067","-79.883253","","11","0","0","0","0","0","0","0","0","","0","0","0","","","1","N","0","","40 26:06.240","6","0","79 52:59.710","3","0","0","0","2426","0","0","0","N","0","0","0","1","02426","0","","5.0","145.0","1","N","N","N","0","","1","0","0","0","0","N","","1","1","1","0","0","0","0","2","0","1","","","","N","","","","","","","","","",""
"2021040035","","1","0","2","0","0","0","0","0","0","2","0","","02","5","2021","3","40.405833","-79.969028","","11","0","0","0","0","0","0","0","0","","0","0","0","","","2","N","0","","40 24:21.000","5","0","79 58:08.500","2","0","0","0","2301","0","0","0","N","0","0","0","2","02301","0","","1.0","1245.0","1","N","N","N","0","","0","2","1","0","0","Y","","2","2","0","0","0","0","0","2","0","2","","03","","N","","","","","","","","","",""
"2021078880","","1","0","0","0","0","0","0","0","0","4","0","","02","7","2021","6","40.510313","-80.094573","","11","0","0","0","0","0","0","1","0","","0","0","0","","","1","","1","","40 30:37.125","2","0","80 05:40.463","8","0","0","0","2429","0","0","0","N","0","0","0","2","02215","0","","1.0","1400.0","1","N","N","Y","1","","0","0","0","3","2","N","","2","1","0","0","0","1","0","2","0","2","","03","","N","","","","","","","","","",""
"2021041881","","0","0","0","0","0","0","0","0","0","98","0","","02","5","2021","4","40.491253","-79.908502","","11","0","0","0","0","0","0","0","0","","0","0","0","","","0","","7","","40 29:28.510","3","2","79 54:30.606","0","0","0","0","2112","0","0","0","N","0","0","0","1","02112","0","","1.0","200.0","9","N","N","N","0","","0","0","1","0","0","N","","1","0","0","0","0","0","0","2","0","1","","","","N","","","","","","","","","",""
"2021039033","","1","0","0","0","0","0","0","0","0","1","0","","02","4","2021","6","40.428698","-79.988579","","11","0","0","0","0","0","0","0","0","","0","0","0","","","1","N","1","","40 25:43.314","","0","79 59:18.885","3","0","0","0","2301","0","0","0","N","0","0","0","2","02301","0","","1.0","","1","N","N","N","1","","1","0","0","3","2","","","2","1","0","0","0","0","0","2","0","2","","03","","N","","","","","","","","","",""
"2021078663","","1","0","0","0","0","0","0","0","0","7","0","","02","8","2021","4","40.584982","-80.09986","","11","0","0","0","0","0","0","0","0","","0","0","0","","","0","N","0","","40 35:05.936","","0","80 05:59.497","0","0","0","0","2481","0","0","0","N","0","0","0","1","68B03","0","","4.0","","9","N","N","N","0","","0","0","0","0","0","","","1","0","0","0","0","0","0","2","0","1","","","","N","","","","","","","","","",""
"2021072339","","0","0","0","0","0","0","0","0","0","4","0","","02","8","2021","2","40.348991","-79.878656","","11","0","0","0","0","0","1","0","0","","0","0","0","","","0","N","0","","40 20:56.366","","0","79 52:43.160","0","0","0","0","2304","0","0","0","N","0","0","0","1","02304","0","","1.0","","1","N","N","N","0","","0","0","2","0","0","","","2","0","0","0","0","0","0","2","0","2","","03","","N","","","","","","","","","",""
"2021046613","","0","0","0","0","0","0","0","0","0","7","0","","02","5","2021","1","40.527129","-79.816606","","11","0","0","0","0","0","1","0","0","","0","0","0","","","0","N","2","","40 31:37.663","5","0","79 48:59.780","0","0","0","1","2466","0","0","0","Y","0","0","0","1","02466","0","","1.0","757.0","1","N","N","N","0","","0","0","0","3","2","N","","1","0","0","0","0","0","0","2","0","1","","03","","N","","","","","","","","","",""
"2021040151","","2","0","0","0","0","0","0","0","0","1","0","","02","5","2021","3","40.429295","-79.958932","","11","0","0","1","1","0","0","0","0","","0","0","0","","","0","N","0","","40 25:45.461","","3","79 57:32.156","0","0","0","0","2301","0","0","0","N","0","0","0","4","02301","0","","1.0","","1","N","N","N","1","","0","0","0","0","0","","","4","0","0","0","0","0","0","2","1","4","","04","","N","","","","","","","","","",""
"2021072487","","3","0","0","0","0","0","0","0","0","1","0","","02","8","2021","4","40.427431","-79.721496","","11","0","0","0","0","0","1","0","0","","0","0","0","","","1","","1","","40 25:38.750","4","0","79 43:17.387","3","0","0","0","2446","0","0","0","N","0","0","0","3","02446","0","","1.0","1710.0","9","N","N","N","0","","1","0","0","3","2","N","","3","1","0","0","0","0","0","2","0","3","","07","","N","","","","","","","","","",""
"2021070009","","1","0","0","0","0","0","0","0","0","98","0","","02","7","2021","4","40.442397","-80.000034","","11","0","0","0","0","0","0","0","0","","0","0","0","","","0","","1","","40 26:32.630","1","0","80 00:00.123","0","0","0","0","2301","0","0","0","N","0","0","0","1","02301","0","","5.0","1930.0","1","N","N","N","0","","0","0","0","3","2","N","","1","0","0","0","0","0","0","2","0","1","","03","","N","","","","","","","","","",""
"2021065873","","1","0","0","0","0","0","0","0","0","4","0","","02","7","2021","2","40.434554","-79.914075","","11","0","0","0","0","0","0","0","0","","0","0","0","","","0","Y","0","","40 26:04.393","","0","79 54:50.669","0","0","0","0","2301","0","0","0","N","0","0","0","2","02301","0","","1.0","","1","N","N","N","0","","0","0","1","0","0","","","2","0","0","0","0","0","0","2","0","2","","","","N","","","","","","","","","",""
"2021075461","","0","0","0","0","0","0","0","0","0","0","0","","02","7","2021","2","40.303819","-80.030459","","11","0","0","0","0","0","1","0","0","","0","0","0","","","2","N","0","","40 18:13.748","1","0","80 01:49.652","2","0","1","1","2407","0","0","0","N","0","0","0","2","02407","0","","1.0","2040.0","1","N","N","N","0","","1","1","0","0","0","N","","1","2","0","0","0","0","0","2","0","1","","","","N","","","","","","","","","",""
"2021046541","","0","0","0","0","0","0","0","0","0","7","0","","02","5","2021","7","40.463639","-79.991167","","11","0","0","0","0","0","0","0","0","","0","0","0","","","0","N","0","","40 27:49.100","5","0","79 59:28.200","0","0","0","0","2301","0","0","0","N","0","0","0","1","02301","0","","2.0","2100.0","1","N","N","N","0","","0","0","1","0","0","Y","","2","0","0","0","0","0","0","2","0","1","","","","N","","","","","","","","","",""
"2021039711","","1","0","0","0","0","0","0","0","0","98","0","","02","5","2021","7","40.418972","-80.10125","","11","0","0","0","0","0","0","0","0","","0","0","0","","","0","N","0","","40 25:08.300","","0","80 06:04.500","0","0","0","0","2115","0","0","0","N","0","0","0","1","02115","0","","1.0","","1","N","N","N","0","","0","0","0","0","0","N","","1","0","0","0","0","0","0","2","0","1","","03","","N","","","","","","","","","",""
"2021079851","","0","0","0","0","0","0","0","0","0","8","0","","02","8","2021","4","40.45778","-80.055922","","11","0","0","0","0","0","0","0","0","","0","0","0","","","1","","2","","40 27:28.008","","0","80 03:21.319","3","0","0","0","2301","1","0","0","N","1","0","0","2","02301","0","","1.0","","1","N","N","N","0","","1","0","1","0","0","","","2","1","0","0","0","0","0","2","0","1","","03","","N","","","","","","","","","",""
"2021046263","","0","0","0","0","0","0","0","0","0","0","0","","02","5","2021","6","40.468639","-79.866","","11","0","0","0","0","0","0","0","0","","0","0","0","","","1","N","0","","40 28:07.100","5","0","79 51:57.600","2","0","0","0","2113","0","0","0","N","0","0","0","3","02113","0","","4.0","2015.0","1","N","N","N","0","","0","1","1","0","0","Y","","1","1","1","0","1","0","0","2","0","1","","03","","N","","","","","","","","","",""
"2021079160","","1","0","0","0","0","0","0","0","0","7","0","","02","8","2021","3","40.33398","-79.841967","","11","0","0","0","0","0","0","0","0","","0","0","0","","","0","N","0","","40 20:02.327","6","0","79 50:31.081","0","0","0","0","2304","0","0","0","N","0","0","0","1","02304","0","","5.0","253.0","1","N","N","N","0","","0","0","0","0","0","N","","1","0","0","0","0","0","0","2","0","1","","","","N","","","","","","","","","",""
"2021039558","","0","0","0","0","0","0","0","0","0","1","0","","02","5","2021","1","40.518586","-79.839251","","11","0","0","0","0","0","0","0","0","","0","0","0","","","0","N","0","","40 31:06.909","5","0","79 50:21.302","0","0","0","0","2451","0","0","0","N","0","0","0","1","02451","0","","4.0","230.0","1","N","N","N","0","","0","0","2","0","0","N","","2","0","1","0","0","0","0","2","0","2","","","","N","","","","","","","","","",""
"2021072974","","0","0","0","0","0","0","0","0","0","1","0","","02","8","2021","4","40.403653","-79.763305","","11","0","0","0","0","1","0","0","0","","0","0","0","","","0","N","0","","40 24:13.151","","0","79 45:47.898","0","0","0","0","2446","0","0","0","N","0","0","0","2","02446","0","","1.0","","9","N","N","N","0","","0","0","2","0","0","","","2","0","0","0","0","0","0","2","0","2","","07","","N","","","","","","","","","",""
"2021047233","","1","0","0","0","0","0","0","0","0","1","0","","02","5","2021","2","40.430258","-80.025283","","11","0","0","0","0","0","0","0","0","","0","0","0","","","1","","6","","40 25:48.928","","2","80 01:31.020","3","0","0","0","2301","0","0","0","N","0","0","0","2","02301","0","","4.0","","1","N","N","N","0","","1","0","1","0","0","","","2","1","0","0","0","0","0","2","0","2","","03","","N","","","","","","","","","",""
"2021046565","","2","0","0","0","0","0","0","0","0","4","0","","02","5","2021","7","40.445283","-79.935387","","11","0","0","0","0","0","0","0","0","","0","0","0","","","1","N","0","","40 26:43.019","7","0","79 56:07.392","3","0","0","0","2301","0","0","0","N","0","0","0","1","02301","0","","6.0","34.0","1","N","N","Y","0","","1","0","2","0","0","N","","4","1","0","0","0","0","0","2","0","4","","03","","N","","","","","","","","","",""
"2021078688","","1","0","0","0","0","0","0","0","0","4","0","","02","8","2021","1","40.475123","-79.774102","","11","0","1","0","0","0","0","0","0","","0","0","0","","","2","N","2","","40 28:30.442","3","0","79 46:26.766","3","0","0","0","2466","0","0","0","N","0","0","0","6","02466","0","","1.0","2037.0","1","N","N","N","0","","1","0","1","2","3","Y","","2","2","0","0","0","1","0","2","0","2","","03","","N","","","","","","","","","",""
"2021079173","","2","0","0","0","0","0","0","0","0","1","0","","02","8","2021","5","40.357722","-80.028599","","11","0","0","0","0","0","0","1","0","","0","0","0","","","0","N","0","","40 21:27.798","","0","80 01:42.955","9","0","0","0","2416","0","0","0","N","0","0","0","3","02416","0","","1.0","","1","N","N","N","0","","0","0","0","0","0","","","2","0","0","0","0","0","2","2","0","2","","03","","N","","","","","","","","","",""
"2021044359","","0","0","0","0","0","0","0","0","0","2","0","","02","5","2021","5","40.395546","-79.804717","","11","0","0","0","0","0","0","0","0","","0","0","0","","","0","N","1","","40 23:43.965","","0","79 48:16.982","0","0","0","0","2479","0","0","0","N","0","0","0","1","02501","0","","5.0","","1","N","N","N","0","","0","0","1","3","2","","","1","0","0","0","0","0","0","2","0","1","","03","","N","","","","","","","","","",""
"2021078152","","1","0","0","0","0","0","0","0","0","7","0","","02","8","2021","7","40.334951","-79.850245","","11","0","0","0","0","0","0","0","0","","0","0","0","","","0","N","0","","40 20:05.825","1","0","79 51:00.881","0","0","0","0","2304","0","0","0","N","0","0","0","1","02304","0","","2.0","156.0","1","N","N","N","0","","0","0","0","0","0","Y","","1","0","0","0","0","0","0","2","0","1","","03","","N","","","","","","","","","",""
"2021077640","","1","0","0","0","0","0","0","0","0","7","0","","02","8","2021","5","40.419911","-79.99735","","11","0","0","0","0","0","0","0","0","","0","0","0","","","1","N","0","","40 25:11.680","","0","79 59:50.460","3","0","0","0","2301","0","0","0","N","0","0","0","1","02301","0","","5.0","","1","N","N","N","0","","1","0","0","0","0","","","1","1","1","0","0","0","0","2","0","1","","03","","N","","","","","","","","","",""
"2021047557","","2","0","0","0","0","0","0","0","0","5","0","","02","5","2021","1","40.464559","-79.965874","","11","0","0","0","0","0","0","0","0","","0","0","0","","","0","Y","0","","40 27:52.413","","0","79 57:57.147","0","0","0","0","2301","0","0","0","N","0","0","0","1","02301","0","","6.0","","1","N","N","N","0","","0","0","0","0","0","","","2","0","0","0","0","0","0","2","0","2","","","","N","","","","","","","","","",""
"2021045389","","2","0","0","0","0","0","0","0","0","4","0","","02","5","2021","4","40.361385","-79.962281","","11","0","1","0","0","1","0","0","0","","0","0","0","","","0","","3","","40 21:40.986","7","0","79 57:44.211","0","0","0","0","2403","0","0","0","N","0","0","0","2","02403","0","","1.0","1255.0","1","N","N","N","0","","0","0","0","3","3","N","","2","0","0","0","0","0","0","2","0","2","","03","","N","","","","","","","","","",""
"2021075332","","2","0","0","0","0","0","0","0","0","4","0","","02","8","2021","5","40.342069","-79.828837","","11","0","0","1","0","0","0","0","0","","0","0","0","","","0","N","1","","40 20:31.448","","0","79 49:43.812","0","0","0","0","2304","0","0","0","N","0","0","0","2","02304","0","","1.0","","9","N","N","N","0","","0","0","0","0","0","","","2","0","0","0","0","0","0","2","0","2","","07","","N","","","","","","","","","",""
"2021072486","","3","0","0","0","0","0","0","0","0","1","0","","02","8","2021","4","40.458727","-79.957919","","11","0","0","0","2","0","0","0","0","","0","0","0","","","3","N","1","","40 27:31.418","3","0","79 57:28.507","3","0","0","0","2301","0","0","0","N","0","0","0","6","02301","0","","1.0","1720.0","1","N","N","N","1","","3","0","0","0","0","N","","4","3","0","0","0","0","0","2","0","4","","03","","N","","","","","","","","","",""
"2021078885","","1","0","0","0","0","0","0","0","0","7","0","","02","8","2021","6","40.39542","-80.130998","","11","0","0","0","0","0","1","0","0","","0","0","0","","","1","N","0","","40 23:43.511","1","0","80 07:51.592","3","0","0","0","2102","0","0","0","N","0","0","0","1","02102","0","","5.0","2300.0","1","N","N","N","0","","1","0","0","0","0","N","","1","1","0","0","0","0","0","2","0","1","","03","","N","","","","","","","","","",""
"2021044521","","3","0","0","0","0","0","0","0","0","1","0","","02","5","2021","2","40.379323","-79.853508","","11","0","0","1","0","0","3","0","0","","0","0","0","","","2","N","3","","40 22:45.562","1","0","79 51:12.628","3","0","0","0","2303","0","0","0","N","0","0","0","7","02303","0","","1.0","1514.0","1","N","N","N","0","","2","0","3","0","0","N","","6","2","0","0","0","0","0","2","0","6","","03","","N","","","","","","","","","",""
"2021047888","","0","0","0","0","0","0","0","0","0","7","0","","02","5","2021","5","40.559532","-79.802226","","11","0","0","0","0","0","0","0","0","","0","0","0","","","1","N","0","","40 33:34.316","","0","79 48:08.015","3","0","0","0","2121","0","0","0","Y","0","0","0","1","68D02","0","","4.0","","1","N","N","N","0","","1","0","1","0","0","","","1","1","0","0","0","0","0","2","0","1","","03","","N","","","","","","","","","",""
"2021042832","","1","0","0","0","0","0","0","0","0","1","0","","02","5","2021","6","40.37727","-79.801359","","11","0","0","0","0","0","0","0","0","","0","0","0","","","0","N","2","","40 22:38.172","3","0","79 48:04.891","0","0","0","0","2111","0","0","0","N","0","0","0","2","02111","0","","1.0","1520.0","1","N","N","N","0","","0","0","1","0","0","N","","2","0","0","0","0","0","0","2","0","2","","03","","N","","","","","","","","","",""
"2021047065","","0","0","0","0","0","0","0","0","0","4","0","","02","5","2021","6","40.52196","-80.173169","","11","0","0","0","0","0","0","0","0","","0","0","0","","","1","","2","","40 31:19.055","","0","80 10:23.408","4","0","0","0","2420","0","0","0","N","0","0","0","2","02420","1","","1.0","","1","N","N","N","0","","0","0","1","3","3","","","2","1","0","0","0","0","0","2","1","2","","","","N","","","","","","","","","",""
"2021048126","","2","0","0","0","0","0","0","0","0","4","0","","02","5","2021","1","40.511261","-79.946937","","11","0","0","0","0","0","0","0","0","","0","0","0","","","0","N","0","","40 30:40.538","","7","79 56:48.973","0","0","0","0","2118","0","0","0","N","0","0","0","3","02118","0","","1.0","","1","N","N","N","0","","0","0","0","0","0","N","","2","0","0","0","0","0","0","2","0","2","","03","","N","","","","","","","","","",""
"2021042831","","0","0","0","0","0","0","0","0","0","4","0","","02","5","2021","6","40.34132","-80.022424","","11","1","0","0","0","0","1","1","0","","0","0","0","","","0","","2","","40 20:28.753","","0","80 01:20.728","0","0","0","0","2407","0","0","0","N","0","0","0","3","02407","0","","1.0","","1","N","N","Y","1","","0","0","2","3","3","","","3","0","0","0","0","0","0","2","0","3","","03","","N","","","","","","","","","",""
"2021046358","","0","0","0","0","0","0","0","0","0","1","0","","02","5","2021","4","40.429364","-79.999101","","11","0","0","0","0","0","1","0","0","","0","0","0","","","0","N","1","","40 25:45.712","1","4","79 59:56.762","0","0","0","0","2301","0","0","0","N","0","0","0","2","02301","0","","1.0","835.0","1","N","N","N","1","","0","0","1","3","2","N","","2","0","0","0","0","0","0","2","0","2","","03","","N","","","","","","","","","",""
"2021074263","","1","0","0","0","0","0","0","0","0","7","0","","02","8","2021","3","40.345616","-79.847653","","11","0","0","0","0","0","0","0","0","","0","0","0","","","1","N","2","","40 20:44.217","3","0","79 50:51.550","8","0","0","0","2304","0","0","0","N","0","0","0","1","02304","0","","4.0","328.0","1","N","N","N","0","","0","0","0","0","0","N","","1","1","0","0","0","1","0","2","0","1","","03","","N","","","","","","","","","",""
"2021039481","","1","0","0","0","0","0","0","0","0","4","0","","02","5","2021","1","40.471019","-80.008611","","11","0","0","0","0","0","0","0","0","","0","0","0","","","0","N","1","","40 28:15.669","","0","80 00:30.998","9","0","0","0","2301","0","0","0","N","0","0","0","4","02301","0","","1.0","","1","N","N","N","1","","0","0","0","3","2","","","2","0","0","0","0","0","1","2","0","2","","03","","N","","","","","","","","","",""
"2021073601","","2","0","0","0","0","0","0","0","0","1","0","","02","8","2021","7","40.456982","-79.898914","","11","0","0","0","0","0","0","0","0","","0","0","0","","","0","N","1","","40 27:25.136","2","0","79 53:56.091","9","0","0","0","2301","0","0","0","N","0","0","0","1","02301","0","","4.0","445.0","1","N","N","N","0","","0","0","0","0","0","N","","2","0","0","0","0","0","1","2","0","2","","03","","N","","","","","","","","","",""
"2021047668","","1","0","0","0","0","0","0","0","0","1","0","","02","5","2021","1","40.461325","-80.111829","","11","0","0","0","0","0","0","1","0","","0","0","0","","","1","N","0","","40 27:40.769","","0","80 06:42.585","8","0","0","1","2126","0","0","0","N","0","0","0","2","68B03","0","","1.0","","1","N","N","N","0","","0","0","0","0","0","","","2","1","0","0","0","1","0","2","0","2","","03","","N","","","","","","","","","",""
"2021077488","","3","0","0","0","0","0","0","0","0","5","0","","02","8","2021","5","40.530906","-80.035413","","11","0","0","0","0","0","0","1","0","","0","0","0","","","1","N","0","","40 31:51.262","1","0","80 02:07.485","3","0","0","0","2116","0","0","0","N","0","0","0","2","02116","0","","1.0","829.0","1","N","N","N","0","","1","0","1","0","0","N","","4","1","0","0","0","0","0","2","0","4","","03","","N","","","","","","","","","",""
"2021046278","","0","0","0","0","0","0","0","0","0","1","0","","02","5","2021","6","40.460474","-79.923253","","11","0","0","0","0","0","0","0","0","","0","0","0","","","1","N","0","","40 27:37.705","4","0","79 55:23.710","8","0","0","0","2301","0","0","0","N","0","0","0","2","02301","0","","1.0","2140.0","1","N","N","N","0","","0","0","2","0","0","N","","2","1","0","0","0","1","0","2","0","2","","04","","N","","","","","","","","","",""
"2021068083","","1","0","0","0","0","0","0","0","0","4","0","","02","7","2021","5","40.38563","-79.97872","","11","0","0","0","0","0","0","0","0","","0","0","0","","","1","N","2","","40 23:08.268","5","0","79 58:43.391","3","0","0","0","2301","0","0","0","N","0","0","0","3","02301","0","","1.0","1928.0","1","N","N","N","0","","1","0","1","0","0","Y","","2","1","0","0","0","0","0","2","0","2","","03","","N","","","","","","","","","",""
"2021039032","","0","0","0","0","0","0","0","0","0","7","0","","02","4","2021","6","40.429483","-80.024607","","11","0","0","0","0","0","0","0","0","","0","0","0","","","0","N","6","","40 25:46.138","2","2","80 01:28.585","0","0","0","0","2301","0","0","0","N","0","0","0","1","02301","0","","2.0","1951.0","1","N","N","N","0","","0","0","1","3","4","N","","1","0","0","0","0","0","0","2","0","1","","03","","N","","","","","","","","","",""
"2021056352","","1","0","0","0","0","0","0","0","0","2","0","","02","6","2021","5","40.358332","-80.105266","","11","0","0","1","0","0","0","0","0","","0","0","0","","","0","","2","","40 21:29.995","6","0","80 06:18.957","0","0","0","0","2414","0","0","0","N","0","0","0","3","02414","0","","1.0","30.0","1","N","N","N","0","","0","0","1","3","3","N","","2","0","1","0","0","0","0","2","0","2","","","","N","","","","","","","","","",""
"2021040150","1440","1","0","0","0","0","0","0","0","0","1","0","","02","5","2021","3","40.414614","-80.010524","1440","11","0","0","0","0","0","0","1","0","","0","0","0","","","0","N","0","","40 24:52.611","","0","80 00:37.887","0","0","0","0","2301","0","0","0","N","0","0","0","3","02301","0","","1.0","","9","N","N","N","0","","0","0","1","","0","","","2","0","0","0","0","0","0","2","0","2","","","","N","","","","","","","","","",""
"2021045381","2000","1","0","0","0","0","0","0","0","0","4","0","","02","5","2021","3","40.370466","-79.786265","1955","11","0","0","0","0","0","0","1","0","","0","0","0","","","1","N","1","","40 22:13.678","3","0","79 47:10.554","3","0","0","0","2111","0","0","0","N","0","0","0","2","02111","0","","1.0","2035.0","1","N","N","N","1","","1","0","0","","2","Y","","2","1","1","0","0","0","0","2","0","2","","","","N","","","","","","","","","",""
"2021078476","0905","0","0","0","0","0","0","0","0","0","4","0","","02","8","2021","6","40.51388","-79.951465","0903","11","0","0","0","0","0","0","0","0","","0","0","0","","","0","","1","","40 30:49.967","2","0","79 57:05.273","0","0","0","0","2118","0","0","0","N","0","0","0","2","02118","0","","1.0","935.0","1","N","N","N","0","","0","0","1","","2","N","","2","0","0","0","0","0","0","2","1","2","","03","","N","","","","","","","","","",""