"CRN","ARRIVAL_TM","AUTOMOBILE_COUNT","BELTED_DEATH_COUNT","BELTED_SUSP_SERIOUS_INJ_COUNT","BICYCLE_COUNT","BICYCLE_DEATH_COUNT","BICYCLE_SUSP_SERIOUS_INJ_COUNT","BUS_COUNT","CHLDPAS_DEATH_COUNT","CHLDPAS_SUSP_SERIOUS_INJ_COUNT","COLLISION_TYPE","COMM_VEH_COUNT","CONS_ZONE_SPD_LIM","COUNTY","CRASH_MONTH","CRASH_YEAR","DAY_OF_WEEK","DEC_LATITUDE","DEC_LONGITUDE","DISPATCH_TM","DISTRICT","DRIVER_COUNT_16YR","DRIVER_COUNT_17YR","DRIVER_COUNT_18YR","DRIVER_COUNT_19YR","DRIVER_COUNT_20YR","DRIVER_COUNT_50_64YR","DRIVER_COUNT_65_74YR","DRIVER_COUNT_75PLUS","EST_HRS_CLOSED","FATAL_COUNT","HEAVY_TRUCK_COUNT","HORSE_BUGGY_COUNT","HOUR_OF_DAY","ILLUMINATION","INJURY_COUNT","INTERSECTION_RELATED","INTERSECT_TYPE","LANE_CLOSED","LATITUDE","LN_CLOSE_DIR","LOCATION_TYPE","LONGITUDE","MAX_SEVERITY_LEVEL","MCYCLE_DEATH_COUNT","MCYCLE_SUSP_SERIOUS_INJ_COUNT","MOTORCYCLE_COUNT","MUNICIPALITY","NONMOTR_COUNT","NONMOTR_DEATH_COUNT","NONMOTR_SUSP_SERIOUS_INJ_COUNT","NTFY_HIWY_MAINT","PED_COUNT","PED_DEATH_COUNT","PED_SUSP_SERIOUS_INJ_COUNT","PERSON_COUNT","POLICE_AGCY","POSSIBLE_INJ_COUNT","RDWY_SURF_TYPE_CD","RELATION_TO_ROAD","ROADWAY_CLEARED","ROAD_CONDITION","SCH_BUS_IND","SCH_ZONE_IND","SECONDARY_CRASH","SMALL_TRUCK_COUNT","SPEC_JURIS_CD","SUSP_MINOR_INJ_COUNT","SUSP_SERIOUS_INJ_COUNT","SUV_COUNT","TCD_FUNC_CD","TCD_TYPE","TFC_DETOUR_IND","TIME_OF_DAY","TOTAL_UNITS","TOT_INJ_COUNT","UNBELTED_OCC_COUNT","UNB_DEATH_COUNT","UNB_SUSP_SERIOUS_INJ_COUNT","UNK_INJ_DEG_COUNT","UNK_INJ_PER_COUNT","URBAN_RURAL","VAN_COUNT","VEHICLE_COUNT","WEATHER1","WEATHER2","WORKERS_PRES","WORK_ZONE_IND","WORK_ZONE_LOC","WORK_ZONE_TYPE","WZ_CLOSE_DETOUR","WZ_FLAGGER","WZ_LAW_OFFCR_IND","WZ_LN_CLOSURE","WZ_MOVING","WZ_OTHER","WZ_SHLDER_MDN","WZ_WORKERS_INJ_KILLED"
"2021108855","0807","0","0","0","0","0","0","0","0","0","8","0","","02","11","2021","4","40.445159","-79.999028","0759","11","0","0","0","0","0","0","0","0","","0","0","0","","","1","N","1","","40 26:42.572","","0","79 59:56.501","4","0","0","0","2301","1","0","0","N","1","0","0","2","02301","1","","1.0","","1","N","N","N","0","","0","0","1","","2","","","2","1","0","0","0","0","0","2","0","1","","03","","N","","","","","","","","","",""
"2021110854","1207","1","0","0","0","0","0","0","0","0","4","0","","02","11","2021","5","40.354038","-79.914646","1202","11","0","0","0","0","0","1","0","0","","0","0","0","","","0","N","0","","40 21:14.535","4","0","79 54:52.727","0","0","0","0","2473","0","0","0","Y","0","0","0","2","02473","0","","1.0","1240.0","1","N","N","N","1","","0","0","0","","2","N","","2","0","0","0","0","0","0","2","0","2","","03","","N","","","","","","","","","",""
"2021031409","1812","1","0","0","0","0","0","0","0","0","2","0","","02","4","2021","2","40.376533","-79.875355","1806","11","0","0","0","0","0","1","0","0","","0","0","0","","","3","N","0","","40 22:35.520","1","0","79 52:31.278","8","0","0","0","2473","0","0","0","N","0","0","0","3","02473","0","","1.0","1930.0","1","N","N","N","0","","0","0","1","","0","N","","2","3","0","0","0","3","0","2","0","2","","","","N","","","","","","","","","",""
"2021065432","1910","1","0","0","0","0","0","0","0","0","4","0","","02","7","2021","7","40.478638","-80.007351","1852","11","0","0","0","0","0","0","0","0","","0","0","0","","","1","N","0","","40 28:43.098","","0","80 00:26.463","8","0","0","0","2301","0","0","0","N","0","0","0","1","68B03","0","","3.0","","1","N","N","N","0","","0","0","0","","0","","","1","1","0","0","0","1","0","2","0","1","","03","","N","","","","","","","","","",""
"2021062955","1830","2","0","0","0","0","0","0","0","0","2","0","","02","7","2021","4","40.39919","-80.025075","1824","11","0","0","0","0","0","0","0","0","","0","0","0","","","0","N","2","","40 23:57.084","","0","80 01:30.271","0","0","0","0","2301","0","0","0","N","0","0","0","2","02301","0","","1.0","","9","N","N","N","0","","0","0","0","","3","","","2","0","0","0","0","0","0","2","0","2","","03","","N","","","","","","","","","",""
"2021114318","1655","3","0","0","0","0","0","0","0","0","2","0","","02","11","2021","3","40.455463","-79.892272","1645","11","0","0","0","0","0","0","1","0","","0","0","0","","","2","","1","","40 27:19.668","","0","79 53:32.179","3","0","0","0","2301","0","0","0","N","0","0","0","6","02301","0","","1.0","","1","N","N","N","0","","2","0","0","","3","","","3","2","0","0","0","0","0","2","0","3","","03","","N","","","","","","","","","",""
"2021081361","1226","2","0","0","0","0","0","0","0","0","4","0","","02","8","2021","5","40.525794","-79.841757","1222","11","0","0","0","0","0","1","0","0","","0","0","0","","","0","N","0","","40 31:32.858","","7","79 50:30.324","0","0","0","0","2451","0","0","0","N","0","0","0","2","02451","0","","1.0","","1","","","N","0","","0","0","0","","0","","","2","0","0","0","0","0","0","2","0","2","","","","N","","","","","","","","","",""
"2021062418","1815","1","0","0","0","0","0","0","0","0","4","0","","02","7","2021","3","40.454656","-79.897525","1809","11","0","0","0","0","0","1","0","0","","0","0","0","","","0","","1","","40 27:16.761","","0","79 53:51.089","0","0","0","0","2301","0","0","0","N","0","0","0","3","02301","0","","1.0","","1","N","N","N","0","","0","0","1","","2","","","2","0","0","0","0","0","0","2","0","2","","03","","N","","","","","","","","","",""
"2021077280","1131","0","0","0","0","0","0","0","0","0","1","0","","02","8","2021","2","40.508818","-80.202937","1130","11","0","0","0","0","0","1","0","0","","0","0","0","","","0","","11","","40 30:31.743","3","0","80 12:10.572","0","0","0","0","2213","0","0","0","N","0","0","0","5","02213","0","","1.0","1200.0","9","N","N","N","0","","0","0","2","","0","N","","2","0","0","0","0","0","0","2","0","2","","04","","N","","","","","","","","","",""
"2021075579","1830","1","0","0","0","0","0","0","0","0","5","0","","02","8","2021","6","40.424806","-79.984167","1830","11","0","0","0","1","0","0","0","0","","0","0","0","","","0","N","0","","40 25:29.300","","7","79 59:03.000","0","0","0","0","2301","0","0","0","N","0","0","0","2","02301","0","","1.0","","1","N","N","N","0","","0","0","1","","0","","","2","0","0","0","0","0","0","2","0","2","","03","","N","","","","","","","","","",""
"2021077230","1320","1","0","0","0","0","0","0","0","0","5","0","","02","8","2021","4","40.43722","-79.997297","1314","11","0","0","0","0","0","1","0","0","","0","0","0","","","1","N","0","","40 26:13.993","","0","79 59:50.268","3","0","0","0","2301","0","0","0","N","0","0","0","3","02301","0","","1.0","","9","N","N","N","0","","1","0","1","","0","","","2","1","0","0","0","0","0","2","0","2","","04","","N","","","","","","","","","",""
"2021112891","1940","0","0","0","0","0","0","0","0","0","7","0","","02","11","2021","5","40.422768","-80.102576","1935","11","0","0","0","0","0","0","0","0","","0","0","0","","","0","N","0","","40 25:21.964","","0","80 06:09.275","0","0","0","0","2115","0","0","0","N","0","0","0","1","02115","0","","5.0","","1","N","N","N","0","","0","0","1","","0","","","1","0","0","0","0","0","0","2","0","1","","","","N","","","","","","","","","",""
"2021112290","1813","2","0","0","0","0","0","0","0","0","2","0","","02","11","2021","4","40.557862","-80.075619","1808","11","0","0","0","0","0","0","2","0","","0","0","0","","","1","","2","","40 33:28.303","1","0","80 04:32.227","4","0","0","0","2481","0","0","0","N","0","0","0","2","02481","1","","1.0","1839.0","1","N","N","N","0","","0","0","0","","3","N","","2","1","0","0","0","0","0","2","0","2","","03","","N","","","","","","","","","",""
"2021113369","1236","1","0","0","0","0","0","0","0","0","7","0","","02","11","2021","1","40.350173","-79.859494","1234","11","0","0","0","0","0","1","0","0","","0","0","0","","","0","N","0","","40 21:00.622","7","7","79 51:34.178","0","0","0","0","2304","0","0","0","N","0","0","0","1","02304","0","","5.0","1340.0","9","N","N","N","0","","0","0","0","","0","Y","","1","0","0","0","0","0","0","2","0","1","","03","","N","","","","","","","","","",""
"2021113376","1009","1","0","0","0","0","0","0","0","0","7","0","","02","10","2021","1","40.410544","-80.072409","0959","11","0","0","0","0","0","0","0","0","","0","0","0","","","0","N","0","","40 24:37.960","","0","80 04:20.671","9","0","0","0","2117","0","0","0","N","0","0","0","1","68B03","0","","4.0","","1","N","N","N","0","","0","0","0","","0","","","1","0","0","0","0","0","1","2","0","1","","","","N","","","","","","","","","",""
"2021113471","1712","2","0","0","0","0","0","0","0","0","1","0","","02","11","2021","1","40.421023","-79.927508","1704","11","0","0","0","0","0","0","0","0","","0","0","0","","","0","N","2","","40 25:15.684","","0","79 55:39.029","0","0","0","0","2301","0","0","0","N","0","0","0","2","02301","0","","1.0","","9","N","N","N","0","","0","0","0","","0","","","2","0","0","0","0","0","0","2","0","2","","98","","N","","","","","","","","","",""
"2021112552","1742","2","0","0","0","0","0","0","0","0","6","0","","02","11","2021","5","40.503634","-80.065747","1739","11","0","0","0","0","0","1","0","0","","0","0","0","","","0","","2","","40 30:13.084","","0","80 03:56.688","0","0","0","0","2402","0","0","0","N","0","0","0","3","02402","0","","1.0","","1","N","N","Y","0","","0","0","0","","3","","","2","0","0","0","0","0","0","2","0","2","","","","N","","","","","","","","","",""
"2021075652","2259","0","0","0","0","0","0","0","0","0","7","0","","02","8","2021","6","40.354443","-79.842194","2259","11","0","0","0","0","0","0","0","0","","0","0","0","","","0","N","0","","40 21:15.996","","2","79 50:31.900","0","0","0","0","2304","0","0","0","N","0","0","0","1","02304","0","","2.0","","1","N","N","N","1","","0","0","0","","0","","","1","0","0","0","0","0","0","2","0","1","","03","","N","","","","","","","","","",""
"2021108263","1703","2","0","0","0","0","0","0","0","0","4","0","","02","11","2021","7","40.427339","-79.721453","1701","11","0","0","0","0","0","1","0","0","","0","0","0","","","2","","1","","40 25:38.421","2","0","79 43:17.232","8","0","0","0","2446","0","0","0","N","0","0","0","4","02446","0","","1.0","1748.0","1","N","N","N","1","","0","0","0","","2","Y","","3","2","0","0","0","2","0","2","0","3","","03","","N","","","","","","","","","",""
"2021115144","1842","1","0","1","0","0","0","0","0","0","4","0","","02","11","2021","5","40.418798","-80.201666","1842","11","0","0","0","0","0","0","0","0","","0","0","0","","","4","","2","","40 25:07.672","","0","80 12:05.999","2","0","0","0","2214","0","0","0","N","0","0","0","7","02214","0","","1.0","","9","N","N","N","0","","3","1","1","","3","","","2","4","0","0","0","0","0","1","0","2","","04","","N","","","","","","","","","",""
"2021113632","0130","0","0","0","1","1","0","0","0","0","8","0","","02","11","2021","7","40.470748","-79.92404","0105","11","0","0","0","1","0","0","0","0","","1","0","0","","","0","","1","","40 28:14.692","7","0","79 55:26.543","1","0","0","0","2301","1","1","0","N","0","0","0","2","02301","0","2","1.0","436.0","1","N","N","N","0","0","0","0","2","","3","Y","","3","0","0","0","0","0","0","2","0","2","","03","","N","","","","","","","","","",""
"2021113288","0014","2","0","0","0","0","0","0","0","0","5","0","","02","11","2021","1","40.468604","-79.824435","0014","11","0","0","0","0","0","0","0","0","","0","0","0","","","0","N","0","","40 28:06.975","","6","79 49:27.967","0","0","0","0","2113","0","0","0","N","0","0","0","2","02113","0","","1.0","","1","N","N","N","0","","0","0","0","","0","","","2","0","0","0","0","0","0","2","0","2","","","","N","","","","","","","","","",""
"2021112580","2356","1","0","0","0","0","0","0","0","0","7","0","","02","11","2021","5","40.332684","-79.846459","2353","11","0","0","0","0","1","0","0","0","","0","0","0","","","1","N","0","","40 19:57.661","","0","79 50:47.251","8","0","0","0","2304","0","0","0","N","0","0","0","1","02304","0","","5.0","","1","N","N","N","0","","0","0","0","","0","","","1","1","0","0","0","1","0","2","0","1","","03","","N","","","","","","","","","",""
"2021114500","1535","1","0","0","0","0","0","0","0","0","4","0","","02","11","2021","3","40.455853","-79.893995","1525","11","0","0","0","0","0","0","0","0","","0","0","0","","","1","N","0","","40 27:21.069","","0","79 53:38.381","3","0","0","0","2301","0","0","0","N","0","0","0","2","02301","0","","1.0","","1","N","N","N","1","","1","0","0","","0","","","2","1","1","0","0","0","0","2","0","2","","03","","N","","","","","","","","","",""
"2021113393","2011","0","0","0","0","0","0","0","0","0","7","0","","02","11","2021","1","40.427216","-79.891173","2009","11","0","0","0","0","0","0","0","0","","0","0","0","","","3","N","0","","40 25:37.978","","0","79 53:28.224","3","0","0","0","2301","0","0","0","Y","0","0","0","3","68B03","2","","4.0","","9","N","N","N","0","","1","0","1","","0","","","1","3","1","0","0","0","0","2","0","1","","07","","N","","","","","","","","","",""
"2021112021","1613","1","0","0","0","0","0","0","0","0","1","1","","02","11","2021","4","40.459786","-79.907136","1558","11","0","0","0","0","0","0","0","0","","0","1","0","","","0","","2","","40 27:35.229","1","0","79 54:25.689","0","0","0","0","2301","0","0","0","N","0","0","0","2","02301","0","","1.0","1620.0","1","N","N","N","0","","0","0","0","","0","N","","2","0","0","0","0","0","0","2","0","2","","","","N","","","","","","","","","",""
"2021075456","1048","1","0","0","0","0","0","0","0","0","1","0","","02","8","2021","6","40.358532","-79.844474","1045","11","0","0","0","0","0","0","1","1","","0","0","0","","","1","N","0","","40 21:30.716","5","3","79 50:40.107","8","0","0","0","2303","0","0","0","N","0","0","0","3","02303","0","","1.0","1143.0","1","N","N","Y","0","","0","0","1","","0","N","","2","1","0","0","0","1","0","2","0","2","","","","N","","","","","","","","","",""
"2021099168","1433","1","0","0","0","0","0","0","0","0","1","0","","02","8","2021","4","40.502823","-80.027582","1420","11","0","0","0","0","0","0","0","0","","0","0","0","","","0","N","0","","40 30:10.164","","2","80 01:39.294","0","0","0","0","2116","0","0","0","N","0","0","0","4","68B03","0","","1.0","","9","N","N","N","0","","0","0","1","","0","","","2","0","0","0","0","0","0","2","0","2","","03","","N","","","","","","","","","",""
"2021077080","0458","0","0","0","0","0","0","0","0","0","1","0","","02","8","2021","4","40.348667","-79.889361","0456","11","0","0","0","0","0","1","0","0","","0","0","0","","","0","N","0","","40 20:55.200","","0","79 53:21.700","0","0","0","0","2423","0","0","0","N","0","0","0","1","02304","0","","1.0","","9","N","N","N","2","","0","0","1","","0","","","3","0","0","0","0","0","0","2","0","3","","07","","N","","","","","","","","","",""
"2021114975","1733","0","0","0","0","0","0","0","0","0","1","0","","02","11","2021","5","40.397499","-79.762921","1733","11","0","0","0","0","0","0","1","1","","0","0","0","","","0","N","0","","40 23:50.998","","0","79 45:46.517","0","0","0","0","2446","0","0","0","N","0","0","0","2","02446","0","","1.0","","1","N","N","N","0","","0","0","2","","0","","","2","0","0","0","0","0","0","2","0","2","","03","","N","","","","","","","","","",""
"2021114498","1752","2","0","0","0","0","0","0","0","0","1","0","","02","11","2021","3","40.514203","-80.005446","1752","11","0","0","0","0","0","0","0","0","","0","0","0","","","1","","6","","40 30:51.130","2","8","80 00:19.605","3","0","0","0","2116","0","0","0","N","0","0","0","2","02116","0","","1.0","1819.0","1","N","N","N","0","","1","0","0","","0","N","","2","1","0","0","0","0","0","2","0","2","","03","","N","","","","","","","","","",""
"2021113381","2214","2","0","0","0","0","0","0","0","0","7","0","","02","10","2021","7","40.429108","-79.944431","2212","11","0","0","0","0","0","0","0","0","","0","0","0","","","1","N","0","","40 25:44.788","4","0","79 56:39.950","4","0","0","0","2301","0","0","0","N","0","0","0","6","68B03","1","","4.0","2315.0","9","N","N","N","0","","0","0","1","","0","N","","3","1","0","0","0","0","0","2","0","3","","","","N","","","","","","","","","",""
"2021113388","1846","1","0","0","0","0","0","0","0","0","7","0","","02","11","2021","6","40.638211","-80.098061","1846","11","0","0","0","0","0","0","0","0","","0","0","0","","","0","N","0","","40 38:17.561","2","0","80 05:53.020","0","0","0","0","2212","0","0","0","Y","0","0","0","1","68B03","0","","4.0","1900.0","1","N","N","N","0","","0","0","0","","0","N","","1","0","0","0","0","0","0","2","0","1","","","","N","","","","","","","","","",""
"2021114069","0346","1","0","0","0","0","0","0","0","0","7","0","","02","11","2021","3","40.497197","-79.844156","0338","11","0","0","0","0","0","0","1","0","","0","0","0","","","0","N","0","","40 29:49.909","5","0","79 50:38.963","0","0","0","0","2113","0","0","0","N","0","0","0","1","02113","0","","2.0","415.0","1","N","N","N","0","","0","0","0","","0","N","","1","0","0","0","0","0","0","2","0","1","","03","","N","","","","","","","","","",""
"2021102759","0712","1","0","0","0","0","0","0","0","0","2","0","","02","10","2021","4","40.387774","-79.996331","0700","11","0","0","0","0","0","1","0","0","","0","0","0","","","2","N","0","","40 23:15.985","","0","79 59:46.791","3","0","0","0","2301","0","0","0","N","0","0","0","3","02301","0","","1.0","","1","N","N","N","0","","2","0","2","","0","","","3","2","0","0","0","0","0","2","0","3","","03","","N","","","","","","","","","",""
"2021113484","1723","1","0","0","0","0","0","0","0","0","8","0","","02","11","2021","1","40.399653","-80.044235","1721","11","0","0","0","0","0","0","0","0","","0","0","0","","","1","","1","","40 23:58.752","1","0","80 02:39.247","8","0","0","0","2301","1","0","0","N","1","0","0","3","02301","0","","1.0","1800.0","9","N","N","N","0","","0","0","0","","2","Y","","2","1","0","0","0","1","0","2","0","1","","07","","N","","","","","","","","","",""
"2021113580","2358","4","0","0","0","0","0","0","0","0","5","0","","02","11","2021","1","40.45808","-80.009571","2356","11","0","0","0","0","0","0","0","0","","0","0","0","","","2","N","0","","40 27:29.089","5","0","80 00:34.454","3","0","0","0","2301","0","0","0","N","0","0","0","2","02301","0","","1.0","124.0","9","N","N","Y","0","","2","0","0","","0","Y","","4","2","0","0","0","0","0","2","0","4","","","","N","","","","","","","","","",""
"2021114194","1132","1","0","0","0","0","0","0","0","0","1","0","","02","11","2021","3","40.462659","-79.967203","1120","11","0","0","0","0","0","1","0","0","","0","0","0","","","1","N","5","","40 27:45.573","","0","79 58:01.932","8","0","0","0","2301","0","0","0","N","0","0","0","2","02301","0","","1.0","","1","N","N","N","0","","0","0","1","","2","","","2","1","0","0","0","1","0","2","0","2","","","","N","","","","","","","","","",""
"2021108334","0912","0","0","0","0","0","0","0","0","0","7","1","","02","11","2021","2","40.639983","-80.038719","0911","11","0","0","0","0","0","0","0","0","","0","1","0","","","1","N","0","","40 38:23.940","","0","80 02:19.390","3","0","0","0","2216","0","0","0","N","0","0","0","1","02505","0","","5.0","","1","N","N","N","0","","1","0","0","","0","","","1","1","0","0","0","0","0","2","0","1","","03","","N","","","","","","","","","",""
"2021112569","2053","2","0","0","0","0","0","0","0","0","1","0","","02","11","2021","2","40.549721","-79.959341","2050","11","0","0","0","0","0","0","1","0","","0","0","0","","","1","N","1","","40 32:58.997","1","0","79 57:33.628","4","0","0","0","2118","0","0","0","N","0","0","0","2","02118","1","","1.0","2211.0","1","N","N","N","0","","0","0","0","","2","N","","2","1","1","0","0","0","0","2","0","2","","","","N","","","","","","","","","",""
"2021116073","1209","0","0","0","0","0","0","0","0","0","4","0","","02","11","2021","1","40.336534","-79.971283","1205","11","0","0","0","0","0","0","0","1","","0","0","0","","","0","","2","","40 20:11.522","3","0","79 58:16.619","0","0","0","0","2454","0","0","0","N","0","0","0","2","02454","0","","1.0","1235.0","1","N","N","N","1","","0","0","1","","2","N","","2","0","0","0","0","0","0","2","0","2","","03","","N","","","","","","","","","",""
"2021114049","2258","4","0","0","0","0","0","0","0","0","5","0","","02","11","2021","2","40.350992","-79.922794","2256","11","0","0","0","0","0","3","1","0","","0","0","0","","","0","N","0","","40 21:03.570","3","0","79 55:22.059","0","0","0","0","2473","0","0","0","N","0","0","0","7","02473","0","","1.0","200.0","2","N","N","N","0","","0","0","3","","0","Y","","7","0","0","0","0","0","0","2","0","7","","03","","N","","","","","","","","","",""
"2021075370","0150","1","0","0","0","0","0","0","0","0","5","0","","02","8","2021","6","40.458331","-79.906145","0150","11","0","0","0","0","0","0","0","0","","0","0","0","","","0","","1","","40 27:29.991","","0","79 54:22.121","0","0","0","0","2301","0","0","0","N","0","0","0","1","02301","0","","4.0","","9","N","N","N","0","","0","0","1","","3","","","2","0","0","0","0","0","0","2","0","2","","03","","N","","","","","","","","","",""
"2021111257","0555","2","0","0","0","0","0","0","0","0","4","0","","02","11","2021","2","40.401964","-80.000683","0552","11","0","0","0","0","0","1","0","0","","0","0","0","","","0","","1","","40 24:07.069","1","0","80 00:02.460","0","0","0","0","2301","0","0","0","N","0","0","0","2","02301","0","","1.0","615.0","9","N","N","N","0","","0","0","0","","2","N","","2","0","0","0","0","0","0","2","0","2","","","","N","","","","","","","","","",""
"2021114382","1556","1","0","0","0","0","0","0","0","0","7","0","","02","11","2021","3","40.614059","-80.054786","1550","11","0","0","0","0","0","0","0","0","","0","0","0","","","0","N","0","","40 36:50.611","","7","80 03:17.231","0","0","0","0","2212","0","0","0","N","0","0","0","6","02505","0","","4.0","","1","N","N","N","0","","0","0","0","","0","","","1","0","0","0","0","0","0","1","0","1","","","","N","","","","","","","","","",""
"2021076560","0147","1","0","0","0","0","0","0","0","0","1","0","","02","8","2021","5","40.59275","-79.947972","0147","11","0","0","0","0","0","1","0","0","","0","0","0","","","0","N","0","","40 35:33.901","2","0","79 56:52.698","0","0","0","0","2207","0","0","0","N","0","0","0","2","02207","0","","1.0","223.0","1","N","N","N","0","","0","0","1","","0","N","","2","0","0","0","0","0","0","2","0","2","","","","N","","","","","","","","","",""
"2021114300","1409","2","0","0","0","0","0","0","0","0","4","0","","02","11","2021","3","40.368954","-79.978024","1405","11","0","0","0","0","0","0","0","0","","0","0","0","","","2","","2","","40 22:08.234","","0","79 58:40.886","8","0","0","0","2413","0","0","0","N","0","0","0","3","02413","0","","1.0","","1","N","N","N","0","","0","0","0","","3","","","2","2","0","0","0","2","0","2","0","2","","","","N","","","","","","","","","",""
"2021113380","2056","1","0","0","0","0","0","0","0","0","7","0","","02","10","2021","7","40.432085","-79.95962","2034","11","0","0","0","0","0","0","0","0","","0","0","0","","","1","N","0","","40 25:55.507","4","0","79 57:34.631","4","0","0","0","2301","0","0","0","N","0","0","0","5","68B03","1","","4.0","2120.0","9","N","N","N","0","","0","0","0","","0","N","","1","1","0","0","0","0","0","2","0","1","","","","N","","","","","","","","","",""
"2021114664","1058","1","0","0","0","0","0","0","0","0","1","0","","02","11","2021","4","40.494211","-80.052749","1056","11","0","0","0","0","0","2","0","0","","0","0","0","","","0","N","0","","40 29:39.161","3","0","80 03:09.895","0","0","0","0","2404","0","0","0","N","0","0","0","2","02404","0","","1.0","1115.0","1","N","N","N","0","","0","0","1","","0","N","","2","0","0","0","0","0","0","2","0","2","","03","","N","","","","","","","","","",""
"2021112704","0658","0","0","0","0","0","0","0","0","0","98","0","","02","11","2021","6","40.568438","-80.023834","0651","11","0","0","0","0","0","0","0","0","","0","0","0","","","0","","1","","40 34:06.376","","0","80 01:25.801","0","0","0","0","2108","0","0","0","N","0","0","0","1","02108","0","","1.0","","1","N","N","N","0","","0","0","1","","0","","","1","0","0","0","0","0","0","2","0","1","","","","N","","","","","","","","","",""
"2021114167","0904","1","0","0","0","0","0","0","0","0","1","0","","02","11","2021","2","40.567162","-80.01647","0902","11","0","0","0","0","0","0","0","0","","0","0","0","","","1","Y","0","","40 34:01.783","2","0","80 00:59.291","8","0","0","0","2108","0","0","0","N","0","0","0","3","02108","0","","1.0","945.0","1","N","N","Y","0","","0","0","1","","0","N","","2","1","0","0","0","1","0","2","0","2","","","","N","","","","","","","","","",""
"2021113489","1859","0","0","0","0","0","0","0","0","0","7","0","","02","11","2021","1","40.452947","-79.825827","1855","11","0","0","0","0","0","0","0","0","","0","0","0","","","0","N","0","","40 27:10.608","","7","79 49:32.976","9","0","0","0","2113","0","0","0","N","0","0","0","1","02113","0","","6.0","","9","N","N","N","0","","0","0","1","","0","","","1","0","0","0","0","0","1","2","0","1","","","","N","","","","","","","","","",""
"2021076444","0856","1","0","0","0","0","0","0","0","0","1","0","55","02","8","2021","4","40.49324","-79.899939","0854","11","0","0","0","0","1","0","0","0","","0","0","0","","","0","N","6","","40 29:35.664","","2","79 53:59.782","0","0","0","0","2401","0","0","0","N","0","0","0","3","68D02","0","","1.0","","1","N","N","N","0","","0","0","2","","0","","","3","0","0","0","0","0","0","2","0","3","","","N","Y","2","1","","","N","","","Y","","N"
"2021112574","0040","1","0","0","0","0","0","0","0","0","7","0","","02","11","2021","2","40.489575","-79.930063","0032","11","0","0","0","0","0","0","0","0","","0","0","0","","","0","N","0","","40 29:22.471","","0","79 55:48.226","0","0","0","0","2301","0","0","0","N","0","0","0","1","02301","0","","2.0","","1","N","N","N","0","","0","0","0","","0","","","1","0","0","0","0","0","0","2","0","1","","","","N","","","","","","","","","",""
"2021111365","1209","2","0","0","0","0","0","0","0","0","4","0","","02","11","2021","7","40.397501","-80.083964","1204","11","1","0","0","0","0","0","1","0","","0","0","0","","","0","N","0","","40 23:51.004","4","6","80 05:02.270","0","0","0","0","2102","0","0","0","N","0","0","0","2","02102","0","","1.0","1236.0","1","N","N","N","0","","0","0","0","","0","N","","2","0","0","0","0","0","0","2","0","2","","03","","N","","","","","","","","","",""
"2021112407","1330","1","0","0","0","0","0","0","0","0","4","1","","02","11","2021","5","40.439432","-79.984984","1325","11","0","0","0","0","0","0","0","0","","0","0","0","","","2","N","2","","40 26:21.955","1","0","79 59:05.944","3","0","0","0","2301","0","0","0","N","0","0","0","4","02301","0","","1.0","150.0","9","N","N","N","0","","2","0","0","","3","N","","2","2","0","0","0","0","0","2","1","2","","07","","N","","","","","","","","","",""
"2021075832","1538","2","0","0","0","0","0","0","0","0","1","0","","02","8","2021","6","40.389926","-80.058414","1527","11","0","0","0","0","0","1","0","0","","0","0","0","","","0","N","0","","40 23:23.732","1","0","80 03:30.292","0","0","0","0","2109","0","0","0","N","0","0","0","3","02109","0","","1.0","1625.0","1","N","N","N","0","","0","0","0","","0","N","","3","0","0","0","0","0","0","2","1","3","","03","","N","","","","","","","","","",""
"2021079528","0838","0","0","0","0","0","0","0","0","0","7","0","","02","8","2021","2","40.416375","-80.085445","0836","11","0","0","0","0","0","0","0","0","","0","0","0","","","0","N","0","","40 24:58.951","","0","80 05:07.603","0","0","0","0","2415","0","0","0","Y","0","0","0","1","68B03","0","","5.0","","9","N","N","N","1","","0","0","0","","0","","","1","0","0","0","0","0","0","2","0","1","","07","","N","","","","","","","","","",""
"2021110941","0858","2","0","0","0","0","0","0","0","0","1","0","","02","11","2021","2","40.432961","-80.139576","0852","11","0","0","0","0","0","0","0","0","","0","0","0","","","0","","2","","40 25:58.659","2","0","80 08:22.473","0","0","0","0","2115","0","0","0","N","0","0","0","2","02214","0","","1.0","930.0","9","N","N","N","0","","0","0","0","","0","N","","2","0","0","0","0","0","0","2","0","2","","","","N","","","","","","","","","",""
"2021091078","2026","0","0","0","0","0","0","0","0","0","7","0","","02","9","2021","6","40.432547","-80.257092","2023","11","0","0","0","0","0","0","0","0","","0","0","0","","","1","N","0","","40 25:57.170","6","0","80 15:25.530","2","0","1","1","2214","0","0","0","N","0","0","0","1","02214","0","","2.0","2152.0","1","N","N","N","0","","0","1","0","","0","N","","1","1","0","0","0","0","0","2","0","1","","","","N","","","","","","","","","",""
"2021103313","1334","0","0","0","0","0","0","0","0","0","7","0","","02","8","2021","4","40.425682","-80.106083","1331","11","0","0","0","0","0","0","0","0","","0","0","0","","","0","N","0","","40 25:32.454","1","0","80 06:21.899","0","0","0","0","2115","0","0","0","N","0","0","0","1","68B03","0","","4.0","1345.0","9","N","N","N","0","","0","0","0","","0","N","","1","0","0","0","0","0","0","2","1","1","","","","N","","","","","","","","","",""