"CRN","ARRIVAL_TM","AUTOMOBILE_COUNT","BELTED_DEATH_COUNT","BELTED_SUSP_SERIOUS_INJ_COUNT","BICYCLE_COUNT","BICYCLE_DEATH_COUNT","BICYCLE_SUSP_SERIOUS_INJ_COUNT","BUS_COUNT","CHLDPAS_DEATH_COUNT","CHLDPAS_SUSP_SERIOUS_INJ_COUNT","COLLISION_TYPE","COMM_VEH_COUNT","CONS_ZONE_SPD_LIM","COUNTY","CRASH_MONTH","CRASH_YEAR","DAY_OF_WEEK","DEC_LATITUDE","DEC_LONGITUDE","DISPATCH_TM","DISTRICT","DRIVER_COUNT_16YR","DRIVER_COUNT_17YR","DRIVER_COUNT_18YR","DRIVER_COUNT_19YR","DRIVER_COUNT_20YR","DRIVER_COUNT_50_64YR","DRIVER_COUNT_65_74YR","DRIVER_COUNT_75PLUS","EST_HRS_CLOSED","FATAL_COUNT","HEAVY_TRUCK_COUNT","HORSE_BUGGY_COUNT","HOUR_OF_DAY","ILLUMINATION","INJURY_COUNT","INTERSECTION_RELATED","INTERSECT_TYPE","LANE_CLOSED","LATITUDE","LN_CLOSE_DIR","LOCATION_TYPE","LONGITUDE","MAX_SEVERITY_LEVEL","MCYCLE_DEATH_COUNT","MCYCLE_SUSP_SERIOUS_INJ_COUNT","MOTORCYCLE_COUNT","MUNICIPALITY","NONMOTR_COUNT","NONMOTR_DEATH_COUNT","NONMOTR_SUSP_SERIOUS_INJ_COUNT","NTFY_HIWY_MAINT","PED_COUNT","PED_DEATH_COUNT","PED_SUSP_SERIOUS_INJ_COUNT","PERSON_COUNT","POLICE_AGCY","POSSIBLE_INJ_COUNT","RDWY_SURF_TYPE_CD","RELATION_TO_ROAD","ROADWAY_CLEARED","ROAD_CONDITION","SCH_BUS_IND","SCH_ZONE_IND","SECONDARY_CRASH","SMALL_TRUCK_COUNT","SPEC_JURIS_CD","SUSP_MINOR_INJ_COUNT","SUSP_SERIOUS_INJ_COUNT","SUV_COUNT","TCD_FUNC_CD","TCD_TYPE","TFC_DETOUR_IND","TIME_OF_DAY","TOTAL_UNITS","TOT_INJ_COUNT","UNBELTED_OCC_COUNT","UNB_DEATH_COUNT","UNB_SUSP_SERIOUS_INJ_COUNT","UNK_INJ_DEG_COUNT","UNK_INJ_PER_COUNT","URBAN_RURAL","VAN_COUNT","VEHICLE_COUNT","WEATHER1","WEATHER2","WORKERS_PRES","WORK_ZONE_IND","WORK_ZONE_LOC","WORK_ZONE_TYPE","WZ_CLOSE_DETOUR","WZ_FLAGGER","WZ_LAW_OFFCR_IND","WZ_LN_CLOSURE","WZ_MOVING","WZ_OTHER","WZ_SHLDER_MDN","WZ_WORKERS_INJ_KILLED"
"2021110109","0610","0","0","0","0","0","0","0","0","0","1","0","","02","11","2021","6","40.481397","-79.881493","0600","11","0","0","0","0","0","0","0","0","","0","0","0","","","0","N","0","","40 28:53.028","6","0","79 52:53.375","0","0","0","0","2301","0","0","0","N","0","0","0","2","02301","0","","1.0","645.0","9","N","N","N","1","","0","0","1","","0","N","","2","0","0","0","0","0","0","2","0","2","","","","N","","","","","","","","","",""
"2021111782","2119","0","0","0","0","0","0","0","0","0","7","0","","02","11","2021","3","40.388843","-80.091448","2117","11","0","0","0","0","0","0","0","0","","0","0","0","","","0","","2","","40 23:19.833","","0","80 05:29.211","0","0","0","0","2437","0","0","0","N","0","0","0","1","02437","0","","5.0","","1","N","N","N","0","","0","0","1","","3","","","1","0","0","0","0","0","0","2","0","1","","","","N","","","","","","","","","",""
"2021088244","1640","1","0","0","0","0","0","0","0","0","7","0","","02","9","2021","5","40.625283","-79.865704","1635","11","0","0","0","0","0","0","0","0","","0","0","0","","","1","N","0","","40 37:31.019","","0","79 51:56.534","3","0","0","0","2220","0","0","0","N","0","0","0","1","02220","0","","5.0","","1","N","N","N","0","","1","0","0","","0","","","1","1","0","0","0","0","0","2","0","1","","03","","N","","","","","","","","","",""
"2021098709","1626","0","0","0","0","0","0","0","0","0","1","0","","02","10","2021","6","40.407469","-79.954279","1618","11","0","0","0","0","0","1","0","0","","0","0","0","","","0","N","0","","40 24:26.889","","0","79 57:15.403","0","0","0","0","2403","0","0","0","N","0","0","0","2","02403","0","","1.0","","1","N","N","N","0","","0","0","2","","0","","","2","0","0","0","0","0","0","2","0","2","","","","N","","","","","","","","","",""
"2021099790","1627","1","0","0","0","0","0","0","0","0","4","0","","02","10","2021","6","40.637433","-79.811894","1616","11","0","0","0","0","0","0","0","0","","0","0","0","","","1","N","1","","40 38:14.757","","0","79 48:42.818","3","0","0","0","2206","0","0","0","N","0","0","0","2","02206","0","","1.0","","1","N","N","N","0","","1","0","1","","3","","","2","1","0","0","0","0","0","1","0","2","","03","","N","","","","","","","","","",""
"2021084809","0925","3","0","0","0","0","0","0","0","0","1","0","","02","9","2021","5","40.444177","-80.028142","0917","11","0","0","0","0","0","2","0","1","","0","0","0","","","0","N","1","","40 26:39.037","3","0","80 01:41.310","0","0","0","0","2301","0","0","0","N","0","0","0","7","02301","0","","1.0","100.0","1","N","N","N","0","","0","0","1","","2","N","","4","0","0","0","0","0","0","2","0","4","","03","","N","","","","","","","","","",""
"2021085434","0549","1","0","0","0","0","0","0","0","0","5","0","","02","9","2021","6","40.443658","-80.041175","0547","11","0","0","0","0","0","0","0","0","","0","0","0","","","0","N","0","","40 26:37.168","","0","80 02:28.229","0","0","0","0","2301","0","0","0","N","0","0","0","1","02301","0","","2.0","","1","N","N","N","0","","0","0","2","","0","","","3","0","1","0","0","0","0","2","0","3","","03","","N","","","","","","","","","",""
"2021086221","0036","1","0","0","0","0","0","0","0","0","7","0","","02","9","2021","5","40.503441","-79.947399","0036","11","0","0","0","0","0","0","0","0","","0","0","0","","","0","","1","","40 30:12.387","","0","79 56:50.637","0","0","0","0","2430","0","0","0","N","0","0","0","1","02430","0","","4.0","","1","N","N","N","0","","0","0","0","","0","","","1","0","0","0","0","0","0","2","0","1","","","","N","","","","","","","","","",""
"2021094548","2132","1","0","0","0","0","0","0","0","0","0","0","","02","9","2021","3","40.433031","-80.141141","2120","11","0","0","0","0","0","0","0","0","","0","0","0","","","1","N","0","","40 25:58.912","","0","80 08:28.108","3","0","0","0","2115","0","0","0","N","0","0","0","1","68B03","0","","1.0","","1","N","N","N","0","","1","0","0","","0","","","2","1","0","0","0","0","0","2","0","2","","03","","N","","","","","","","","","",""
"2021108768","2045","2","0","0","0","0","0","0","0","0","4","0","","02","11","2021","4","40.521687","-80.043671","2043","11","1","0","0","0","0","0","0","0","","0","0","0","","","0","","2","","40 31:18.072","4","0","80 02:37.216","0","0","0","0","2474","0","0","0","N","0","0","0","5","02474","0","","1.0","2105.0","1","N","N","N","0","","0","0","0","","3","N","","2","0","0","0","0","0","0","2","0","2","","","","N","","","","","","","","","",""
"2021128127","","1","0","0","0","0","0","0","0","0","1","0","","02","12","2021","3","40.526267","-80.158421","","11","0","0","0","0","0","1","0","0","","0","0","0","","","1","Y","0","","40 31:34.562","","0","80 09:30.317","8","0","0","0","2436","0","0","0","N","0","0","0","3","00000","0","","1.0","","1","N","N","N","0","","0","0","0","","2","","","2","1","0","0","0","1","0","2","0","2","","","","N","","","","","","","","","",""
"2021124304","2344","2","0","0","0","0","0","0","0","0","1","0","","02","12","2021","1","40.452189","-79.899236","2336","11","0","0","0","0","0","0","0","0","","0","0","0","","","0","N","0","","40 27:07.880","","0","79 53:57.250","0","0","0","0","2301","0","0","0","N","0","0","0","1","02301","0","","4.0","","1","N","N","N","0","","0","0","0","","0","","","2","0","0","0","0","0","0","2","0","2","","","","N","","","","","","","","","",""
"2021096344","1634","1","0","0","0","0","0","0","0","0","4","0","","02","10","2021","4","40.356942","-80.120299","1633","11","0","0","0","0","0","0","0","0","","0","0","0","","","0","N","1","","40 21:24.990","","0","80 07:13.076","0","0","0","0","2119","0","0","0","N","0","0","0","5","02119","0","","1.0","","1","N","N","N","0","","0","0","1","","2","N","","2","0","0","0","0","0","0","2","0","2","","","","N","","","","","","","","","",""
"2021084250","1455","1","0","0","0","0","0","0","0","0","4","0","","02","9","2021","3","40.343369","-79.940655","1453","11","0","0","0","0","0","1","0","0","","0","0","0","","","0","","1","","40 20:36.128","4","0","79 56:26.357","0","0","0","0","2473","0","0","0","N","0","0","0","2","02473","0","","1.0","1530.0","1","N","N","N","0","","0","0","1","","3","Y","","2","0","0","0","0","0","0","2","0","2","","","","N","","","","","","","","","",""
"2021110473","1750","1","0","0","0","0","0","0","0","0","7","0","","02","11","2021","6","40.481328","-79.937633","1736","11","0","0","0","0","0","0","0","0","","0","0","0","","","0","N","0","","40 28:52.780","","0","79 56:15.480","0","0","0","0","2301","0","0","0","N","0","0","0","2","02301","0","","1.0","","1","N","N","N","0","","0","0","0","","0","N","","1","0","0","0","0","0","0","2","0","1","","03","","N","","","","","","","","","",""
"2021086366","1019","1","0","0","0","0","0","0","0","0","4","0","","02","9","2021","3","40.448336","-80.014498","1016","11","0","0","0","0","0","1","0","0","","0","0","0","","","0","N","2","","40 26:54.008","","7","80 00:52.194","0","0","0","0","2301","0","0","0","N","0","0","0","2","02301","0","","1.0","","1","N","N","N","0","","0","0","1","","3","","","2","0","0","0","0","0","0","2","0","2","","03","","N","","","","","","","","","",""
"2021124026","0015","0","0","0","0","0","0","0","0","0","7","0","","02","12","2021","1","40.415927","-80.029876","0011","11","0","0","0","0","0","1","0","0","","0","0","0","","","0","","1","","40 24:57.336","7","0","80 01:47.552","0","0","0","0","2301","0","0","0","N","0","0","0","1","02301","0","","5.0","46.0","9","N","N","N","0","","0","0","1","","0","N","","1","0","0","0","0","0","0","2","0","1","","04","","N","","","","","","","","","",""
"2021095123","1747","1","0","0","0","0","0","0","0","0","7","0","","02","10","2021","1","40.424195","-79.737445","1735","11","0","0","1","0","0","0","0","0","","0","0","0","","","1","N","0","","40 25:27.103","","0","79 44:14.802","3","0","0","0","2446","0","0","0","N","0","0","0","1","68T09","0","","5.0","","1","N","N","N","0","","1","0","0","","0","","","1","1","0","0","0","0","0","2","0","1","","","","N","","","","","","","","","",""
"2021106279","0320","2","0","0","0","0","0","0","0","0","6","0","","02","11","2021","3","40.339109","-79.849778","0316","11","0","0","0","0","0","0","0","0","","0","0","0","","","0","N","0","","40 20:20.791","","0","79 50:59.200","9","0","0","0","2304","0","0","0","N","0","0","0","1","02304","0","","1.0","","1","N","N","N","0","","0","0","0","","0","N","","2","0","0","0","0","0","1","2","0","2","","03","","N","","","","","","","","","",""
"2021110329","1449","1","0","0","0","0","0","0","0","0","7","0","45","02","11","2021","7","40.337308","-80.133849","1429","11","0","0","0","0","0","0","0","0","","0","0","0","","","0","N","0","","40 20:14.310","","0","80 08:01.855","0","0","0","0","2119","0","0","0","Y","0","0","0","1","68B03","0","","4.0","","1","N","N","N","0","","0","0","0","","0","","","1","0","0","0","0","0","0","2","0","1","","03","N","Y","2","1","","","N","","","","Y","N"
"2021098047","1026","0","0","0","0","0","0","0","0","0","4","0","","02","10","2021","6","40.491579","-80.257809","1023","11","0","0","0","0","0","1","1","0","","0","0","0","","","3","N","0","","40 29:29.685","","7","80 15:28.112","3","0","0","0","2203","0","0","0","N","0","0","0","6","02501","0","","1.0","","1","N","N","N","0","","3","0","0","","3","N","","2","3","2","0","0","0","0","2","2","2","","","","N","","","","","","","","","",""
"2021084496","1139","1","0","0","0","0","0","0","0","0","1","0","","02","9","2021","4","40.406021","-79.825191","1138","11","0","0","0","0","0","1","0","0","","0","0","0","","","1","","1","","40 24:21.675","","0","79 49:30.688","3","0","0","0","2467","0","0","0","N","0","0","0","4","02467","0","","1.0","","9","N","N","Y","0","","1","0","2","","2","","","3","1","0","0","0","0","0","2","0","3","","","","N","","","","","","","","","",""
"2021086293","0359","0","0","0","0","0","0","0","0","0","7","0","","02","9","2021","7","40.499444","-79.711667","0357","11","0","0","0","0","0","0","0","0","","0","0","0","","","0","N","0","","40 29:58.000","5","0","79 42:42.000","0","0","0","0","2466","0","0","0","N","0","0","0","1","02466","0","","5.0","459.0","1","N","N","N","0","","0","0","1","","0","N","","1","0","0","0","0","0","0","1","0","1","","","","N","","","","","","","","","",""
"2021099759","1610","1","0","0","0","0","0","0","0","0","7","0","","02","10","2021","5","40.581536","-79.779742","1610","11","0","0","0","0","1","0","0","0","","0","0","0","","","0","Y","0","","40 34:53.530","7","0","79 46:47.070","0","0","0","0","2104","0","0","0","Y","0","0","0","1","02514","0","","5.0","1706.0","1","N","N","N","0","","0","0","0","","0","Y","","1","0","0","0","0","0","0","2","0","1","","03","","N","","","","","","","","","",""
"2021086359","0757","0","0","0","0","0","0","0","0","0","4","0","","02","9","2021","3","40.441733","-80.035258","0757","11","0","0","0","0","0","1","0","0","","0","0","0","","","1","","2","","40 26:30.238","1","0","80 02:06.928","4","0","0","0","2301","0","0","0","N","0","0","0","7","02301","1","","1.0","15.0","1","N","N","N","1","","0","0","1","","3","N","","2","1","0","0","0","0","0","2","0","2","","03","","N","","","","","","","","","",""
"2021113179","1812","0","0","1","0","0","0","0","0","0","4","1","","02","11","2021","1","40.478306","-80.062361","1802","11","0","0","0","0","0","1","0","0","","0","1","0","","","1","N","0","","40 28:41.900","1","7","80 03:44.500","2","0","0","0","2122","0","0","0","N","0","0","0","3","02122","0","","1.0","1920.0","9","N","N","N","0","","0","1","0","","3","N","","2","1","0","0","0","0","0","2","1","2","","","","N","","","","","","","","","",""
"2021101279","2053","1","0","0","0","0","0","0","0","0","1","0","","02","9","2021","6","40.402549","-79.907572","2050","11","0","0","0","0","0","0","0","1","","0","0","0","","","1","","1","","40 24:09.176","5","0","79 54:27.259","4","0","0","0","2438","0","0","0","N","0","0","0","1","02438","1","","1.0","2110.0","1","N","N","N","0","","0","0","1","","0","Y","","2","1","0","0","0","0","0","2","0","2","","03","","N","","","","","","","","","",""
"2021106697","0450","1","0","0","0","0","0","0","0","0","98","0","","02","11","2021","4","40.464418","-80.270303","0449","11","0","0","0","0","0","1","0","0","","0","0","0","","","2","N","0","","40 27:51.904","","0","80 16:13.092","3","0","0","0","2203","0","0","0","N","0","0","0","2","02203","1","","1.0","","1","N","N","N","0","","1","0","0","","0","","","1","2","0","0","0","0","0","1","0","1","","03","","N","","","","","","","","","",""
"2021124086","0705","1","0","0","0","0","0","0","0","0","0","0","","02","12","2021","1","40.436489","-79.963964","0701","11","0","0","0","1","0","0","0","0","","0","0","0","","","0","","2","","40 26:11.360","1","0","79 57:50.269","0","0","0","0","2301","0","0","0","N","0","0","0","2","02301","0","","3.0","30.0","1","N","N","N","1","","0","0","0","","0","N","","2","0","0","0","0","0","0","2","0","2","","03","","N","","","","","","","","","",""
"2021086659","2356","1","0","0","0","0","0","0","0","0","4","0","","02","9","2021","3","40.45657","-79.977855","2351","11","0","0","0","0","0","0","0","0","","0","0","0","","","0","N","1","","40 27:23.652","6","0","79 58:40.277","0","0","0","0","2301","0","0","0","N","0","0","0","3","02301","0","","1.0","30.0","1","N","N","N","0","","0","0","1","","3","N","","2","0","0","0","0","0","0","2","0","2","","","","N","","","","","","","","","",""
"2021085159","0746","1","0","0","0","0","0","0","0","0","2","0","","02","9","2021","6","40.376139","-80.002889","0730","11","0","1","0","0","0","0","0","0","","0","0","0","","","0","Y","0","","40 22:34.100","","0","80 00:10.400","0","0","0","0","2301","0","0","0","N","0","0","0","3","02301","0","","5.0","","1","N","N","Y","0","","0","0","2","","0","","","3","0","0","0","0","0","0","2","0","3","","03","","N","","","","","","","","","",""
"2021099618","1736","0","0","0","0","0","0","0","0","0","4","0","","02","10","2021","3","40.332799","-79.813633","1733","11","0","0","0","0","0","0","0","0","","0","0","0","","","3","","1","","40 19:58.075","1","7","79 48:49.079","3","0","0","0","2477","0","0","0","Y","0","0","0","5","02477","0","","1.0","1813.0","1","N","N","N","0","","3","0","2","","2","N","","2","3","0","0","0","0","0","2","0","2","","","","N","","","","","","","","","",""
"2021123765","0028","0","0","0","0","0","0","0","0","0","7","0","","02","12","2021","7","40.452797","-80.03924","0026","11","0","0","0","0","0","0","0","0","","0","0","0","","","0","N","2","","40 27:10.070","","0","80 02:21.263","0","0","0","0","2301","0","0","0","N","0","0","0","1","02301","0","","5.0","","9","N","N","N","0","","0","0","1","","0","","","1","0","0","0","0","0","0","2","0","1","","06","","N","","","","","","","","","",""
"2021110297","1756","2","0","0","0","0","0","0","0","0","4","0","","02","10","2021","7","40.393727","-79.836889","1731","11","0","0","0","0","0","0","0","0","","0","0","0","","","0","Y","2","","40 23:37.416","4","0","79 50:12.799","0","0","0","0","2425","0","0","0","N","0","0","0","2","68B03","0","","1.0","1820.0","1","N","N","N","0","","0","0","0","","0","N","","2","0","0","0","0","0","0","2","0","2","","03","","N","","","","","","","","","",""
"2021086908","1948","1","0","0","0","0","0","0","0","0","1","0","","02","9","2021","3","40.36456","-80.024338","1945","11","0","0","0","0","0","0","0","0","","0","0","0","","","0","N","0","","40 21:52.416","5","0","80 01:27.616","0","0","0","0","2416","0","0","0","N","0","0","0","3","02416","0","","1.0","2000.0","1","N","N","N","0","","0","0","1","","2","N","","2","0","0","0","0","0","0","2","0","2","","03","","N","","","","","","","","","",""
"2021084339","1251","3","0","0","0","0","0","0","0","0","1","0","","02","9","2021","3","40.432114","-79.730465","1250","11","0","0","0","1","0","0","0","0","","0","0","0","","","2","N","0","","40 25:55.610","4","0","79 43:49.674","3","0","0","0","2446","0","0","0","Y","0","0","0","5","02446","1","","1.0","1325.0","1","N","N","N","0","","1","0","1","","0","N","","4","2","0","0","0","0","0","2","0","4","","03","","N","","","","","","","","","",""
"2021101105","0400","1","0","1","0","0","0","0","0","0","7","0","","02","10","2021","7","40.45555","-79.879418","0351","11","0","0","0","0","0","0","0","0","","0","0","0","","","1","N","0","","40 27:19.979","7","0","79 52:45.905","2","0","0","0","2301","0","0","0","N","0","0","0","1","02301","0","","5.0","500.0","9","N","N","N","0","","0","1","0","","0","Y","","1","1","0","0","0","0","0","2","0","1","","04","","N","","","","","","","","","",""
"2021087214","1121","2","0","0","0","0","0","0","0","0","2","0","","02","9","2021","3","40.334154","-80.002649","1113","11","0","0","1","0","0","1","1","0","","0","0","0","","","0","","1","","40 20:02.953","","0","80 00:09.537","0","0","0","0","2407","0","0","0","N","0","0","0","3","02407","0","","1.0","","1","N","N","Y","0","","0","0","1","","0","","","3","0","1","0","0","0","0","2","0","3","","03","","N","","","","","","","","","",""
"2021098528","1905","1","0","0","0","0","0","0","0","0","1","0","","02","10","2021","7","40.445917","-79.969417","1900","11","0","0","0","0","0","1","0","0","","0","0","0","","","0","N","0","","40 26:45.300","","0","79 58:09.900","0","0","0","0","2301","0","0","0","N","0","0","0","1","02301","0","","2.0","","1","N","N","N","0","","0","0","1","","0","N","","2","0","0","0","0","0","0","2","0","2","","","","N","","","","","","","","","",""
"2021087892","1332","1","0","0","0","0","0","0","0","0","4","0","","02","9","2021","4","40.396944","-79.821111","1326","11","0","0","0","1","0","0","0","0","","0","0","0","","","1","N","0","","40 23:49.000","6","0","79 49:16.000","8","0","0","0","2111","0","0","0","N","0","0","0","1","02111","0","","2.0","1412.0","1","N","N","Y","0","","0","0","1","","0","Y","","2","1","0","0","0","1","0","2","0","2","","04","","N","","","","","","","","","",""
"2021095696","1651","0","0","0","0","0","0","0","0","0","1","0","","02","10","2021","4","40.364544","-79.842424","1647","11","0","0","0","0","0","0","0","0","","0","0","0","","","1","N","0","","40 21:52.358","1","0","79 50:32.728","3","0","0","0","2303","0","0","0","N","0","0","0","3","02303","0","","1.0","1714.0","1","N","N","N","0","","1","0","2","","4","Y","","2","1","0","0","0","0","0","2","0","2","","03","","N","","","","","","","","","",""
"2021085727","1033","0","0","0","0","0","0","0","0","0","99","0","","02","9","2021","7","40.378422","-80.148464","1026","11","0","0","0","0","0","1","0","0","","0","0","0","","","1","N","0","","40 22:42.320","6","0","80 08:54.469","8","0","0","1","2119","0","0","0","N","0","0","0","1","02119","0","","5.0","1130.0","1","N","N","N","0","","0","0","0","","0","N","","1","1","0","0","0","1","0","2","0","1","","","","N","","","","","","","","","",""
"2021100388","2254","1","0","0","0","0","0","0","0","0","4","0","","02","10","2021","2","40.442756","-79.813274","2233","11","0","0","1","0","0","0","0","0","","0","0","0","","","0","N","0","","40 26:33.923","","0","79 48:47.786","0","0","0","0","2113","0","0","0","N","0","0","0","2","68B03","0","","1.0","","1","N","N","N","1","","0","0","0","","0","","","2","0","0","0","0","0","0","2","0","2","","","","N","","","","","","","","","",""
"2021105858","1808","1","0","0","0","0","0","0","0","0","4","0","","02","10","2021","4","40.348281","-79.986783","1801","11","0","0","0","0","0","0","0","0","","0","0","0","","","1","N","0","","40 20:53.810","","0","79 59:12.420","3","0","0","0","2476","0","0","0","N","0","0","0","1","02476","0","","1.0","","1","N","N","N","0","","1","0","1","","0","","","2","1","0","0","0","0","0","2","0","2","","03","","N","","","","","","","","","",""
"2021110098","2344","2","0","0","0","0","0","0","0","0","7","0","","02","11","2021","6","40.44044","-79.992904","2340","11","0","0","0","0","0","0","0","0","","0","0","0","","","0","","7","","40 26:25.583","1","2","79 59:34.453","0","0","0","0","2301","0","0","0","N","0","0","0","2","02301","0","","7.0","15.0","1","N","N","N","0","","0","0","0","","0","Y","","2","0","0","0","0","0","0","2","0","2","","","","N","","","","","","","","","",""
"2021087918","0852","1","0","0","0","0","0","0","0","0","1","0","","02","9","2021","5","40.495586","-80.106919","0850","11","0","0","0","0","0","0","0","0","","0","0","0","","","0","N","0","","40 29:44.111","5","7","80 06:24.908","0","0","0","0","2126","0","0","0","N","0","0","0","2","02126","0","","1.0","1001.0","1","N","N","N","0","","0","0","1","","0","Y","","2","0","0","0","0","0","0","2","0","2","","03","","N","","","","","","","","","",""
"2021085760","1244","0","0","0","0","0","0","0","0","0","4","0","","02","9","2021","6","40.380776","-79.812134","1242","11","0","0","0","0","0","0","2","0","","0","0","0","","","1","N","0","","40 22:50.794","2","7","79 48:43.684","3","0","0","0","2424","0","0","0","N","0","0","0","2","02424","0","","1.0","1305.0","1","N","N","N","1","","1","0","1","","3","N","","2","1","0","0","0","0","0","2","0","2","","03","","N","","","","","","","","","",""
"2021086957","1841","0","0","0","0","0","0","0","0","0","1","0","","02","9","2021","4","40.460625","-79.914314","1834","11","0","0","0","0","0","0","0","0","","0","0","0","","","2","N","0","","40 27:38.250","4","0","79 54:51.529","4","0","0","0","2301","0","0","0","N","0","0","0","6","02301","2","","1.0","1900.0","9","N","N","Y","0","","0","0","3","","0","N","","3","2","0","0","0","0","0","2","0","3","","07","","N","","","","","","","","","",""
"2021110388","1537","0","0","0","0","0","0","0","0","0","1","0","","02","11","2021","7","40.341141","-79.801827","1534","11","0","0","0","0","0","0","0","0","","0","0","0","","","1","N","0","","40 20:28.108","2","0","79 48:06.577","8","0","0","0","2477","0","0","0","N","0","0","0","5","02477","0","","1.0","1615.0","1","N","N","N","0","","0","0","2","","0","N","","3","1","0","0","0","1","0","2","1","3","","03","","N","","","","","","","","","",""
"2021085673","1707","1","0","0","0","0","0","0","0","0","2","0","","02","9","2021","7","40.624747","-79.732835","1702","11","0","0","0","0","0","0","0","0","","0","0","0","","","0","N","0","","40 37:29.089","2","0","79 43:58.205","0","0","0","0","2106","0","0","0","N","0","0","0","2","02106","0","","1.0","1742.0","1","N","N","N","0","","0","0","0","","3","N","","2","0","0","0","0","0","0","2","1","2","","","","N","","","","","","","","","",""
"2021113010","0259","1","0","0","0","0","0","0","0","0","7","0","","02","11","2021","1","40.451234","-80.027706","0252","11","0","0","0","0","0","0","0","0","","0","0","0","","","1","N","0","","40 27:04.444","1","0","80 01:39.743","3","0","0","0","2301","0","0","0","N","0","0","0","1","02301","0","","3.0","405.0","9","N","N","N","0","","1","0","0","","0","N","","1","1","0","0","0","0","0","2","0","1","","04","","N","","","","","","","","","",""
"2021085286","1445","1","0","0","0","0","0","0","0","0","5","0","","02","9","2021","6","40.459661","-79.929429","1431","11","0","0","1","0","0","0","0","0","","0","0","0","","","0","N","1","","40 27:34.779","","0","79 55:45.946","0","0","0","0","2301","0","0","0","N","0","0","0","2","02301","0","","1.0","","1","N","N","N","1","","0","0","0","","1","","","2","0","0","0","0","0","0","2","0","2","","","","N","","","","","","","","","",""
"2021087117","0124","2","0","0","0","0","0","0","0","0","7","0","","02","9","2021","2","40.406636","-79.967507","0118","11","0","0","0","0","0","0","0","0","","0","0","0","","","1","N","0","","40 24:23.888","6","0","79 58:03.025","4","0","0","0","2403","0","0","0","N","0","0","0","1","02403","1","","4.0","300.0","1","N","N","N","0","","0","0","0","","0","Y","","2","1","0","0","0","0","0","2","0","2","","03","","N","","","","","","","","","",""
"2021098412","1010","1","0","0","0","0","0","0","0","0","7","0","","02","10","2021","7","40.438735","-80.011508","1000","11","0","0","0","0","0","0","0","0","","0","0","0","","","0","N","0","","40 26:19.445","","3","80 00:41.427","0","0","0","0","2301","0","0","0","N","0","0","0","1","02301","0","","1.0","","9","N","N","N","0","","0","0","0","","0","","","1","0","0","0","0","0","0","2","0","1","","","","N","","","","","","","","","",""
"2021091023","0345","1","0","0","0","0","0","0","0","0","4","0","","02","9","2021","6","40.410619","-79.878583","0316","11","0","0","0","0","0","0","0","0","","0","0","0","","","0","N","0","","40 24:38.230","","0","79 52:42.900","0","0","0","0","2456","0","0","0","N","0","0","0","1","68B03","0","","1.0","","1","N","N","N","0","","0","0","2","","0","","","3","0","0","0","0","0","0","2","0","3","","","","N","","","","","","","","","",""
"2021110084","2215","4","0","0","0","0","0","0","0","0","1","0","","02","11","2021","6","40.478908","-80.043019","2210","11","0","0","0","0","0","0","0","1","","0","0","0","","","1","N","1","","40 28:44.067","","3","80 02:34.868","3","0","0","0","2301","0","0","0","N","0","0","0","7","02301","0","","1.0","","1","N","N","Y","0","","1","0","0","","0","","","4","1","0","0","0","0","2","2","0","4","","03","","N","","","","","","","","","",""
"2021124011","2038","2","0","0","0","0","0","0","0","0","1","0","","02","12","2021","7","40.432411","-79.958516","2029","11","0","1","0","0","0","0","0","0","","0","0","0","","","0","N","0","","40 25:56.678","","0","79 57:30.656","0","0","0","0","2301","0","0","0","N","0","0","0","3","02301","0","","1.0","","9","N","N","N","0","","0","0","0","","0","","","2","0","0","0","0","0","0","2","0","2","","","","N","","","","","","","","","",""
"2021123616","1352","0","0","0","0","0","0","0","0","0","8","0","","02","12","2021","6","40.446211","-79.918353","1350","11","0","0","0","0","0","0","0","0","","0","0","0","","","1","","1","","40 26:46.359","1","0","79 55:06.070","3","0","0","0","2301","1","0","0","N","1","0","0","2","02301","0","","1.0","1425.0","1","N","N","N","0","","1","0","1","","0","Y","","2","1","0","0","0","0","0","2","0","1","","03","","N","","","","","","","","","",""
"2021100580","0144","0","0","0","0","0","0","0","0","0","7","0","","02","10","2021","5","40.399278","-80.00027","0137","11","0","0","0","0","0","0","0","0","","0","0","0","","","1","N","0","","40 23:57.399","2","0","80 00:00.971","3","0","0","0","2301","0","0","0","N","0","0","0","2","02301","0","","5.0","557.0","1","N","N","N","0","","1","0","1","","2","N","","1","1","0","0","0","0","1","2","0","1","","03","","N","","","","","","","","","",""
"2021099153","1528","1","0","0","0","0","0","0","0","0","5","0","","02","10","2021","2","40.354333","-79.830778","1528","11","0","0","0","0","0","1","0","0","","0","0","0","","","1","N","0","","40 21:15.600","6","0","79 49:50.800","8","0","0","0","2304","0","0","0","N","0","0","0","2","02304","0","","1.0","1619.0","1","N","N","N","0","","0","0","1","","0","Y","","2","1","0","0","0","1","0","2","0","2","","03","","N","","","","","","","","","",""