"CRN","ARRIVAL_TM","AUTOMOBILE_COUNT","BELTED_DEATH_COUNT","BELTED_SUSP_SERIOUS_INJ_COUNT","BICYCLE_COUNT","BICYCLE_DEATH_COUNT","BICYCLE_SUSP_SERIOUS_INJ_COUNT","BUS_COUNT","CHLDPAS_DEATH_COUNT","CHLDPAS_SUSP_SERIOUS_INJ_COUNT","COLLISION_TYPE","COMM_VEH_COUNT","CONS_ZONE_SPD_LIM","COUNTY","CRASH_MONTH","CRASH_YEAR","DAY_OF_WEEK","DEC_LATITUDE","DEC_LONGITUDE","DISPATCH_TM","DISTRICT","DRIVER_COUNT_16YR","DRIVER_COUNT_17YR","DRIVER_COUNT_18YR","DRIVER_COUNT_19YR","DRIVER_COUNT_20YR","DRIVER_COUNT_50_64YR","DRIVER_COUNT_65_74YR","DRIVER_COUNT_75PLUS","EST_HRS_CLOSED","FATAL_COUNT","HEAVY_TRUCK_COUNT","HORSE_BUGGY_COUNT","HOUR_OF_DAY","ILLUMINATION","INJURY_COUNT","INTERSECTION_RELATED","INTERSECT_TYPE","LANE_CLOSED","LATITUDE","LN_CLOSE_DIR","LOCATION_TYPE","LONGITUDE","MAX_SEVERITY_LEVEL","MCYCLE_DEATH_COUNT","MCYCLE_SUSP_SERIOUS_INJ_COUNT","MOTORCYCLE_COUNT","MUNICIPALITY","NONMOTR_COUNT","NONMOTR_DEATH_COUNT","NONMOTR_SUSP_SERIOUS_INJ_COUNT","NTFY_HIWY_MAINT","PED_COUNT","PED_DEATH_COUNT","PED_SUSP_SERIOUS_INJ_COUNT","PERSON_COUNT","POLICE_AGCY","POSSIBLE_INJ_COUNT","RDWY_SURF_TYPE_CD","RELATION_TO_ROAD","ROADWAY_CLEARED","ROAD_CONDITION","SCH_BUS_IND","SCH_ZONE_IND","SECONDARY_CRASH","SMALL_TRUCK_COUNT","SPEC_JURIS_CD","SUSP_MINOR_INJ_COUNT","SUSP_SERIOUS_INJ_COUNT","SUV_COUNT","TCD_FUNC_CD","TCD_TYPE","TFC_DETOUR_IND","TIME_OF_DAY","TOTAL_UNITS","TOT_INJ_COUNT","UNBELTED_OCC_COUNT","UNB_DEATH_COUNT","UNB_SUSP_SERIOUS_INJ_COUNT","UNK_INJ_DEG_COUNT","UNK_INJ_PER_COUNT","URBAN_RURAL","VAN_COUNT","VEHICLE_COUNT","WEATHER1","WEATHER2","WORKERS_PRES","WORK_ZONE_IND","WORK_ZONE_LOC","WORK_ZONE_TYPE","WZ_CLOSE_DETOUR","WZ_FLAGGER","WZ_LAW_OFFCR_IND","WZ_LN_CLOSURE","WZ_MOVING","WZ_OTHER","WZ_SHLDER_MDN","WZ_WORKERS_INJ_KILLED"
"2021090869","2220","1","0","0","0","0","0","0","0","0","7","0","","02","9","2021","3","40.395944","-79.801444","2214","11","0","1","0","0","0","0","0","0","","0","0","0","","","1","N","0","","40 23:45.400","3","0","79 48:05.200","3","0","0","0","2479","0","0","0","N","0","0","0","1","02446","0","","2.0","2315.0","1","N","N","N","0","","1","0","0","","0","N","","1","1","0","0","0","0","0","2","0","1","","03","","N","","","","","","","","","",""
"2021107428","2021","1","0","0","0","0","0","0","0","0","4","0","","02","11","2021","7","40.439846","-80.091378","2017","11","0","0","0","0","0","0","1","0","","0","0","0","","","0","N","0","","40 26:23.444","4","7","80 05:28.959","0","0","0","0","2115","0","0","0","N","0","0","0","2","02115","0","","1.0","2059.0","1","","","N","0","","0","0","1","","0","N","","2","0","0","0","0","0","0","2","0","2","","03","","N","","","","","","","","","",""
"2021086008","1716","0","0","0","0","0","0","0","0","0","4","0","","02","9","2021","5","40.347707","-79.996065","1714","11","0","0","0","0","0","2","0","0","","0","0","0","","","0","","1","","40 20:51.745","2","0","79 59:45.834","0","0","0","0","2403","0","0","0","N","0","0","0","2","02403","0","","1.0","1753.0","1","N","N","N","1","","0","0","0","","3","Y","","2","0","0","0","0","0","0","2","1","2","","03","","N","","","","","","","","","",""
"2021084329","1508","0","0","0","0","0","0","0","0","0","1","0","","02","9","2021","3","40.581469","-80.055388","1458","11","1","0","0","0","0","0","0","0","","0","0","0","","","2","Y","0","","40 34:53.287","","0","80 03:19.396","4","0","0","0","2108","0","0","0","N","0","0","0","3","02108","2","","1.0","","1","N","N","N","0","","0","0","2","","0","","","2","2","0","0","0","0","0","2","0","2","","","","N","","","","","","","","","",""
"2021086662","0615","1","0","0","0","0","0","0","0","0","5","0","","02","9","2021","1","40.449264","-80.003193","0607","11","0","0","0","0","0","0","0","0","","0","0","0","","","0","N","0","","40 26:57.351","1","0","80 00:11.493","9","0","0","0","2301","0","0","0","N","0","0","0","2","02301","0","","1.0","630.0","1","N","N","N","0","","0","0","1","","0","N","","2","0","0","0","0","0","1","2","0","2","","03","","N","","","","","","","","","",""
"2021085974","0620","0","0","0","0","0","0","0","0","0","1","0","","02","9","2021","7","40.411583","-79.943222","0615","11","0","0","0","0","0","0","0","0","","0","0","0","","","0","N","0","","40 24:41.700","","0","79 56:35.600","0","0","0","0","2301","0","0","0","N","0","0","0","1","02301","0","","6.0","","1","N","N","Y","0","","0","0","1","","0","","","2","0","0","0","0","0","0","2","1","2","","03","","N","","","","","","","","","",""
"2021100992","0102","0","0","0","0","0","0","0","0","0","6","0","","02","10","2021","7","40.395025","-79.986914","0058","11","0","0","0","0","0","0","0","0","","0","0","0","","","0","N","0","","40 23:42.090","","7","79 59:12.890","9","0","0","0","2301","0","0","0","N","0","0","0","2","02301","0","","4.0","","9","N","N","N","0","","0","0","3","","0","","","3","0","0","0","0","0","1","2","0","3","","04","","N","","","","","","","","","",""
"2021104217","1726","1","0","0","0","0","0","0","0","0","7","0","","02","10","2021","5","40.274962","-79.887956","1721","11","0","0","0","0","0","0","0","0","","0","0","0","","","0","N","0","","40 16:29.862","2","3","79 53:16.643","0","0","0","0","2440","0","0","0","N","0","0","0","1","02440","0","","2.0","1800.0","9","N","N","N","0","","0","0","0","","0","N","","1","0","0","0","0","0","0","2","0","1","","","","N","","","","","","","","","",""
"2021106448","0926","1","0","0","0","0","0","0","0","0","1","0","55","02","10","2021","3","40.521982","-80.131399","0926","11","0","0","0","0","1","1","0","0","","0","0","0","","","0","N","0","","40 31:19.135","1","0","80 07:53.037","0","0","0","0","2434","0","0","0","N","0","0","0","2","68B03","0","","2.0","45.0","1","N","N","N","0","","0","0","0","","1","N","","2","0","0","0","0","0","0","2","0","2","","03","Y","Y","4","1","N","N","Y","N","Y","N","Y","N"
"2021091438","1504","0","0","0","0","0","0","0","0","0","1","0","","02","9","2021","5","40.435405","-79.998449","1441","11","0","0","1","0","0","0","0","0","","0","0","0","","","0","N","0","","40 26:07.458","4","0","79 59:54.418","0","0","0","0","2301","0","0","0","N","0","0","0","6","68B03","0","","1.0","1550.0","1","N","N","N","0","","0","0","2","","0","N","","2","0","0","0","0","0","0","2","0","2","","03","","N","","","","","","","","","",""
"2021102471","2230","2","0","0","0","0","0","0","0","0","1","0","40","02","10","2021","7","40.331739","-80.069991","2229","11","0","0","0","0","0","1","0","0","","0","0","0","","","1","N","0","","40 19:54.261","","3","80 04:11.967","3","0","0","0","2123","0","0","0","N","0","0","0","3","02123","0","","1.0","","1","N","N","N","0","","1","0","0","","0","","","2","1","0","0","0","0","0","2","0","2","","03","N","Y","4","2","N","N","N","Y","N","N","N","N"
"2021101605","0022","1","0","0","0","0","0","0","0","0","1","0","","02","10","2021","6","40.395283","-79.997454","0011","11","0","0","1","0","0","0","0","0","","0","0","0","","","0","N","2","","40 23:43.019","","0","79 59:50.836","0","0","0","0","2301","0","0","0","N","0","0","0","3","02301","0","","4.0","","9","N","N","N","0","","0","0","2","","0","","","3","0","3","0","0","0","0","2","0","3","","07","","N","","","","","","","","","",""
"2021085575","2201","1","0","0","0","0","0","0","0","0","6","0","","02","9","2021","6","40.457404","-79.896284","2156","11","0","0","0","0","0","0","0","0","","0","0","0","","","1","N","1","","40 27:26.654","","0","79 53:46.622","3","0","0","0","2301","0","0","0","N","0","0","0","1","02301","0","","1.0","","1","N","N","N","0","","1","0","1","","1","","","2","1","0","0","0","0","0","2","0","2","","","","N","","","","","","","","","",""
"2021084357","1017","2","0","0","0","0","0","0","0","0","4","0","","02","9","2021","4","40.428894","-79.956703","1003","11","0","0","0","0","0","1","0","0","","0","0","0","","","0","N","0","","40 25:44.019","","7","79 57:24.130","0","0","0","0","2301","0","0","0","N","0","0","0","2","02301","0","","1.0","","1","N","N","N","0","","0","0","0","","2","","","2","0","0","0","0","0","0","2","0","2","","","","N","","","","","","","","","",""
"2021101276","1029","1","0","0","0","0","0","0","0","0","4","0","","02","10","2021","7","40.436455","-79.99479","1017","11","0","0","0","0","0","1","0","0","","0","0","0","","","0","N","0","","40 26:11.238","4","2","79 59:41.244","0","0","0","0","2301","0","0","0","N","0","0","0","3","02301","0","","1.0","1029.0","9","N","N","N","0","","0","0","1","","0","N","","2","0","1","0","0","0","0","2","0","2","","","","N","","","","","","","","","",""
"2021124039","0134","2","0","0","0","0","0","0","0","0","5","0","","02","12","2021","1","40.461011","-80.049557","0129","11","0","0","0","0","0","0","0","0","","0","0","0","","","0","","2","","40 27:39.641","4","0","80 02:58.406","9","0","0","0","2301","0","0","0","N","0","0","0","2","02301","0","","1.0","222.0","9","","","N","0","","0","0","0","","0","N","","2","0","0","0","0","0","1","2","0","2","","07","","N","","","","","","","","","",""
"2021111505","1630","2","0","0","0","0","0","0","0","0","6","0","","02","11","2021","7","40.348641","-79.987014","1629","11","0","0","0","0","0","2","0","0","","0","0","0","","","1","N","0","","40 20:55.109","7","0","79 59:13.251","3","0","0","0","2476","0","0","0","N","0","0","0","3","02476","0","","1.0","1845.0","1","N","N","N","1","","1","0","0","","0","Y","","3","1","0","0","0","0","0","2","0","3","","","","N","","","","","","","","","",""
"2021124051","2322","1","0","0","0","0","0","0","0","0","7","0","","02","12","2021","7","40.443045","-80.00843","2308","11","0","0","0","0","0","0","0","0","","0","0","0","","","0","Y","0","","40 26:34.962","","8","80 00:30.349","0","0","0","0","2301","0","0","0","Y","0","0","0","1","02301","0","","7.0","","9","N","N","N","0","","0","0","0","","0","","","1","0","0","0","0","0","0","2","0","1","","07","","N","","","","","","","","","",""
"2021100560","1746","0","0","0","0","0","0","0","0","0","2","0","","02","10","2021","5","40.391332","-79.986675","1740","11","0","0","0","0","0","1","0","0","","0","0","0","","","0","N","2","","40 23:28.795","7","0","79 59:12.030","0","0","0","0","2301","0","0","0","N","0","0","0","1","02301","0","","2.0","1810.0","1","N","N","N","0","","0","0","1","","2","Y","","1","0","0","0","0","0","0","2","0","1","","04","","N","","","","","","","","","",""
"2021093916","0010","2","0","0","0","0","0","0","0","0","1","0","","02","10","2021","3","40.423253","-79.993763","0005","11","0","0","0","0","0","0","0","0","","0","0","0","","","0","N","1","","40 25:23.710","","0","79 59:37.546","0","0","0","0","2301","0","0","0","N","0","0","0","2","02301","0","","1.0","","1","N","N","N","0","","0","0","0","","0","","","2","0","0","0","0","0","0","2","0","2","","03","","N","","","","","","","","","",""
"2021105215","2153","1","0","0","0","0","0","0","0","0","7","0","","02","11","2021","2","40.361479","-79.832448","2149","11","0","0","0","0","0","0","0","0","","0","0","0","","","0","N","0","","40 21:41.324","","0","79 49:56.812","0","0","0","0","2304","0","0","0","N","0","0","0","1","02304","0","","5.0","","1","N","N","N","0","","0","0","0","","0","","","1","0","1","0","0","0","0","2","0","1","","03","","N","","","","","","","","","",""
"2021102045","1631","3","0","0","0","0","0","0","0","0","1","0","55","02","10","2021","4","40.335972","-80.134733","1608","11","0","0","0","0","2","0","0","0","","0","0","0","","","0","N","0","","40 20:09.499","1","0","80 08:05.039","0","0","0","0","2119","0","0","0","N","0","0","0","7","68B03","0","","1.0","1535.0","1","N","N","N","0","","0","0","3","","0","N","","6","0","0","0","0","0","0","2","0","6","","03","N","Y","5","1","","","N","","","","Y","N"
"2021100972","2117","1","0","0","0","0","0","0","0","0","1","0","","02","10","2021","6","40.426886","-80.022262","2105","11","0","0","0","0","0","0","1","0","","0","0","0","","","0","N","0","","40 25:36.788","2","7","80 01:20.143","0","0","0","0","2301","0","0","0","N","0","0","0","4","02301","0","","1.0","2139.0","9","N","N","N","0","","0","0","1","","2","Y","","2","0","0","0","0","0","0","2","0","2","","07","","N","","","","","","","","","",""
"2021101331","1620","5","0","0","0","0","0","0","0","0","1","0","","02","10","2021","6","40.314922","-79.939506","1613","11","0","1","0","0","0","1","1","0","","0","0","0","","","2","Y","0","","40 18:53.718","2","0","79 56:22.220","3","0","0","0","2440","0","0","0","N","0","0","0","7","02440","0","","1.0","45.0","1","N","N","N","0","","2","0","2","","2","N","","7","2","0","0","0","0","0","2","0","7","","","","N","","","","","","","","","",""
"2021109954","1649","1","0","0","0","0","0","0","0","0","4","0","","02","11","2021","1","40.384864","-79.823018","1646","11","0","0","0","0","0","0","0","0","","0","0","0","","","0","N","0","","40 23:05.509","","7","79 49:22.865","0","0","0","0","2111","0","0","0","N","0","0","0","2","02111","0","","1.0","","1","N","N","N","0","","0","0","0","","0","","","2","0","0","0","0","0","0","2","1","2","","03","","N","","","","","","","","","",""
"2021107855","1408","2","0","0","0","0","0","0","0","0","4","0","","02","11","2021","5","40.3645","-79.983457","1407","11","0","0","0","0","0","1","0","0","","0","0","0","","","0","N","0","","40 21:52.201","","7","79 59:00.446","9","0","0","0","2413","0","0","0","N","0","0","0","2","02413","0","","1.0","","1","N","N","N","0","","0","0","0","","0","","","2","0","0","0","0","0","1","2","0","2","","03","","N","","","","","","","","","",""
"2021100100","1735","1","0","0","0","0","0","0","0","0","7","0","","02","10","2021","4","40.45797","-80.029943","1730","11","0","0","0","0","0","0","0","0","","0","0","0","","","0","","3","","40 27:28.691","","2","80 01:47.795","0","0","0","0","2301","0","0","0","N","0","0","0","1","02301","0","","2.0","","1","N","N","N","0","","0","0","0","","0","","","2","0","0","0","0","0","0","2","0","1","","04","","N","","","","","","","","","",""
"2021105097","2346","0","0","0","0","0","0","0","0","0","98","0","","02","10","2021","3","40.650657","-79.723564","2338","11","0","0","0","0","0","0","0","0","","0","0","0","","","0","N","0","","40 39:02.364","","0","79 43:24.830","0","0","0","0","2106","0","0","0","N","0","0","0","1","68D02","0","","1.0","","1","N","N","N","1","","0","0","0","","0","","","1","0","0","0","0","0","0","2","0","1","","","","N","","","","","","","","","",""
"2021086877","1913","0","0","0","0","0","0","0","0","0","1","0","","02","9","2021","7","40.507395","-79.951336","1913","11","0","0","0","0","0","0","0","0","","0","0","0","","","1","","2","","40 30:26.621","","0","79 57:04.809","8","0","0","0","2430","0","0","0","N","0","0","0","2","02430","0","","1.0","","1","N","N","N","0","","0","0","2","","0","","","2","1","0","0","0","1","0","2","0","2","","","","N","","","","","","","","","",""
"2021101011","2243","1","0","0","0","0","0","0","0","0","7","0","","02","10","2021","6","40.436582","-79.994773","2239","11","0","0","0","0","0","0","0","0","","0","0","0","","","0","N","0","","40 26:11.696","4","2","79 59:41.181","0","0","0","0","2301","0","0","0","N","0","0","0","2","02301","0","","4.0","2320.0","9","N","N","N","0","","0","0","0","","0","N","","1","0","2","0","0","0","0","2","0","1","","04","","N","","","","","","","","","",""
"2021088089","1818","2","0","0","0","0","0","0","0","0","4","0","","02","9","2021","3","40.340858","-80.171595","1814","11","0","1","0","0","0","0","0","1","","0","0","0","","","1","N","1","","40 20:27.087","","0","80 10:17.742","3","0","0","0","2119","0","0","0","N","0","0","0","2","02119","0","","1.0","","1","N","N","N","0","","1","0","0","","2","","","2","1","0","0","0","0","0","2","0","2","","","","N","","","","","","","","","",""
"2021110294","1932","1","0","0","0","0","0","0","0","0","4","0","","02","10","2021","4","40.395716","-79.839119","1928","11","0","0","0","1","0","0","0","1","","0","0","0","","","4","N","1","","40 23:44.578","","0","79 50:20.828","3","0","0","0","2425","0","0","0","N","0","0","0","4","68B03","3","","1.0","","1","N","N","N","0","","1","0","1","","3","","","2","4","0","0","0","0","0","2","0","2","","","","N","","","","","","","","","",""
"2021084977","1723","1","0","0","0","0","0","0","0","0","1","0","","02","9","2021","5","40.412778","-79.981333","1716","11","0","0","0","0","0","0","0","0","","0","0","0","","","1","N","0","","40 24:46.000","","7","79 58:52.800","8","0","0","0","2301","0","0","0","N","0","0","0","2","02301","0","","1.0","","1","N","N","N","0","","0","0","0","","0","","","2","1","0","0","0","1","0","2","0","2","","03","","N","","","","","","","","","",""
"2021099009","1055","0","0","0","0","0","0","0","0","0","7","0","","02","10","2021","2","40.461593","-79.987491","1050","11","0","0","0","0","0","0","0","0","","0","0","0","","","0","","2","","40 27:41.734","","0","79 59:14.968","0","0","0","0","2301","0","0","0","N","0","0","0","1","02301","0","","5.0","","1","N","N","N","0","","0","0","0","","0","","","1","0","0","0","0","0","0","2","1","1","","","","N","","","","","","","","","",""
"2021106991","0727","0","0","0","0","0","0","0","0","0","1","0","","02","11","2021","6","40.329709","-80.071157","0726","11","0","0","1","0","0","1","0","0","","0","0","0","","","0","N","0","","40 19:46.954","1","0","80 04:16.166","0","0","0","0","2123","0","0","0","N","0","0","0","4","02123","0","","1.0","750.0","1","N","N","N","0","","0","0","3","","0","N","","3","0","0","0","0","0","0","2","0","3","","03","","N","","","","","","","","","",""
"2021086958","1813","0","0","0","0","0","0","0","0","0","4","0","","02","9","2021","4","40.362859","-79.910813","1739","11","0","0","0","0","0","1","0","0","","0","0","0","","","1","N","11","","40 21:46.294","","7","79 54:38.926","4","0","0","0","2301","0","0","0","N","0","0","0","5","02301","1","","1.0","","9","N","N","N","0","","0","0","2","","0","","","2","1","0","0","0","0","0","2","0","2","","","","N","","","","","","","","","",""
"2021090780","0829","0","0","0","0","0","0","0","0","0","4","0","","02","9","2021","3","40.433243","-79.888534","0824","11","0","0","0","0","0","1","0","0","","0","0","0","","","0","","3","","40 25:59.674","6","0","79 53:18.722","0","0","0","0","2426","0","0","0","N","0","0","0","2","02426","0","","1.0","847.0","1","N","N","N","0","","0","0","2","","3","N","","2","0","0","0","0","0","0","2","0","2","","03","","N","","","","","","","","","",""
"2021094391","0905","1","0","0","0","0","0","0","0","0","2","0","","02","10","2021","4","40.455588","-79.96623","0855","11","0","0","0","0","0","0","0","0","","0","0","0","","","1","","5","","40 27:20.118","","0","79 57:58.429","3","0","0","0","2301","0","0","0","N","0","0","0","2","02301","0","","1.0","","1","N","N","N","0","","1","0","1","","2","","","2","1","0","0","0","0","0","2","0","2","","03","","N","","","","","","","","","",""
"2021123793","0026","2","0","0","0","0","0","0","0","0","4","0","","02","12","2021","7","40.449706","-80.025099","0022","11","0","0","0","0","0","1","0","0","","0","0","0","","","0","","1","","40 26:58.940","","8","80 01:30.356","0","0","0","0","2301","0","0","0","N","0","0","0","2","02301","0","","1.0","","9","N","N","N","0","","0","0","0","","2","","","2","0","0","0","0","0","0","2","0","2","","","","N","","","","","","","","","",""
"2021118982","1453","2","0","0","0","0","0","0","0","0","1","0","","02","10","2021","7","40.532871","-79.847967","1453","11","0","0","0","0","0","0","1","0","","0","0","0","","","0","N","0","","40 31:58.334","2","3","79 50:52.682","0","0","0","0","2208","0","0","0","N","0","0","0","3","68D02","0","","1.0","1520.0","1","N","N","N","0","","0","0","0","","0","N","","2","0","0","0","0","0","0","2","0","2","","03","","N","","","","","","","","","",""
"2021097779","0656","0","0","0","0","0","0","0","0","0","0","0","","02","10","2021","4","40.522089","-80.217454","0654","11","0","0","0","0","0","0","0","0","","0","0","0","","","0","","2","","40 31:19.522","","0","80 13:02.834","0","0","0","0","2213","0","0","0","N","0","0","0","1","02213","0","","5.0","","1","N","N","N","0","","0","0","1","","0","","","1","0","0","0","0","0","0","2","0","1","","","","N","","","","","","","","","",""
"2021102806","1130","0","0","0","0","0","0","0","0","0","1","0","","02","10","2021","6","40.437853","-79.739847","1122","11","0","0","0","0","0","0","0","0","","0","0","0","","","1","N","1","","40 26:16.272","","0","79 44:23.450","8","0","0","0","2446","0","0","0","N","0","0","0","2","02446","0","","1.0","","9","N","N","N","0","","0","0","2","","2","","","2","1","1","0","0","1","0","2","0","2","","","","N","","","","","","","","","",""
"2021093602","0848","0","0","0","0","0","0","0","0","0","4","0","","02","10","2021","2","40.355077","-80.116161","0844","11","0","0","0","0","0","2","0","0","","0","0","0","","","1","","2","","40 21:18.276","3","2","80 06:58.178","3","0","0","0","2119","0","0","0","N","0","0","0","4","02119","0","","1.0","922.0","1","Y","N","N","1","","1","0","0","","2","N","","2","1","0","0","0","0","0","2","1","2","","03","","N","","","","","","","","","",""
"2021097808","2036","2","0","0","0","0","0","0","0","0","4","0","","02","10","2021","4","40.396418","-79.768228","2022","11","0","0","0","0","0","0","1","0","","0","0","0","","","0","N","0","","40 23:47.106","4","7","79 46:05.620","0","0","0","0","2446","0","0","0","N","0","0","0","2","02446","0","","1.0","2050.0","1","N","N","N","0","","0","0","0","","0","Y","","2","0","0","0","0","0","0","2","0","2","","03","","N","","","","","","","","","",""
"2021087105","2327","2","0","0","0","0","0","0","0","0","6","0","","02","9","2021","4","40.324164","-79.926946","2324","11","0","0","0","0","0","0","0","0","","0","0","0","","","0","N","0","","40 19:26.992","1","0","79 55:37.005","0","0","0","0","2440","0","0","0","N","0","0","0","2","02440","0","","1.0","108.0","1","N","N","Y","0","","0","0","0","","0","N","","2","0","1","0","0","0","0","2","0","2","","","","N","","","","","","","","","",""
"2021085998","0408","1","0","0","0","0","0","0","0","0","7","0","","02","9","2021","1","40.458044","-80.111867","0402","11","0","0","0","0","0","0","0","0","","0","0","0","","","0","N","0","","40 27:28.957","2","0","80 06:42.722","0","0","0","0","2126","0","0","0","Y","0","0","0","1","02126","0","","2.0","522.0","1","N","N","N","0","","0","0","0","","0","N","","1","0","1","0","0","0","0","2","0","1","","03","","N","","","","","","","","","",""
"2021100161","1924","0","0","0","0","0","0","0","0","0","1","0","","02","10","2021","4","40.388366","-79.829688","1922","11","1","0","0","0","0","0","0","0","","0","0","0","","","1","N","0","","40 23:18.117","4","0","79 49:46.876","8","0","0","0","2111","0","0","0","N","0","0","0","4","02111","0","","1.0","1959.0","1","N","N","N","0","","0","0","2","","2","N","","2","1","0","0","0","1","0","2","0","2","","04","","N","","","","","","","","","",""
"2021124190","1556","1","0","0","0","0","0","0","0","0","1","0","","02","12","2021","1","40.471465","-79.973932","1532","11","0","0","0","0","0","1","0","0","","0","0","0","","","1","N","0","","40 28:17.273","","0","79 58:26.155","3","0","0","0","2301","0","0","0","N","0","0","0","4","02301","0","","1.0","","1","N","N","N","1","","1","0","0","","0","","","2","1","0","0","0","0","0","2","0","2","","03","","N","","","","","","","","","",""
"2021092003","1455","1","0","0","0","0","0","0","0","0","4","0","","02","9","2021","4","40.376964","-80.036598","1450","11","0","0","0","0","0","0","0","1","","0","0","0","","","1","","1","","40 22:37.069","","0","80 02:11.752","3","0","0","0","2109","0","0","0","N","0","0","0","3","02109","0","","1.0","","9","N","N","N","0","","1","0","1","","3","","","2","1","0","0","0","0","0","2","0","2","","07","","N","","","","","","","","","",""
"2021118995","1420","0","0","0","0","0","0","0","0","0","1","0","","02","11","2021","7","40.445339","-80.174837","1415","11","0","2","0","0","0","0","0","0","","0","0","0","","","0","N","0","","40 26:43.220","3","0","80 10:29.413","0","0","0","0","2214","0","0","0","N","0","0","0","2","68B03","0","","1.0","1420.0","1","N","N","N","0","","0","0","2","","0","N","","2","0","0","0","0","0","0","2","0","2","","","","N","","","","","","","","","",""
"2021088240","1721","1","0","0","0","0","0","0","0","0","4","0","","02","9","2021","2","40.405798","-79.830779","1715","11","0","0","0","0","0","1","0","0","","0","0","0","","","1","","1","","40 24:20.873","","0","79 49:50.803","3","0","0","0","2467","0","0","0","N","0","0","0","2","02467","0","","1.0","","1","N","N","N","1","","1","0","0","","2","","","2","1","0","0","0","0","0","2","0","2","","","","N","","","","","","","","","",""
"2021098461","1030","1","0","0","0","0","0","0","0","0","4","0","","02","10","2021","7","40.388556","-79.830639","1026","11","0","0","0","0","0","0","0","0","","0","0","0","","","1","N","0","","40 23:18.800","","0","79 49:50.300","3","0","0","0","2111","0","0","0","N","0","0","0","2","02111","0","","1.0","","9","N","N","N","0","","1","0","1","","4","","","2","1","1","0","0","0","0","2","0","2","","","","N","","","","","","","","","",""
"2021094321","2352","3","0","0","0","0","0","0","0","0","1","0","","02","10","2021","3","40.439676","-79.897635","2347","11","0","0","0","0","0","0","0","0","","0","0","0","","","0","","1","","40 26:22.833","2","0","79 53:51.486","0","0","0","0","2301","0","0","0","N","0","0","0","3","02301","0","","1.0","50.0","1","N","N","N","0","","0","0","0","","2","N","","3","0","0","0","0","0","0","2","0","3","","03","","N","","","","","","","","","",""
"2021108863","1137","1","0","0","0","0","0","0","0","0","1","0","","02","11","2021","5","40.487502","-80.055968","1132","11","0","0","1","0","0","0","1","0","","0","0","0","","","0","N","0","","40 29:15.007","5","0","80 03:21.483","0","0","0","0","2404","0","0","0","N","0","0","0","2","02404","0","","1.0","1200.0","1","N","N","N","0","","0","0","1","","0","N","","2","0","0","0","0","0","0","2","0","2","","","","N","","","","","","","","","",""
"2021086131","1816","1","0","0","0","0","0","0","0","0","2","0","","02","9","2021","1","40.421143","-79.883677","1814","11","0","0","0","0","0","0","0","0","","0","0","0","","","0","","2","","40 25:16.115","","0","79 53:01.238","9","0","0","0","2463","0","0","0","N","0","0","0","1","02463","0","","6.0","","1","N","N","N","0","","0","0","0","","3","","","2","0","0","0","0","0","1","2","1","2","","98","","N","","","","","","","","","",""
"2021097222","1155","1","0","0","0","0","0","0","0","0","2","0","","02","10","2021","4","40.456833","-80.007083","1149","11","0","0","0","0","0","2","0","0","","0","0","0","","","2","N","2","","40 27:24.600","","0","80 00:25.500","8","0","0","0","2301","0","0","0","N","0","0","0","2","02301","0","","1.0","","1","N","N","N","0","","0","0","1","","0","","","2","2","0","0","0","2","0","2","0","2","","03","","N","","","","","","","","","",""
"2021094217","1619","0","0","0","0","0","0","0","0","0","4","0","","02","10","2021","3","40.414806","-79.800389","1615","11","0","0","0","0","0","0","0","0","","0","0","0","","","0","N","2","","40 24:53.300","","0","79 48:01.400","0","0","0","0","2446","0","0","0","N","0","0","0","2","02446","0","","1.0","","1","N","N","N","0","","0","0","2","","3","","","2","0","0","0","0","0","0","2","0","2","","03","","N","","","","","","","","","",""
"2021084678","0447","1","0","0","0","0","0","0","0","0","7","0","","02","9","2021","4","40.463006","-80.304042","0441","11","0","0","0","0","0","0","0","0","","0","0","0","","","0","N","0","","40 27:46.821","","0","80 18:14.552","0","0","0","0","2203","0","0","0","N","0","0","0","1","02203","0","","5.0","","1","N","N","N","0","","0","0","0","","0","","","1","0","0","0","0","0","0","1","0","1","","03","","N","","","","","","","","","",""
"2021099357","1742","2","0","0","0","0","0","0","0","0","4","0","","02","10","2021","2","40.443958","-80.002771","1739","11","0","0","0","0","0","1","1","0","","0","0","0","","","0","","1","","40 26:38.249","","0","80 00:09.977","0","0","0","0","2301","0","0","0","N","0","0","0","2","02301","0","","1.0","","1","N","N","N","0","","0","0","0","","2","","","2","0","0","0","0","0","0","2","0","2","","","","N","","","","","","","","","",""
"2021098166","0033","2","0","0","0","0","0","0","0","0","2","0","","02","10","2021","5","40.427694","-79.987491","0028","11","0","0","0","0","1","0","0","0","","0","0","0","","","0","N","1","","40 25:39.700","4","0","79 59:14.966","0","0","0","0","2301","0","0","0","N","0","0","0","2","02301","0","","1.0","112.0","1","N","N","N","0","","0","0","0","","0","N","","2","0","0","0","0","0","0","2","0","2","","04","","N","","","","","","","","","",""