"CRN","ARRIVAL_TM","AUTOMOBILE_COUNT","BELTED_DEATH_COUNT","BELTED_SUSP_SERIOUS_INJ_COUNT","BICYCLE_COUNT","BICYCLE_DEATH_COUNT","BICYCLE_SUSP_SERIOUS_INJ_COUNT","BUS_COUNT","CHLDPAS_DEATH_COUNT","CHLDPAS_SUSP_SERIOUS_INJ_COUNT","COLLISION_TYPE","COMM_VEH_COUNT","CONS_ZONE_SPD_LIM","COUNTY","CRASH_MONTH","CRASH_YEAR","DAY_OF_WEEK","DEC_LATITUDE","DEC_LONGITUDE","DISPATCH_TM","DISTRICT","DRIVER_COUNT_16YR","DRIVER_COUNT_17YR","DRIVER_COUNT_18YR","DRIVER_COUNT_19YR","DRIVER_COUNT_20YR","DRIVER_COUNT_50_64YR","DRIVER_COUNT_65_74YR","DRIVER_COUNT_75PLUS","EST_HRS_CLOSED","FATAL_COUNT","HEAVY_TRUCK_COUNT","HORSE_BUGGY_COUNT","HOUR_OF_DAY","ILLUMINATION","INJURY_COUNT","INTERSECTION_RELATED","INTERSECT_TYPE","LANE_CLOSED","LATITUDE","LN_CLOSE_DIR","LOCATION_TYPE","LONGITUDE","MAX_SEVERITY_LEVEL","MCYCLE_DEATH_COUNT","MCYCLE_SUSP_SERIOUS_INJ_COUNT","MOTORCYCLE_COUNT","MUNICIPALITY","NONMOTR_COUNT","NONMOTR_DEATH_COUNT","NONMOTR_SUSP_SERIOUS_INJ_COUNT","NTFY_HIWY_MAINT","PED_COUNT","PED_DEATH_COUNT","PED_SUSP_SERIOUS_INJ_COUNT","PERSON_COUNT","POLICE_AGCY","POSSIBLE_INJ_COUNT","RDWY_SURF_TYPE_CD","RELATION_TO_ROAD","ROADWAY_CLEARED","ROAD_CONDITION","SCH_BUS_IND","SCH_ZONE_IND","SECONDARY_CRASH","SMALL_TRUCK_COUNT","SPEC_JURIS_CD","SUSP_MINOR_INJ_COUNT","SUSP_SERIOUS_INJ_COUNT","SUV_COUNT","TCD_FUNC_CD","TCD_TYPE","TFC_DETOUR_IND","TIME_OF_DAY","TOTAL_UNITS","TOT_INJ_COUNT","UNBELTED_OCC_COUNT","UNB_DEATH_COUNT","UNB_SUSP_SERIOUS_INJ_COUNT","UNK_INJ_DEG_COUNT","UNK_INJ_PER_COUNT","URBAN_RURAL","VAN_COUNT","VEHICLE_COUNT","WEATHER1","WEATHER2","WORKERS_PRES","WORK_ZONE_IND","WORK_ZONE_LOC","WORK_ZONE_TYPE","WZ_CLOSE_DETOUR","WZ_FLAGGER","WZ_LAW_OFFCR_IND","WZ_LN_CLOSURE","WZ_MOVING","WZ_OTHER","WZ_SHLDER_MDN","WZ_WORKERS_INJ_KILLED"
"2021069716","1859","1","0","0","0","0","0","0","0","0","7","0","","02","7","2021","3","40.424975","-80.031023","1859","11","0","0","0","0","0","1","0","0","","0","0","0","","","0","N","0","","40 25:29.911","2","1","80 01:51.683","0","0","0","0","2301","0","0","0","N","0","0","0","1","02301","0","","2.0","1950.0","1","N","N","N","0","","0","0","0","0","0","N","","1","0","0","0","0","0","0","2","0","1","","03","","N","","","","","","","","","",""
"2021107591","2342","0","0","0","0","0","0","0","0","0","7","1","","02","11","2021","4","40.551743","-79.83077","2327","11","0","0","0","0","0","0","0","0","","0","1","0","","","1","N","0","","40 33:06.276","3","0","79 49:50.771","3","0","0","0","2208","0","0","0","N","0","0","0","1","68T02","0","","4.0","600.0","1","N","N","N","0","","1","0","0","0","0","Y","","1","1","0","0","0","0","0","2","0","1","","03","","N","","","","","","","","","",""
"2021105654","0242","1","0","0","0","0","0","0","0","0","7","0","","02","10","2021","2","40.376498","-79.938714","0236","11","0","0","0","0","0","0","0","0","","0","0","0","","","0","N","0","","40 22:35.393","5","0","79 56:19.369","0","0","0","0","2403","0","0","0","N","0","0","0","1","02403","0","","4.0","315.0","1","N","N","N","0","","0","0","0","0","0","N","","1","0","0","0","0","0","0","2","0","1","","","","N","","","","","","","","","",""
"2021105720","1415","0","0","0","0","0","0","0","0","0","4","0","","02","10","2021","4","40.368329","-79.816621","1412","11","0","0","0","0","0","0","1","0","","0","0","0","","","1","N","2","","40 22:05.985","5","0","79 48:59.836","8","0","0","0","2111","0","0","0","N","0","0","0","2","02111","0","","1.0","1442.0","1","N","N","N","0","","0","0","2","3","3","N","","2","1","0","0","0","1","0","2","0","2","","04","","N","","","","","","","","","",""
"2021070708","0623","0","0","0","0","0","0","0","0","0","0","0","","02","7","2021","6","40.351778","-79.844361","0619","11","0","0","0","0","0","0","0","0","","0","0","0","","","0","N","0","","40 21:06.400","","0","79 50:39.700","0","0","0","0","2304","0","0","0","N","0","0","0","1","02304","0","","5.0","","1","N","N","Y","0","","0","0","1","0","0","","","2","0","0","0","0","0","0","2","1","2","","03","","N","","","","","","","","","",""
"2021106964","1528","2","0","0","0","0","0","0","0","0","4","0","","02","11","2021","6","40.458574","-80.013988","1527","11","0","0","0","0","0","0","0","0","","0","0","0","","","1","N","1","","40 27:30.865","7","0","80 00:50.356","4","0","0","0","2301","0","0","0","N","0","0","0","2","02301","1","","1.0","1554.0","1","N","N","N","0","","0","0","0","0","0","Y","","2","1","0","0","0","0","0","2","0","2","","03","","N","","","","","","","","","",""
"2021073358","1503","1","0","0","0","0","0","0","0","0","1","0","","02","8","2021","6","40.478099","-80.04529","1456","11","0","0","0","0","0","0","0","0","","0","0","0","","","0","N","0","","40 28:41.156","","3","80 02:43.044","0","0","0","0","2301","0","0","0","N","0","0","0","2","02301","0","","1.0","","1","N","N","N","1","","0","0","0","0","0","","","2","0","0","0","0","0","0","2","0","2","","03","","N","","","","","","","","","",""
"2021109895","1537","2","0","0","0","0","0","0","0","0","4","0","","02","11","2021","6","40.633531","-80.055499","1531","11","0","0","0","0","0","1","1","0","","0","0","0","","","0","N","1","","40 38:00.711","","0","80 03:19.796","0","0","0","0","2216","0","0","0","N","0","0","0","2","02505","0","","1.0","","1","N","N","N","0","","0","0","0","3","3","","","2","0","0","0","0","0","0","2","0","2","","","","N","","","","","","","","","",""
"2021110602","1644","2","0","0","0","0","0","0","0","0","5","0","","02","11","2021","1","40.542033","-80.013164","1639","11","0","1","0","0","0","1","0","0","","0","0","0","","","0","","1","","40 32:31.320","2","0","80 00:47.389","0","0","0","0","2116","0","0","0","N","0","0","0","3","02116","0","","1.0","1713.0","9","N","N","N","1","","0","0","0","3","2","N","","3","0","0","0","0","0","0","2","0","3","","","","N","","","","","","","","","",""
"2021079627","2308","1","0","0","0","0","0","0","0","0","6","0","","02","8","2021","2","40.409056","-79.916222","2304","11","0","0","0","0","1","0","0","0","","0","0","0","","","0","N","0","","40 24:32.600","5","3","79 54:58.400","0","0","0","0","2438","0","0","0","N","0","0","0","3","02438","0","","1.0","2350.0","1","N","N","N","0","","0","0","1","3","2","N","","2","0","1","0","0","0","0","2","0","2","","03","","N","","","","","","","","","",""
"2021111855","2005","1","0","0","0","0","0","0","0","0","7","0","","02","10","2021","1","40.604272","-79.86896","1959","11","0","0","0","0","0","0","0","0","","0","0","0","","","2","N","0","","40 36:15.379","5","0","79 52:08.256","2","0","0","0","2220","0","0","0","N","0","0","0","2","02220","1","","2.0","2100.0","9","N","N","N","0","","0","1","0","0","0","Y","","1","2","2","0","1","0","0","2","0","1","","","","N","","","","","","","","","",""
"2021072690","1234","0","0","0","0","0","0","0","0","0","4","0","","02","8","2021","2","40.334154","-80.002649","1226","11","0","0","1","0","0","0","1","0","","0","0","0","","","0","","1","","40 20:02.953","","0","80 00:09.537","0","0","0","0","2407","0","0","0","N","0","0","0","2","02407","0","","1.0","","1","N","N","N","0","","0","0","2","3","3","","","2","0","0","0","0","0","0","2","0","2","","","","N","","","","","","","","","",""
"2021112268","0216","1","0","0","0","0","0","0","0","0","7","0","","02","11","2021","5","40.52724","-79.950348","0212","11","0","0","0","0","0","0","0","0","","0","0","0","","","0","","2","","40 31:38.063","","0","79 57:01.251","0","0","0","0","2118","0","0","0","N","0","0","0","2","02118","0","","2.0","","1","N","N","N","0","","0","0","0","3","2","N","","1","0","0","0","0","0","0","2","0","1","","","","N","","","","","","","","","",""
"2021077793","0604","1","0","0","0","0","0","0","0","0","7","0","","02","8","2021","1","40.421833","-79.988861","0602","11","0","0","0","0","0","0","0","0","","0","0","0","","","1","N","0","","40 25:18.600","","0","79 59:19.900","3","0","0","1","2301","0","0","0","N","0","0","0","1","02301","0","","4.0","","1","N","N","N","0","","1","0","0","0","0","","","2","1","0","0","0","0","0","2","0","2","","","","N","","","","","","","","","",""
"2021110337","0242","0","0","0","0","0","0","0","0","0","7","0","","02","11","2021","3","40.373001","-80.106221","0242","11","0","0","0","0","0","0","1","0","","0","0","0","","","0","N","0","","40 22:22.803","","0","80 06:22.397","0","0","0","0","2102","0","0","0","Y","0","0","0","1","68B03","0","","4.0","","1","N","N","N","1","","0","0","0","0","0","","","1","0","0","0","0","0","0","2","0","1","","","","N","","","","","","","","","",""
"2021108517","2015","1","0","0","0","0","0","0","0","0","4","0","","02","11","2021","2","40.633352","-80.059546","2011","11","0","1","0","0","0","0","0","1","","0","0","0","","","0","N","1","","40 38:00.067","5","0","80 03:34.364","0","0","0","0","2216","0","0","0","N","0","0","0","3","02505","0","","1.0","2102.0","1","N","N","N","1","","0","0","0","3","2","N","","2","0","0","0","0","0","0","2","0","2","","","","N","","","","","","","","","",""
"2021071849","1309","1","0","0","0","0","0","0","0","0","1","0","","02","8","2021","1","40.345134","-80.027362","1307","11","0","0","0","0","0","0","0","0","","0","0","0","","","0","","1","","40 20:42.483","","0","80 01:38.503","0","0","0","0","2407","0","0","0","N","0","0","0","2","02407","0","","1.0","","1","N","N","N","0","","0","0","0","3","2","","","2","0","0","0","0","0","0","2","1","2","","","","N","","","","","","","","","",""
"2021109057","1615","2","0","0","0","0","0","0","0","0","1","0","","02","11","2021","4","40.410965","-80.006047","1604","11","0","0","0","0","0","1","0","0","","0","0","0","","","0","","1","","40 24:39.473","2","0","80 00:21.770","0","0","0","0","2301","0","0","0","N","0","0","0","2","02301","0","","1.0","1640.0","1","N","N","N","0","","0","0","0","0","0","N","","2","0","0","0","0","0","0","2","0","2","","03","","N","","","","","","","","","",""
"2021116578","1626","2","0","0","0","0","0","0","0","0","4","0","","02","11","2021","3","40.446741","-79.893955","1612","11","0","1","0","0","0","0","1","0","","0","0","0","","","1","","2","","40 26:48.266","","0","79 53:38.239","4","0","0","0","2301","0","0","0","N","0","0","0","2","02301","1","","1.0","","1","N","N","N","0","","0","0","0","0","0","","","2","1","0","0","0","0","0","2","0","2","","03","","N","","","","","","","","","",""
"2021109747","0803","0","0","0","0","0","0","0","0","0","4","0","","02","11","2021","6","40.51112","-79.742722","0759","11","0","0","0","0","0","2","0","0","","0","0","0","","","1","","2","","40 30:40.031","3","0","79 44:33.799","4","0","0","0","2466","0","0","0","N","0","0","0","2","02466","1","","1.0","837.0","1","N","N","N","2","","0","0","0","2","3","N","","2","1","0","0","0","0","0","2","0","2","","","","N","","","","","","","","","",""
"2021072110","1626","2","0","0","0","0","0","0","0","0","2","0","","02","8","2021","3","40.452917","-79.920736","1619","11","0","0","0","0","0","0","0","0","","0","0","0","","","5","","1","","40 27:10.501","4","0","79 55:14.649","3","0","0","0","2301","0","0","0","N","0","0","0","5","02301","1","","1.0","1710.0","1","N","N","N","0","","4","0","0","3","2","Y","","2","5","0","0","0","0","0","2","0","2","","03","","N","","","","","","","","","",""
"2021071235","2315","3","0","0","0","0","0","0","0","0","2","0","","02","7","2021","7","40.429041","-79.99836","2312","11","0","0","0","1","0","0","0","0","","0","0","0","","","0","N","1","","40 25:44.548","4","0","79 59:54.095","0","0","0","0","2301","0","0","0","N","0","0","0","4","02301","0","","1.0","2350.0","1","N","N","Y","0","","0","0","0","3","2","N","","3","0","0","0","0","0","0","2","0","3","","","","N","","","","","","","","","",""
"2021072267","0630","0","0","0","0","0","0","0","0","0","99","0","","02","8","2021","3","40.456793","-79.998781","0625","11","0","0","0","0","0","0","0","0","","0","0","0","","","0","N","1","","40 27:24.454","3","0","79 59:55.613","0","0","0","0","2301","0","0","0","N","0","0","0","1","02301","0","","9.0","700.0","1","N","N","N","1","","0","0","0","0","0","N","","1","0","0","0","0","0","0","2","0","1","","03","","N","","","","","","","","","",""
"2021110069","1920","1","0","0","0","0","0","0","0","0","6","0","","02","11","2021","5","40.529332","-79.994293","1916","11","0","0","0","0","0","0","1","0","","0","0","0","","","1","","1","","40 31:45.595","2","0","79 59:39.455","8","0","0","0","2116","0","0","0","N","0","0","0","2","02116","0","","1.0","1945.0","1","N","N","N","0","","0","0","1","3","3","N","","2","1","0","0","0","1","0","2","0","2","","03","","N","","","","","","","","","",""
"2021073549","1721","0","0","0","0","0","0","0","0","0","2","0","","02","8","2021","7","40.454083","-80.014056","1716","11","0","0","0","0","0","0","0","0","","0","1","0","","","1","N","0","","40 27:14.700","","0","80 00:50.600","3","0","0","0","2301","0","0","0","N","0","0","0","4","02301","0","","6.0","","1","N","N","N","0","","1","0","0","0","0","","","2","1","0","0","0","0","0","2","1","2","","03","","N","","","","","","","","","",""
"2021079777","0636","2","0","0","0","0","0","0","0","0","1","0","","02","8","2021","3","40.429208","-79.940836","0621","11","0","0","0","0","0","0","0","0","","0","0","0","","","1","N","0","","40 25:45.150","4","0","79 56:27.009","3","0","0","0","2301","0","0","0","N","0","0","0","2","68B03","0","","1.0","700.0","9","N","N","N","0","","1","0","0","0","0","N","","2","1","0","0","0","0","0","2","0","2","","","","N","","","","","","","","","",""
"2021110691","1549","1","0","0","0","0","0","0","0","0","7","0","","02","11","2021","2","40.426147","-79.789156","1546","11","0","0","0","0","0","0","0","0","","0","0","0","","","1","Y","0","","40 25:34.129","7","0","79 47:20.961","4","0","0","0","2446","0","0","0","N","0","0","0","1","02446","1","","5.0","1730.0","1","N","N","N","0","","0","0","0","0","0","Y","","1","1","0","0","0","0","0","2","0","1","","","","N","","","","","","","","","",""
"2021112031","1715","1","0","0","0","0","0","0","0","0","2","1","","02","11","2021","4","40.462074","-79.859547","1702","11","0","0","0","0","0","0","0","0","","0","1","0","","","0","","2","","40 27:43.468","","0","79 51:34.370","0","0","0","0","2113","0","0","0","N","0","0","0","2","02113","0","","1.0","","1","N","N","N","0","","0","0","0","0","0","","","2","0","1","0","0","0","0","2","0","2","","03","","N","","","","","","","","","",""
"2021074899","1755","2","0","0","0","0","0","0","0","0","1","0","","02","8","2021","4","40.441099","-79.993894","1735","11","0","0","0","0","0","2","0","0","","0","0","0","","","1","N","0","","40 26:27.957","4","0","79 59:38.017","3","0","0","0","2301","0","0","0","N","0","0","0","4","02301","0","","1.0","1855.0","1","N","N","Y","0","","1","0","1","0","0","N","","3","1","1","0","0","0","0","2","0","3","","","","N","","","","","","","","","",""
"2021107336","1452","1","0","0","0","0","0","0","0","0","4","0","","02","6","2021","2","40.215819","-79.817313","1446","11","0","0","0","0","0","1","0","0","","0","0","0","","","1","N","2","","40 12:56.948","7","0","79 49:02.326","3","0","0","0","2105","0","0","0","N","0","0","0","2","02105","0","","1.0","1559.0","1","N","N","N","0","","1","0","0","3","3","Y","","2","1","0","0","0","0","0","1","0","2","","03","","N","","","","","","","","","",""
"2021071003","0500","2","0","0","0","0","0","0","0","0","5","0","","02","7","2021","7","40.455222","-79.895583","0453","11","0","0","0","0","0","0","0","0","","0","0","0","","","0","N","0","","40 27:18.800","","7","79 53:44.100","0","0","0","0","2301","0","0","0","N","0","0","0","2","02301","0","","6.0","","1","N","N","N","0","","0","0","2","0","0","","","4","0","0","0","0","0","0","2","0","4","","03","","N","","","","","","","","","",""
"2021110188","1010","1","0","0","0","0","0","0","0","0","7","0","","02","11","2021","7","40.439756","-79.826247","1007","11","0","0","0","0","0","0","0","0","","0","0","0","","","0","","2","","40 26:23.121","","0","79 49:34.489","0","0","0","0","2419","0","0","0","N","0","0","0","1","02419","0","","5.0","","1","N","N","N","0","","0","0","0","3","3","","","2","0","0","0","0","0","0","2","0","1","","","","N","","","","","","","","","",""
"2021072039","2304","0","0","0","0","0","0","0","0","0","1","0","","02","8","2021","2","40.333833","-79.815111","2302","11","0","0","1","0","0","0","0","0","","0","0","0","","","2","N","0","","40 20:01.800","6","0","79 48:54.400","8","0","0","0","2477","0","0","0","N","0","0","0","2","02477","0","","1.0","6.0","1","N","N","N","3","","0","0","0","0","0","Y","","3","2","2","0","0","2","0","2","0","3","","","","N","","","","","","","","","",""
"2021110723","1922","0","0","0","0","0","0","0","0","0","7","0","","02","11","2021","1","40.619299","-79.968295","1912","11","1","0","0","0","0","0","0","0","","0","0","0","","","0","N","0","","40 37:09.475","3","0","79 58:05.863","0","0","0","0","2217","0","0","0","N","0","0","0","1","02505","0","","2.0","1935.0","2","N","N","N","0","","0","0","1","0","0","N","","1","0","0","0","0","0","0","2","0","1","","","","N","","","","","","","","","",""
"2021074359","1356","0","0","0","0","0","0","0","0","0","0","0","","02","8","2021","2","40.498693","-80.007353","1351","11","0","0","0","0","0","0","0","0","","0","0","0","","","0","N","0","","40 29:55.294","4","7","80 00:26.471","0","0","0","0","2116","0","0","0","N","0","0","0","3","02116","0","","4.0","1430.0","1","N","N","N","0","","0","0","2","0","0","N","","2","0","0","0","0","0","0","2","0","2","","","","N","","","","","","","","","",""
"2021073560","1645","2","0","0","0","0","0","0","0","0","5","0","","02","8","2021","7","40.425661","-79.964838","1635","11","0","0","0","0","0","0","0","0","","0","0","0","","","0","N","0","","40 25:32.381","","0","79 57:53.418","0","0","0","0","2301","0","0","0","N","0","0","0","1","02301","0","","6.0","","1","N","N","N","0","","0","0","0","0","0","","","2","0","0","0","0","0","0","2","0","2","","03","","N","","","","","","","","","",""
"2021072451","1458","2","0","0","0","0","0","0","0","0","2","0","","02","8","2021","4","40.424401","-79.9647","1448","11","0","0","0","1","0","0","0","0","","0","0","0","","","0","N","2","","40 25:27.843","","0","79 57:52.919","0","0","0","0","2301","0","0","0","N","0","0","0","4","02301","0","","1.0","","1","N","N","N","0","","0","0","0","3","3","","","2","0","2","0","0","0","0","2","0","2","","","","N","","","","","","","","","",""
"2021073870","0405","0","0","0","0","0","0","0","0","0","7","0","","02","8","2021","1","40.449478","-79.985628","0400","11","0","0","0","0","0","0","0","0","","0","0","0","","","0","N","0","","40 26:58.122","","0","79 59:08.262","0","0","0","0","2301","0","0","0","N","0","0","0","2","02301","0","","4.0","","1","N","N","N","0","","0","0","1","0","0","","","1","0","0","0","0","0","0","2","0","1","","","","N","","","","","","","","","",""
"2021072833","1511","1","0","0","0","0","0","0","0","0","1","0","","02","8","2021","3","40.479248","-80.007632","1444","11","0","0","0","0","0","0","0","0","","0","0","0","","","0","N","0","","40 28:45.294","","0","80 00:27.476","0","0","0","0","2301","0","0","0","N","0","0","0","2","68B03","0","","1.0","","1","N","N","N","0","","0","0","1","0","0","","","2","0","0","0","0","0","0","2","0","2","","","","N","","","","","","","","","",""
"2021112386","0841","1","0","0","0","0","0","0","0","0","7","0","","02","11","2021","2","40.428976","-79.940157","0841","11","0","0","0","0","0","0","0","0","","0","0","0","","","0","N","0","","40 25:44.312","","0","79 56:24.565","0","0","0","0","2301","0","0","0","N","0","0","0","1","68B03","0","","4.0","","9","N","N","N","0","","0","0","0","0","0","","","1","0","1","0","0","0","0","2","0","1","","07","","N","","","","","","","","","",""
"2021072976","1907","0","0","0","0","0","0","0","0","0","7","0","","02","8","2021","5","40.274579","-79.883002","1905","11","0","0","0","0","0","1","0","0","","0","0","0","","","0","Y","0","","40 16:28.483","7","0","79 52:58.806","0","0","0","0","2428","0","0","0","Y","0","0","0","1","02428","0","","1.0","1910.0","1","N","N","N","1","","0","0","0","3","2","Y","","1","0","1","0","0","0","0","2","0","1","","03","","N","","","","","","","","","",""
"2021103032","1650","1","0","0","0","0","0","0","0","0","4","0","","02","10","2021","4","40.336994","-79.80948","1650","11","0","0","0","0","0","1","0","0","","0","0","0","","","3","N","0","","40 20:13.178","","0","79 48:34.128","8","0","0","0","2477","0","0","0","N","0","0","0","4","02477","0","","1.0","","1","","N","N","0","","0","0","0","0","0","","","2","3","4","0","0","3","0","2","1","2","","04","","N","","","","","","","","","",""
"2021074165","0329","1","0","0","0","0","0","0","0","0","7","0","","02","8","2021","1","40.600144","-79.768291","0245","11","0","0","0","0","0","0","0","0","","0","0","0","","","0","N","0","","40 36:00.520","","0","79 46:05.848","0","0","0","0","2464","0","0","0","Y","0","0","0","1","68D02","0","","4.0","","1","N","N","N","0","","0","0","0","0","0","","","1","0","0","0","0","0","0","2","0","1","","","","N","","","","","","","","","",""
"2021112618","1659","0","0","0","0","0","0","0","0","0","1","0","","02","11","2021","5","40.377697","-80.065514","1656","11","0","0","0","0","0","0","0","0","","0","0","0","","","1","N","0","","40 22:39.710","3","0","80 03:55.850","8","0","0","0","2109","0","0","0","N","0","0","0","3","02109","0","","1.0","1725.0","1","N","N","N","1","","0","0","1","0","0","N","","2","1","0","0","0","1","0","2","0","2","","","","N","","","","","","","","","",""
"2021117807","1449","1","0","0","0","0","0","0","0","0","7","0","","02","12","2021","5","40.424098","-80.073536","1436","11","1","0","0","0","0","0","0","0","","0","0","0","","","0","N","0","","40 25:26.754","4","0","80 04:24.729","0","0","0","0","2301","0","0","0","N","0","0","0","1","02301","0","","5.0","1500.0","1","N","N","N","0","","0","0","0","0","0","N","","1","0","0","0","0","0","0","2","0","1","","04","","N","","","","","","","","","",""
"2021111250","0553","1","0","0","0","0","0","0","0","0","7","0","","02","11","2021","7","40.660145","-79.984643","0553","11","1","0","0","0","0","0","0","0","","0","0","0","","","0","Y","0","","40 39:36.523","4","0","79 59:04.715","0","0","0","0","2217","0","0","0","N","0","0","0","1","02505","0","","5.0","639.0","1","N","N","N","0","","0","0","0","0","0","N","","1","0","0","0","0","0","0","1","0","1","","03","","N","","","","","","","","","",""
"2021071444","2157","0","0","0","0","0","0","0","0","0","6","0","","02","7","2021","7","40.382939","-79.857485","2156","11","0","0","0","0","0","1","0","0","","0","0","0","","","1","","1","","40 22:58.581","7","0","79 51:26.947","8","0","0","1","2303","0","0","0","N","0","0","0","2","02303","0","","1.0","2249.0","1","N","N","N","0","","0","0","1","0","0","Y","","2","1","0","0","0","1","0","2","0","2","","","","N","","","","","","","","","",""
"2021110590","1404","1","0","0","0","0","0","0","0","0","4","0","","02","11","2021","7","40.550263","-79.971478","1400","11","0","0","0","0","0","0","0","0","","0","0","0","","","0","N","0","","40 33:00.948","","0","79 58:17.322","0","0","0","1","2118","0","0","0","N","0","0","0","2","02118","0","","1.0","","1","N","N","N","0","","0","0","0","0","0","","","2","0","0","0","0","0","0","2","0","2","","03","","N","","","","","","","","","",""
"2021088230","1640","1","0","0","0","0","0","0","0","0","2","0","","02","8","2021","1","40.426915","-79.999981","1630","11","0","0","0","0","0","0","0","0","","0","0","0","","","0","N","2","","40 25:36.895","","0","79 59:59.932","0","0","0","0","2301","0","0","0","N","0","0","0","4","02301","0","","1.0","","9","N","N","Y","0","","0","0","1","2","3","","","2","0","0","0","0","0","0","2","0","2","","07","","N","","","","","","","","","",""
"2021073844","1928","0","0","0","0","0","0","0","0","0","7","0","","02","8","2021","1","40.451154","-79.976654","1925","11","0","0","0","0","0","0","0","0","","0","0","0","","","1","N","0","","40 27:04.156","4","0","79 58:35.955","3","0","0","0","2301","0","0","0","Y","0","0","0","1","02301","0","","3.0","2053.0","8","N","N","N","0","","1","0","1","0","0","N","","1","1","0","0","0","0","0","2","0","1","","","","N","","","","","","","","","",""
"2021077684","1640","3","0","0","0","0","0","0","0","0","5","0","","02","8","2021","5","40.494735","-79.946161","1637","11","0","0","0","0","0","0","0","0","","0","0","0","","","0","N","0","","40 29:41.046","1","0","79 56:46.178","0","0","0","0","2430","0","0","0","N","0","0","0","3","02430","0","","5.0","1705.0","1","N","N","N","0","","0","0","1","0","0","N","","4","0","1","0","0","0","0","2","0","4","","","","N","","","","","","","","","",""
"2021074866","1731","0","0","0","0","0","0","0","0","0","1","0","","02","8","2021","4","40.360425","-80.061977","1730","11","0","0","0","0","0","1","0","0","","0","0","0","","","0","N","0","","40 21:37.529","4","0","80 03:43.116","0","0","0","0","2109","0","0","0","N","0","0","0","3","02109","0","","1.0","30.0","1","N","N","N","0","","0","0","1","0","0","N","","2","0","0","0","0","0","0","2","1","2","","04","","N","","","","","","","","","",""
"2021107821","0324","1","0","0","0","0","0","0","0","0","7","0","","02","8","2021","7","40.228536","-79.879616","0314","11","0","0","0","1","0","0","0","0","","0","0","0","","","1","N","0","","40 13:42.729","6","0","79 52:46.617","3","0","0","0","2204","0","0","0","N","0","0","0","1","02105","0","","5.0","422.0","1","N","N","N","0","","1","0","0","0","0","Y","","1","1","0","0","0","0","0","1","0","1","","","","N","","","","","","","","","",""
"2021073795","1329","0","0","0","0","0","0","0","0","0","0","0","","02","8","2021","7","40.412398","-79.759612","1323","11","0","0","0","0","0","0","0","0","","0","0","0","","","0","N","0","","40 24:44.631","","0","79 45:34.603","0","0","0","0","2446","0","0","0","N","0","0","0","1","02446","0","","5.0","","1","N","N","N","0","","0","0","1","0","0","","","1","0","0","0","0","0","0","2","0","1","","03","","N","","","","","","","","","",""
"2021107343","1047","2","0","0","0","0","0","0","0","0","4","0","","02","11","2021","7","40.469187","-79.766728","1019","11","0","0","0","0","0","1","0","0","","0","0","0","","","0","N","0","","40 28:09.072","","6","79 46:00.219","0","0","0","0","2466","0","0","0","N","0","0","0","2","02466","0","","1.0","","1","","","N","0","","0","0","0","0","0","","","2","0","0","0","0","0","0","2","0","2","","","","N","","","","","","","","","",""
"2021072899","1639","1","0","0","0","0","0","0","0","0","1","0","","02","8","2021","5","40.308386","-79.888983","1635","11","0","0","0","0","0","0","1","0","","0","0","0","","","1","N","2","","40 18:30.190","7","0","79 53:20.337","3","0","0","1","2302","0","0","0","N","0","0","0","1","02302","0","","2.0","1710.0","1","N","N","N","0","","1","0","1","3","2","Y","","3","1","0","0","0","0","0","2","0","3","","03","","N","","","","","","","","","",""
"2021112732","1118","1","0","0","0","0","0","0","0","0","7","0","","02","11","2021","6","40.457586","-79.989208","1111","11","0","0","0","0","0","0","0","0","","0","0","0","","","1","N","2","","40 27:27.309","2","0","79 59:21.148","3","0","0","0","2301","0","0","0","N","0","0","0","3","02301","0","","5.0","1130.0","1","N","N","N","0","","1","0","0","0","0","N","","1","1","0","0","0","0","0","2","0","1","","","","N","","","","","","","","","",""
"2021111713","2040","1","0","0","0","0","0","0","0","0","7","0","","02","11","2021","3","40.456361","-80.062096","2033","11","0","0","0","0","0","0","0","0","","0","0","0","","","1","N","2","","40 27:22.899","","0","80 03:43.545","4","0","0","0","2301","0","0","0","N","0","0","0","1","02301","1","","5.0","","1","N","N","N","0","","0","0","0","3","3","","","1","1","0","0","0","0","0","2","0","1","","03","","N","","","","","","","","","",""
"2021111189","2240","0","0","0","0","0","0","0","0","0","98","0","","02","11","2021","7","40.561424","-80.086189","2229","11","0","0","0","0","0","0","0","0","","0","0","0","","","0","N","0","","40 33:41.128","","0","80 05:10.282","0","0","0","0","2215","0","0","0","N","0","0","0","1","68B03","0","","1.0","","1","N","N","N","0","","0","0","1","0","0","","","1","0","0","0","0","0","0","2","0","1","","","","N","","","","","","","","","",""
"2021072111","1740","1","0","0","0","0","0","0","0","0","1","0","","02","8","2021","3","40.527246","-79.815644","1730","11","0","0","0","0","0","0","1","0","","0","0","0","","","0","N","0","","40 31:38.087","","0","79 48:56.320","0","0","0","0","2466","0","0","0","N","0","0","0","4","02466","0","","1.0","","1","N","N","N","0","","0","0","2","3","2","","","3","0","3","0","0","0","0","1","0","3","","03","","N","","","","","","","","","",""
"2021107908","0725","0","0","0","0","0","0","0","0","0","1","0","","02","10","2021","3","40.40219","-79.907088","0723","11","0","0","0","0","0","1","0","0","","0","0","0","","","0","N","0","","40 24:07.885","","0","79 54:25.517","0","0","0","0","2438","0","0","0","N","0","0","0","3","02438","0","","1.0","","1","N","N","Y","0","","0","0","3","0","0","","","3","0","0","0","0","0","0","2","0","3","","","","N","","","","","","","","","",""