"CRN","ARRIVAL_TM","AUTOMOBILE_COUNT","BELTED_DEATH_COUNT","BELTED_SUSP_SERIOUS_INJ_COUNT","BICYCLE_COUNT","BICYCLE_DEATH_COUNT","BICYCLE_SUSP_SERIOUS_INJ_COUNT","BUS_COUNT","CHLDPAS_DEATH_COUNT","CHLDPAS_SUSP_SERIOUS_INJ_COUNT","COLLISION_TYPE","COMM_VEH_COUNT","CONS_ZONE_SPD_LIM","COUNTY","CRASH_MONTH","CRASH_YEAR","DAY_OF_WEEK","DEC_LATITUDE","DEC_LONGITUDE","DISPATCH_TM","DISTRICT","DRIVER_COUNT_16YR","DRIVER_COUNT_17YR","DRIVER_COUNT_18YR","DRIVER_COUNT_19YR","DRIVER_COUNT_20YR","DRIVER_COUNT_50_64YR","DRIVER_COUNT_65_74YR","DRIVER_COUNT_75PLUS","EST_HRS_CLOSED","FATAL_COUNT","HEAVY_TRUCK_COUNT","HORSE_BUGGY_COUNT","HOUR_OF_DAY","ILLUMINATION","INJURY_COUNT","INTERSECTION_RELATED","INTERSECT_TYPE","LANE_CLOSED","LATITUDE","LN_CLOSE_DIR","LOCATION_TYPE","LONGITUDE","MAX_SEVERITY_LEVEL","MCYCLE_DEATH_COUNT","MCYCLE_SUSP_SERIOUS_INJ_COUNT","MOTORCYCLE_COUNT","MUNICIPALITY","NONMOTR_COUNT","NONMOTR_DEATH_COUNT","NONMOTR_SUSP_SERIOUS_INJ_COUNT","NTFY_HIWY_MAINT","PED_COUNT","PED_DEATH_COUNT","PED_SUSP_SERIOUS_INJ_COUNT","PERSON_COUNT","POLICE_AGCY","POSSIBLE_INJ_COUNT","RDWY_SURF_TYPE_CD","RELATION_TO_ROAD","ROADWAY_CLEARED","ROAD_CONDITION","SCH_BUS_IND","SCH_ZONE_IND","SECONDARY_CRASH","SMALL_TRUCK_COUNT","SPEC_JURIS_CD","SUSP_MINOR_INJ_COUNT","SUSP_SERIOUS_INJ_COUNT","SUV_COUNT","TCD_FUNC_CD","TCD_TYPE","TFC_DETOUR_IND","TIME_OF_DAY","TOTAL_UNITS","TOT_INJ_COUNT","UNBELTED_OCC_COUNT","UNB_DEATH_COUNT","UNB_SUSP_SERIOUS_INJ_COUNT","UNK_INJ_DEG_COUNT","UNK_INJ_PER_COUNT","URBAN_RURAL","VAN_COUNT","VEHICLE_COUNT","WEATHER1","WEATHER2","WORKERS_PRES","WORK_ZONE_IND","WORK_ZONE_LOC","WORK_ZONE_TYPE","WZ_CLOSE_DETOUR","WZ_FLAGGER","WZ_LAW_OFFCR_IND","WZ_LN_CLOSURE","WZ_MOVING","WZ_OTHER","WZ_SHLDER_MDN","WZ_WORKERS_INJ_KILLED"
"2021071624","1659","1","0","0","0","0","0","0","0","0","4","0","","02","8","2021","2","40.453918","-79.913292","1657","11","0","0","0","0","0","0","0","0","","0","0","0","","","1","N","2","","40 27:14.106","3","0","79 54:47.851","8","0","0","0","2301","0","0","0","N","0","0","0","3","02301","0","","1.0","1805.0","1","N","N","N","0","","0","0","1","0","0","N","","2","1","0","0","0","1","1","2","0","2","","","","N","","","","","","","","","",""
"2021111367","0811","0","0","0","0","0","0","0","0","0","4","0","","02","11","2021","3","40.558287","-79.771763","0805","11","0","0","0","0","0","2","0","0","","0","0","0","","","0","N","0","","40 33:29.834","1","6","79 46:18.348","0","0","0","0","2121","0","0","0","N","0","0","0","4","02514","0","","1.0","845.0","1","N","N","N","1","","0","0","1","0","0","N","","2","0","0","0","0","0","0","1","0","2","","","","N","","","","","","","","","",""
"2021079762","1739","0","0","0","0","0","0","0","0","0","0","0","","02","7","2021","7","40.514619","-80.051881","1723","11","0","0","0","0","0","0","0","0","","0","0","0","","","1","N","0","","40 30:52.627","1","0","80 03:06.773","8","0","0","1","2116","0","0","0","N","0","0","0","1","68B03","0","","1.0","1742.0","1","N","N","N","0","","0","0","0","0","0","N","","1","1","0","0","0","1","0","2","0","1","","","","N","","","","","","","","","",""
"2021121948","0526","1","0","0","0","0","0","0","0","0","7","0","","02","12","2021","7","40.428264","-80.106054","0510","11","0","0","0","0","0","0","0","0","","0","0","0","","","0","N","0","","40 25:41.752","1","0","80 06:21.794","0","0","0","0","2115","0","0","0","N","0","0","0","1","68B03","0","","4.0","600.0","9","N","N","N","0","","0","0","0","0","0","N","","1","0","0","0","0","0","0","2","0","1","","","","N","","","","","","","","","",""
"2021075176","2000","0","0","0","0","0","0","0","0","0","7","0","","02","8","2021","2","40.493381","-79.914276","1957","11","0","0","0","0","0","0","0","0","","0","0","0","","","0","N","0","","40 29:36.170","","0","79 54:51.392","0","0","0","0","2461","0","0","0","N","0","0","0","1","02461","0","","4.0","","1","N","N","N","1","","0","0","0","0","0","","","4","0","0","0","0","0","0","2","3","4","","","","N","","","","","","","","","",""
"2021097806","1726","1","0","0","0","0","0","0","0","0","1","0","","02","10","2021","5","40.356215","-79.827998","1724","11","0","0","0","0","0","1","0","0","","0","0","0","","","1","N","0","","40 21:22.374","4","0","79 49:40.791","8","0","0","1","2477","0","0","0","N","0","0","0","2","02477","0","","1.0","1800.0","1","N","N","N","0","","0","0","0","0","0","N","","2","1","0","0","0","1","0","2","0","2","","","","N","","","","","","","","","",""
"2021110505","1322","1","0","0","0","0","0","0","0","0","4","0","","02","11","2021","7","40.530221","-80.017349","1319","11","0","0","0","0","0","0","1","0","","0","0","0","","","0","","1","","40 31:48.795","7","0","80 01:02.455","0","0","0","0","2116","0","0","0","N","0","0","0","3","02116","0","","1.0","1351.0","1","N","N","N","0","","0","0","1","3","3","Y","","2","0","0","0","0","0","0","2","0","2","","","","N","","","","","","","","","",""
"2021108403","1112","2","0","0","0","0","0","0","0","0","4","0","","02","11","2021","3","40.428209","-79.97117","1108","11","0","0","0","0","0","0","1","0","","0","0","0","","","0","","2","","40 25:41.554","","0","79 58:16.212","0","0","0","0","2301","0","0","0","N","0","0","0","3","02301","0","","1.0","","1","N","N","N","0","","0","0","0","3","2","","","2","0","0","0","0","0","0","2","0","2","","03","","N","","","","","","","","","",""
"2021109479","1615","1","0","0","0","0","0","0","0","0","4","1","","02","11","2021","5","40.477569","-79.785222","1605","11","0","0","0","0","0","1","0","0","","0","1","0","","","0","N","1","","40 28:39.250","","0","79 47:06.798","0","0","0","0","2113","0","0","0","N","0","0","0","5","02113","0","","1.0","","1","N","N","N","0","","0","0","0","0","0","","","2","0","0","0","0","0","0","2","0","2","","","","N","","","","","","","","","",""
"2021109458","1648","1","0","0","0","0","0","0","0","0","7","0","","02","11","2021","1","40.33958","-80.121856","1642","11","0","0","0","0","0","0","0","0","","0","0","0","","","0","N","0","","40 20:22.488","","0","80 07:18.681","0","0","0","0","2119","0","0","0","N","0","0","0","1","02119","0","","5.0","","1","N","N","N","0","","0","0","0","0","0","","","1","0","0","0","0","0","0","2","0","1","","03","","N","","","","","","","","","",""
"2021072994","2045","0","0","0","0","0","0","0","0","0","98","0","","02","8","2021","5","40.586214","-80.10315","2040","11","0","0","0","0","0","0","0","0","","0","0","0","","","1","N","0","","40 35:10.372","1","0","80 06:11.339","3","0","0","0","2481","0","0","0","N","0","0","0","1","02481","0","","1.0","2105.0","1","N","N","N","0","","1","0","1","0","0","N","","1","1","0","0","0","0","0","2","0","1","","","","N","","","","","","","","","",""
"2021084354","1425","2","0","0","0","0","0","0","0","0","4","0","","02","8","2021","5","40.333543","-80.024041","1423","11","0","0","0","0","0","1","1","0","","0","0","0","","","0","","1","","40 20:00.753","","0","80 01:26.546","0","0","0","0","2407","0","0","0","N","0","0","0","4","02407","0","","1.0","","1","N","N","N","0","","0","0","0","3","2","","","2","0","1","0","0","0","0","2","0","2","","","","N","","","","","","","","","",""
"2021071872","0839","2","0","0","0","0","0","0","0","0","4","0","","02","8","2021","3","40.377488","-79.97367","0837","11","0","0","0","0","0","0","1","0","","0","0","0","","","1","","2","","40 22:38.956","","0","79 58:25.212","3","0","0","0","2413","0","0","0","N","0","0","0","3","02413","0","","1.0","","1","N","N","N","0","","1","0","0","0","0","","","2","1","0","0","0","0","0","2","0","2","","03","","N","","","","","","","","","",""
"2021111041","1649","2","0","0","0","0","0","0","0","0","1","0","","02","11","2021","2","40.667361","-80.096376","1647","11","0","0","0","0","0","0","0","0","","0","0","0","","","0","","2","","40 40:02.499","1","0","80 05:46.955","0","0","0","0","2212","0","0","0","N","0","0","0","2","02505","0","","1.0","1718.0","1","N","N","N","0","","0","0","0","3","2","N","","2","0","0","0","0","0","0","2","0","2","","","","N","","","","","","","","","",""
"2021111497","1619","1","0","0","0","0","0","0","0","0","4","0","","02","11","2021","3","40.338909","-79.960209","1615","11","0","0","1","0","0","0","1","0","","0","0","0","","","0","N","0","","40 20:20.074","2","7","79 57:36.754","0","0","0","0","2454","0","0","0","N","0","0","0","4","02454","0","","1.0","1651.0","1","N","N","N","0","","0","0","1","0","0","N","","2","0","0","0","0","0","0","2","0","2","","03","","N","","","","","","","","","",""
"2021077435","0156","0","0","0","0","0","0","0","0","0","1","0","","02","8","2021","5","40.465676","-79.955183","0148","11","0","0","0","0","0","0","0","0","","0","0","0","","","0","N","1","","40 27:56.434","","0","79 57:18.659","0","0","0","0","2301","0","0","0","N","0","0","0","1","02301","0","","4.0","","1","N","Y","N","0","","0","0","2","3","2","","","2","0","0","0","0","0","0","2","0","2","","","","N","","","","","","","","","",""
"2021072628","2326","0","0","0","0","0","0","0","0","0","1","0","","02","8","2021","4","40.412575","-79.844625","2321","11","0","0","0","0","0","1","0","0","","0","0","0","","","1","N","0","","40 24:45.271","4","0","79 50:40.650","3","0","0","0","2431","0","0","0","N","0","0","0","4","02431","0","","1.0","28.0","1","N","Y","N","0","","1","0","2","0","0","N","","2","1","0","0","0","0","0","2","0","2","","03","","N","","","","","","","","","",""
"2021073913","2321","1","0","0","0","0","0","0","0","0","7","0","","02","8","2021","1","40.465857","-79.907795","2316","11","0","0","0","0","0","0","0","0","","0","0","0","","","0","Y","0","","40 27:57.086","","0","79 54:28.063","0","0","0","0","2301","0","0","0","Y","0","0","0","1","02301","0","","5.0","","1","N","N","N","0","","0","0","0","0","0","","","1","0","0","0","0","0","0","2","0","1","","03","","N","","","","","","","","","",""
"2021075823","1106","1","0","0","0","0","0","0","0","0","1","0","","02","8","2021","5","40.31234","-79.938242","1100","11","0","0","0","0","0","2","0","0","","0","0","0","","","0","N","0","","40 18:44.424","1","0","79 56:17.671","9","0","0","0","2440","0","0","0","N","0","0","0","2","02440","0","","1.0","1135.0","1","N","N","N","0","","0","0","1","3","2","N","","2","0","0","0","0","0","1","2","0","2","","","","N","","","","","","","","","",""
"2021073621","0138","0","0","0","0","0","0","0","0","0","7","0","","02","8","2021","1","40.466337","-79.846871","0135","11","0","0","0","0","0","0","0","0","","0","0","0","","","0","","2","","40 27:58.814","5","0","79 50:48.734","0","0","0","0","2113","0","0","0","Y","0","0","0","1","02113","0","","2.0","300.0","9","N","N","N","1","","0","0","0","0","0","Y","","1","0","0","0","0","0","0","2","0","1","","","","N","","","","","","","","","",""
"2021110301","2337","0","0","0","0","0","0","0","0","0","7","0","","02","10","2021","7","40.449073","-80.167366","2331","11","0","0","0","0","0","0","0","0","","0","0","0","","","0","N","0","","40 26:56.663","","0","80 10:02.518","0","0","0","0","2115","0","0","0","Y","0","0","0","1","68B03","0","","4.0","","1","N","N","N","0","","0","0","1","0","0","","","1","0","0","0","0","0","0","2","0","1","","03","","N","","","","","","","","","",""
"2021074521","1801","1","0","0","0","0","0","0","0","0","5","0","","02","8","2021","3","40.376313","-79.827416","1758","11","0","0","0","1","0","0","0","0","","0","0","0","","","2","N","0","","40 22:34.725","5","0","79 49:38.696","8","0","0","0","2111","0","0","0","N","0","0","0","4","02111","0","","1.0","1859.0","9","N","N","N","0","","0","0","2","0","0","Y","","3","2","0","0","0","2","0","2","0","3","","","","N","","","","","","","","","",""
"2021111308","1339","1","0","0","0","0","0","0","0","0","1","0","","02","11","2021","2","40.585917","-80.037448","1337","11","1","0","0","0","0","1","0","0","","0","0","0","","","0","Y","0","","40 35:09.300","1","0","80 02:14.811","0","0","0","0","2108","0","0","0","N","0","0","0","2","02108","0","","1.0","1420.0","1","N","N","Y","1","","0","0","0","0","0","N","","2","0","0","0","0","0","0","2","0","2","","","","N","","","","","","","","","",""
"2021071514","0806","3","0","0","0","0","0","0","0","0","1","0","","02","8","2021","2","40.448933","-79.932572","0749","11","0","0","0","0","0","1","0","0","","0","0","0","","","0","","2","","40 26:56.158","4","0","79 55:57.259","0","0","0","0","2301","0","0","0","N","0","0","0","4","02301","0","","1.0","20.0","1","N","N","N","0","","0","0","0","0","0","N","","3","0","0","0","0","0","0","2","0","3","","03","","N","","","","","","","","","",""
"2021071692","1910","0","0","0","0","0","0","0","0","0","7","0","","02","8","2021","2","40.435155","-79.947055","1901","11","0","0","0","0","1","0","0","0","","0","0","0","","","0","","3","","40 26:06.559","","2","79 56:49.398","0","0","0","0","2301","0","0","0","N","0","0","0","1","02301","0","","5.0","","1","N","N","N","0","","0","0","1","0","0","","","1","0","0","0","0","0","0","2","0","1","","","","N","","","","","","","","","",""
"2021112239","1907","1","0","0","0","0","0","0","0","0","0","0","","02","11","2021","7","40.386774","-80.045237","1903","11","0","0","0","0","0","0","0","0","","0","0","0","","","0","","1","","40 23:12.386","","0","80 02:42.853","0","0","0","0","2109","0","0","0","N","0","0","0","1","02109","0","","1.0","","1","N","N","N","0","","0","0","0","0","0","","","1","0","0","0","0","0","0","2","0","1","","","","N","","","","","","","","","",""
"2021073389","2229","4","0","0","0","0","0","0","0","0","1","0","","02","8","2021","6","40.473852","-79.970344","2228","11","0","0","0","0","0","0","1","0","","0","0","0","","","0","N","0","","40 28:25.866","3","3","79 58:13.238","0","0","0","0","2445","0","0","0","N","0","0","0","4","02445","0","","1.0","2309.0","1","N","N","N","0","","0","0","0","0","0","Y","","4","0","0","0","0","0","0","2","0","4","","03","","N","","","","","","","","","",""
"2021105052","1905","2","0","0","0","0","0","0","0","0","6","0","","02","9","2021","3","40.383157","-79.827797","1901","11","0","0","0","0","0","2","0","0","","0","0","0","","","4","","1","","40 22:59.366","2","0","79 49:40.068","4","0","0","0","2111","0","0","0","N","0","0","0","8","02111","4","","1.0","2011.0","9","N","N","N","0","","0","0","1","3","2","Y","","3","4","1","0","0","0","0","2","0","3","","07","","N","","","","","","","","","",""
"2021110317","0745","1","0","0","0","0","0","0","0","0","98","0","","02","11","2021","3","40.269044","-79.967273","0741","11","0","0","0","0","0","0","0","0","","0","0","0","","","0","N","0","","40 16:08.559","1","0","79 58:02.184","0","0","0","0","2440","0","0","0","N","0","0","0","1","68T09","0","","1.0","815.0","1","N","N","N","0","","0","0","0","0","0","N","","1","0","0","0","0","0","0","1","0","1","","98","","N","","","","","","","","","",""
"2021072860","1905","1","0","0","0","0","0","0","0","0","6","0","","02","8","2021","1","40.442116","-80.060685","1858","11","0","0","1","0","0","0","0","0","","0","0","0","","","0","","3","","40 26:31.617","7","0","80 03:38.465","0","0","0","0","2439","0","0","0","N","0","0","0","2","02301","0","","1.0","1950.0","9","N","N","N","0","","0","0","1","0","0","N","","2","0","0","0","0","0","0","2","0","2","","07","","N","","","","","","","","","",""
"2021071838","2204","2","0","0","0","0","0","0","0","0","1","0","","02","7","2021","6","40.633686","-79.714106","2202","11","0","0","1","0","1","0","0","0","","0","0","0","","","0","N","0","","40 38:01.271","2","0","79 42:50.782","0","0","0","0","2106","0","0","0","N","0","0","0","2","02106","0","","1.0","2229.0","1","N","N","N","0","","0","0","0","0","0","N","","2","0","0","0","0","0","0","2","0","2","","","","N","","","","","","","","","",""
"2021075005","2144","1","0","0","0","0","0","0","0","0","1","0","","02","8","2021","4","40.33942","-79.96788","2143","11","0","0","0","0","1","1","0","0","","0","0","0","","","1","N","0","","40 20:21.913","","0","79 58:04.369","3","0","0","0","2454","0","0","0","N","0","0","0","2","02454","0","","1.0","","9","N","N","N","0","","1","0","1","0","0","","","2","1","1","0","0","0","0","2","0","2","","","","N","","","","","","","","","",""
"2021110350","0932","0","0","0","0","0","0","0","0","0","7","0","","02","11","2021","5","40.497683","-80.020698","0904","11","0","0","0","0","0","0","0","0","","0","0","0","","","0","N","0","","40 29:51.660","","0","80 01:14.514","0","0","0","0","2116","0","0","0","N","0","0","0","1","68B03","0","","2.0","","1","N","N","N","0","","0","0","1","0","0","","","1","0","0","0","0","0","0","2","0","1","","","","N","","","","","","","","","",""
"2021110113","1555","0","0","0","0","0","0","0","0","0","8","0","","02","11","2021","6","40.386268","-80.048193","1549","11","0","0","0","0","0","0","0","1","","0","0","0","","","1","","2","","40 23:10.564","","0","80 02:53.494","3","0","0","0","2109","1","0","0","N","1","0","0","2","02109","0","","1.0","","1","N","N","N","0","","1","0","1","0","0","","","2","1","0","0","0","0","0","2","0","1","","","","N","","","","","","","","","",""
"2021072863","0802","1","0","0","0","0","0","0","0","0","4","0","","02","8","2021","5","40.556908","-79.958626","0759","11","0","0","0","0","0","1","1","0","","0","0","0","","","0","N","0","","40 33:24.869","1","7","79 57:31.055","0","0","0","0","2207","0","0","0","N","0","0","0","2","02207","0","","1.0","856.0","1","N","N","N","0","","0","0","1","0","0","N","","2","0","0","0","0","0","0","2","0","2","","03","","N","","","","","","","","","",""
"2021073917","1427","1","0","0","0","0","0","0","0","0","7","0","","02","8","2021","1","40.439422","-80.010257","1422","11","0","0","0","0","0","0","1","0","","0","0","0","","","0","N","0","","40 26:21.919","","3","80 00:36.924","0","0","0","0","2301","0","0","0","Y","0","0","0","1","02301","0","","2.0","","1","N","N","N","0","","0","0","0","0","0","","","1","0","0","0","0","0","0","2","0","1","","03","","N","","","","","","","","","",""
"2021071724","2038","1","0","0","0","0","0","0","0","0","4","0","","02","8","2021","2","40.438334","-79.842884","2035","11","0","0","0","0","0","0","0","0","","0","0","0","","","0","","2","","40 26:18.004","","0","79 50:34.384","0","0","0","0","2419","0","0","0","N","0","0","0","3","02419","0","","1.0","","1","N","N","N","0","","0","0","1","3","3","","","2","0","0","0","0","0","0","2","0","2","","","","N","","","","","","","","","",""
"2021111654","0051","1","0","0","0","0","0","0","0","0","1","0","","02","11","2021","6","40.44125","-80.009206","0028","11","0","0","0","0","0","0","0","0","","0","0","0","","","0","N","0","","40 26:28.499","","0","80 00:33.140","0","0","0","0","2301","0","0","0","N","0","0","0","4","68B03","0","","1.0","","9","N","N","N","0","","0","0","1","0","0","","","2","0","0","0","0","0","0","2","0","2","","","","N","","","","","","","","","",""
"2021080330","0515","1","0","0","0","0","0","0","0","0","98","0","","02","8","2021","2","40.276678","-79.951301","0435","11","0","0","0","0","0","0","0","0","","0","0","0","","","0","N","0","","40 16:36.039","","0","79 57:04.682","0","0","0","0","2440","0","0","0","N","0","0","0","1","68T09","0","","1.0","","1","N","N","N","0","","0","0","0","0","0","","","1","0","0","0","0","0","0","1","0","1","","","","N","","","","","","","","","",""
"2021075701","1222","1","0","0","0","0","0","0","0","0","7","0","","02","8","2021","2","40.469701","-79.921059","1219","11","0","0","0","0","0","0","0","0","","0","0","0","","","1","","1","","40 28:10.923","","0","79 55:15.812","2","0","0","0","2301","0","0","0","N","0","0","0","1","02301","0","","5.0","","1","N","N","N","0","","0","1","0","3","2","","","1","1","0","0","0","0","0","2","0","1","","03","","N","","","","","","","","","",""
"2021073417","0703","0","0","0","0","0","0","0","0","0","7","0","","02","8","2021","6","40.426765","-80.282656","0658","11","0","0","0","1","0","0","0","0","","0","0","0","","","0","N","0","","40 25:36.353","","0","80 16:57.563","0","0","0","0","2214","0","0","0","N","0","0","0","2","02214","0","","2.0","","1","N","N","N","0","","0","0","1","0","0","N","","1","0","0","0","0","0","0","1","0","1","","04","","N","","","","","","","","","",""
"2021111030","0443","1","0","0","0","0","0","0","0","0","98","0","","02","11","2021","2","40.542418","-79.964259","0441","11","0","0","0","0","0","0","0","0","","0","0","0","","","0","N","0","","40 32:32.705","","0","79 57:51.331","0","0","0","0","2118","0","0","0","N","0","0","0","1","02118","0","","1.0","","9","N","N","N","0","","0","0","0","0","0","","","1","0","0","0","0","0","0","2","0","1","","02","","N","","","","","","","","","",""
"2021088196","0610","0","0","0","0","0","0","0","0","0","4","0","45","02","8","2021","3","40.496307","-79.913281","0549","11","0","0","0","0","0","0","0","0","","0","0","0","","","0","N","0","","40 29:46.704","2","0","79 54:47.810","0","0","0","0","2112","0","0","0","N","0","0","0","2","68D02","0","","1.0","630.0","1","N","N","N","0","","0","0","2","0","0","Y","","2","0","0","0","0","0","0","2","0","2","","","Y","Y","4","1","N","N","Y","N","N","N","Y","N"
"2021075366","2305","0","0","0","0","0","0","0","0","0","5","0","","02","8","2021","6","40.465111","-79.954472","2252","11","0","0","0","0","0","0","0","0","","0","0","0","","","0","N","0","","40 27:54.400","","0","79 57:16.100","0","0","0","0","2301","0","0","0","N","0","0","0","1","02301","0","","4.0","","1","N","N","N","0","","0","0","2","0","0","N","","2","0","0","0","0","0","0","2","0","2","","","","N","","","","","","","","","",""
"2021107260","1408","2","0","0","0","0","0","0","0","0","2","0","","02","11","2021","4","40.516229","-79.842937","1405","11","0","0","0","0","0","0","0","2","","0","0","0","","","0","","1","","40 30:58.424","","0","79 50:34.573","0","0","0","0","2451","0","0","0","N","0","0","0","2","02451","0","","1.0","","1","N","N","N","0","","0","0","0","3","3","N","","2","0","0","0","0","0","0","2","0","2","","","","N","","","","","","","","","",""
"2021109460","0956","1","0","0","0","0","0","0","0","0","4","0","","02","11","2021","3","40.495188","-80.066007","0954","11","0","0","0","0","0","0","0","0","","0","0","0","","","1","N","0","","40 29:42.676","5","6","80 03:57.624","4","0","0","0","2402","0","0","0","N","0","0","0","2","02402","1","","1.0","1032.0","1","N","N","N","0","","0","0","1","0","0","N","","2","1","0","0","0","0","0","2","0","2","","","","N","","","","","","","","","",""
"2021072861","1143","1","0","0","0","0","0","0","0","0","1","0","","02","8","2021","5","40.54079","-80.012248","1142","11","0","0","0","0","0","0","0","0","","0","0","0","","","0","N","0","","40 32:26.845","1","0","80 00:44.093","0","0","0","0","2116","0","0","0","N","0","0","0","2","02116","0","","1.0","1143.0","1","N","N","N","0","","0","0","1","0","0","N","","2","0","0","0","0","0","0","2","0","2","","","","N","","","","","","","","","",""
"2021121238","1916","1","0","0","0","0","0","0","0","0","7","0","","02","12","2021","7","40.487695","-79.929055","1910","11","0","0","0","0","0","0","0","0","","0","0","0","","","0","N","2","","40 29:15.702","7","0","79 55:44.598","0","0","0","0","2301","0","0","0","N","0","0","0","1","02301","0","","5.0","1930.0","9","N","N","N","0","","0","0","0","0","0","N","","1","0","0","0","0","0","0","2","0","1","","","","N","","","","","","","","","",""
"2021073604","0006","1","0","0","0","0","0","0","0","0","7","0","","02","8","2021","7","40.414709","-79.939299","0002","11","0","0","0","0","0","0","0","0","","0","0","0","","","0","N","0","","40 24:52.954","2","0","79 56:21.477","0","0","0","0","2301","0","0","0","N","0","0","0","1","02301","0","","5.0","30.0","1","N","N","N","0","","0","0","0","0","0","N","","1","0","0","0","0","0","0","2","0","1","","","","N","","","","","","","","","",""
"2021073352","1830","0","0","0","0","0","0","0","0","0","5","0","","02","8","2021","6","40.432593","-79.973729","1827","11","0","0","0","0","0","0","0","0","","0","0","0","","","1","N","0","","40 25:57.335","","3","79 58:25.423","3","0","0","1","2301","0","0","0","N","0","0","0","2","02301","0","","1.0","","1","N","N","Y","0","","1","0","1","0","0","","","2","1","0","0","0","0","0","2","0","2","","03","","N","","","","","","","","","",""
"2021070973","0326","1","0","0","0","0","0","0","0","0","5","0","","02","7","2021","7","40.431506","-79.95843","0318","11","0","0","0","0","0","0","0","0","","0","0","0","","","0","N","0","","40 25:53.423","","2","79 57:30.348","9","0","0","0","2301","0","0","0","N","0","0","0","2","02301","0","","1.0","","1","N","N","Y","0","","0","0","1","0","0","","","2","0","0","0","0","0","1","2","0","2","","03","","N","","","","","","","","","",""
"2021074475","1438","1","0","0","0","0","0","0","0","0","1","0","","02","8","2021","5","40.532208","-80.188678","1434","11","0","0","0","0","0","1","0","0","","0","0","0","","","0","N","0","","40 31:55.947","3","3","80 11:19.239","9","0","0","0","2213","0","0","0","N","0","0","0","3","02213","0","","1.0","1517.0","1","N","N","N","0","","0","0","1","0","0","N","","2","0","0","0","0","0","1","2","0","2","","03","","N","","","","","","","","","",""
"2021111698","1745","1","0","0","0","0","0","0","0","0","1","0","","02","11","2021","3","40.454258","-79.933576","1735","11","0","0","1","0","0","0","0","0","","0","0","0","","","0","N","1","","40 27:15.328","","0","79 56:00.873","0","0","0","0","2301","0","0","0","N","0","0","0","4","02301","0","","1.0","","1","N","N","N","0","","0","0","2","3","2","","","3","0","0","0","0","0","0","2","0","3","","03","","N","","","","","","","","","",""
"2021111153","2117","1","0","0","0","0","0","0","0","0","5","0","","02","11","2021","5","40.41852","-80.088688","2105","11","0","0","0","0","0","1","0","0","","0","0","0","","","0","N","0","","40 25:06.672","4","0","80 05:19.278","0","0","0","0","2457","0","0","0","N","0","0","0","3","68B03","0","","1.0","2130.0","1","N","N","N","0","","0","0","0","0","0","N","","2","0","1","0","0","0","0","2","1","2","","03","","N","","","","","","","","","",""
"2021074690","0725","2","0","0","0","0","0","0","0","0","1","0","","02","8","2021","4","40.328778","-79.944933","0723","11","0","0","0","0","0","0","0","0","","0","0","0","","","0","N","0","","40 19:43.601","","0","79 56:41.758","0","0","0","0","2454","0","0","0","N","0","0","0","3","02454","0","","1.0","","9","N","N","N","0","","0","0","1","0","0","","","3","0","0","0","0","0","0","2","0","3","","","","N","","","","","","","","","",""
"2021073797","1339","2","0","0","0","0","0","0","0","0","4","0","","02","8","2021","1","40.48022","-79.969595","1335","11","0","0","0","0","0","0","0","0","","0","0","0","","","0","N","2","","40 28:48.793","6","0","79 58:10.541","0","0","0","0","2118","0","0","0","N","0","0","0","3","02445","0","","1.0","1417.0","1","N","N","N","0","","0","0","0","0","0","Y","","2","0","0","0","0","0","0","2","0","2","","03","","N","","","","","","","","","",""
"2021110299","0332","0","0","0","0","0","0","0","0","0","7","0","","02","10","2021","7","40.429392","-79.877325","0257","11","0","0","0","0","1","0","0","0","","0","0","0","","","0","N","0","","40 25:45.812","3","0","79 52:38.371","0","0","0","0","2426","0","0","0","N","0","0","0","2","68B03","0","","4.0","310.0","1","N","N","N","0","","0","0","1","0","0","N","","1","0","0","0","0","0","0","2","0","1","","03","","N","","","","","","","","","",""
"2021110965","2348","1","0","1","0","0","0","0","0","0","5","0","","02","11","2021","1","40.543642","-80.231444","2341","11","0","0","0","0","0","0","0","0","","0","0","0","","","1","N","0","","40 32:37.110","2","0","80 13:53.200","2","0","0","0","2213","0","0","0","N","0","0","0","1","02213","0","","1.0","45.0","1","N","N","N","0","","0","1","1","0","0","N","","2","1","0","0","0","0","0","2","0","2","","","","N","","","","","","","","","",""
"2021071551","2150","0","0","0","0","0","0","0","0","0","1","0","90","02","7","2021","7","40.385032","-79.863046","2139","11","0","0","0","0","0","0","0","0","","0","0","0","","","0","Y","0","","40 23:06.116","2","0","79 51:46.965","0","0","0","0","2473","0","0","0","N","0","0","0","3","02473","0","","1.0","2216.0","1","N","N","N","1","","0","0","1","3","2","N","","2","0","0","0","0","0","0","2","0","2","","03","N","Y","4","1","","","N","Y","","","","N"
"2021084579","1710","1","0","0","0","0","0","0","0","0","1","0","","02","8","2021","2","40.44076","-80.156524","1701","11","0","0","0","0","0","0","0","0","","0","0","0","","","0","N","0","","40 26:26.735","3","0","80 09:23.488","0","0","0","0","2115","0","0","0","N","0","0","0","3","68B03","0","","1.0","1730.0","1","N","N","N","0","","0","0","2","0","0","N","","3","0","0","0","0","0","0","2","0","3","","","","N","","","","","","","","","",""