"CRN","ARRIVAL_TM","AUTOMOBILE_COUNT","BELTED_DEATH_COUNT","BELTED_SUSP_SERIOUS_INJ_COUNT","BICYCLE_COUNT","BICYCLE_DEATH_COUNT","BICYCLE_SUSP_SERIOUS_INJ_COUNT","BUS_COUNT","CHLDPAS_DEATH_COUNT","CHLDPAS_SUSP_SERIOUS_INJ_COUNT","COLLISION_TYPE","COMM_VEH_COUNT","CONS_ZONE_SPD_LIM","COUNTY","CRASH_MONTH","CRASH_YEAR","DAY_OF_WEEK","DEC_LATITUDE","DEC_LONGITUDE","DISPATCH_TM","DISTRICT","DRIVER_COUNT_16YR","DRIVER_COUNT_17YR","DRIVER_COUNT_18YR","DRIVER_COUNT_19YR","DRIVER_COUNT_20YR","DRIVER_COUNT_50_64YR","DRIVER_COUNT_65_74YR","DRIVER_COUNT_75PLUS","EST_HRS_CLOSED","FATAL_COUNT","HEAVY_TRUCK_COUNT","HORSE_BUGGY_COUNT","HOUR_OF_DAY","ILLUMINATION","INJURY_COUNT","INTERSECTION_RELATED","INTERSECT_TYPE","LANE_CLOSED","LATITUDE","LN_CLOSE_DIR","LOCATION_TYPE","LONGITUDE","MAX_SEVERITY_LEVEL","MCYCLE_DEATH_COUNT","MCYCLE_SUSP_SERIOUS_INJ_COUNT","MOTORCYCLE_COUNT","MUNICIPALITY","NONMOTR_COUNT","NONMOTR_DEATH_COUNT","NONMOTR_SUSP_SERIOUS_INJ_COUNT","NTFY_HIWY_MAINT","PED_COUNT","PED_DEATH_COUNT","PED_SUSP_SERIOUS_INJ_COUNT","PERSON_COUNT","POLICE_AGCY","POSSIBLE_INJ_COUNT","RDWY_SURF_TYPE_CD","RELATION_TO_ROAD","ROADWAY_CLEARED","ROAD_CONDITION","SCH_BUS_IND","SCH_ZONE_IND","SECONDARY_CRASH","SMALL_TRUCK_COUNT","SPEC_JURIS_CD","SUSP_MINOR_INJ_COUNT","SUSP_SERIOUS_INJ_COUNT","SUV_COUNT","TCD_FUNC_CD","TCD_TYPE","TFC_DETOUR_IND","TIME_OF_DAY","TOTAL_UNITS","TOT_INJ_COUNT","UNBELTED_OCC_COUNT","UNB_DEATH_COUNT","UNB_SUSP_SERIOUS_INJ_COUNT","UNK_INJ_DEG_COUNT","UNK_INJ_PER_COUNT","URBAN_RURAL","VAN_COUNT","VEHICLE_COUNT","WEATHER1","WEATHER2","WORKERS_PRES","WORK_ZONE_IND","WORK_ZONE_LOC","WORK_ZONE_TYPE","WZ_CLOSE_DETOUR","WZ_FLAGGER","WZ_LAW_OFFCR_IND","WZ_LN_CLOSURE","WZ_MOVING","WZ_OTHER","WZ_SHLDER_MDN","WZ_WORKERS_INJ_KILLED"
"2021073732","1643","1","0","0","0","0","0","0","0","0","8","0","","02","8","2021","7","40.472956","-79.889351","1641","11","0","0","0","0","0","1","0","0","","0","0","0","","","1","N","2","","40 28:22.641","","0","79 53:21.663","3","0","0","0","2301","1","0","0","N","1","0","0","2","02301","0","","1.0","","1","N","N","N","0","","1","0","0","0","0","","","2","1","0","0","0","0","0","2","0","1","","","","N","","","","","","","","","",""
"2021109317","0706","1","0","0","0","0","0","0","0","0","4","0","","02","11","2021","5","40.650289","-80.078808","0702","11","0","0","0","0","0","0","0","0","","0","0","0","","","2","N","1","","40 39:01.042","","0","80 04:43.708","3","0","0","0","2212","0","0","0","N","0","0","0","2","02505","0","","1.0","","1","N","N","N","0","","1","0","1","3","2","","","2","2","0","0","0","1","0","2","0","2","","03","","N","","","","","","","","","",""
"2021071912","0103","2","0","0","0","0","0","0","0","0","4","0","","02","8","2021","3","40.448006","-79.89453","0053","11","0","0","0","0","0","1","0","0","","0","0","0","","","0","N","1","","40 26:52.822","","0","79 53:40.309","0","0","0","0","2301","0","0","0","N","0","0","0","2","02301","0","","1.0","","1","N","N","N","0","","0","0","0","3","2","","","2","0","0","0","0","0","0","2","0","2","","03","","N","","","","","","","","","",""
"2021104690","1739","0","0","0","0","0","0","0","0","0","7","0","","02","10","2021","7","40.467438","-79.916304","1730","11","0","0","0","0","0","0","0","0","","0","0","0","","","1","N","0","","40 28:02.777","5","3","79 54:58.696","8","0","0","0","2301","0","0","0","N","0","0","0","2","02301","0","","4.0","1800.0","1","N","N","N","0","","0","0","1","0","0","Y","","1","1","2","0","0","1","1","2","0","1","","03","","N","","","","","","","","","",""
"2021105398","1236","1","0","0","0","0","0","0","0","0","4","0","","02","10","2021","6","40.426382","-79.889767","1235","11","0","0","0","0","0","0","0","0","","0","0","0","","","1","N","2","","40 25:34.975","","0","79 53:23.160","3","0","0","1","2426","0","0","0","N","0","0","0","2","02463","0","","1.0","","9","N","N","N","0","","1","0","0","0","0","","","2","1","0","0","0","0","0","2","0","2","","03","","N","","","","","","","","","",""
"2021073373","2347","1","0","0","0","0","0","0","0","0","4","0","","02","8","2021","6","40.33303","-80.000751","2338","11","0","0","0","0","1","0","0","0","","0","0","0","","","0","N","0","","40 19:58.907","6","0","80 00:02.704","0","0","0","0","2219","0","0","0","Y","0","0","0","5","02219","0","","1.0","36.0","1","N","N","N","0","","0","0","1","0","0","N","","2","0","0","0","0","0","0","2","0","2","","","","N","","","","","","","","","",""
"2021110391","1424","1","0","0","0","0","0","0","0","0","7","0","","02","11","2021","7","40.418233","-79.846814","1423","11","0","0","0","0","0","0","0","0","","0","0","0","","","0","","1","","40 25:05.637","7","0","79 50:48.530","9","0","0","0","2431","0","0","0","N","0","0","0","2","02431","0","","2.0","1645.0","1","N","N","N","0","","0","0","0","0","0","Y","","1","0","2","0","0","0","2","2","0","1","","","","N","","","","","","","","","",""
"2021109647","0006","2","0","0","0","0","0","0","0","0","4","0","","02","11","2021","5","40.458822","-79.972785","2357","11","0","0","0","0","0","0","0","0","","0","0","0","","","1","","1","","40 27:31.760","3","0","79 58:22.026","3","0","0","0","2301","0","0","0","N","0","0","0","3","02301","0","","1.0","40.0","9","N","N","N","0","","1","0","0","3","2","N","","2","1","0","0","0","0","0","2","0","2","","07","","N","","","","","","","","","",""
"2021111690","1444","2","0","0","0","0","0","0","0","0","1","0","","02","11","2021","3","40.619496","-80.083153","1444","11","0","0","0","0","0","0","1","0","","0","0","0","","","0","N","0","","40 37:10.187","3","0","80 04:59.352","0","0","0","0","2212","0","0","0","N","0","0","0","2","02505","0","","1.0","1518.0","1","N","N","N","0","","0","0","0","0","0","N","","2","0","0","0","0","0","0","2","0","2","","","","N","","","","","","","","","",""
"2021111672","1907","2","0","0","0","0","0","0","0","0","2","0","","02","11","2021","3","40.25531","-79.852368","1905","11","0","0","0","0","0","1","0","0","","0","0","0","","","1","","3","","40 15:19.117","5","0","79 51:08.524","4","0","0","0","2105","0","0","0","N","0","0","0","3","02105","1","","1.0","1950.0","1","N","N","N","0","","0","0","0","0","0","N","","2","1","0","0","0","0","0","1","0","2","","","","N","","","","","","","","","",""
"2021104997","1822","1","0","0","0","0","0","0","0","0","4","0","","02","10","2021","1","40.511572","-80.249665","1820","11","0","0","0","0","0","1","0","1","","0","0","0","","","0","N","2","","40 30:41.658","","0","80 14:58.795","0","0","0","0","2213","0","0","0","N","0","0","0","5","02213","0","","1.0","","1","N","N","N","0","","0","0","0","3","3","","","2","0","0","0","0","0","0","2","1","2","","","","N","","","","","","","","","",""
"2021104047","0712","1","0","0","0","0","0","0","0","0","1","0","","02","10","2021","6","40.352463","-80.050373","0705","11","0","1","0","0","0","0","0","0","","0","0","0","","","0","N","0","","40 21:08.867","","0","80 03:01.342","0","0","0","0","2109","0","0","0","N","0","0","0","2","02109","0","","1.0","","9","N","N","N","0","","0","0","1","0","0","","","2","0","0","0","0","0","0","2","0","2","","","","N","","","","","","","","","",""
"2021077126","1021","1","0","0","0","0","0","0","0","0","7","0","","02","8","2021","1","40.541037","-79.792354","1014","11","0","0","0","0","0","0","1","0","","0","0","0","","","0","N","0","","40 32:27.732","","0","79 47:32.474","0","0","0","0","2462","0","0","0","N","0","0","0","1","02462","0","","5.0","","1","N","N","N","0","","0","0","0","0","0","","","1","0","0","0","0","0","0","2","0","1","","03","","N","","","","","","","","","",""
"2021073988","1137","1","0","0","0","0","0","0","0","0","1","0","","02","8","2021","3","40.425643","-79.909754","1107","11","0","0","0","0","0","0","0","0","","0","0","0","","","2","N","0","","40 25:32.313","","0","79 54:35.115","3","0","0","0","2301","0","0","0","N","0","0","0","2","68B03","1","","1.0","","1","N","N","N","0","","1","0","1","0","0","","","2","2","0","0","0","0","0","2","0","2","","","","N","","","","","","","","","",""
"2021104211","1122","1","0","0","0","0","0","0","0","0","7","0","","02","10","2021","7","40.297571","-79.87686","1120","11","0","0","0","0","0","0","0","0","","0","0","0","","","0","N","0","","40 17:51.255","4","0","79 52:36.697","0","0","0","0","2302","0","0","0","N","0","0","0","1","02302","0","","4.0","10.0","9","N","N","N","0","","0","0","0","0","0","N","","1","0","0","0","0","0","0","2","0","1","","98","","N","","","","","","","","","",""
"2021074392","1435","0","0","0","0","0","0","0","0","0","1","0","","02","8","2021","2","40.425231","-80.030811","1411","11","0","0","0","0","0","1","0","0","","0","0","0","","","1","N","0","","40 25:30.831","3","0","80 01:50.919","3","0","0","0","2301","0","0","0","N","0","0","0","4","68B03","0","","1.0","1515.0","1","N","N","N","1","","1","0","3","0","0","N","","4","1","0","0","0","0","0","2","0","4","","","","N","","","","","","","","","",""
"2021112966","1911","1","0","0","0","0","0","0","0","0","7","0","","02","11","2021","6","40.472625","-79.819809","1910","11","0","0","0","0","0","0","0","0","","0","0","0","","","1","N","0","","40 28:21.450","3","0","79 49:11.311","3","0","0","0","2113","0","0","0","N","0","0","0","1","02113","0","","2.0","1945.0","1","N","N","N","0","","1","0","0","0","0","N","","1","1","0","0","0","0","0","2","0","1","","","","N","","","","","","","","","",""
"2021110569","1323","0","0","0","0","0","0","0","0","0","98","0","","02","11","2021","6","40.574658","-79.864567","1306","11","0","0","0","0","0","1","0","0","","0","0","0","","","0","N","0","","40 34:28.769","","0","79 51:52.440","0","0","0","0","2209","0","0","0","N","0","0","0","1","68T02","0","","1.0","","1","N","N","N","0","","0","0","1","0","0","","","1","0","0","0","0","0","0","2","0","1","","","","N","","","","","","","","","",""
"2021105856","2320","1","0","0","0","0","0","0","0","0","7","0","","02","10","2021","7","40.428698","-79.988579","2315","11","0","0","0","0","0","0","0","0","","0","0","0","","","3","N","1","","40 25:43.314","","0","79 59:18.885","8","0","0","0","2301","0","0","0","Y","0","0","0","3","02301","0","","4.0","","1","N","N","N","0","","0","0","0","3","2","","","1","3","0","0","0","3","0","2","0","1","","03","","N","","","","","","","","","",""
"2021107326","2140","0","0","0","0","0","0","0","0","0","7","0","","02","9","2021","6","40.260595","-79.850013","2140","11","0","0","0","0","0","0","0","0","","0","0","0","","","0","","11","","40 15:38.142","2","0","79 51:00.046","0","0","0","0","2105","0","0","0","N","0","0","0","1","02105","0","","5.0","100.0","1","N","N","N","1","","0","0","0","0","0","N","","1","0","0","0","0","0","0","1","0","1","","03","","N","","","","","","","","","",""
"2021108392","1132","0","0","0","0","0","0","0","0","0","7","0","","02","11","2021","3","40.42651","-79.973117","1122","11","0","0","0","0","0","0","1","0","","0","0","0","","","0","N","0","","40 25:35.436","","0","79 58:23.221","0","0","0","0","2301","0","0","0","N","0","0","0","1","02301","0","","4.0","","1","N","N","N","0","","0","0","1","0","0","","","1","0","0","0","0","0","0","2","0","1","","03","","N","","","","","","","","","",""
"2021067667","1515","1","0","0","0","0","0","0","0","0","7","0","","02","7","2021","4","40.461316","-80.002635","1510","11","0","0","0","0","0","0","0","0","","0","0","0","","","1","N","2","","40 27:40.738","","0","80 00:09.487","8","0","0","0","2301","0","0","0","N","0","0","0","1","02301","0","","5.0","","1","N","N","N","0","","0","0","0","0","0","","","1","1","1","0","0","1","0","2","0","1","","03","","N","","","","","","","","","",""
"2021105727","1211","1","0","0","0","0","0","0","0","0","7","0","","02","10","2021","1","40.495732","-80.000538","1211","11","0","0","0","0","0","0","0","0","","0","0","0","","","0","N","1","","40 29:44.635","","0","80 00:01.937","0","0","0","0","2116","0","0","0","N","0","0","0","1","02116","0","","5.0","","9","","","N","0","","0","0","0","3","3","","","1","0","0","0","0","0","0","2","0","1","","","","N","","","","","","","","","",""
"2021107330","1700","1","0","0","0","0","0","0","0","0","7","0","","02","10","2021","5","40.370856","-79.801907","1654","11","0","1","0","0","0","0","0","0","","0","0","0","","","1","N","0","","40 22:15.081","5","0","79 48:06.864","8","0","0","0","2111","0","0","0","N","0","0","0","1","02111","0","","5.0","1800.0","1","N","N","N","0","","0","0","0","0","0","N","","1","1","1","0","0","1","0","2","0","1","","03","","N","","","","","","","","","",""
"2021072371","1128","0","0","0","0","0","0","0","0","0","4","0","","02","8","2021","4","40.532116","-79.712779","1121","11","0","0","0","0","0","0","0","0","","0","0","0","","","1","","1","","40 31:55.616","6","0","79 42:46.006","3","0","0","0","2466","0","0","0","N","0","0","0","3","02466","0","","1.0","1201.0","1","N","N","N","0","","1","0","2","3","3","N","","2","1","0","0","0","0","0","1","0","2","","","","N","","","","","","","","","",""
"2021041437","2110","0","0","0","0","0","0","0","0","0","0","0","","02","5","2021","6","40.444116","-80.029515","2105","11","0","0","0","0","0","0","0","0","","0","0","0","","","1","","3","","40 26:38.817","2","0","80 01:46.253","3","0","0","1","2301","0","0","0","N","0","0","0","1","02301","0","","1.0","2200.0","1","N","N","N","0","","1","0","0","0","0","N","","1","1","0","0","0","0","0","2","0","1","","04","","N","","","","","","","","","",""
"2021104092","1326","2","0","0","0","0","0","0","0","0","4","0","","02","10","2021","6","40.345346","-79.97297","1324","11","0","0","0","0","0","1","0","0","","0","0","0","","","1","N","0","","40 20:43.244","2","7","79 58:22.691","4","0","0","0","2403","0","0","0","N","0","0","0","4","02403","1","","1.0","1428.0","1","N","N","N","0","","0","0","0","0","0","Y","","2","1","0","0","0","0","0","2","0","2","","03","","N","","","","","","","","","",""
"2021073371","1035","1","0","0","0","0","0","0","0","0","1","0","","02","8","2021","3","40.348469","-79.94417","1032","11","0","0","0","1","0","0","0","0","","0","0","0","","","0","N","2","","40 20:54.487","","2","79 56:39.013","0","0","0","0","2473","0","0","0","N","0","0","0","2","02473","0","","7.0","","1","N","N","N","0","","0","0","1","3","4","","","2","0","0","0","0","0","0","2","0","2","","03","","N","","","","","","","","","",""
"2021071214","1805","1","0","0","0","0","0","0","0","0","7","0","","02","7","2021","7","40.373655","-79.844859","1805","11","0","0","1","0","0","0","0","0","","0","0","0","","","1","N","1","","40 22:25.157","5","0","79 50:41.491","3","0","0","0","2303","0","0","0","N","0","0","0","1","02303","0","","5.0","1837.0","1","N","N","N","0","","1","0","0","0","0","Y","","1","1","0","0","0","0","0","2","0","1","","","","N","","","","","","","","","",""
"2021106745","0140","1","0","0","0","0","0","0","0","0","8","0","","02","10","2021","1","40.428484","-79.975716","0140","11","0","0","0","0","0","0","0","0","","0","0","0","","","1","N","1","","40 25:42.541","","0","79 58:32.577","3","0","0","0","2301","1","0","0","N","1","0","0","2","02301","0","","1.0","","1","N","N","N","0","","1","0","0","3","2","N","","2","1","0","0","0","0","1","2","0","1","","","","N","","","","","","","","","",""
"2021071438","0827","1","0","0","0","0","0","0","0","0","4","0","","02","8","2021","2","40.440519","-80.238481","0823","11","0","0","0","0","0","0","0","0","","0","0","0","","","0","","1","","40 26:25.870","3","0","80 14:18.530","0","0","0","0","2214","0","0","0","N","0","0","0","2","02214","0","","1.0","845.0","1","N","N","N","0","","0","0","1","3","3","N","","2","0","0","0","0","0","0","2","0","2","","","","N","","","","","","","","","",""
"2021073875","2330","1","0","0","0","0","0","0","0","0","4","0","","02","8","2021","1","40.410061","-80.080742","2328","11","0","0","0","0","0","0","0","0","","0","0","0","","","0","","1","","40 24:36.218","2","2","80 04:50.671","0","0","0","0","2415","0","0","0","N","0","0","0","2","02415","0","","1.0","21.0","1","N","N","N","0","","0","0","1","3","3","Y","","2","0","0","0","0","0","0","2","0","2","","03","","N","","","","","","","","","",""
"2021111029","1557","0","0","0","0","0","0","0","0","0","7","1","","02","11","2021","2","40.444889","-79.992361","1553","11","0","0","0","0","0","0","0","0","","0","1","0","","","0","N","0","","40 26:41.600","2","1","79 59:32.500","0","0","0","0","2301","0","0","0","N","0","0","0","1","02503","0","","5.0","2000.0","1","N","N","N","0","","0","0","0","0","0","Y","","1","0","0","0","0","0","0","2","0","1","","03","","N","","","","","","","","","",""
"2021072655","0611","0","0","1","0","0","0","0","0","0","7","0","","02","8","2021","4","40.411833","-79.999278","0607","11","0","0","0","0","0","0","0","0","","0","0","0","","","3","N","0","","40 24:42.600","","0","79 59:57.400","2","0","0","0","2301","0","0","0","N","0","0","0","3","02301","1","","5.0","","1","N","N","N","0","","0","2","0","0","0","","","1","3","1","0","1","0","0","2","1","1","","03","","N","","","","","","","","","",""
"2021108505","1535","1","0","0","0","0","0","0","0","0","5","0","","02","11","2021","2","40.29684","-79.919496","1533","11","0","0","0","0","0","1","1","0","","0","0","0","","","0","","2","","40 17:48.623","","0","79 55:10.187","0","0","0","0","2440","0","0","0","N","0","0","0","4","02440","0","","1.0","","1","N","N","N","1","","0","0","1","3","2","","","3","0","0","0","0","0","0","2","0","3","","","","N","","","","","","","","","",""
"2021104109","1003","2","0","0","0","0","0","0","0","0","5","0","","02","10","2021","6","40.440493","-79.960229","0955","11","0","0","0","0","0","1","0","0","","0","0","0","","","1","N","1","","40 26:25.775","2","0","79 57:36.823","8","0","0","0","2301","0","0","0","N","0","0","0","2","02301","0","","1.0","1100.0","9","N","N","N","0","","0","0","0","3","2","Y","","2","1","0","0","0","1","0","2","0","2","","07","","N","","","","","","","","","",""
"2021104461","1215","0","0","0","0","0","0","0","0","0","7","0","","02","10","2021","7","40.554888","-80.220499","1215","11","0","0","0","0","0","0","0","0","","0","0","0","","","0","N","2","","40 33:17.597","2","0","80 13:13.798","0","0","0","0","2103","0","0","0","N","0","0","0","6","02103","0","","4.0","1300.0","9","N","N","N","0","","0","0","0","0","0","N","","1","0","0","0","0","0","0","2","1","1","","","","N","","","","","","","","","",""
"2021112208","2046","1","0","0","0","0","0","0","0","0","7","0","","02","11","2021","4","40.4506","-80.018615","2043","11","0","0","0","0","0","1","0","0","","0","0","0","","","1","N","1","","40 27:02.160","1","0","80 01:07.013","3","0","0","0","2301","0","0","0","N","0","0","0","1","02301","0","","5.0","2115.0","1","N","N","N","0","","1","0","0","0","0","Y","","1","1","0","0","0","0","0","2","0","1","","03","","N","","","","","","","","","",""
"2021075803","0043","2","0","0","0","0","0","0","0","0","4","0","","02","8","2021","6","40.605444","-79.745167","0040","11","0","0","0","0","0","0","0","0","","0","0","0","","","0","N","0","","40 36:19.600","6","0","79 44:42.600","0","0","0","0","2409","0","0","0","N","0","0","0","1","02409","0","","4.0","125.0","1","N","N","N","0","","0","0","0","0","0","N","","2","0","0","0","0","0","0","2","0","2","","","","N","","","","","","","","","",""
"2021104082","0223","1","0","0","0","0","0","0","0","0","4","0","","02","10","2021","7","40.429138","-79.986447","0223","11","0","0","0","0","0","0","0","0","","0","0","0","","","1","N","2","","40 25:44.895","","0","79 59:11.209","3","0","0","0","2301","0","0","0","N","0","0","0","2","02301","0","","1.0","","1","N","N","N","0","","1","0","1","3","3","","","2","1","0","0","0","0","0","2","0","2","","03","","N","","","","","","","","","",""
"2021104970","1632","1","0","0","0","0","0","0","0","0","1","0","","02","10","2021","1","40.406438","-79.829926","1628","11","0","0","0","0","0","1","0","0","","0","0","0","","","3","N","1","","40 24:23.178","","0","79 49:47.732","3","0","0","0","2467","0","0","0","N","0","0","0","3","02467","0","","1.0","","1","N","N","N","0","","1","0","1","3","2","","","2","3","0","0","0","2","0","2","0","2","","","","N","","","","","","","","","",""
"2021111730","0119","1","0","0","0","0","0","0","0","0","4","1","","02","11","2021","6","40.341395","-79.965384","0114","11","0","0","0","0","0","1","0","0","","0","1","0","","","0","","6","","40 20:29.022","4","2","79 57:55.383","0","0","0","0","2454","0","0","0","N","0","0","0","2","02454","0","","7.0","208.0","9","N","N","N","0","","0","0","0","3","3","Y","","2","0","0","0","0","0","0","2","0","2","","","","N","","","","","","","","","",""
"2021111339","0728","2","0","0","0","0","0","0","0","0","2","0","","02","11","2021","3","40.417076","-80.020421","0723","11","0","0","0","0","0","1","0","0","","0","0","0","","","2","Y","0","","40 25:01.473","","0","80 01:13.515","3","0","0","0","2301","0","0","0","N","0","0","0","3","02301","0","","1.0","","1","N","Y","N","0","","1","0","0","0","0","","","2","2","1","0","0","1","0","2","0","2","","03","","N","","","","","","","","","",""
"2021117774","1930","1","0","0","0","0","0","0","0","0","4","0","","02","12","2021","5","40.446171","-80.009903","1925","11","0","0","0","0","0","0","0","0","","0","0","0","","","0","","2","","40 26:46.216","","1","80 00:35.652","0","0","0","0","2301","0","0","0","N","0","0","0","2","02301","0","","1.0","","1","N","N","N","0","","0","0","1","3","3","","","2","0","0","0","0","0","0","2","0","2","","04","","N","","","","","","","","","",""
"2021104010","2228","0","0","0","0","0","0","0","0","0","1","0","","02","10","2021","6","40.446011","-80.237553","2224","11","0","0","1","0","0","1","0","0","","0","0","0","","","0","N","0","","40 26:45.640","3","7","80 14:15.190","0","0","0","0","2214","0","0","0","N","0","0","0","4","02214","0","","1.0","2330.0","1","N","N","N","1","","0","0","1","0","0","N","","2","0","0","0","0","0","0","2","0","2","","","","N","","","","","","","","","",""
"2021083154","2024","0","0","0","0","0","0","0","0","0","8","0","","02","9","2021","6","40.466636","-79.928807","2019","11","0","0","0","0","0","0","0","0","","0","0","0","","","1","N","2","","40 27:59.889","","0","79 55:43.705","8","0","0","0","2301","1","0","0","N","1","0","0","2","02301","0","","1.0","","1","N","N","N","0","","0","0","0","0","0","","","2","1","0","0","0","1","0","2","0","1","","03","","N","","","","","","","","","",""
"2021072981","2316","0","0","0","0","0","0","0","0","0","2","0","","02","8","2021","3","40.435361","-80.012944","2312","11","0","0","0","0","0","1","0","0","","0","0","0","","","1","N","1","","40 26:07.300","","0","80 00:46.600","2","0","1","1","2301","0","0","0","N","0","0","0","2","02301","0","","1.0","","1","N","N","N","0","","0","1","0","3","2","","","2","1","0","0","0","0","0","2","1","2","","03","","N","","","","","","","","","",""
"2021074608","1724","0","0","0","0","0","0","0","0","0","7","0","","02","8","2021","3","40.474849","-80.013919","1715","11","0","0","0","0","0","0","0","0","","0","0","0","","","0","N","0","","40 28:29.456","3","0","80 00:50.109","0","0","0","0","2301","0","0","0","N","0","0","0","1","02301","0","","2.0","1800.0","1","N","N","N","0","","0","0","1","0","0","N","","1","0","0","0","0","0","0","2","0","1","","03","","N","","","","","","","","","",""
"2021110485","0920","2","0","0","0","0","0","0","0","0","4","0","","02","11","2021","7","40.538573","-80.050237","0915","11","0","0","1","0","0","0","0","0","","0","0","0","","","2","","1","","40 32:18.863","","0","80 03:00.854","3","0","0","0","2116","0","0","0","N","0","0","0","4","02116","0","","1.0","","9","N","N","N","0","","2","0","0","3","2","N","","2","2","0","0","0","0","0","2","0","2","","","","N","","","","","","","","","",""
"2021110587","2028","1","0","0","0","0","0","0","0","0","7","0","","02","11","2021","7","40.421985","-79.842968","2027","11","0","0","0","0","0","0","0","0","","0","0","0","","","1","N","0","","40 25:19.147","3","0","79 50:34.685","3","0","0","0","2431","0","0","0","N","0","0","0","1","02431","0","","5.0","2050.0","1","N","N","N","0","","1","0","0","0","0","Y","","1","1","1","0","0","0","0","2","0","1","","","","N","","","","","","","","","",""
"2021085311","0423","1","0","0","0","0","0","0","0","0","7","0","","02","8","2021","1","40.473605","-80.172688","0423","11","1","0","0","0","0","0","0","0","","0","0","0","","","4","","3","","40 28:24.977","","0","80 10:21.675","2","0","0","0","2213","0","0","0","N","0","0","0","6","02213","0","","4.0","","1","N","N","N","0","","3","1","0","0","0","","","1","4","4","0","1","0","0","2","0","1","","","","N","","","","","","","","","",""
"2021112845","1630","1","0","0","0","0","0","0","0","0","7","0","","02","11","2021","6","40.431623","-80.052997","1625","11","0","0","0","0","0","0","0","0","","0","0","0","","","0","N","0","","40 25:53.842","6","0","80 03:10.788","0","0","0","0","2301","0","0","0","N","0","0","0","1","02301","0","","5.0","1649.0","1","N","N","N","0","","0","0","0","0","0","Y","","1","0","0","0","0","0","0","2","0","1","","03","","N","","","","","","","","","",""
"2021110107","0223","2","0","0","0","0","0","0","0","0","4","0","","02","11","2021","7","40.458244","-79.896276","0223","11","0","0","0","0","0","0","0","0","","0","0","0","","","1","N","0","","40 27:29.679","7","0","79 53:46.594","8","0","0","0","2301","0","0","0","N","0","0","0","1","02301","0","","4.0","350.0","9","N","N","N","0","","0","0","0","0","0","N","","2","1","0","0","0","1","0","2","0","2","","04","","N","","","","","","","","","",""
"2021073668","0904","0","0","0","0","0","0","0","0","0","7","0","","02","8","2021","1","40.408433","-80.017819","0900","11","0","0","0","0","0","0","0","0","","0","0","0","","","0","","2","","40 24:30.358","","0","80 01:04.149","0","0","0","0","2301","0","0","0","N","0","0","0","2","02301","0","","4.0","","1","N","N","N","1","","0","0","1","3","2","","","2","0","0","0","0","0","0","2","0","2","","03","","N","","","","","","","","","",""
"2021110302","0411","1","0","0","0","0","0","0","0","0","7","0","","02","10","2021","2","40.429355","-79.942489","0354","11","0","0","0","0","0","0","0","0","","0","0","0","","","0","N","0","","40 25:45.677","3","0","79 56:32.959","0","0","0","0","2301","0","0","0","N","0","0","0","1","68B03","0","","4.0","430.0","1","N","N","N","0","","0","0","0","0","0","N","","1","0","0","0","0","0","0","2","0","1","","03","","N","","","","","","","","","",""
"2021073888","1810","0","0","0","0","0","0","0","0","0","98","0","","02","8","2021","2","40.522271","-80.034395","1807","11","0","0","0","0","0","1","0","0","","0","0","0","","","1","","1","","40 31:20.176","","0","80 02:03.821","3","0","0","1","2474","0","0","0","N","0","0","0","1","02474","0","","1.0","","1","N","N","N","0","","1","0","0","3","2","","","1","1","0","0","0","0","0","2","0","1","","","","N","","","","","","","","","",""
"2021104516","1108","1","0","0","0","0","0","0","0","0","2","0","","02","10","2021","1","40.344412","-79.88407","1108","11","0","0","0","0","0","0","0","0","","0","0","0","","","1","N","3","","40 20:39.883","","0","79 53:02.651","3","0","0","0","2433","0","0","0","Y","0","0","0","2","02433","0","","1.0","","1","N","N","N","0","","1","0","1","0","0","","","2","1","0","0","0","0","0","2","0","2","","04","","N","","","","","","","","","",""
"2021074904","1846","1","0","0","0","0","0","0","0","0","1","0","","02","8","2021","4","40.451509","-79.908149","1835","11","0","0","0","0","0","0","0","0","","0","0","0","","","2","","1","","40 27:05.432","4","0","79 54:29.335","4","0","0","0","2301","0","0","0","N","0","0","0","3","02301","2","","1.0","1920.0","1","N","N","N","0","","0","0","1","3","2","N","","3","2","1","0","0","0","0","2","0","2","","04","","N","","","","","","","","","",""
"2021072290","1340","1","0","0","0","0","0","0","0","0","7","0","","02","8","2021","3","40.524806","-79.782806","1332","11","0","0","0","0","0","0","0","0","","0","0","0","","","0","N","0","","40 31:29.300","1","0","79 46:58.100","9","0","0","0","2466","0","0","0","N","0","0","0","2","02466","0","","2.0","1358.0","1","N","N","N","0","","0","0","0","0","0","N","","1","0","0","0","0","0","2","2","0","1","","","","N","","","","","","","","","",""
"2021103660","0742","2","0","0","0","0","0","0","0","0","4","0","","02","10","2021","6","40.441011","-79.985989","0736","11","0","0","0","0","0","0","0","0","","0","0","0","","","0","N","1","","40 26:27.639","","0","79 59:09.561","0","0","0","0","2301","0","0","0","N","0","0","0","4","02301","0","","1.0","","9","N","N","N","0","","0","0","0","1","2","","","2","0","0","0","0","0","0","2","0","2","","04","","N","","","","","","","","","",""