"CRN","ARRIVAL_TM","AUTOMOBILE_COUNT","BELTED_DEATH_COUNT","BELTED_SUSP_SERIOUS_INJ_COUNT","BICYCLE_COUNT","BICYCLE_DEATH_COUNT","BICYCLE_SUSP_SERIOUS_INJ_COUNT","BUS_COUNT","CHLDPAS_DEATH_COUNT","CHLDPAS_SUSP_SERIOUS_INJ_COUNT","COLLISION_TYPE","COMM_VEH_COUNT","CONS_ZONE_SPD_LIM","COUNTY","CRASH_MONTH","CRASH_YEAR","DAY_OF_WEEK","DEC_LATITUDE","DEC_LONGITUDE","DISPATCH_TM","DISTRICT","DRIVER_COUNT_16YR","DRIVER_COUNT_17YR","DRIVER_COUNT_18YR","DRIVER_COUNT_19YR","DRIVER_COUNT_20YR","DRIVER_COUNT_50_64YR","DRIVER_COUNT_65_74YR","DRIVER_COUNT_75PLUS","EST_HRS_CLOSED","FATAL_COUNT","HEAVY_TRUCK_COUNT","HORSE_BUGGY_COUNT","HOUR_OF_DAY","ILLUMINATION","INJURY_COUNT","INTERSECTION_RELATED","INTERSECT_TYPE","LANE_CLOSED","LATITUDE","LN_CLOSE_DIR","LOCATION_TYPE","LONGITUDE","MAX_SEVERITY_LEVEL","MCYCLE_DEATH_COUNT","MCYCLE_SUSP_SERIOUS_INJ_COUNT","MOTORCYCLE_COUNT","MUNICIPALITY","NONMOTR_COUNT","NONMOTR_DEATH_COUNT","NONMOTR_SUSP_SERIOUS_INJ_COUNT","NTFY_HIWY_MAINT","PED_COUNT","PED_DEATH_COUNT","PED_SUSP_SERIOUS_INJ_COUNT","PERSON_COUNT","POLICE_AGCY","POSSIBLE_INJ_COUNT","RDWY_SURF_TYPE_CD","RELATION_TO_ROAD","ROADWAY_CLEARED","ROAD_CONDITION","SCH_BUS_IND","SCH_ZONE_IND","SECONDARY_CRASH","SMALL_TRUCK_COUNT","SPEC_JURIS_CD","SUSP_MINOR_INJ_COUNT","SUSP_SERIOUS_INJ_COUNT","SUV_COUNT","TCD_FUNC_CD","TCD_TYPE","TFC_DETOUR_IND","TIME_OF_DAY","TOTAL_UNITS","TOT_INJ_COUNT","UNBELTED_OCC_COUNT","UNB_DEATH_COUNT","UNB_SUSP_SERIOUS_INJ_COUNT","UNK_INJ_DEG_COUNT","UNK_INJ_PER_COUNT","URBAN_RURAL","VAN_COUNT","VEHICLE_COUNT","WEATHER1","WEATHER2","WORKERS_PRES","WORK_ZONE_IND","WORK_ZONE_LOC","WORK_ZONE_TYPE","WZ_CLOSE_DETOUR","WZ_FLAGGER","WZ_LAW_OFFCR_IND","WZ_LN_CLOSURE","WZ_MOVING","WZ_OTHER","WZ_SHLDER_MDN","WZ_WORKERS_INJ_KILLED"
"2021045222","0246","0","0","0","0","0","0","0","0","0","7","0","","02","5","2021","4","40.454909","-80.029528","0244","11","0","0","0","0","0","0","0","0","","0","0","0","","","3","N","7","","40 27:17.673","6","0","80 01:46.301","3","0","0","0","2301","0","0","0","N","0","0","0","4","02301","0","","5.0","340.0","1","N","N","N","0","","2","0","0","","0","Y","","1","3","0","0","0","1","0","2","1","1","","03","","N","","","","","","","","","",""
"2021086139","1601","2","0","0","0","0","0","0","0","0","4","0","","02","9","2021","2","40.456943","-79.998835","1552","11","0","0","0","0","0","0","1","0","","0","0","0","","","1","N","1","","40 27:24.996","","0","79 59:55.807","3","0","0","0","2301","0","0","0","N","0","0","0","3","02301","0","","1.0","","1","N","N","N","0","","1","0","0","","2","","","2","1","0","0","0","0","0","2","0","2","","03","","N","","","","","","","","","",""
"2021088220","1928","0","0","0","0","0","0","0","0","0","7","0","45","02","9","2021","5","40.494381","-79.90912","1914","11","0","0","0","0","0","0","1","0","","0","0","0","","","1","N","7","","40 29:39.772","","8","79 54:32.832","3","0","0","0","2461","0","0","0","Y","0","0","0","1","68D02","0","","3.0","","1","N","N","N","0","","1","0","1","","0","","","1","1","0","0","0","0","0","2","0","1","","","Y","Y","4","1","N","N","N","Y","N","N","Y","N"
"2021091714","2019","0","0","0","0","0","0","0","0","0","4","0","","02","9","2021","5","40.305245","-80.03919","2017","11","0","0","0","0","0","0","0","0","","0","0","0","","","0","N","0","","40 18:18.883","","0","80 02:21.085","0","0","0","0","2407","0","0","0","N","0","0","0","1","02407","0","","1.0","","1","N","N","N","0","","0","0","2","","0","","","2","0","0","0","0","0","0","2","0","2","","","","N","","","","","","","","","",""
"2021105846","1526","0","0","0","0","0","0","0","0","0","4","0","","02","11","2021","4","40.351693","-79.863227","1523","11","0","0","0","0","0","0","0","0","","0","0","0","","","2","","1","","40 21:06.093","3","0","79 51:47.618","3","0","0","0","2304","0","0","0","N","0","0","0","3","02304","0","","1.0","1555.0","1","N","N","N","0","","2","0","2","","2","N","","2","2","0","0","0","0","0","2","0","2","","","","N","","","","","","","","","",""
"2021079190","1307","1","0","0","0","0","0","0","0","0","4","0","","02","8","2021","5","40.465387","-80.053522","1305","11","0","0","1","0","0","0","0","0","","0","0","0","","","0","","9","","40 27:55.393","7","0","80 03:12.679","0","0","0","0","2444","0","0","0","N","0","0","0","1","02444","0","","4.0","1412.0","1","N","N","N","0","","0","0","0","","5","Y","","2","0","0","0","0","0","0","2","0","1","","","","N","","","","","","","","","",""
"2021084361","0935","1","0","0","0","0","0","0","0","0","4","0","","02","9","2021","6","40.331276","-80.052771","0930","11","0","0","1","0","0","0","0","1","","0","0","0","","","0","","2","","40 19:52.594","","0","80 03:09.976","0","0","0","0","2407","0","0","0","N","0","0","0","2","02407","0","","1.0","","1","N","N","N","0","","0","0","1","","3","","","2","0","0","0","0","0","0","2","0","2","","","","N","","","","","","","","","",""
"2021122998","2332","2","0","0","0","0","0","0","0","0","4","0","","02","12","2021","6","40.425783","-80.019901","2330","11","0","0","0","0","0","0","0","0","","0","0","0","","","0","N","1","","40 25:32.817","","0","80 01:11.642","0","0","0","0","2301","0","0","0","N","0","0","0","3","02301","0","","1.0","","1","N","N","N","0","","0","0","0","","2","Y","","2","0","0","0","0","0","0","2","0","2","","03","","N","","","","","","","","","",""
"2021084059","1410","1","0","0","0","0","0","0","0","0","4","0","","02","9","2021","3","40.463448","-79.930711","1401","11","0","0","0","0","0","0","1","0","","0","0","0","","","0","N","1","","40 27:48.412","","0","79 55:50.559","0","0","0","0","2301","0","0","0","N","0","0","0","2","02301","0","","1.0","","1","N","N","N","0","","0","0","1","","2","","","2","0","0","0","0","0","0","2","0","2","","","","N","","","","","","","","","",""
"2021118155","1524","1","0","0","0","0","0","0","0","0","7","0","","02","12","2021","6","40.455844","-80.00435","1520","11","0","0","0","0","0","0","0","0","","0","0","0","","","0","Y","0","","40 27:21.040","3","0","80 00:15.660","0","0","0","0","2301","0","0","0","N","0","0","0","1","02301","0","","1.0","1551.0","1","N","N","N","0","","0","0","0","","0","Y","","1","0","0","0","0","0","0","2","0","1","","03","","N","","","","","","","","","",""
"2021120151","1310","1","0","0","0","0","0","0","0","0","1","0","","02","12","2021","7","40.429247","-79.999266","1300","11","0","0","0","0","0","1","0","0","","0","0","0","","","1","","1","","40 25:45.290","2","0","79 59:57.359","8","0","0","0","2301","0","0","0","N","0","0","0","5","02301","0","","1.0","1345.0","1","N","N","N","1","","0","0","0","","2","N","","2","1","0","0","0","1","0","2","0","2","","","","N","","","","","","","","","",""
"2021118582","1407","1","0","0","0","0","0","0","0","0","1","0","","02","12","2021","7","40.449249","-79.901434","1400","11","0","0","0","0","0","1","0","0","","0","0","0","","","0","N","1","","40 26:57.297","4","0","79 54:05.161","0","0","0","0","2301","0","0","0","N","0","0","0","4","02301","0","","1.0","1455.0","1","N","N","N","0","","0","0","1","","1","Y","","2","0","0","0","0","0","0","2","0","2","","","","N","","","","","","","","","",""
"2021101965","1703","0","0","0","0","0","0","0","0","0","1","0","","02","9","2021","5","40.440523","-80.156066","1659","11","0","0","0","0","0","0","1","0","","0","0","0","","","0","N","0","","40 26:25.884","3","0","80 09:21.838","0","0","0","0","2115","0","0","0","N","0","0","0","3","68B03","0","","1.0","1710.0","1","N","N","N","1","","0","0","2","","0","N","","3","0","0","0","0","0","0","2","0","3","","03","","N","","","","","","","","","",""
"2021088372","0321","3","0","0","0","0","0","0","0","0","1","0","","02","9","2021","1","40.450219","-79.900589","0315","11","0","0","0","0","0","0","0","0","","0","0","0","","","0","N","0","","40 27:00.790","","0","79 54:02.122","0","0","0","0","2301","0","0","0","N","0","0","0","1","02301","0","","4.0","","1","N","N","N","0","","0","0","0","","0","","","3","0","0","0","0","0","0","2","0","3","","03","","N","","","","","","","","","",""
"2021083948","1100","2","0","0","0","0","0","0","0","0","2","0","","02","9","2021","6","40.579516","-80.220547","1058","11","0","0","0","0","1","0","0","0","","0","0","0","","","2","N","3","","40 34:46.258","5","0","80 13:13.970","3","0","0","0","2441","0","0","0","N","0","0","0","4","02441","0","","1.0","1129.0","1","N","N","N","0","","2","0","0","","4","Y","","2","2","0","0","0","0","0","2","0","2","","03","","N","","","","","","","","","",""
"2021098464","1425","2","0","0","0","0","0","0","0","0","2","0","","02","10","2021","7","40.453935","-79.979849","1420","11","0","0","0","0","0","0","0","0","","0","0","0","","","0","N","1","","40 27:14.165","","0","79 58:47.456","0","0","0","0","2301","0","0","0","N","0","0","0","3","02301","0","","1.0","","1","N","N","N","0","","0","0","0","","3","","","2","0","0","0","0","0","0","2","0","2","","04","","N","","","","","","","","","",""
"2021083169","2300","1","0","0","0","0","0","0","0","0","4","0","","02","9","2021","6","40.453609","-79.915354","2258","11","0","0","0","0","0","1","0","1","","0","0","0","","","0","","1","","40 27:12.994","","0","79 54:55.273","0","0","0","0","2301","0","0","0","N","0","0","0","3","02301","0","","1.0","","1","N","N","N","0","","0","0","1","","2","","","2","0","0","0","0","0","0","2","0","2","","03","","N","","","","","","","","","",""
"2021087474","0115","1","0","0","0","0","0","0","0","0","7","0","","02","9","2021","6","40.470687","-80.010219","0110","11","0","0","0","0","0","0","0","0","","0","0","0","","","1","N","0","","40 28:14.474","","0","80 00:36.790","3","0","0","0","2301","0","0","0","N","0","0","0","1","02301","0","","5.0","","1","N","N","N","0","","1","0","0","","0","","","1","1","1","0","0","0","0","2","0","1","","03","","N","","","","","","","","","",""
"2021085318","2140","0","0","0","0","0","0","0","0","0","4","0","","02","9","2021","6","40.506721","-80.223204","2135","11","0","0","1","0","0","1","0","0","","0","0","0","","","3","N","0","","40 30:24.196","5","7","80 13:23.536","4","0","0","0","2213","0","0","0","N","0","0","0","3","02213","2","","1.0","2220.0","1","N","N","N","1","","0","0","1","","0","N","","2","3","0","0","0","1","0","2","0","2","","03","","N","","","","","","","","","",""
"2021084272","2052","1","0","0","0","0","0","0","0","0","1","0","","02","9","2021","5","40.52885","-79.850142","2047","11","0","0","0","0","0","0","0","0","","0","0","0","","","1","","2","","40 31:43.859","4","3","79 51:00.512","8","0","0","0","2208","0","0","0","N","0","0","0","4","02208","0","","1.0","2118.0","1","N","N","N","0","","0","0","1","","2","N","","2","1","0","0","0","1","0","2","0","2","","03","","N","","","","","","","","","",""
"2021121155","1638","0","0","0","0","0","0","0","0","0","0","0","","02","12","2021","7","40.595333","-79.800528","1627","11","0","0","0","0","0","0","0","0","","0","0","0","","","0","N","0","","40 35:43.200","3","0","79 48:01.900","0","0","0","0","2206","0","0","0","N","0","0","0","2","02206","0","","1.0","1709.0","9","N","N","N","0","","0","0","1","","0","Y","","1","0","0","0","0","0","0","1","0","1","","","","N","","","","","","","","","",""
"2021083753","1922","0","0","0","0","0","0","0","0","0","7","0","","02","9","2021","6","40.395013","-80.034227","1921","11","0","0","0","0","0","0","0","0","","0","0","0","","","0","","2","","40 23:42.047","","0","80 02:03.217","0","0","0","0","2422","0","0","0","N","0","0","0","1","02422","0","","2.0","","1","N","N","N","0","","0","0","1","","2","","","1","0","1","0","0","0","0","2","0","1","","03","","N","","","","","","","","","",""
"2021118195","1740","3","0","0","0","0","0","0","0","0","4","0","","02","12","2021","6","40.456696","-79.936012","1733","11","0","0","0","0","0","1","0","0","","0","0","0","","","0","N","0","","40 27:24.106","7","0","79 56:09.643","9","0","0","0","2301","0","0","0","N","0","0","0","4","02301","0","","1.0","1800.0","1","N","N","Y","0","","0","0","1","","0","Y","","4","0","1","0","0","0","1","2","0","4","","","","N","","","","","","","","","",""
"2021085449","0143","1","0","0","0","0","0","0","0","0","7","0","","02","9","2021","6","40.439989","-79.94321","0139","11","0","0","0","0","0","0","0","0","","0","0","0","","","0","N","0","","40 26:23.962","","0","79 56:35.557","9","0","0","0","2301","0","0","0","N","0","0","0","1","02301","0","","5.0","","1","N","N","N","0","","0","0","0","","0","","","1","0","0","0","0","0","1","2","0","1","","03","","N","","","","","","","","","",""
"2021118783","0155","0","0","0","0","0","0","0","0","0","7","0","","02","12","2021","1","40.435844","-79.994793","0127","11","0","0","0","0","0","0","0","0","","0","0","0","","","1","","2","","40 26:09.038","7","8","79 59:41.255","2","0","1","1","2301","0","0","0","N","0","0","0","1","02301","0","","1.0","235.0","1","N","N","N","0","","0","1","0","","0","Y","","1","1","0","0","0","0","0","2","0","1","","","","N","","","","","","","","","",""
"2021085082","1816","2","0","0","0","0","0","0","0","0","4","0","","02","9","2021","5","40.450952","-79.900096","1814","11","0","0","0","0","0","1","0","0","","0","0","0","","","1","","1","","40 27:03.427","2","0","79 54:00.345","3","0","0","0","2301","0","0","0","N","0","0","0","8","02301","0","","1.0","1917.0","1","N","N","N","0","","1","0","0","","2","N","","2","1","0","0","0","0","0","2","0","2","","","","N","","","","","","","","","",""
"2021107159","2244","2","0","0","0","0","0","0","0","0","6","0","","02","11","2021","6","40.445006","-80.041616","2244","11","0","0","0","0","0","0","0","0","","0","0","0","","","0","N","2","","40 26:42.021","","0","80 02:29.817","0","0","0","0","2301","0","0","0","N","0","0","0","2","02301","0","","1.0","","1","N","N","N","0","","0","0","0","","0","","","2","0","0","0","0","0","0","2","0","2","","03","","N","","","","","","","","","",""
"2021118201","1801","1","0","0","0","0","0","0","0","0","4","0","","02","12","2021","6","40.428731","-79.987203","1801","11","0","0","0","0","0","0","0","0","","0","0","0","","","1","N","1","","40 25:43.431","1","0","79 59:13.931","4","0","0","0","2301","0","0","0","Y","0","0","0","3","02301","1","","1.0","1836.0","9","N","N","N","0","","0","0","1","","3","N","","2","1","0","0","0","0","0","2","0","2","","03","","N","","","","","","","","","",""
"2021065855","2328","1","0","0","0","0","0","0","0","0","7","0","","02","7","2021","4","40.382119","-80.084409","2325","11","0","0","0","0","0","0","0","0","","0","0","0","","","0","N","0","","40 22:55.629","6","0","80 05:03.873","0","0","0","0","2117","0","0","0","N","0","0","0","1","02117","0","","4.0","800.0","1","N","N","N","0","","0","0","0","","0","Y","","1","0","0","0","0","0","0","2","0","1","","","","N","","","","","","","","","",""
"2021122339","1622","0","0","0","0","0","0","0","0","0","1","0","","02","10","2021","5","40.440655","-80.186503","1618","11","0","0","0","0","0","0","1","0","","0","0","0","","","2","N","0","","40 26:26.359","3","0","80 11:11.410","3","0","0","0","2214","0","0","0","N","0","0","0","2","68B03","0","","1.0","1645.0","9","N","N","N","0","","1","0","2","","0","N","","2","2","0","0","0","1","0","1","0","2","","","","N","","","","","","","","","",""
"2021107252","1052","1","0","0","0","0","0","0","0","0","1","0","","02","11","2021","5","40.34837","-79.944808","1049","11","0","0","0","0","0","1","0","1","","0","0","0","","","4","","1","","40 20:54.133","4","0","79 56:41.310","4","0","0","0","2473","0","0","0","N","0","0","0","6","02473","2","","1.0","1120.0","1","N","N","N","0","","0","0","2","","2","Y","","3","4","0","0","0","2","0","2","0","3","","03","","N","","","","","","","","","",""
"2021118769","2252","1","0","0","0","0","0","0","0","0","7","0","","02","12","2021","1","40.394824","-79.997248","2248","11","0","0","0","0","0","0","0","0","","0","0","0","","","1","N","0","","40 23:41.367","","0","79 59:50.094","4","0","0","0","2301","0","0","0","N","0","0","0","1","02301","1","","5.0","","1","N","N","N","0","","0","0","0","","0","N","","1","1","1","0","0","0","0","2","0","1","","","","N","","","","","","","","","",""
"2021085161","0807","1","0","0","0","0","0","0","0","0","1","0","","02","9","2021","6","40.437964","-80.013943","0804","11","0","0","0","0","0","0","0","0","","0","0","0","","","0","N","0","","40 26:16.671","","8","80 00:50.193","0","0","0","0","2301","0","0","0","N","0","0","0","2","02301","0","","1.0","","1","N","N","N","0","","0","0","1","","0","","","2","0","0","0","0","0","0","2","0","2","","03","","N","","","","","","","","","",""
"2021108013","1015","1","0","0","0","0","0","0","0","0","7","0","","02","10","2021","6","40.493","-80.206046","1010","11","0","0","0","0","0","0","0","0","","0","0","0","","","0","N","0","","40 29:34.801","","0","80 12:21.767","0","0","0","0","2213","0","0","0","N","0","0","0","1","02213","0","","5.0","","9","N","N","N","0","","0","0","0","","0","","","1","0","0","0","0","0","0","2","0","1","","","","N","","","","","","","","","",""
"2021069223","0140","4","0","0","0","0","0","0","0","0","1","0","","02","7","2021","3","40.454167","-79.868944","0134","11","0","0","0","0","0","1","0","0","","0","0","0","","","0","N","0","","40 27:15.000","","7","79 52:08.200","0","0","0","0","2301","0","0","0","N","0","0","0","2","02301","0","","6.0","","1","N","N","N","0","","0","0","0","","0","","","4","0","0","0","0","0","0","2","0","4","","03","","N","","","","","","","","","",""
"2021071752","0625","1","0","0","0","0","0","0","0","0","7","0","","02","7","2021","5","40.658778","-79.957722","0617","11","0","0","0","1","0","0","0","0","","0","0","0","","","1","N","0","","40 39:31.600","1","0","79 57:27.800","3","0","0","0","2217","0","0","0","N","0","0","0","1","02505","0","","5.0","707.0","1","N","N","N","0","","1","0","0","","0","N","","1","1","0","0","0","0","0","1","0","1","","","","N","","","","","","","","","",""
"2021102328","0616","1","0","0","0","0","0","0","0","0","7","0","","02","9","2021","4","40.434654","-79.987207","0603","11","0","0","0","0","0","1","0","0","","0","0","0","","","1","N","0","","40 26:04.755","4","0","79 59:13.946","8","0","0","0","2301","0","0","0","N","0","0","0","1","68B03","0","","2.0","703.0","9","N","N","N","0","","0","0","0","","0","N","","1","1","0","0","0","1","0","2","0","1","","","","N","","","","","","","","","",""
"2021109013","1010","1","0","0","0","0","0","0","0","0","7","0","","02","11","2021","4","40.558786","-80.087174","1005","11","0","0","0","0","0","0","0","0","","0","0","0","","","1","N","0","","40 33:31.631","","0","80 05:13.825","4","0","0","0","2481","0","0","0","N","0","0","0","1","02481","1","","5.0","","1","N","N","N","0","","0","0","0","","0","N","","1","1","0","0","0","0","0","2","0","1","","03","","N","","","","","","","","","",""
"2021101085","0958","2","0","0","0","0","0","0","0","0","1","0","","02","10","2021","7","40.415044","-80.011295","0953","11","0","0","0","0","0","0","0","0","","0","0","0","","","0","N","5","","40 24:54.158","","0","80 00:40.662","0","0","0","0","2301","0","0","0","N","0","0","0","2","02301","0","","1.0","","9","N","N","N","0","","0","0","0","","2","","","2","0","0","0","0","0","0","2","0","2","","","","N","","","","","","","","","",""
"2021070720","0720","2","0","0","0","0","0","0","0","0","4","0","","02","7","2021","6","40.436172","-79.978376","0710","11","0","0","0","0","0","0","0","0","","0","0","0","","","0","N","2","","40 26:10.220","4","0","79 58:42.153","0","0","0","0","2301","0","0","0","N","0","0","0","2","02301","0","","1.0","720.0","1","N","N","N","0","","0","0","0","","0","Y","","2","0","0","0","0","0","0","2","0","2","","03","","N","","","","","","","","","",""
"2021070471","1647","2","0","0","0","0","0","0","0","0","4","0","","02","7","2021","5","40.392168","-80.013173","1638","11","0","0","0","0","0","0","0","0","","0","0","0","","","0","","1","","40 23:31.804","4","0","80 00:47.422","0","0","0","0","2301","0","0","0","N","0","0","0","4","02301","0","","1.0","1700.0","1","N","N","N","0","","0","0","0","","2","N","","2","0","0","0","0","0","0","2","0","2","","04","","N","","","","","","","","","",""
"2021105822","1534","1","0","0","0","0","0","0","0","0","7","0","","02","11","2021","3","40.63402","-79.746019","1532","11","0","0","0","0","0","0","0","0","","0","0","0","","","3","N","0","","40 38:02.471","","0","79 44:45.670","3","0","0","0","2202","0","0","0","N","0","0","0","4","02202","0","","5.0","","1","N","N","N","0","","3","0","0","","0","","","1","3","0","0","0","0","0","1","0","1","","03","","N","","","","","","","","","",""
"2021100173","2109","1","0","0","0","0","0","0","0","0","7","0","","02","10","2021","4","40.454197","-79.884234","2102","11","0","0","0","0","0","1","0","0","","0","0","0","","","2","N","3","","40 27:15.109","3","0","79 53:03.241","8","0","0","0","2301","0","0","0","N","0","0","0","2","02301","0","","5.0","200.0","1","N","N","N","0","","0","0","0","","3","Y","","1","2","0","0","0","2","0","2","0","1","","03","","N","","","","","","","","","",""
"2021123305","2135","1","0","0","0","0","0","0","0","0","1","0","","02","12","2021","2","40.339839","-79.967702","2131","11","0","0","0","0","0","0","0","0","","0","0","0","","","0","N","0","","40 20:23.420","4","0","79 58:03.728","0","0","0","0","2454","0","0","0","N","0","0","0","4","02454","0","","1.0","2215.0","1","N","N","N","0","","0","0","1","","0","N","","2","0","1","0","0","0","0","2","0","2","","03","","N","","","","","","","","","",""
"2021120128","1730","2","0","0","0","0","0","0","0","0","4","0","","02","12","2021","4","40.535879","-80.183112","1729","11","0","0","0","0","0","0","0","0","","0","0","0","","","0","","1","","40 32:09.163","2","0","80 10:59.202","0","0","0","0","2458","0","0","0","N","0","0","0","2","02458","0","","1.0","1750.0","1","N","N","N","0","","0","0","0","","2","N","","2","0","0","0","0","0","0","2","0","2","","","","N","","","","","","","","","",""
"2021109030","1439","1","0","0","0","0","0","0","0","0","8","0","","02","11","2021","4","40.442837","-79.965722","1429","11","0","0","0","0","0","0","0","0","","0","0","0","","","1","N","1","","40 26:34.213","","0","79 57:56.599","3","0","0","0","2301","1","0","0","N","1","0","0","2","02301","0","","1.0","","1","N","N","N","0","","1","0","0","","3","","","2","1","0","0","0","0","0","2","0","1","","","","N","","","","","","","","","",""
"2021100733","1952","2","0","0","0","0","0","0","0","0","1","0","","02","10","2021","5","40.357657","-79.835741","1952","11","0","0","0","0","0","0","0","0","","0","0","0","","","0","N","0","","40 21:27.565","6","0","79 50:08.669","0","0","0","0","2304","0","0","0","N","0","0","0","2","02304","0","","1.0","2023.0","9","N","N","N","0","","0","0","0","","0","N","","2","0","0","0","0","0","0","2","0","2","","07","","N","","","","","","","","","",""
"2021076619","1854","1","0","0","1","0","0","0","0","0","8","0","","02","7","2021","2","40.512184","-80.103884","1854","11","0","0","0","0","0","0","0","0","","0","0","0","","","1","N","2","","40 30:43.861","","0","80 06:13.984","4","0","0","0","2429","1","0","0","N","0","0","0","2","02215","1","","1.0","","1","N","N","N","0","","0","0","0","","2","","","2","1","1","0","0","0","0","2","0","1","","03","","N","","","","","","","","","",""
"2021109414","0018","1","0","0","0","0","0","0","0","0","4","0","","02","11","2021","6","40.393727","-79.836889","2352","11","0","0","0","0","0","0","0","0","","0","0","0","","","2","N","2","","40 23:37.416","1","0","79 50:12.799","3","0","0","0","2425","0","0","0","N","0","0","0","3","68B03","0","","1.0","45.0","1","N","N","N","0","","2","0","0","","3","N","","2","2","0","0","0","0","0","2","1","2","","","","N","","","","","","","","","",""
"2021096940","1718","0","0","0","0","0","0","0","0","0","1","0","","02","10","2021","3","40.326006","-79.793457","1715","11","0","0","0","0","0","0","0","0","","0","0","0","","","0","","2","","40 19:33.622","4","0","79 47:36.446","0","0","0","0","2477","0","0","0","N","0","0","0","5","02477","0","","1.0","1730.0","1","N","N","N","0","","0","0","1","","0","N","","2","0","0","0","0","0","0","2","1","2","","","","N","","","","","","","","","",""
"2021100669","0822","1","0","0","0","0","0","0","0","0","4","0","","02","10","2021","6","40.436387","-79.783366","0817","11","0","0","0","0","0","1","0","0","","0","0","0","","","2","N","0","","40 26:10.994","","7","79 47:00.119","3","0","0","0","2446","0","0","0","N","0","0","0","2","02446","0","","1.0","","9","N","N","N","0","","2","0","1","","0","","","2","2","0","0","0","0","0","2","0","2","","","","N","","","","","","","","","",""
"2021120764","1454","1","0","0","0","0","0","0","0","0","5","1","","02","12","2021","6","40.434686","-79.985367","1449","11","0","0","0","0","0","1","0","0","","0","1","0","","","0","N","0","","40 26:04.870","","0","79 59:07.320","0","0","0","0","2301","0","0","0","N","0","0","0","4","02301","0","","1.0","","1","N","N","N","0","","0","0","0","","0","","","2","0","0","0","0","0","0","2","0","2","","","","N","","","","","","","","","",""
"2021107210","0709","1","0","0","0","0","0","0","0","0","1","1","","02","11","2021","7","40.396214","-79.998191","0704","11","0","0","0","0","0","1","0","0","","0","1","0","","","1","N","1","","40 23:46.371","","0","79 59:53.487","4","0","0","0","2301","0","0","0","N","0","0","0","3","02301","1","","1.0","","1","N","N","N","0","","0","0","0","","1","","","2","1","0","0","0","0","0","2","0","2","","","","N","","","","","","","","","",""
"2021070940","1935","2","0","0","0","0","0","0","0","0","4","0","","02","7","2021","6","40.403265","-79.988951","1911","11","0","0","0","0","0","1","0","0","","0","0","0","","","0","","1","","40 24:11.753","3","0","79 59:20.223","0","0","0","0","2301","0","0","0","N","0","0","0","2","02301","0","","1.0","2000.0","1","N","N","N","0","","0","0","0","","3","Y","","2","0","0","0","0","0","0","2","0","2","","04","","N","","","","","","","","","",""
"2021104699","0402","1","0","0","0","0","0","0","0","0","7","0","","02","10","2021","1","40.576669","-80.076832","0357","11","0","0","0","1","0","0","0","0","","0","0","0","","","2","N","0","","40 34:36.008","3","0","80 04:36.594","3","0","0","0","2481","0","0","0","N","0","0","0","2","02481","1","","5.0","340.0","9","N","N","N","0","","1","0","0","","0","N","","1","2","0","0","0","0","0","2","0","1","","","","N","","","","","","","","","",""
"2021109476","1540","2","0","0","0","0","0","0","0","0","4","0","","02","11","2021","5","40.336951","-79.979053","1537","11","0","0","0","0","0","1","1","0","","0","0","0","","","1","Y","0","","40 20:13.024","","7","79 58:44.592","3","0","0","0","2403","0","0","0","N","0","0","0","2","02403","0","","1.0","","1","N","N","N","0","","1","0","0","","0","","","2","1","0","0","0","0","0","2","0","2","","03","","N","","","","","","","","","",""
"2021069478","1846","0","0","0","0","0","0","0","0","0","2","0","","02","7","2021","3","40.449701","-79.986071","1836","11","0","0","0","0","0","0","0","0","","0","0","0","","","0","N","1","","40 26:58.924","","0","79 59:09.856","0","0","0","0","2301","0","0","0","N","0","0","0","2","02301","0","","1.0","","1","N","N","N","0","","0","0","2","","3","","","2","0","0","0","0","0","0","2","0","2","","03","","N","","","","","","","","","",""
"2021107440","1805","1","0","0","0","0","0","0","0","0","1","0","","02","11","2021","6","40.667361","-80.096376","1800","11","0","0","0","0","0","1","0","0","","0","0","0","","","1","N","2","","40 40:02.499","","0","80 05:46.955","4","0","0","0","2212","0","0","0","N","0","0","0","2","02505","1","","1.0","","1","N","N","N","1","","0","0","0","","2","","","2","1","0","0","0","0","0","2","0","2","","03","","N","","","","","","","","","",""
"2021074107","0215","0","0","0","0","0","0","0","0","0","1","0","","02","7","2021","5","40.331645","-80.069953","0215","11","0","0","0","0","0","0","0","0","","0","0","0","","","1","N","0","","40 19:53.921","","0","80 04:11.829","3","0","0","0","2123","0","0","0","N","0","0","0","2","62222","0","","1.0","","1","N","N","N","0","","1","0","2","","0","","","2","1","0","0","0","0","0","2","0","2","","","","N","","","","","","","","","",""
"2021108376","1235","1","0","0","0","0","0","1","0","0","4","1","","02","10","2021","5","40.416806","-79.880417","1225","11","0","0","0","0","0","0","0","0","","0","0","0","","","0","N","0","","40 25:00.500","","0","79 52:49.500","0","0","0","0","2463","0","0","0","N","0","0","0","1","02503","0","","1.0","","1","","","N","0","","0","0","0","","0","","","2","0","0","0","0","0","0","2","0","2","","","","N","","","","","","","","","",""
"2021069017","1246","1","0","0","0","0","0","0","0","0","7","0","","02","7","2021","2","40.613871","-79.948702","1244","11","0","0","0","1","0","0","0","0","","0","0","0","","","0","","2","","40 36:49.937","","0","79 56:55.326","0","0","0","0","2207","0","0","0","N","0","0","0","1","02207","0","","2.0","","1","N","N","N","0","","0","0","0","","0","","","1","0","0","0","0","0","0","2","0","1","","03","","N","","","","","","","","","",""