"CRN","ARRIVAL_TM","AUTOMOBILE_COUNT","BELTED_DEATH_COUNT","BELTED_SUSP_SERIOUS_INJ_COUNT","BICYCLE_COUNT","BICYCLE_DEATH_COUNT","BICYCLE_SUSP_SERIOUS_INJ_COUNT","BUS_COUNT","CHLDPAS_DEATH_COUNT","CHLDPAS_SUSP_SERIOUS_INJ_COUNT","COLLISION_TYPE","COMM_VEH_COUNT","CONS_ZONE_SPD_LIM","COUNTY","CRASH_MONTH","CRASH_YEAR","DAY_OF_WEEK","DEC_LATITUDE","DEC_LONGITUDE","DISPATCH_TM","DISTRICT","DRIVER_COUNT_16YR","DRIVER_COUNT_17YR","DRIVER_COUNT_18YR","DRIVER_COUNT_19YR","DRIVER_COUNT_20YR","DRIVER_COUNT_50_64YR","DRIVER_COUNT_65_74YR","DRIVER_COUNT_75PLUS","EST_HRS_CLOSED","FATAL_COUNT","HEAVY_TRUCK_COUNT","HORSE_BUGGY_COUNT","HOUR_OF_DAY","ILLUMINATION","INJURY_COUNT","INTERSECTION_RELATED","INTERSECT_TYPE","LANE_CLOSED","LATITUDE","LN_CLOSE_DIR","LOCATION_TYPE","LONGITUDE","MAX_SEVERITY_LEVEL","MCYCLE_DEATH_COUNT","MCYCLE_SUSP_SERIOUS_INJ_COUNT","MOTORCYCLE_COUNT","MUNICIPALITY","NONMOTR_COUNT","NONMOTR_DEATH_COUNT","NONMOTR_SUSP_SERIOUS_INJ_COUNT","NTFY_HIWY_MAINT","PED_COUNT","PED_DEATH_COUNT","PED_SUSP_SERIOUS_INJ_COUNT","PERSON_COUNT","POLICE_AGCY","POSSIBLE_INJ_COUNT","RDWY_SURF_TYPE_CD","RELATION_TO_ROAD","ROADWAY_CLEARED","ROAD_CONDITION","SCH_BUS_IND","SCH_ZONE_IND","SECONDARY_CRASH","SMALL_TRUCK_COUNT","SPEC_JURIS_CD","SUSP_MINOR_INJ_COUNT","SUSP_SERIOUS_INJ_COUNT","SUV_COUNT","TCD_FUNC_CD","TCD_TYPE","TFC_DETOUR_IND","TIME_OF_DAY","TOTAL_UNITS","TOT_INJ_COUNT","UNBELTED_OCC_COUNT","UNB_DEATH_COUNT","UNB_SUSP_SERIOUS_INJ_COUNT","UNK_INJ_DEG_COUNT","UNK_INJ_PER_COUNT","URBAN_RURAL","VAN_COUNT","VEHICLE_COUNT","WEATHER1","WEATHER2","WORKERS_PRES","WORK_ZONE_IND","WORK_ZONE_LOC","WORK_ZONE_TYPE","WZ_CLOSE_DETOUR","WZ_FLAGGER","WZ_LAW_OFFCR_IND","WZ_LN_CLOSURE","WZ_MOVING","WZ_OTHER","WZ_SHLDER_MDN","WZ_WORKERS_INJ_KILLED"
"2021101507","1823","2","0","0","0","0","0","0","0","0","2","0","","02","10","2021","1","40.437258","-79.841889","1821","11","0","0","1","0","0","0","0","0","","0","0","0","","","0","N","0","","40 26:14.128","5","7","79 50:30.801","0","0","0","0","2419","0","0","0","N","0","0","0","2","02419","0","","1.0","1850.0","9","N","N","N","0","","0","0","0","","0","Y","","2","0","0","0","0","0","0","2","0","2","","","","N","","","","","","","","","",""
"2021066615","1606","1","0","0","0","0","0","0","0","0","1","0","","02","7","2021","1","40.443712","-79.991255","1541","11","0","0","0","0","0","0","0","0","","0","0","0","","","0","N","0","","40 26:37.364","2","0","79 59:28.519","0","0","0","0","2301","0","0","0","N","0","0","0","8","02301","0","","1.0","1700.0","1","N","N","N","0","","0","0","1","","0","N","","3","0","0","0","0","0","0","2","1","3","","03","","N","","","","","","","","","",""
"2021107564","1200","0","0","0","0","0","0","0","0","0","0","0","","02","11","2021","1","40.485158","-79.946289","1150","11","0","0","0","0","0","0","0","0","","0","0","0","","","1","","1","","40 29:06.568","","0","79 56:46.640","2","0","1","1","2301","0","0","0","N","0","0","0","1","02301","0","","1.0","","1","N","N","N","0","","0","1","0","","2","N","","1","1","0","0","0","0","0","2","0","1","","","","N","","","","","","","","","",""
"2021107799","2309","1","0","0","0","0","0","0","0","0","5","0","","02","11","2021","7","40.425752","-80.005118","2256","11","0","0","0","0","0","1","0","0","","0","0","0","","","0","N","0","","40 25:32.708","","0","80 00:18.423","0","0","0","0","2301","0","0","0","N","0","0","0","2","02301","0","","1.0","","1","N","N","N","0","","0","0","0","","0","","","2","0","0","0","0","0","0","2","0","2","","","","N","","","","","","","","","",""
"2021104230","1336","1","0","0","0","0","0","0","0","0","4","0","","02","10","2021","7","40.590297","-79.948238","1333","11","0","0","0","0","0","0","0","0","","0","0","0","","","0","","1","","40 35:25.069","2","0","79 56:53.656","0","0","0","0","2207","0","0","0","N","0","0","0","2","02207","0","","1.0","1408.0","1","N","N","N","0","","0","0","1","","2","Y","","2","0","0","0","0","0","0","2","0","2","","","","N","","","","","","","","","",""
"2021122423","1430","1","0","0","0","0","0","0","0","0","7","1","","02","12","2021","2","40.409989","-79.72452","1346","11","0","0","0","0","0","2","0","0","","0","1","0","","","0","N","0","","40 24:35.960","","0","79 43:28.273","0","0","0","0","2446","0","0","0","N","0","0","0","2","68T09","0","","2.0","","9","N","N","N","0","","0","0","0","","0","","","2","0","0","0","0","0","0","2","0","2","","","","N","","","","","","","","","",""
"2021107915","1047","1","0","0","0","0","0","0","0","0","4","0","","02","11","2021","2","40.457262","-79.973524","1042","11","0","0","0","0","0","0","0","1","","0","0","0","","","1","","1","","40 27:26.143","3","0","79 58:24.686","8","0","0","0","2301","0","0","0","N","0","0","0","2","02301","0","","1.0","1200.0","1","N","N","N","1","","0","0","0","","3","Y","","2","1","0","0","0","1","0","2","0","2","","","","N","","","","","","","","","",""
"2021070404","1603","0","0","0","0","0","0","0","0","0","1","0","","02","7","2021","5","40.499906","-80.219272","1558","11","0","0","0","0","0","2","0","0","","0","1","0","","","2","","1","","40 29:59.662","","0","80 13:09.378","8","0","0","0","2213","0","0","0","N","0","0","0","3","02501","0","","1.0","","1","N","N","N","0","","0","0","1","","2","","","2","2","0","0","0","2","0","2","0","2","","03","","N","","","","","","","","","",""
"2021109407","1220","0","0","0","0","0","0","0","0","0","1","0","","02","10","2021","6","40.434752","-80.018958","1210","11","0","0","0","0","0","0","0","0","","0","0","0","","","0","N","0","","40 26:05.108","3","4","80 01:08.247","0","0","0","0","2301","0","0","0","N","0","0","0","2","68B03","0","","1.0","1215.0","1","N","N","N","0","","0","0","2","","0","N","","2","0","0","0","0","0","0","2","0","2","","","","N","","","","","","","","","",""
"2021070156","0816","1","0","1","0","0","0","0","0","0","2","0","","02","7","2021","5","40.42733","-79.921635","0813","11","0","0","0","0","0","0","0","1","","0","0","0","","","1","N","0","","40 25:38.387","","0","79 55:17.886","2","0","0","0","2301","0","0","0","N","0","0","0","1","02301","0","","1.0","","1","N","N","N","0","","0","1","3","","0","","","4","1","0","0","0","0","0","2","0","4","","03","","N","","","","","","","","","",""
"2021070888","1843","3","0","0","0","0","0","0","0","0","1","0","","02","7","2021","6","40.443903","-79.950708","1826","11","0","0","0","0","0","0","0","0","","0","0","0","","","0","N","1","","40 26:38.049","3","0","79 57:02.550","0","0","0","0","2301","0","0","0","N","0","0","0","4","02301","0","","1.0","1900.0","1","N","N","N","0","","0","0","0","","0","N","","3","0","0","0","0","0","0","2","0","3","","03","","N","","","","","","","","","",""
"2021107971","0121","1","0","0","0","0","0","0","0","0","98","0","","02","11","2021","7","40.460827","-79.759972","0055","11","0","0","0","0","0","0","0","0","","0","0","0","","","0","N","0","","40 27:38.978","","0","79 45:35.898","0","0","0","0","2446","0","0","0","N","0","0","0","1","68T02","0","","1.0","","1","N","N","N","0","","0","0","0","","0","","","1","0","0","0","0","0","0","2","0","1","","","","N","","","","","","","","","",""
"2021072705","2300","1","0","0","0","0","0","0","0","0","98","0","","02","7","2021","5","40.499223","-80.211231","2251","11","0","0","0","0","1","0","0","0","","0","0","0","","","0","N","0","","40 29:57.201","3","0","80 12:40.430","0","0","0","0","2213","0","0","0","N","0","0","0","2","02213","0","","1.0","40.0","1","N","N","N","0","","0","0","0","","0","N","","1","0","0","0","0","0","0","2","0","1","","","","N","","","","","","","","","",""
"2021108546","0850","1","0","0","0","0","0","0","0","0","1","0","","02","11","2021","2","40.529081","-80.187095","0845","11","0","0","1","0","0","0","0","0","","0","0","0","","","2","","2","","40 31:44.693","","0","80 11:13.541","3","0","0","0","2213","0","0","0","N","0","0","0","3","02213","0","","1.0","","1","N","N","N","0","","2","0","1","","2","","","2","2","0","0","0","0","0","2","0","2","","03","","N","","","","","","","","","",""
"2021107279","0315","0","0","0","0","0","0","0","0","0","98","0","","02","10","2021","4","40.520689","-79.806764","0246","11","0","0","0","0","0","0","0","0","","0","0","0","","","0","N","0","","40 31:14.480","","0","79 48:24.352","0","0","0","0","2466","0","0","0","N","0","0","0","1","68T02","0","","1.0","","1","N","N","N","1","","0","0","0","","0","","","1","0","0","0","0","0","0","2","0","1","","","","N","","","","","","","","","",""
"2021067911","1107","1","0","0","0","0","0","0","0","0","7","0","","02","7","2021","5","40.433651","-80.019477","1104","11","0","0","0","0","0","1","0","0","","0","0","0","","","1","","2","","40 26:01.143","","0","80 01:10.117","3","0","0","0","2301","0","0","0","N","0","0","0","1","02301","0","","1.0","","1","N","N","N","0","","1","0","0","","0","","","1","1","0","0","0","0","0","2","0","1","","03","","N","","","","","","","","","",""
"2021070652","2358","0","0","0","0","0","0","0","0","0","7","0","","02","7","2021","5","40.434884","-79.959991","2352","11","0","0","0","0","0","0","0","0","","0","0","0","","","0","","2","","40 26:05.581","","0","79 57:35.968","0","0","0","0","2301","0","0","0","N","0","0","0","3","02301","0","","5.0","","1","N","N","N","0","","0","0","1","","0","","","1","0","0","0","0","0","0","2","0","1","","03","","N","","","","","","","","","",""
"2021120000","1640","0","0","0","0","0","0","0","0","0","7","0","","02","12","2021","4","40.635659","-79.940547","1638","11","0","0","0","0","0","1","0","0","","0","0","0","","","0","Y","0","","40 38:08.371","","7","79 56:25.970","0","0","0","0","2217","0","0","0","N","0","0","0","1","02505","0","","6.0","","1","N","N","N","0","","0","0","1","","3","","","1","0","0","0","0","0","0","2","0","1","","03","","N","","","","","","","","","",""
"2021106838","0045","1","1","2","0","0","0","0","0","0","4","0","","02","10","2021","7","40.382198","-79.995981","0022","11","0","0","0","0","0","0","0","0","","1","0","0","","","4","","1","","40 22:55.911","7","0","79 59:45.531","1","0","0","0","2301","0","0","0","N","0","0","0","5","02301","1","2","1.0","407.0","1","N","N","N","0","0","1","2","1","","2","Y","","2","4","0","0","0","0","0","2","0","2","","","","N","","","","","","","","","",""
"2021108900","0705","1","0","0","0","0","0","0","0","0","7","0","","02","11","2021","4","40.402338","-80.011717","0652","11","0","0","0","0","0","0","0","0","","0","0","0","","","0","N","0","","40 24:08.416","","0","80 00:42.181","0","0","0","0","2301","0","0","0","N","0","0","0","1","02301","0","","1.0","","1","N","N","N","0","","0","0","0","","0","N","","1","0","0","0","0","0","0","2","0","1","","","","N","","","","","","","","","",""
"2021099501","1353","1","0","0","0","0","0","0","0","0","1","0","","02","10","2021","3","40.482884","-79.819984","1345","11","0","0","0","0","0","0","0","0","","0","0","0","","","0","Y","0","","40 28:58.381","","0","79 49:11.941","0","0","0","0","2113","0","0","0","N","0","0","0","2","02113","0","","1.0","","1","N","N","N","0","","0","0","1","","0","","","2","0","0","0","0","0","0","2","0","2","","","","N","","","","","","","","","",""
"2021109624","1518","1","0","0","0","0","0","0","0","0","1","0","","02","5","2021","5","40.434283","-79.996661","1501","11","0","0","0","0","0","0","0","0","","0","0","0","","","0","N","6","","40 26:03.420","","2","79 59:47.979","0","0","0","0","2301","0","0","0","N","0","0","0","2","68B03","0","","1.0","","1","N","N","N","1","","0","0","0","","4","","","2","0","0","0","0","0","0","2","0","2","","","","N","","","","","","","","","",""
"2021107802","2335","1","0","0","0","0","0","0","0","0","5","0","","02","11","2021","1","40.435722","-80.051346","2330","11","0","0","0","0","0","0","0","0","","0","0","0","","","0","Y","0","","40 26:08.599","","0","80 03:04.846","0","0","0","0","2301","0","0","0","N","0","0","0","1","02301","0","","1.0","","1","N","N","N","0","","0","0","1","","0","","","2","0","0","0","0","0","0","2","0","2","","","","N","","","","","","","","","",""
"2021101545","2336","1","0","0","0","0","0","0","0","0","98","0","","02","10","2021","6","40.666031","-79.716215","2323","11","0","0","0","0","0","0","0","0","","0","0","0","","","0","N","0","","40 39:57.713","","0","79 42:58.375","0","0","0","0","2106","0","0","0","N","0","0","0","2","68D02","0","","1.0","","9","N","N","N","0","","0","0","0","","0","","","1","0","0","0","0","0","0","2","0","1","","03","","N","","","","","","","","","",""
"2021080807","1103","2","0","0","0","0","0","0","0","0","6","0","","02","8","2021","7","40.449456","-80.107355","1100","11","0","0","0","0","0","1","0","1","","0","0","0","","","2","","1","","40 26:58.043","","0","80 06:26.477","3","0","0","0","2115","0","0","0","N","0","0","0","4","02115","0","","1.0","","1","N","N","N","1","","2","0","0","","2","","","3","2","0","0","0","0","0","2","0","3","","03","","N","","","","","","","","","",""
"2021101327","0543","2","0","0","0","0","0","0","0","0","2","0","","02","10","2021","1","40.464969","-79.959242","0535","11","0","0","0","0","0","0","0","0","","0","0","0","","","0","N","0","","40 27:53.889","2","0","79 57:33.272","0","0","0","0","2301","0","0","0","N","0","0","0","1","02301","0","","6.0","559.0","9","N","N","N","1","","0","0","0","","0","N","","3","0","0","0","0","0","0","2","0","3","","07","","N","","","","","","","","","",""
"2021100409","1338","0","0","0","0","0","0","0","0","0","4","0","","02","10","2021","4","40.370496","-79.982327","1337","11","0","0","0","0","0","1","0","0","","0","0","0","","","1","","1","","40 22:13.785","1","0","79 58:56.377","8","0","0","0","2413","0","0","0","N","0","0","0","2","02413","0","","1.0","1408.0","1","N","N","N","1","","0","0","1","","0","N","","2","1","0","0","0","1","0","2","0","2","","","","N","","","","","","","","","",""
"2021106973","1543","1","0","0","0","0","0","0","0","0","1","0","","02","11","2021","6","40.444068","-79.939832","1538","11","0","0","0","0","0","1","0","0","","0","0","0","","","0","N","2","","40 26:38.645","","0","79 56:23.394","0","0","0","0","2301","0","0","0","N","0","0","0","4","02301","0","","1.0","","1","N","N","N","0","","0","0","1","","2","","","2","0","0","0","0","0","0","2","0","2","","","","N","","","","","","","","","",""
"2021080827","1333","2","0","0","0","0","0","0","0","0","4","0","","02","8","2021","7","40.461639","-79.907806","1330","11","0","0","0","0","0","0","0","0","","0","0","0","","","1","N","0","","40 27:41.900","3","0","79 54:28.100","3","0","0","0","2301","0","0","0","N","0","0","0","1","02301","0","","2.0","1355.0","9","N","N","Y","0","","1","0","1","","0","Y","","3","1","0","0","0","0","0","2","0","3","","","","N","","","","","","","","","",""
"2021069941","1307","1","0","0","0","0","0","0","0","0","4","0","","02","7","2021","4","40.403362","-80.089786","1306","11","0","0","0","0","0","0","1","1","","0","0","0","","","0","N","1","","40 24:12.103","5","0","80 05:23.229","0","0","0","0","2415","0","0","0","N","0","0","0","2","02415","0","","1.0","1343.0","1","N","N","N","0","","0","0","0","","3","Y","","2","0","0","0","0","0","0","2","1","2","","03","","N","","","","","","","","","",""
"2021070195","1105","0","0","0","0","0","0","0","0","0","7","0","","02","7","2021","4","40.442127","-80.022922","1100","11","0","0","0","0","1","0","0","0","","0","0","0","","","0","N","0","","40 26:31.657","6","0","80 01:22.520","0","0","0","0","2301","0","0","0","Y","0","0","0","1","02301","0","","5.0","1330.0","1","N","N","N","1","","0","0","0","","0","Y","","1","0","0","0","0","0","0","2","0","1","","03","","N","","","","","","","","","",""
"2021070713","1434","1","0","0","0","0","0","0","0","0","1","0","","02","7","2021","5","40.227671","-79.875529","1432","11","0","0","0","0","0","1","0","1","","0","0","0","","","1","N","3","","40 13:39.615","2","0","79 52:31.904","8","0","0","1","2204","0","0","0","N","0","0","0","2","02204","0","","1.0","1527.0","1","N","N","N","0","","0","0","0","","3","N","","2","1","0","0","0","1","0","1","0","2","","03","","N","","","","","","","","","",""
"2021107356","1617","0","0","0","0","0","0","0","0","0","1","0","","02","11","2021","7","40.433729","-79.922963","1610","11","0","0","0","0","0","1","0","0","","0","0","0","","","0","N","1","","40 26:01.424","","0","79 55:22.666","0","0","0","0","2301","0","0","0","N","0","0","0","5","02301","0","","1.0","","1","N","N","N","0","","0","0","2","","0","","","2","0","0","0","0","0","0","2","0","2","","03","","N","","","","","","","","","",""
"2021107437","1917","1","0","0","0","0","0","0","0","0","1","0","","02","11","2021","7","40.549684","-80.019027","1914","11","0","0","0","0","0","1","0","0","","0","0","0","","","0","N","0","","40 32:58.861","","0","80 01:08.498","0","0","0","0","2116","0","0","0","N","0","0","0","3","02116","0","","1.0","","1","N","N","N","0","","0","0","1","","0","","","2","0","0","0","0","0","0","2","0","2","","","","N","","","","","","","","","",""
"2021120001","1912","0","0","0","0","0","0","0","0","0","98","0","","02","12","2021","4","40.668698","-79.933023","1906","11","0","0","0","0","0","0","0","0","","0","0","0","","","1","N","0","","40 40:07.311","","0","79 55:58.884","4","0","0","0","2217","0","0","0","N","0","0","0","1","02505","1","","1.0","","1","N","N","N","0","","0","0","1","","0","","","1","1","0","0","0","0","0","1","0","1","","","","N","","","","","","","","","",""
"2021123730","1810","1","0","0","0","0","0","0","0","0","5","0","","02","12","2021","5","40.494346","-79.904763","1744","11","0","0","0","0","0","0","0","0","","0","1","0","","","0","N","0","","40 29:39.645","1","0","79 54:17.147","0","0","0","0","2401","0","0","0","N","0","0","0","3","68D02","0","","1.0","1850.0","9","N","N","N","0","","0","0","0","","0","N","","2","0","0","0","0","0","0","2","0","2","","","","N","","","","","","","","","",""
"2021108180","1851","1","0","0","0","0","0","0","0","0","98","0","","02","11","2021","5","40.491415","-79.874455","1851","11","0","0","0","0","0","0","0","0","","0","0","0","","","0","N","0","","40 29:29.093","","0","79 52:28.037","0","0","0","0","2112","0","0","0","N","0","0","0","1","68D02","0","","1.0","","1","N","N","N","0","","0","0","0","","0","","","1","0","0","0","0","0","0","2","0","1","","03","","N","","","","","","","","","",""
"2021070204","1119","1","0","0","0","0","0","0","0","0","4","0","","02","7","2021","5","40.352154","-79.822231","1118","11","0","0","0","0","0","0","0","0","","0","0","0","","","1","","2","","40 21:07.755","","0","79 49:20.032","3","0","0","0","2477","0","0","0","N","0","0","0","3","02477","0","","1.0","","9","N","N","N","0","","1","0","1","","2","N","","2","1","0","0","0","0","0","2","0","2","","","","N","","","","","","","","","",""
"2021068642","0209","0","0","0","0","0","0","0","0","0","7","0","","02","7","2021","7","40.456028","-79.919","0209","11","0","0","0","0","0","0","0","0","","0","0","0","","","0","Y","0","","40 27:21.700","3","0","79 55:08.400","0","0","0","0","2301","0","0","0","N","0","0","0","2","02301","0","","5.0","345.0","1","N","N","N","0","","0","0","1","","0","N","","1","0","0","0","0","0","0","2","0","1","","","","N","","","","","","","","","",""
"2021105792","1044","2","0","0","0","0","0","0","0","0","4","0","","02","11","2021","4","40.444262","-79.998592","1040","11","0","0","0","0","0","1","0","0","","0","0","0","","","0","N","2","","40 26:39.342","","0","79 59:54.932","0","0","0","0","2301","0","0","0","N","0","0","0","3","02301","0","","1.0","","1","N","N","N","0","","0","0","0","","0","","","2","0","0","0","0","0","0","2","0","2","","03","","N","","","","","","","","","",""
"2021072356","1205","1","0","0","0","0","0","0","0","0","1","0","","02","7","2021","3","40.454739","-79.932547","1145","11","0","0","0","0","1","0","1","0","","0","0","0","","","0","N","1","","40 27:17.060","","0","79 55:57.169","0","0","0","0","2301","0","0","0","N","0","0","0","2","02301","0","","1.0","","1","N","N","N","0","","0","0","1","","2","","","2","0","0","0","0","0","0","2","0","2","","03","","N","","","","","","","","","",""
"2021095879","1329","2","0","0","0","0","0","0","0","0","4","0","","02","10","2021","7","40.332799","-79.813633","1326","11","0","0","0","0","0","0","0","1","","0","0","0","","","3","N","1","","40 19:58.075","1","0","79 48:49.079","8","0","0","0","2477","0","0","0","N","0","0","0","3","02477","0","","1.0","1345.0","1","N","N","N","0","","0","0","0","","2","N","","2","3","0","0","0","3","0","2","0","2","","","","N","","","","","","","","","",""
"2021068315","1946","1","0","0","0","0","0","0","0","0","2","0","","02","7","2021","5","40.421546","-79.890176","1944","11","0","0","0","0","0","1","0","0","","0","0","0","","","0","N","0","","40 25:17.565","","0","79 53:24.634","0","0","0","0","2463","0","0","0","N","0","0","0","3","02463","0","","1.0","","1","N","N","N","0","","0","0","0","","0","","","2","0","0","0","0","0","0","2","1","2","","03","","N","","","","","","","","","",""
"2021081862","1644","1","0","0","0","0","0","0","0","0","1","0","","02","7","2021","4","40.442115","-80.159263","1644","11","0","0","0","1","0","1","0","0","","0","0","0","","","1","N","0","","40 26:31.614","3","0","80 09:33.348","3","0","0","0","2115","0","0","0","N","0","0","0","2","68B03","0","","1.0","1655.0","9","N","N","N","0","","1","0","1","","0","N","","2","1","0","0","0","0","0","2","0","2","","03","","N","","","","","","","","","",""
"2021069475","2230","2","0","0","0","0","0","0","0","0","4","0","","02","7","2021","7","40.426936","-79.980739","2227","11","0","0","1","0","0","0","0","0","","0","0","0","","","1","","1","","40 25:36.971","7","0","79 58:50.661","3","0","0","0","2301","0","0","0","N","0","0","0","2","02301","0","","1.0","2300.0","1","N","N","N","0","","1","0","1","","2","Y","","3","1","0","0","0","0","0","2","0","3","","03","","N","","","","","","","","","",""
"2021109463","1445","1","0","0","0","0","0","0","0","0","4","0","","02","11","2021","5","40.603308","-80.050032","1437","11","0","0","0","0","0","0","0","1","","0","0","0","","","0","N","0","","40 36:11.907","2","6","80 03:00.115","0","0","0","0","2108","0","0","0","N","0","0","0","2","02108","0","","1.0","1515.0","1","N","N","N","0","","0","0","1","","0","N","","2","0","0","0","0","0","0","2","0","2","","","","N","","","","","","","","","",""
"2021107009","1641","0","0","0","0","0","0","1","0","0","5","1","","02","11","2021","6","40.439031","-80.015725","1640","11","0","0","0","0","0","0","1","0","","0","0","0","","","0","N","7","","40 26:20.511","3","2","80 00:56.610","0","0","0","0","2301","0","0","0","N","0","0","0","2","02503","0","","1.0","1722.0","1","N","N","N","0","","0","0","1","","0","Y","","2","0","0","0","0","0","0","2","0","2","","03","","N","","","","","","","","","",""
"2021108396","1152","1","0","0","0","0","0","0","0","0","4","0","","02","11","2021","3","40.46425","-79.925551","1149","11","0","0","0","0","0","0","1","1","","0","0","0","","","0","N","1","","40 27:51.299","","0","79 55:31.983","0","0","0","0","2301","0","0","0","N","0","0","0","2","02301","0","","1.0","","1","N","N","N","0","","0","0","1","","3","","","2","0","0","0","0","0","0","2","0","2","","","","N","","","","","","","","","",""
"2021107846","0720","2","0","0","0","0","0","0","0","0","4","0","","02","11","2021","5","40.341552","-79.838118","0717","11","0","1","0","0","0","0","0","0","","0","0","0","","","1","Y","0","","40 20:29.587","6","0","79 50:17.224","4","0","0","0","2304","0","0","0","N","0","0","0","2","02304","1","","1.0","755.0","1","N","N","N","0","","0","0","0","","3","N","","2","1","0","0","0","0","0","2","0","2","","","","N","","","","","","","","","",""
"2021120152","2308","2","0","0","0","0","0","0","0","0","4","0","","02","12","2021","3","40.359425","-79.884366","2304","11","0","0","0","0","0","0","0","0","","0","0","0","","","0","N","0","","40 21:33.929","5","0","79 53:03.717","9","0","0","0","2423","0","0","0","N","0","0","0","1","02304","0","","5.0","42.0","1","N","N","N","1","","0","0","0","","0","N","","3","0","0","0","0","0","1","2","0","3","","03","","N","","","","","","","","","",""
"2021109241","0406","1","0","0","0","0","0","0","0","0","7","0","","02","11","2021","4","40.408283","-80.049432","0403","11","0","0","0","0","0","0","1","0","","0","0","0","","","0","","2","","40 24:29.818","5","99","80 02:57.955","0","0","0","0","2435","0","0","0","N","0","0","0","1","02435","0","","5.0","442.0","1","N","N","Y","0","","0","0","0","","0","N","","1","0","0","0","0","0","0","2","0","1","","","","N","","","","","","","","","",""
"2021107612","2131","3","0","0","0","0","0","0","0","0","1","0","","02","11","2021","7","40.472431","-79.896537","2128","11","0","0","0","0","0","0","0","0","","0","0","0","","","0","N","0","","40 28:20.752","5","0","79 53:47.533","9","0","0","0","2301","0","0","0","N","0","0","0","1","02301","0","","1.0","2142.0","1","N","N","Y","0","","0","0","0","","0","Y","","3","0","0","0","0","0","1","2","0","3","","03","","N","","","","","","","","","",""
"2021101071","1744","3","0","0","0","0","0","0","0","0","4","0","","02","10","2021","6","40.416627","-80.045011","1740","11","0","0","1","0","0","1","0","0","","0","0","0","","","0","","2","","40 24:59.858","2","0","80 02:42.040","0","0","0","0","2435","0","0","0","N","0","0","0","3","02435","0","","1.0","1819.0","9","N","N","N","0","","0","0","0","","3","N","","3","0","0","0","0","0","0","2","0","3","","07","","N","","","","","","","","","",""
"2021109626","1534","2","0","0","0","0","0","0","0","0","1","0","","02","11","2021","5","40.352308","-79.907043","1526","11","0","0","0","0","0","0","0","1","","0","0","0","","","0","","2","","40 21:08.308","","0","79 54:25.354","0","0","0","0","2473","0","0","0","N","0","0","0","3","02473","0","","1.0","","1","N","N","N","0","","0","0","0","","0","","","2","0","0","0","0","0","0","2","0","2","","03","","N","","","","","","","","","",""
"2021107251","1405","2","0","0","0","0","0","0","0","0","1","0","","02","11","2021","2","40.452797","-80.03924","1357","11","0","0","0","0","0","1","0","0","","0","0","0","","","0","N","2","","40 27:10.070","","0","80 02:21.263","0","0","0","0","2301","0","0","0","N","0","0","0","2","02301","0","","1.0","","1","N","N","N","0","","0","0","0","","2","","","2","0","0","0","0","0","0","2","0","2","","03","","N","","","","","","","","","",""
"2021087701","1539","0","0","0","0","0","0","0","0","0","1","0","","02","7","2021","5","40.51705","-80.163211","1533","11","0","0","0","0","0","0","0","0","","0","0","0","","","1","N","0","","40 31:01.381","","0","80 09:47.559","8","0","0","0","2420","0","0","0","N","0","0","0","3","02420","0","","6.0","","1","N","N","N","0","","0","0","3","","0","","","3","1","0","0","0","1","0","2","0","3","","03","","N","","","","","","","","","",""
"2021103333","1755","0","0","0","0","0","0","0","0","0","1","0","","02","10","2021","3","40.434131","-79.9643","1738","11","0","0","0","0","1","0","0","0","","0","0","0","","","1","N","0","","40 26:02.873","4","0","79 57:51.481","4","0","0","0","2301","0","0","0","N","0","0","0","2","68B03","1","","1.0","1800.0","1","N","N","N","0","","0","0","2","","0","N","","2","1","0","0","0","0","0","2","0","2","","","","N","","","","","","","","","",""
"2021109369","1216","1","0","0","0","0","0","0","0","0","7","0","10","02","11","2021","4","40.438719","-79.989133","1216","11","0","0","0","0","1","0","0","0","","0","0","0","","","0","N","0","","40 26:19.389","4","0","79 59:20.880","0","0","0","0","2301","0","0","0","N","0","0","0","1","02301","0","","2.0","1235.0","1","N","N","N","0","","0","0","0","","7","N","","1","0","0","0","0","0","0","2","0","1","","01","Y","Y","4","1","","Y","Y","Y","","","","N"
"2021107022","2046","1","0","0","0","0","0","0","0","0","4","0","","02","11","2021","5","40.380675","-79.861137","2044","11","0","0","0","0","0","1","0","0","","0","0","0","","","1","","1","","40 22:50.431","6","0","79 51:40.093","8","0","0","0","2303","0","0","0","N","0","0","0","2","02303","0","","1.0","2126.0","1","N","N","N","0","","0","0","1","","3","N","","2","1","0","0","0","1","0","2","0","2","","03","","N","","","","","","","","","",""
"2021105493","1328","1","0","0","0","0","0","0","0","0","0","0","","02","11","2021","3","40.462045","-79.962009","1321","11","0","0","0","0","0","0","0","0","","0","0","0","","","0","","2","","40 27:43.363","2","0","79 57:43.233","0","0","0","0","2301","0","0","0","N","0","0","0","1","02301","0","","1.0","1430.0","1","N","N","N","0","","0","0","0","","3","Y","","1","0","0","0","0","0","0","2","0","1","","","","N","","","","","","","","","",""