"CRN","ARRIVAL_TM","AUTOMOBILE_COUNT","BELTED_DEATH_COUNT","BELTED_SUSP_SERIOUS_INJ_COUNT","BICYCLE_COUNT","BICYCLE_DEATH_COUNT","BICYCLE_SUSP_SERIOUS_INJ_COUNT","BUS_COUNT","CHLDPAS_DEATH_COUNT","CHLDPAS_SUSP_SERIOUS_INJ_COUNT","COLLISION_TYPE","COMM_VEH_COUNT","CONS_ZONE_SPD_LIM","COUNTY","CRASH_MONTH","CRASH_YEAR","DAY_OF_WEEK","DEC_LATITUDE","DEC_LONGITUDE","DISPATCH_TM","DISTRICT","DRIVER_COUNT_16YR","DRIVER_COUNT_17YR","DRIVER_COUNT_18YR","DRIVER_COUNT_19YR","DRIVER_COUNT_20YR","DRIVER_COUNT_50_64YR","DRIVER_COUNT_65_74YR","DRIVER_COUNT_75PLUS","EST_HRS_CLOSED","FATAL_COUNT","HEAVY_TRUCK_COUNT","HORSE_BUGGY_COUNT","HOUR_OF_DAY","ILLUMINATION","INJURY_COUNT","INTERSECTION_RELATED","INTERSECT_TYPE","LANE_CLOSED","LATITUDE","LN_CLOSE_DIR","LOCATION_TYPE","LONGITUDE","MAX_SEVERITY_LEVEL","MCYCLE_DEATH_COUNT","MCYCLE_SUSP_SERIOUS_INJ_COUNT","MOTORCYCLE_COUNT","MUNICIPALITY","NONMOTR_COUNT","NONMOTR_DEATH_COUNT","NONMOTR_SUSP_SERIOUS_INJ_COUNT","NTFY_HIWY_MAINT","PED_COUNT","PED_DEATH_COUNT","PED_SUSP_SERIOUS_INJ_COUNT","PERSON_COUNT","POLICE_AGCY","POSSIBLE_INJ_COUNT","RDWY_SURF_TYPE_CD","RELATION_TO_ROAD","ROADWAY_CLEARED","ROAD_CONDITION","SCH_BUS_IND","SCH_ZONE_IND","SECONDARY_CRASH","SMALL_TRUCK_COUNT","SPEC_JURIS_CD","SUSP_MINOR_INJ_COUNT","SUSP_SERIOUS_INJ_COUNT","SUV_COUNT","TCD_FUNC_CD","TCD_TYPE","TFC_DETOUR_IND","TIME_OF_DAY","TOTAL_UNITS","TOT_INJ_COUNT","UNBELTED_OCC_COUNT","UNB_DEATH_COUNT","UNB_SUSP_SERIOUS_INJ_COUNT","UNK_INJ_DEG_COUNT","UNK_INJ_PER_COUNT","URBAN_RURAL","VAN_COUNT","VEHICLE_COUNT","WEATHER1","WEATHER2","WORKERS_PRES","WORK_ZONE_IND","WORK_ZONE_LOC","WORK_ZONE_TYPE","WZ_CLOSE_DETOUR","WZ_FLAGGER","WZ_LAW_OFFCR_IND","WZ_LN_CLOSURE","WZ_MOVING","WZ_OTHER","WZ_SHLDER_MDN","WZ_WORKERS_INJ_KILLED"
"2021104094","0424","1","0","0","0","0","0","0","0","0","1","0","","02","10","2021","7","40.425995","-79.985581","0418","11","0","0","0","0","0","0","0","0","","0","0","0","","","0","N","0","","40 25:33.582","","0","79 59:08.090","9","0","0","0","2301","0","0","0","N","0","0","0","1","02301","0","","1.0","","1","N","N","N","0","","0","0","4","","0","","","5","0","0","0","0","0","1","2","0","5","","03","","N","","","","","","","","","",""
"2021068913","0310","0","0","0","0","0","0","0","0","0","7","0","","02","7","2021","2","40.420281","-79.957987","0309","11","0","0","0","0","0","0","0","0","","0","0","0","","","0","N","0","","40 25:13.013","","0","79 57:28.754","0","0","0","0","2301","0","0","0","N","0","0","0","1","02301","0","","2.0","","1","N","N","N","0","","0","0","1","","0","","","1","0","0","0","0","0","0","2","0","1","","03","","N","","","","","","","","","",""
"2021068643","2316","1","0","0","0","0","0","0","0","0","7","0","","02","7","2021","7","40.493069","-79.911142","2314","11","0","0","0","0","0","1","0","0","","0","0","0","","","0","N","7","","40 29:35.049","","2","79 54:40.110","0","0","0","0","2112","0","0","0","N","0","0","0","1","02112","0","","7.0","","1","N","N","N","0","","0","0","0","","0","","","1","0","0","0","0","0","0","2","0","1","","","","N","","","","","","","","","",""
"2021107460","0125","1","0","0","0","0","0","0","0","0","4","0","","02","11","2021","1","40.432372","-79.864851","0125","11","0","0","0","1","0","0","0","0","","0","0","0","","","1","N","1","","40 25:56.539","4","0","79 51:53.464","8","0","0","0","2431","0","0","0","Y","0","0","0","7","02431","0","","1.0","125.0","1","N","N","N","0","","0","0","1","","2","N","","2","1","0","0","0","1","0","2","0","2","","","","N","","","","","","","","","",""
"2021092487","1640","1","0","0","0","0","0","1","0","0","4","1","","02","9","2021","5","40.424953","-79.953011","1625","11","0","0","0","0","0","0","0","0","","0","0","0","","","1","N","1","","40 25:29.832","","0","79 57:10.841","3","0","0","0","2301","0","0","0","N","0","0","0","3","02503","0","","1.0","","1","N","N","N","0","","1","0","0","","2","","","2","1","0","0","0","0","0","2","0","2","","03","","N","","","","","","","","","",""
"2021087702","1903","0","0","0","0","0","0","0","0","0","5","0","","02","7","2021","5","40.514191","-80.155635","1901","11","0","0","0","0","0","1","0","0","","0","0","0","","","0","","2","","40 30:51.089","","0","80 09:20.286","0","0","0","0","2420","0","0","0","N","0","0","0","2","02420","0","","1.0","","1","N","N","N","0","","0","0","2","","0","","","2","0","0","0","0","0","0","2","0","2","","","","N","","","","","","","","","",""
"2021070129","1258","1","0","0","0","0","0","0","0","0","2","0","","02","7","2021","4","40.411083","-79.918972","1253","11","0","0","0","0","0","0","0","0","","0","0","0","","","3","N","0","","40 24:39.900","7","3","79 55:08.300","2","0","0","0","2301","0","0","0","N","0","0","0","3","02301","0","","1.0","1437.0","1","N","N","N","0","","1","2","1","","0","Y","","2","3","2","0","2","0","0","2","0","2","","03","","N","","","","","","","","","",""
"2021108522","1252","1","0","0","0","0","0","0","0","0","5","1","","02","11","2021","3","40.434944","-79.96725","1245","11","0","0","0","0","0","0","0","0","","0","1","0","","","0","N","0","","40 26:05.800","","0","79 58:02.100","0","0","0","0","2301","0","0","0","N","0","0","0","2","02301","0","","1.0","","1","N","N","N","0","","0","0","0","","0","N","","2","0","0","0","0","0","0","2","0","2","","03","","N","","","","","","","","","",""
"2021073747","1554","0","0","0","0","0","0","0","0","0","0","0","","02","7","2021","6","40.529505","-79.790309","1551","11","0","0","0","0","0","0","1","0","","0","0","0","","","0","N","2","","40 31:46.218","6","0","79 47:25.112","0","0","0","0","2466","0","0","0","N","0","0","0","1","02466","0","","1.0","1633.0","1","N","N","N","0","","0","0","1","","0","N","","1","0","0","0","0","0","0","1","0","1","","","","N","","","","","","","","","",""
"2021109348","0731","2","0","0","0","0","0","0","0","0","1","0","","02","11","2021","5","40.37727","-79.801359","0726","11","0","1","0","0","0","0","0","0","","0","0","0","","","1","N","2","","40 22:38.172","3","0","79 48:04.891","8","0","0","0","2111","0","0","0","N","0","0","0","5","02111","0","","1.0","735.0","1","N","N","Y","0","","0","0","1","","0","N","","3","1","0","0","0","1","0","2","0","3","","03","","N","","","","","","","","","",""
"2021101088","1450","1","0","0","0","0","0","0","0","0","4","0","","02","10","2021","6","40.383157","-79.827797","1449","11","0","0","0","0","0","1","0","0","","0","0","0","","","2","N","1","","40 22:59.366","7","0","79 49:40.068","8","0","0","0","2111","0","0","0","N","0","0","0","3","02111","0","","1.0","1522.0","1","N","N","N","1","","0","0","0","","2","Y","","2","2","2","0","0","2","0","2","0","2","","03","","N","","","","","","","","","",""
"2021070942","2001","0","0","0","0","0","0","0","0","0","2","0","","02","7","2021","6","40.401656","-79.940514","1950","11","0","0","0","0","0","1","0","0","","0","0","0","","","0","N","2","","40 24:05.961","","0","79 56:25.849","0","0","0","0","2301","0","0","0","N","0","0","0","2","02301","0","","1.0","","1","N","N","N","0","","0","0","2","","0","","","2","0","0","0","0","0","0","2","0","2","","03","","N","","","","","","","","","",""
"2021095340","0214","0","0","0","0","0","0","0","0","0","7","0","","02","10","2021","7","40.440798","-79.954368","0209","11","0","0","0","0","0","0","0","0","","0","0","0","","","1","","2","","40 26:26.872","","0","79 57:15.725","3","0","0","0","2301","0","0","0","N","0","0","0","1","02301","0","","2.0","","1","N","N","N","0","","1","0","0","","3","","","1","1","0","0","0","0","0","2","0","1","","03","","N","","","","","","","","","",""
"2021107142","1558","2","0","0","0","0","0","0","0","0","1","0","","02","11","2021","5","40.535555","-79.974432","1554","11","0","0","0","0","0","0","1","0","","0","0","0","","","0","N","0","","40 32:07.997","3","0","79 58:27.955","0","0","0","0","2118","0","0","0","N","0","0","0","2","02118","0","","1.0","1620.0","1","N","N","N","0","","0","0","0","","0","N","","2","0","0","0","0","0","0","2","0","2","","03","","N","","","","","","","","","",""
"2021067710","1724","2","0","0","0","0","0","0","0","0","4","0","","02","7","2021","4","40.430131","-79.981914","1706","11","0","0","0","0","0","1","0","0","","0","0","0","","","0","N","1","","40 25:48.473","3","0","79 58:54.891","9","0","0","0","2301","0","0","0","N","0","0","0","2","02301","0","","1.0","1750.0","1","N","N","N","0","","0","0","0","","3","N","","2","0","0","0","0","0","1","2","0","2","","03","","N","","","","","","","","","",""
"2021089929","1937","0","0","0","0","0","0","0","0","0","5","0","","02","7","2021","3","40.516167","-80.022278","1933","11","0","0","0","0","0","0","1","0","","0","0","0","","","0","Y","0","","40 30:58.200","","0","80 01:20.200","0","0","0","0","2474","0","0","0","N","0","0","0","1","02474","0","","4.0","","1","N","N","N","1","","0","0","2","","0","","","3","0","0","0","0","0","0","2","0","3","","03","","N","","","","","","","","","",""
"2021108177","1755","2","0","0","0","0","0","0","0","0","1","0","","02","11","2021","5","40.49444","-79.8703","1744","11","0","0","0","0","1","0","0","0","","0","0","0","","","1","N","0","","40 29:39.985","","0","79 52:13.081","3","0","0","0","2112","0","0","0","N","0","0","0","3","68D02","0","","1.0","","1","N","N","N","0","","1","0","1","","0","","","3","1","0","0","0","0","0","2","0","3","","03","","N","","","","","","","","","",""
"2021107443","2236","2","0","0","0","0","0","0","0","0","5","0","","02","11","2021","7","40.423741","-79.977655","2234","11","0","0","0","0","0","0","0","0","","0","0","0","","","0","N","0","","40 25:25.467","2","0","79 58:39.559","0","0","0","0","2301","0","0","0","N","0","0","0","1","02301","0","","1.0","2325.0","1","N","N","N","0","","0","0","0","","0","Y","","2","0","0","0","0","0","0","2","0","2","","","","N","","","","","","","","","",""
"2021100632","0059","0","0","0","0","0","0","0","0","0","7","0","","02","9","2021","5","40.648533","-79.937301","0053","11","0","0","0","0","0","0","0","0","","0","0","0","","","0","","1","","40 38:54.718","","0","79 56:14.285","0","0","0","0","2217","0","0","0","N","0","0","0","1","02505","0","","5.0","","1","N","N","N","1","","0","0","0","","0","","","1","0","0","0","0","0","0","2","0","1","","03","","N","","","","","","","","","",""
"2021109397","1522","1","0","0","0","0","0","0","0","0","5","1","","02","10","2021","3","40.378517","-80.099486","1513","11","0","0","0","0","0","1","0","0","","0","1","0","","","0","N","0","","40 22:42.660","","0","80 05:58.150","0","0","0","0","2102","0","0","0","N","0","0","0","2","68B03","0","","1.0","","1","N","N","N","0","","0","0","0","","0","","","2","0","0","0","0","0","0","2","0","2","","","","N","","","","","","","","","",""
"2021107812","0241","2","0","0","0","0","0","0","0","0","4","0","","02","11","2021","2","40.424401","-79.9647","0234","11","0","0","0","0","0","0","0","0","","0","0","0","","","1","N","2","","40 25:27.843","7","0","79 57:52.919","3","0","0","0","2301","0","0","0","N","0","0","0","2","02301","0","","1.0","330.0","1","N","N","N","0","","1","0","0","","3","Y","","2","1","0","0","0","0","0","2","0","2","","03","","N","","","","","","","","","",""
"2021108402","1905","0","0","0","0","0","0","0","0","0","2","0","","02","6","2021","6","40.315667","-79.818472","1859","11","0","0","0","0","0","0","0","0","","0","0","0","","","1","N","0","","40 18:56.400","6","0","79 49:06.500","2","0","1","1","2105","0","0","0","N","0","0","0","2","02105","0","","1.0","2010.0","1","N","N","N","1","","0","1","0","","0","Y","","2","1","0","0","0","0","0","2","0","2","","","","N","","","","","","","","","",""
"2021106748","0158","1","0","0","0","0","0","0","0","0","7","0","","02","1","2021","3","40.408859","-80.004713","0153","11","0","0","0","0","0","0","0","0","","0","0","0","","","0","N","0","","40 24:31.891","4","0","80 00:16.968","0","0","0","0","2301","0","0","0","N","0","0","0","1","02301","0","","5.0","400.0","2","N","N","N","0","","0","0","0","","0","Y","","1","0","0","0","0","0","0","2","0","1","","","","N","","","","","","","","","",""
"2021108495","1549","0","0","0","0","0","0","0","0","0","1","1","","02","11","2021","2","40.559172","-79.802675","1541","11","0","0","0","0","1","0","0","0","","0","0","0","","","0","N","0","","40 33:33.019","","0","79 48:09.631","9","0","0","0","2121","0","0","0","N","0","0","0","2","68D02","0","","1.0","","1","N","N","N","0","","0","0","1","","0","","","2","0","0","0","0","0","1","2","0","2","","","","N","","","","","","","","","",""
"2021102941","1605","0","0","0","0","0","0","0","0","0","5","1","","02","10","2021","4","40.455814","-79.992348","1559","11","0","0","0","0","0","2","0","0","","0","1","0","","","0","N","0","","40 27:20.929","2","0","79 59:32.453","0","0","0","0","2301","0","0","0","N","0","0","0","2","02301","0","","1.0","1640.0","1","N","N","N","0","","0","0","1","","0","Y","","2","0","0","0","0","0","0","2","0","2","","03","","N","","","","","","","","","",""
"2021120365","1647","0","0","0","0","0","0","0","0","0","5","0","","02","12","2021","5","40.461058","-79.866501","1645","11","0","0","0","0","0","0","0","0","","0","0","0","","","0","N","0","","40 27:39.809","","0","79 51:59.403","0","0","0","0","2113","0","0","0","N","0","0","0","2","02113","0","","1.0","","1","N","N","N","0","","0","0","2","","0","","","2","0","0","0","0","0","0","2","0","2","","03","","N","","","","","","","","","",""
"2021106250","2038","0","0","0","0","0","0","0","0","0","7","0","","02","11","2021","4","40.423381","-79.987078","2034","11","0","0","0","0","0","0","0","0","","0","0","0","","","1","N","0","","40 25:24.171","","0","79 59:13.482","3","0","0","0","2301","0","0","0","N","0","0","0","1","02301","0","","5.0","","1","N","N","N","0","","1","0","1","","0","","","1","1","0","0","0","0","0","2","0","1","","03","","N","","","","","","","","","",""
"2021070822","1331","1","0","0","0","0","0","0","0","0","8","0","","02","7","2021","6","40.408279","-79.943599","1324","11","0","0","0","0","0","0","0","0","","0","0","0","","","1","N","0","","40 24:29.804","2","0","79 56:36.958","3","0","0","0","2301","1","0","0","N","1","0","0","2","02301","0","","1.0","1348.0","1","N","N","N","0","","1","0","0","","0","N","","2","1","0","0","0","0","0","2","0","1","","98","","N","","","","","","","","","",""
"2021070620","1742","2","0","0","0","0","0","0","0","0","1","0","","02","7","2021","4","40.359653","-79.847005","1735","11","0","0","0","0","0","1","0","0","","0","0","0","","","0","","3","","40 21:34.749","5","2","79 50:49.219","0","0","0","0","2303","0","0","0","N","0","0","0","2","02303","0","","1.0","1803.0","1","N","N","N","0","","0","0","0","","0","N","","2","0","0","0","0","0","0","2","0","2","","","","N","","","","","","","","","",""
"2021108168","2159","1","0","0","0","0","0","0","0","0","98","0","","02","11","2021","4","40.495912","-79.868799","2130","11","0","0","0","0","0","0","0","0","","0","0","0","","","0","N","0","","40 29:45.284","","0","79 52:07.675","0","0","0","0","2112","0","0","0","N","0","0","0","1","68D02","0","","1.0","","1","N","N","N","0","","0","0","0","","0","","","1","0","0","0","0","0","0","2","0","1","","","","N","","","","","","","","","",""
"2021037146","2338","1","0","0","0","0","0","0","0","0","7","0","","02","11","2021","2","40.396731","-79.998525","2338","11","0","0","0","0","0","1","0","0","","0","0","0","","","1","N","2","","40 23:48.230","","0","79 59:54.691","4","0","0","0","2301","0","0","0","N","0","0","0","1","02301","1","","5.0","","1","N","N","N","0","","0","0","0","","2","","","1","1","0","0","0","0","0","2","0","1","","03","","N","","","","","","","","","",""
"2021084372","1300","0","0","0","0","0","0","0","0","0","4","0","","02","9","2021","7","40.388656","-79.830251","1058","11","0","0","0","0","0","1","0","0","","1","0","0","","","0","N","2","","40 23:19.161","7","0","79 49:48.903","1","1","0","1","2111","0","0","0","N","0","0","0","2","02111","0","2","1.0","1649.0","1","N","N","N","0","0","0","0","1","","2","Y","","2","0","1","0","0","0","0","2","0","2","","03","","N","","","","","","","","","",""
"2021070270","1203","1","0","0","0","0","0","0","0","0","6","0","","02","7","2021","5","40.518972","-79.860389","1146","11","0","0","0","0","0","1","0","0","","0","1","0","","","0","N","0","","40 31:08.300","","0","79 51:37.400","0","0","0","0","2112","0","0","0","Y","0","0","0","2","02112","0","","1.0","","9","N","N","N","0","","0","0","0","","0","","","2","0","0","0","0","0","0","2","0","2","","","","N","","","","","","","","","",""
"2021108190","0717","1","0","0","0","0","0","0","0","0","98","0","","02","11","2021","6","40.508751","-79.855771","0717","11","0","0","0","0","0","0","0","0","","0","0","0","","","1","N","0","","40 30:31.503","","0","79 51:20.777","3","0","0","0","2112","0","0","0","N","0","0","0","2","68D02","0","","1.0","","1","N","N","N","0","","1","0","0","","0","","","1","1","0","0","0","0","0","2","0","1","","","","N","","","","","","","","","",""
"2021102447","1458","2","0","0","0","0","0","0","0","0","4","0","","02","10","2021","3","40.443903","-79.950763","1442","11","0","0","0","0","0","0","1","0","","0","0","0","","","0","N","1","","40 26:38.052","","0","79 57:02.748","0","0","0","0","2301","0","0","0","N","0","0","0","2","02301","0","","1.0","","9","N","N","N","0","","0","0","0","","2","","","2","0","0","0","0","0","0","2","0","2","","07","","N","","","","","","","","","",""
"2021100993","0120","1","0","0","0","0","0","0","0","0","7","0","","02","10","2021","7","40.448239","-79.986874","0111","11","0","0","0","0","0","0","0","0","","0","0","0","","","1","","2","","40 26:53.660","6","0","79 59:12.746","4","0","0","0","2301","0","0","0","N","0","0","0","1","02301","1","","5.0","135.0","9","N","N","N","0","","0","0","0","","2","N","","1","1","0","0","0","0","0","2","0","1","","","","N","","","","","","","","","",""
"2021109357","0915","1","0","0","0","0","0","0","0","0","4","0","","02","11","2021","5","40.609981","-80.053296","0910","11","0","0","0","0","0","1","0","0","","0","0","0","","","0","","1","","40 36:35.930","","0","80 03:11.864","0","0","0","0","2108","0","0","0","N","0","0","0","2","02108","0","","1.0","","1","N","N","N","0","","0","0","1","","2","","","2","0","0","0","0","0","0","2","0","2","","03","","N","","","","","","","","","",""
"2021109122","1855","0","0","0","0","0","0","0","0","0","1","0","","02","11","2021","4","40.434921","-79.918909","1838","11","0","0","0","0","0","0","0","0","","0","0","0","","","0","N","0","","40 26:05.714","","0","79 55:08.071","0","0","0","0","2301","0","0","0","N","0","0","0","2","02301","0","","1.0","","1","N","N","N","1","","0","0","1","","0","","","2","0","0","0","0","0","0","2","0","2","","","","N","","","","","","","","","",""
"2021101829","2039","0","0","0","0","0","0","0","0","0","4","0","","02","10","2021","5","40.438871","-79.760628","2039","11","0","0","0","0","0","1","0","0","","0","0","0","","","1","","1","","40 26:19.934","4","0","79 45:38.259","3","0","0","0","2446","0","0","0","N","0","0","0","2","02446","0","","1.0","2101.0","9","N","N","N","1","","1","0","1","","2","Y","","2","1","0","0","0","0","0","2","0","2","","07","","N","","","","","","","","","",""
"2021120116","0557","1","0","0","0","0","0","0","0","0","4","0","","02","12","2021","4","40.427844","-79.949481","0542","11","0","0","0","0","0","0","0","0","","0","0","0","","","0","N","0","","40 25:40.240","4","0","79 56:58.131","0","0","0","0","2301","0","0","0","N","0","0","0","1","68B03","0","","3.0","620.0","9","N","N","N","0","","0","0","0","","0","N","","1","0","0","0","0","0","0","2","0","1","","","","N","","","","","","","","","",""
"2021070889","1835","3","0","0","0","0","0","0","0","0","1","0","","02","7","2021","6","40.561228","-79.999289","1830","11","0","0","0","0","0","0","0","0","","0","0","0","","","0","","1","","40 33:40.419","5","0","79 59:57.439","0","0","0","0","2108","0","0","0","N","0","0","0","3","02108","0","","1.0","1900.0","1","N","N","N","0","","0","0","0","","2","N","","3","0","0","0","0","0","0","2","0","3","","03","","N","","","","","","","","","",""
"2021094328","2329","0","0","0","0","0","0","0","0","0","4","0","","02","10","2021","3","40.449141","-79.999673","2325","11","0","0","0","0","0","0","0","0","","0","0","0","","","1","N","0","","40 26:56.907","","0","79 59:58.823","4","0","0","0","2301","0","0","0","N","0","0","0","3","02301","1","","1.0","","1","N","N","N","0","","0","0","1","","0","N","","2","1","0","0","0","0","0","2","1","2","","","","N","","","","","","","","","",""
"2021091089","1803","2","0","0","0","0","0","0","0","0","4","0","","02","9","2021","1","40.354652","-79.913627","1801","11","0","0","0","0","1","0","0","0","","0","0","0","","","0","N","3","","40 21:16.747","","0","79 54:49.057","0","0","0","0","2473","0","0","0","N","0","0","0","5","02473","0","","1.0","","1","N","N","N","0","","0","0","0","","0","","","2","0","0","0","0","0","0","2","0","2","","03","","N","","","","","","","","","",""
"2021120953","0424","3","0","0","0","0","0","0","0","0","5","0","","02","12","2021","6","40.348753","-79.838485","0422","11","0","0","0","0","0","0","0","0","","0","0","0","","","0","N","0","","40 20:55.512","","0","79 50:18.546","9","0","0","0","2304","0","0","0","N","0","0","0","3","02304","0","","6.0","","1","N","N","Y","0","","0","0","0","","0","","","3","0","0","0","0","0","1","2","0","3","","03","","N","","","","","","","","","",""
"2021101277","2115","2","0","0","0","0","0","0","0","0","1","0","","02","10","2021","7","40.424062","-79.962486","2110","11","0","0","0","0","0","1","0","0","","0","0","0","","","0","N","1","","40 25:26.624","","0","79 57:44.948","0","0","0","0","2301","0","0","0","N","0","0","0","2","02301","0","","1.0","","1","N","N","N","0","","0","0","0","","0","","","3","0","0","0","0","0","0","2","0","3","","03","","N","","","","","","","","","",""
"2021071508","2249","0","0","0","0","0","0","0","0","0","4","0","","02","7","2021","5","40.47113","-79.920392","2249","11","0","0","0","0","0","1","0","0","","0","0","0","","","0","","1","","40 28:16.068","","0","79 55:13.411","0","0","0","0","2301","0","0","0","N","0","0","0","1","02301","0","","1.0","","1","N","N","N","0","","0","0","3","","0","","","3","0","0","0","0","0","0","2","0","3","","03","","N","","","","","","","","","",""
"2021109660","0021","1","0","0","0","0","0","0","0","0","7","0","","02","11","2021","6","40.47604","-80.068","0012","11","0","0","0","0","0","0","0","0","","0","0","0","","","0","N","0","","40 28:33.745","7","0","80 04:04.799","0","0","0","0","2122","0","0","0","N","0","0","0","1","02122","0","","2.0","109.0","9","N","N","N","0","","0","0","0","","0","Y","","1","0","0","0","0","0","0","2","0","1","","","","N","","","","","","","","","",""
"2021121914","1015","0","0","0","0","0","0","0","0","0","7","1","","02","12","2021","2","40.58729","-80.099831","0951","11","0","0","0","0","0","0","0","0","","0","0","0","","","1","N","0","","40 35:14.244","","0","80 05:59.390","8","0","0","0","2481","0","0","0","Y","0","0","0","1","68B03","0","","4.0","","9","N","N","N","1","","0","0","0","","0","","","1","1","0","0","0","1","0","2","0","1","","07","","N","","","","","","","","","",""
"2021109253","2134","1","0","0","0","0","0","0","0","0","4","0","","02","11","2021","4","40.428704","-79.988304","2132","11","0","0","0","0","0","0","0","0","","0","0","0","","","0","N","1","","40 25:43.336","2","0","79 59:17.894","0","0","0","0","2301","0","0","0","N","0","0","0","3","02301","0","","1.0","2202.0","1","N","N","N","0","","0","0","1","","2","N","","2","0","1","0","0","0","0","2","0","2","","03","","N","","","","","","","","","",""
"2021107451","1707","2","0","0","0","0","0","0","0","0","1","0","","02","11","2021","3","40.362099","-79.93217","1705","11","0","0","0","0","0","1","0","0","","0","0","0","","","0","","1","","40 21:43.555","","0","79 55:55.812","0","0","0","0","2473","0","0","0","N","0","0","0","2","02473","0","","1.0","","1","N","N","N","0","","0","0","0","","0","N","","2","0","0","0","0","0","0","2","0","2","","03","","N","","","","","","","","","",""
"2021121949","0843","1","0","0","0","0","0","0","0","0","7","0","","02","12","2021","7","40.488708","-80.009616","0821","11","0","0","0","0","0","0","0","0","","0","0","0","","","2","N","0","","40 29:19.350","2","0","80 00:34.618","3","0","0","0","2301","0","0","0","N","0","0","0","2","68B03","0","","4.0","915.0","9","N","N","N","0","","1","0","0","","0","N","","1","2","0","0","0","1","0","2","0","1","","","","N","","","","","","","","","",""
"2021101305","0623","1","0","0","0","0","0","0","0","0","7","0","","02","10","2021","7","40.403429","-79.908764","0616","11","0","0","0","0","0","0","0","0","","0","0","0","","","0","N","0","","40 24:12.344","","0","79 54:31.549","9","0","0","0","2438","0","0","0","N","0","0","0","1","02438","0","","5.0","","9","N","N","N","0","","0","0","0","","0","","","1","0","0","0","0","0","1","2","0","1","","07","","N","","","","","","","","","",""
"2021070086","2250","1","0","0","0","0","0","0","0","0","7","0","","02","7","2021","4","40.40916","-79.901109","2246","11","0","0","0","0","0","0","0","0","","0","0","0","","","0","","2","","40 24:32.976","3","0","79 54:03.992","0","0","0","0","2448","0","0","0","N","0","0","0","1","02448","0","","5.0","2351.0","1","N","N","N","0","","0","0","0","","3","N","","1","0","0","0","0","0","0","2","0","1","","","","N","","","","","","","","","",""
"2021096870","2019","1","0","0","0","0","0","0","0","0","4","0","","02","10","2021","2","40.430363","-80.133232","2008","11","0","0","0","0","0","0","1","0","","0","0","0","","","0","","2","","40 25:49.307","","2","80 07:59.635","0","0","0","0","2102","0","0","0","N","0","0","0","2","02102","0","","1.0","","1","N","N","N","0","","0","0","1","","2","","","2","0","0","0","0","0","0","2","0","2","","03","","N","","","","","","","","","",""
"2021069417","1527","2","0","0","0","0","0","0","0","0","1","0","","02","7","2021","3","40.392499","-79.934739","1519","11","0","0","0","0","0","0","0","0","","0","0","0","","","0","N","0","","40 23:32.997","","0","79 56:05.059","0","0","0","0","2301","0","0","0","N","0","0","0","8","02403","0","","1.0","","1","N","N","N","0","","0","0","2","","0","","","4","0","3","0","0","0","0","2","0","4","","03","","N","","","","","","","","","",""
"2021096301","2350","2","0","0","0","0","0","0","0","0","4","0","","02","10","2021","2","40.434986","-79.955962","2340","11","0","0","0","0","0","2","0","0","","0","0","0","","","2","N","2","","40 26:05.951","2","0","79 57:21.464","3","0","0","0","2301","0","0","0","N","0","0","0","3","02301","0","","1.0","20.0","1","N","N","N","0","","2","0","0","","3","N","","2","2","0","0","0","0","0","2","0","2","","03","","N","","","","","","","","","",""
"2021070202","1107","2","0","0","0","0","0","0","0","0","1","0","","02","7","2021","5","40.444562","-80.028716","1103","11","0","0","0","0","0","0","0","0","","0","0","0","","","2","N","0","","40 26:40.422","7","0","80 01:43.378","3","0","0","0","2301","0","0","0","N","0","0","0","3","02301","0","","1.0","1145.0","1","N","N","N","0","","2","0","0","","0","N","","2","2","0","0","0","0","0","2","0","2","","","","N","","","","","","","","","",""
"2021110635","1804","0","0","0","0","0","0","0","0","0","4","0","","02","11","2021","1","40.440944","-80.03473","1753","11","0","0","0","0","0","0","0","0","","0","0","0","","","0","","1","","40 26:27.398","","0","80 02:05.027","0","0","0","0","2301","0","0","0","N","0","0","0","5","02301","0","","1.0","","9","N","N","N","2","","0","0","0","","2","","","2","0","0","0","0","0","0","2","0","2","","","","N","","","","","","","","","",""
"2021102112","2031","1","0","0","0","0","0","0","0","0","4","0","","02","10","2021","5","40.362373","-79.826135","2031","11","0","0","0","0","0","1","0","0","","0","0","0","","","2","N","1","","40 21:44.541","5","0","79 49:34.085","4","0","0","0","2111","0","0","0","N","0","0","0","2","02111","1","","1.0","2102.0","1","N","N","N","1","","0","0","0","","4","Y","","2","2","2","0","0","1","0","2","0","2","","03","","N","","","","","","","","","",""
"2021108395","1537","1","0","0","0","0","0","0","0","0","7","0","","02","10","2021","1","40.315352","-79.830975","1537","11","0","0","0","0","0","0","0","0","","0","0","0","","","1","N","0","","40 18:55.268","5","0","79 49:51.511","3","0","0","0","2469","0","0","0","N","0","0","0","2","02469","0","","5.0","1645.0","1","N","N","N","0","","1","0","0","","0","Y","","1","1","0","0","0","0","0","2","0","1","","03","","N","","","","","","","","","",""
"2021065489","1330","1","0","0","0","0","0","0","0","0","4","0","","02","7","2021","4","40.526831","-80.070335","1324","11","0","0","0","1","0","0","0","0","","0","0","0","","","0","Y","0","","40 31:36.593","","6","80 04:13.205","0","0","0","0","2215","0","0","0","N","0","0","0","2","02215","0","","1.0","","1","N","N","N","0","","0","0","1","","0","","","2","0","0","0","0","0","0","2","0","2","","","","N","","","","","","","","","",""