"CRN","ARRIVAL_TM","AUTOMOBILE_COUNT","BELTED_DEATH_COUNT","BELTED_SUSP_SERIOUS_INJ_COUNT","BICYCLE_COUNT","BICYCLE_DEATH_COUNT","BICYCLE_SUSP_SERIOUS_INJ_COUNT","BUS_COUNT","CHLDPAS_DEATH_COUNT","CHLDPAS_SUSP_SERIOUS_INJ_COUNT","COLLISION_TYPE","COMM_VEH_COUNT","CONS_ZONE_SPD_LIM","COUNTY","CRASH_MONTH","CRASH_YEAR","DAY_OF_WEEK","DEC_LATITUDE","DEC_LONGITUDE","DISPATCH_TM","DISTRICT","DRIVER_COUNT_16YR","DRIVER_COUNT_17YR","DRIVER_COUNT_18YR","DRIVER_COUNT_19YR","DRIVER_COUNT_20YR","DRIVER_COUNT_50_64YR","DRIVER_COUNT_65_74YR","DRIVER_COUNT_75PLUS","EST_HRS_CLOSED","FATAL_COUNT","HEAVY_TRUCK_COUNT","HORSE_BUGGY_COUNT","HOUR_OF_DAY","ILLUMINATION","INJURY_COUNT","INTERSECTION_RELATED","INTERSECT_TYPE","LANE_CLOSED","LATITUDE","LN_CLOSE_DIR","LOCATION_TYPE","LONGITUDE","MAX_SEVERITY_LEVEL","MCYCLE_DEATH_COUNT","MCYCLE_SUSP_SERIOUS_INJ_COUNT","MOTORCYCLE_COUNT","MUNICIPALITY","NONMOTR_COUNT","NONMOTR_DEATH_COUNT","NONMOTR_SUSP_SERIOUS_INJ_COUNT","NTFY_HIWY_MAINT","PED_COUNT","PED_DEATH_COUNT","PED_SUSP_SERIOUS_INJ_COUNT","PERSON_COUNT","POLICE_AGCY","POSSIBLE_INJ_COUNT","RDWY_SURF_TYPE_CD","RELATION_TO_ROAD","ROADWAY_CLEARED","ROAD_CONDITION","SCH_BUS_IND","SCH_ZONE_IND","SECONDARY_CRASH","SMALL_TRUCK_COUNT","SPEC_JURIS_CD","SUSP_MINOR_INJ_COUNT","SUSP_SERIOUS_INJ_COUNT","SUV_COUNT","TCD_FUNC_CD","TCD_TYPE","TFC_DETOUR_IND","TIME_OF_DAY","TOTAL_UNITS","TOT_INJ_COUNT","UNBELTED_OCC_COUNT","UNB_DEATH_COUNT","UNB_SUSP_SERIOUS_INJ_COUNT","UNK_INJ_DEG_COUNT","UNK_INJ_PER_COUNT","URBAN_RURAL","VAN_COUNT","VEHICLE_COUNT","WEATHER1","WEATHER2","WORKERS_PRES","WORK_ZONE_IND","WORK_ZONE_LOC","WORK_ZONE_TYPE","WZ_CLOSE_DETOUR","WZ_FLAGGER","WZ_LAW_OFFCR_IND","WZ_LN_CLOSURE","WZ_MOVING","WZ_OTHER","WZ_SHLDER_MDN","WZ_WORKERS_INJ_KILLED"
"2021093036","1447","1","0","0","0","0","0","0","0","0","5","0","","02","9","2021","3","40.546389","-80.028889","1439","11","0","0","0","0","0","1","0","0","","0","0","0","","","0","N","0","","40 32:47.000","","0","80 01:44.000","0","0","0","0","2116","0","0","0","N","0","0","0","2","02116","0","","1.0","","1","N","N","N","1","","0","0","0","","0","","","2","0","0","0","0","0","0","2","0","2","","","","N","","","","","","","","","",""
"2021125378","1026","2","0","0","0","0","0","0","0","0","4","0","","02","12","2021","4","40.347534","-79.816905","1023","11","0","0","0","0","1","0","1","0","","0","0","0","","","0","N","0","","40 20:51.121","3","7","79 49:00.857","0","0","0","0","2477","0","0","0","N","0","0","0","2","02477","0","","1.0","1050.0","1","N","N","N","0","","0","0","0","","0","N","","2","0","0","0","0","0","0","2","0","2","","","","N","","","","","","","","","",""
"2021081448","1420","1","0","0","0","0","0","0","0","0","5","0","","02","8","2021","2","40.463719","-79.980572","1355","11","0","0","0","0","0","0","0","0","","0","0","0","","","1","N","0","","40 27:49.387","1","0","79 58:50.059","4","0","0","0","2301","0","0","0","N","0","0","0","2","02301","1","","1.0","1455.0","1","N","N","N","0","","0","0","1","","0","Y","","2","1","0","0","0","0","0","2","0","2","","","","N","","","","","","","","","",""
"2021107168","0333","0","0","0","0","0","0","0","0","0","7","0","","02","11","2021","7","40.458425","-79.964303","0325","11","0","0","0","0","0","0","0","0","","0","0","0","","","0","N","0","","40 27:30.330","6","0","79 57:51.490","0","0","0","0","2301","0","0","0","N","0","0","0","1","02301","0","","2.0","355.0","1","N","N","N","0","","0","0","1","","0","N","","1","0","0","0","0","0","0","2","0","1","","03","","N","","","","","","","","","",""
"2021093713","0926","1","0","0","0","0","0","0","0","0","4","0","","02","10","2021","2","40.380164","-80.033053","0923","11","0","0","0","0","0","0","2","0","","0","0","0","","","0","","1","","40 22:48.590","","0","80 01:58.990","0","0","0","0","2109","0","0","0","N","0","0","0","2","02109","0","","1.0","","9","N","N","N","0","","0","0","1","","3","","","2","0","0","0","0","0","0","2","0","2","","","","N","","","","","","","","","",""
"2021127160","1118","2","0","0","0","0","0","0","0","0","4","0","","02","12","2021","3","40.405724","-79.911768","1111","11","0","0","0","0","0","0","0","0","","0","0","0","","","0","","1","","40 24:20.606","5","0","79 54:42.364","9","0","0","0","2438","0","0","0","N","0","0","0","2","02438","0","","1.0","1152.0","1","N","N","N","0","","0","0","0","","3","Y","","2","0","0","0","0","0","2","2","0","2","","03","","N","","","","","","","","","",""
"2021094345","1748","2","0","0","0","0","0","0","0","0","4","0","","02","10","2021","3","40.387817","-80.05218","1746","11","0","0","0","0","0","0","0","0","","0","0","0","","","0","","2","","40 23:16.141","","0","80 03:07.848","0","0","0","0","2109","0","0","0","N","0","0","0","2","02109","0","","1.0","","1","N","N","N","0","","0","0","0","","3","","","2","0","0","0","0","0","0","2","0","2","","","","N","","","","","","","","","",""
"2021114058","2022","1","0","0","0","0","0","0","0","0","4","0","","02","11","2021","1","40.446952","-79.948999","2021","11","0","0","0","0","1","0","0","0","","0","0","0","","","0","N","1","","40 26:49.027","","0","79 56:56.397","0","0","0","0","2301","0","0","0","N","0","0","0","2","02506","0","","1.0","","9","N","N","N","0","","0","0","1","","2","N","","2","0","0","0","0","0","0","2","0","2","","","","N","","","","","","","","","",""
"2021093911","1743","1","0","0","0","0","0","0","0","0","4","0","","02","9","2021","2","40.338638","-80.000186","1731","11","0","0","0","0","0","1","0","0","","0","0","0","","","0","","3","","40 20:19.096","","0","80 00:00.669","0","0","0","0","2407","0","0","0","N","0","0","0","2","02407","0","","1.0","","1","N","N","N","0","","0","0","1","","0","","","2","0","0","0","0","0","0","2","0","2","","03","","N","","","","","","","","","",""
"2021083556","1811","1","0","0","0","0","0","0","0","0","7","0","","02","8","2021","3","40.393472","-79.835417","1809","11","0","0","0","1","0","0","0","0","","0","0","0","","","1","N","0","","40 23:36.500","2","0","79 50:07.500","3","0","0","0","2111","0","0","0","N","0","0","0","1","02111","0","","3.0","1844.0","9","N","N","N","0","","1","0","0","","0","Y","","1","1","1","0","0","0","0","2","0","1","","07","","N","","","","","","","","","",""
"2021081743","2310","0","0","0","0","0","0","0","0","0","4","0","","02","8","2021","2","40.437417","-80.012774","2305","11","0","0","0","0","0","1","0","0","","0","0","0","","","0","N","0","","40 26:14.702","","0","80 00:45.987","9","0","0","0","2301","0","0","0","N","0","0","0","2","02301","0","","1.0","","1","N","N","N","0","","0","0","2","","0","","","2","0","0","0","0","0","1","2","0","2","","03","","N","","","","","","","","","",""
"2021104978","1600","2","0","0","0","0","0","0","0","0","4","0","","02","11","2021","2","40.448254","-80.004238","1552","11","0","0","0","0","0","1","0","0","","0","0","0","","","1","N","1","","40 26:53.714","","0","80 00:15.257","3","0","0","0","2301","0","0","0","N","0","0","0","2","02301","0","","1.0","","1","N","N","N","0","","1","0","0","","0","","","2","1","0","0","0","0","0","2","0","2","","03","","N","","","","","","","","","",""
"2021090942","0725","1","0","0","0","0","0","0","0","0","1","0","","02","9","2021","2","40.410381","-79.87814","0723","11","0","0","0","0","0","0","0","0","","0","0","0","","","1","Y","0","","40 24:37.372","2","0","79 52:41.305","3","0","0","0","2456","0","0","0","N","0","0","0","1","02456","0","","2.0","723.0","1","N","N","N","1","","1","0","0","","0","Y","","2","1","0","0","0","0","0","2","0","2","","03","","N","","","","","","","","","",""
"2021039111","1539","1","0","0","0","0","0","0","0","0","2","0","","02","4","2021","6","40.401295","-80.063267","1537","11","0","0","0","0","0","1","0","0","","0","0","0","","","1","","2","","40 24:04.662","","0","80 03:47.761","3","0","0","0","2117","0","0","0","N","0","0","0","2","02117","0","","1.0","","1","N","N","N","0","","1","0","1","","0","N","","2","1","0","0","0","0","0","2","0","2","","","","N","","","","","","","","","",""
"2021110292","1901","2","0","0","0","0","0","0","0","0","1","0","","02","10","2021","5","40.425704","-79.911331","1847","11","0","0","0","0","1","0","0","0","","0","0","0","","","1","N","0","","40 25:32.535","","0","79 54:40.792","4","0","0","0","2301","0","0","0","N","0","0","0","2","68B03","1","","1.0","","1","N","N","N","0","","0","0","0","","0","","","2","1","0","0","0","0","0","2","0","2","","03","","N","","","","","","","","","",""
"2021094701","0800","3","0","0","0","0","0","0","0","0","1","0","","02","10","2021","5","40.431759","-79.997432","0740","11","0","0","0","0","0","0","0","0","","0","0","0","","","0","N","0","","40 25:54.334","1","3","79 59:50.754","0","0","0","0","2301","0","0","0","N","0","0","0","4","02301","0","","1.0","850.0","1","N","N","Y","0","","0","0","0","","0","Y","","3","0","0","0","0","0","0","2","0","3","","03","","N","","","","","","","","","",""
"2021128659","1937","1","0","0","0","0","0","0","0","0","4","0","","02","12","2021","6","40.435426","-79.984403","1931","11","0","0","0","0","0","0","0","0","","0","0","0","","","0","","2","","40 26:07.534","4","0","79 59:03.852","0","0","0","0","2301","0","0","0","N","0","0","0","2","02301","0","","1.0","1945.0","1","N","N","N","0","","0","0","1","","3","N","","2","0","0","0","0","0","0","2","0","2","","","","N","","","","","","","","","",""
"2021094443","1550","0","0","0","0","0","0","0","0","0","4","0","","02","10","2021","3","40.455395","-79.870972","1550","11","0","0","0","0","0","0","0","0","","0","0","0","","","1","N","0","","40 27:19.421","7","0","79 52:15.499","2","0","0","0","2301","0","0","0","N","0","0","0","2","02301","0","","1.0","1820.0","1","N","N","N","1","","0","1","1","","0","Y","","2","1","0","0","0","0","0","2","0","2","","03","","N","","","","","","","","","",""
"2021121255","0230","1","0","0","0","0","0","0","0","0","1","0","","02","12","2021","1","40.436857","-79.972402","0215","11","0","0","0","0","0","0","0","0","","0","0","0","","","0","N","7","","40 26:12.685","4","2","79 58:20.646","0","0","0","0","2301","0","0","0","N","0","0","0","2","02301","0","","1.0","315.0","1","N","N","N","1","","0","0","0","","0","Y","","2","0","0","0","0","0","0","2","0","2","","","","N","","","","","","","","","",""
"2021096350","1205","1","0","0","0","0","0","0","0","0","1","0","","02","10","2021","3","40.371598","-79.777169","1200","11","0","0","0","0","0","0","1","0","","0","0","0","","","0","N","0","","40 22:17.751","2","0","79 46:37.810","0","0","0","0","2111","0","0","0","N","0","0","0","2","02111","0","","1.0","1249.0","1","N","N","N","0","","0","0","1","","0","N","","2","0","0","0","0","0","0","2","0","2","","03","","N","","","","","","","","","",""
"2021107259","1320","1","0","0","0","0","0","0","0","0","4","0","","02","11","2021","7","40.48729","-79.892126","1313","11","0","0","0","0","0","1","1","0","","0","0","0","","","0","N","1","","40 29:14.244","2","0","79 53:31.654","0","0","0","0","2301","0","0","0","N","0","0","0","2","02301","0","","1.0","1335.0","1","N","N","N","0","","0","0","1","","3","N","","2","0","0","0","0","0","0","2","0","2","","03","","N","","","","","","","","","",""
"2021094000","1304","1","0","0","0","0","0","0","0","0","4","0","","02","10","2021","6","40.347279","-79.944672","1301","11","0","0","0","0","0","0","1","0","","0","0","0","","","0","","1","","40 20:50.204","","0","79 56:40.818","0","0","0","0","2473","0","0","0","N","0","0","0","2","02473","0","","1.0","","1","N","N","N","0","","0","0","1","","3","","","2","0","0","0","0","0","0","2","0","2","","03","","N","","","","","","","","","",""
"2021118786","0229","3","0","0","0","0","0","0","0","0","5","0","","02","12","2021","2","40.428794","-79.98124","0226","11","0","0","0","0","0","1","0","0","","0","0","0","","","0","N","0","","40 25:43.659","","0","79 58:52.463","0","0","0","0","2301","0","0","0","N","0","0","0","3","02301","0","","1.0","","9","N","N","Y","0","","0","0","0","","0","","","3","0","1","0","0","0","0","2","0","3","","07","","N","","","","","","","","","",""
"2021106847","0918","2","0","0","0","0","0","0","0","0","4","0","","02","11","2021","6","40.331783","-79.985984","0915","11","0","0","0","0","0","1","0","0","","0","0","0","","","1","","2","","40 19:54.420","","0","79 59:09.541","8","0","0","0","2403","0","0","0","N","0","0","0","2","02403","0","","1.0","","1","N","N","N","0","","0","0","0","","2","","","2","1","1","0","0","1","0","2","0","2","","03","","N","","","","","","","","","",""
"2021110586","2055","2","0","0","0","0","0","0","0","0","1","0","","02","11","2021","2","40.426238","-80.018363","2052","11","0","0","0","0","0","0","0","0","","0","0","0","","","0","","2","","40 25:34.457","","4","80 01:06.105","9","0","0","0","2301","0","0","0","N","0","0","0","2","02301","0","","1.0","","1","N","N","N","1","","0","0","0","","2","","","3","0","0","0","0","0","1","2","0","3","","03","","N","","","","","","","","","",""
"2021095180","1729","1","0","0","0","0","0","0","0","0","6","0","","02","9","2021","3","40.515054","-80.222355","1728","11","0","0","0","0","0","0","0","0","","0","0","0","","","0","","1","","40 30:54.195","2","0","80 13:20.479","0","0","0","0","2213","0","0","0","N","0","0","0","2","02213","0","","1.0","1738.0","1","N","N","N","0","","0","0","1","","2","N","","2","0","0","0","0","0","0","2","0","2","","","","N","","","","","","","","","",""
"2021090354","0310","1","0","0","0","0","0","0","0","0","7","0","","02","9","2021","7","40.434444","-79.988361","0305","11","0","0","0","0","0","0","0","0","","0","0","0","","","0","N","0","","40 26:04.000","6","0","79 59:18.100","0","0","0","0","2301","0","0","0","N","0","0","0","1","02301","0","","2.0","550.0","1","N","N","N","0","","0","0","0","","0","Y","","1","0","0","0","0","0","0","2","0","1","","","","N","","","","","","","","","",""
"2021118098","1700","0","0","0","0","0","0","0","0","0","1","0","","02","11","2021","1","40.436751","-80.015169","1700","11","0","0","0","0","0","0","0","0","","0","0","0","","","0","N","0","","40 26:12.302","3","4","80 00:54.607","0","0","0","0","2301","0","0","0","N","0","0","0","2","68B03","0","","1.0","1730.0","9","N","N","N","1","","0","0","1","","0","N","","2","0","0","0","0","0","0","2","0","2","","07","","N","","","","","","","","","",""
"2021082945","0855","0","0","0","0","0","0","0","0","0","7","0","","02","9","2021","5","40.607272","-80.055893","0850","11","0","0","0","0","0","0","0","0","","0","0","0","","","0","N","0","","40 36:26.179","","0","80 03:21.215","0","0","0","0","2108","0","0","0","N","0","0","0","1","02108","0","","1.0","","1","N","N","N","0","","0","0","0","","0","","","1","0","0","0","0","0","0","2","1","1","","","","N","","","","","","","","","",""
"2021085276","1628","0","0","0","0","0","0","0","0","0","7","0","","02","8","2021","3","40.4371","-79.801169","1625","11","0","0","0","0","0","0","0","0","","0","0","0","","","1","N","2","","40 26:13.560","2","0","79 48:04.209","2","0","0","0","2446","0","0","0","Y","0","0","0","1","02446","0","","5.0","1900.0","9","N","N","N","0","","0","1","0","","0","Y","","1","1","0","0","0","0","0","2","0","1","","04","","N","","","","","","","","","",""
"2021108418","1411","2","0","0","0","0","0","0","0","0","5","0","","02","11","2021","6","40.461578","-79.925865","1405","11","0","0","0","0","0","0","0","0","","0","0","0","","","0","Y","0","","40 27:41.681","1","0","79 55:33.114","0","0","0","0","2301","0","0","0","N","0","0","0","3","02301","0","","1.0","1450.0","1","N","N","Y","0","","0","0","0","","0","N","","3","0","0","0","0","0","0","2","1","3","","03","","N","","","","","","","","","",""
"2021092598","0250","1","0","0","0","0","0","0","0","0","4","0","","02","10","2021","6","40.454065","-79.886133","0248","11","0","0","0","0","0","0","0","0","","0","0","0","","","0","N","0","","40 27:14.634","","0","79 53:10.077","3","0","0","0","2301","0","0","0","N","0","0","0","1","02301","0","","4.0","","1","N","N","Y","1","","1","0","2","","0","","","4","1","0","0","0","0","0","2","0","4","","","","N","","","","","","","","","",""
"2021093311","0632","1","0","0","0","0","0","0","0","0","7","0","","02","10","2021","1","40.368503","-79.876097","0621","11","0","1","0","0","0","0","0","0","","0","0","0","","","0","N","0","","40 22:06.610","","0","79 52:33.950","0","0","0","0","2473","0","0","0","N","0","0","0","3","02473","0","","5.0","","9","N","N","N","0","","0","0","0","","0","","","1","0","0","0","0","0","0","2","0","1","","04","","N","","","","","","","","","",""
"2021120978","0232","1","0","0","0","0","0","0","0","0","2","0","","02","12","2021","7","40.422391","-79.892273","0228","11","0","0","0","0","0","0","0","0","","0","0","0","","","2","N","1","","40 25:20.607","7","0","79 53:32.182","3","0","0","0","2463","0","0","0","N","0","0","0","2","02463","0","","4.0","255.0","9","N","N","N","0","","2","0","0","","0","Y","","1","2","0","0","0","0","0","2","0","1","","","","N","","","","","","","","","",""
"2021094298","2041","2","0","0","0","0","0","0","0","0","2","0","","02","10","2021","2","40.566278","-79.795637","2040","11","0","0","0","0","0","0","0","0","","0","0","0","","","0","N","2","","40 33:58.601","","0","79 47:44.293","0","0","0","0","2206","0","0","0","N","0","0","0","3","02206","0","","1.0","","1","N","N","N","0","","0","0","1","","3","","","3","0","0","0","0","0","0","2","0","3","","03","","N","","","","","","","","","",""
"2021093377","1615","1","0","0","0","0","0","0","0","0","7","0","","02","10","2021","1","40.430917","-80.139517","1605","11","0","0","0","0","0","0","0","0","","0","0","0","","","0","N","0","","40 25:51.300","3","0","80 08:22.260","0","0","0","0","2102","0","0","0","N","0","0","0","1","02501","0","","5.0","1710.0","9","N","N","N","0","","0","0","0","","0","N","","1","0","0","0","0","0","0","2","0","1","","","","N","","","","","","","","","",""
"2021119995","1756","0","0","0","0","0","0","0","0","0","1","0","","02","12","2021","4","40.461453","-80.031157","1726","11","0","0","0","0","0","1","1","0","","0","0","0","","","1","N","0","","40 27:41.232","","0","80 01:52.165","3","0","0","0","2301","0","0","0","N","0","0","0","3","02301","0","","1.0","","1","N","N","Y","0","","1","0","3","","0","","","3","1","0","0","0","0","0","2","0","3","","98","","N","","","","","","","","","",""
"2021090608","0152","0","0","0","0","0","0","0","0","0","0","0","","02","9","2021","1","40.461223","-79.982734","0145","11","0","0","0","0","0","0","0","0","","0","0","0","","","0","N","0","","40 27:40.404","","0","79 58:57.844","0","0","0","0","2301","0","0","0","N","0","0","0","1","02301","0","","1.0","","1","N","N","N","0","","0","0","1","","0","","","1","0","0","0","0","0","0","2","0","1","","","","N","","","","","","","","","",""
"2021108255","2253","0","0","0","0","0","0","0","0","0","98","0","","02","11","2021","2","40.416728","-79.925858","2250","11","0","0","0","0","0","1","0","0","","0","0","0","","","0","N","0","","40 25:00.220","2","0","79 55:33.090","0","0","0","0","2301","0","0","0","N","0","0","0","2","02301","0","","1.0","2320.0","1","N","N","N","0","","0","0","1","","0","N","","1","0","0","0","0","0","0","2","0","1","","03","","N","","","","","","","","","",""
"2021084607","0546","0","0","0","0","0","0","0","0","0","5","0","","02","8","2021","2","40.429087","-79.944514","0536","11","0","0","0","0","0","0","0","0","","0","0","0","","","0","N","0","","40 25:44.714","","0","79 56:40.250","0","0","0","0","2301","0","0","0","N","0","0","0","2","68B03","0","","4.0","","9","N","N","N","1","","0","0","1","","0","","","2","0","0","0","0","0","0","2","0","2","","","","N","","","","","","","","","",""
"2021082550","1854","0","0","0","0","0","0","0","0","0","4","0","","02","9","2021","4","40.45749","-79.917474","1853","11","0","0","0","0","0","1","0","0","","0","0","0","","","0","N","1","","40 27:26.963","","0","79 55:02.906","0","0","0","0","2301","0","0","0","N","0","0","0","2","02301","0","","1.0","","9","N","N","N","0","","0","0","2","","2","N","","2","0","0","0","0","0","0","2","0","2","","","","N","","","","","","","","","",""
"2021111708","1930","3","0","0","0","0","0","0","0","0","2","0","","02","11","2021","3","40.398804","-80.088192","1924","11","0","0","0","0","0","0","1","0","","0","0","0","","","1","N","0","","40 23:55.696","7","0","80 05:17.492","4","0","0","0","2117","0","0","0","N","0","0","0","1","02117","1","","6.0","2014.0","1","N","N","N","0","","0","0","0","","0","N","","3","1","0","0","0","0","0","2","0","3","","03","","N","","","","","","","","","",""
"2021082881","0128","1","0","0","0","0","0","0","0","0","7","0","","02","9","2021","5","40.453078","-79.995802","0125","11","0","0","0","0","0","0","0","0","","0","0","0","","","0","N","2","","40 27:11.082","","2","79 59:44.886","0","0","0","0","2301","0","0","0","N","0","0","0","0","02301","0","","7.0","","1","N","N","N","0","","0","0","0","","0","","","1","0","0","0","0","0","0","2","0","1","","","","N","","","","","","","","","",""
"2021123665","0020","1","0","0","0","0","0","0","0","0","1","0","","02","12","2021","6","40.417705","-80.014814","0017","11","0","0","0","0","0","0","0","0","","0","0","0","","","0","N","0","","40 25:03.737","","0","80 00:53.329","0","0","0","0","2301","0","0","0","N","0","0","0","4","02301","0","","1.0","","1","N","N","N","0","","0","0","1","","2","","","2","0","0","0","0","0","0","2","0","2","","","","N","","","","","","","","","",""
"2021091422","0136","1","0","0","0","0","0","0","0","0","7","0","","02","8","2021","2","40.439612","-80.009669","0124","11","0","0","0","0","0","0","0","0","","0","0","0","","","0","N","3","","40 26:22.604","4","3","80 00:34.807","0","0","0","0","2301","0","0","0","N","0","0","0","1","68B03","0","","4.0","153.0","1","N","N","N","0","","0","0","0","","0","N","","1","0","0","0","0","0","0","2","0","1","","","","N","","","","","","","","","",""
"2021054209","0239","0","0","0","0","0","0","0","0","0","7","0","","02","6","2021","1","40.37953","-80.081929","0236","11","0","0","0","0","0","0","0","0","","0","0","0","","","1","N","0","","40 22:46.309","4","0","80 04:54.945","3","0","0","0","2117","0","0","0","N","0","0","0","2","02117","0","","4.0","437.0","1","N","N","N","0","","1","0","1","","0","Y","","1","1","0","0","0","0","0","2","0","1","","","","N","","","","","","","","","",""
"2021082803","1800","1","0","0","0","0","0","0","0","0","1","0","","02","9","2021","5","40.446483","-79.990542","1750","11","0","1","0","0","0","0","0","0","","0","0","0","","","2","N","0","","40 26:47.339","","2","79 59:25.951","3","0","0","0","2301","0","0","0","N","0","0","0","3","02301","0","","1.0","","1","N","N","N","1","","2","0","0","","0","","","2","2","0","0","0","0","0","2","0","2","","","","N","","","","","","","","","",""
"2021109748","1001","0","0","0","0","0","0","0","0","0","8","0","","02","11","2021","6","40.438045","-79.927695","1001","11","0","0","0","0","0","0","0","1","","0","0","0","","","1","N","1","","40 26:16.961","","0","79 55:39.702","4","0","0","0","2301","1","0","0","N","1","0","0","2","02301","1","","1.0","","1","","","N","0","","0","0","1","","1","","","2","1","0","0","0","0","0","2","0","1","","03","","N","","","","","","","","","",""
"2021082049","1830","1","0","0","0","0","0","0","0","0","7","0","","02","8","2021","3","40.436031","-79.967477","1819","11","0","0","0","0","0","0","0","0","","0","0","0","","","0","N","7","","40 26:09.713","3","2","79 58:02.916","0","0","0","0","2301","0","0","0","N","0","0","0","1","02301","0","","2.0","1845.0","9","N","N","N","0","","0","0","0","","0","N","","1","0","0","0","0","0","0","2","0","1","","98","","N","","","","","","","","","",""
"2021082854","1548","0","0","0","0","0","0","0","0","0","4","0","","02","9","2021","5","40.500146","-80.021914","1541","11","0","0","0","0","0","1","0","0","","0","0","0","","","0","","2","","40 30:00.527","","0","80 01:18.891","0","0","0","0","2116","0","0","0","N","0","0","0","2","02116","0","","1.0","","1","N","N","N","1","","0","0","1","","2","","","2","0","0","0","0","0","0","2","0","2","","","","N","","","","","","","","","",""
"2021083332","2016","0","0","0","0","0","0","0","0","0","7","0","","02","8","2021","2","40.472639","-79.918278","2010","11","0","0","0","0","0","1","0","0","","0","0","0","","","1","N","0","","40 28:21.500","7","0","79 55:05.800","4","0","0","0","2301","0","0","0","N","0","0","0","1","02116","1","","5.0","2202.0","1","N","N","N","0","","0","0","1","","0","N","","1","1","0","0","0","0","0","2","0","1","","","","N","","","","","","","","","",""
"2021081755","0132","1","0","0","0","0","0","0","0","0","7","0","","02","8","2021","2","40.428493","-79.929623","0124","11","0","0","0","0","0","0","0","0","","0","0","0","","","0","N","7","","40 25:42.575","","2","79 55:46.644","0","0","0","0","2301","0","0","0","N","0","0","0","2","02301","0","","7.0","","1","N","N","N","0","","0","0","0","","0","","","1","0","0","0","0","0","0","2","0","1","","","","N","","","","","","","","","",""
"2021085317","1127","1","0","0","0","0","0","0","0","0","5","0","","02","9","2021","4","40.47125","-80.199038","1120","11","0","0","1","0","0","0","0","0","","0","0","0","","","1","N","0","","40 28:16.501","","0","80 11:56.535","4","0","0","0","2213","0","0","0","N","0","0","0","2","02213","1","","1.0","","9","N","N","N","0","","0","0","1","","0","","","2","1","0","0","0","0","0","2","0","2","","07","","N","","","","","","","","","",""
"2021092497","0243","1","0","0","0","0","0","0","0","0","7","0","","02","8","2021","2","40.42592","-79.912784","0222","11","0","0","0","0","0","0","0","0","","0","0","0","","","1","N","0","","40 25:33.313","","4","79 54:46.022","3","0","0","0","2301","0","0","0","N","0","0","0","1","68B03","0","","4.0","","1","N","N","N","0","","1","0","0","","0","","","1","1","1","0","0","0","0","2","0","1","","","","N","","","","","","","","","",""
"2021123804","1652","0","0","0","0","0","0","0","0","0","4","0","","02","12","2021","5","40.390573","-80.051878","1652","11","0","0","0","0","0","1","1","0","","0","0","0","","","1","","1","","40 23:26.062","","0","80 03:06.760","8","0","0","0","2109","0","0","0","N","0","0","0","3","02109","0","","1.0","","9","N","N","N","0","","0","0","2","","3","","","2","1","0","0","0","1","0","2","0","2","","","","N","","","","","","","","","",""
"2021119990","1734","2","0","0","0","0","0","0","0","0","1","0","","02","12","2021","4","40.413464","-79.955639","1718","11","0","0","0","0","0","0","0","0","","0","0","0","","","0","N","0","","40 24:48.472","3","0","79 57:20.299","0","0","0","0","2301","0","0","0","N","0","0","0","2","02301","0","","1.0","1740.0","1","N","N","N","0","","0","0","0","","0","N","","2","0","0","0","0","0","0","2","0","2","","03","","N","","","","","","","","","",""
"2021094316","2255","1","0","0","0","0","0","0","0","0","4","0","","02","10","2021","2","40.45647","-79.896678","2250","11","0","0","0","0","0","0","0","0","","0","0","0","","","0","","1","","40 27:23.293","","0","79 53:48.042","0","0","0","0","2301","0","0","0","N","0","0","0","2","02301","0","","1.0","","1","N","N","N","0","","0","0","1","","2","","","2","0","0","0","0","0","0","2","0","2","","03","","N","","","","","","","","","",""
"2021120126","2011","0","0","0","0","0","0","0","0","0","7","0","","02","12","2021","4","40.436814","-79.994327","2007","11","0","0","0","0","0","0","0","0","","0","0","0","","","0","","7","","40 26:12.532","1","2","79 59:39.577","0","0","0","0","2301","0","0","0","Y","0","0","0","1","02301","0","","3.0","2050.0","1","N","N","N","0","","0","0","0","","2","Y","","1","0","0","0","0","0","0","2","1","1","","03","","N","","","","","","","","","",""
"2021117813","0543","1","0","0","0","0","0","0","0","0","4","0","","02","12","2021","5","40.39068","-80.074224","0542","11","0","0","0","0","0","1","1","0","","0","0","0","","","1","N","5","","40 23:26.449","","0","80 04:27.205","3","0","0","0","2117","0","0","0","N","0","0","0","2","02117","0","","1.0","","1","N","N","N","0","","1","0","1","","2","","","2","1","0","0","0","0","0","2","0","2","","","","N","","","","","","","","","",""
"2021081707","2045","1","0","0","0","0","0","0","0","0","4","0","","02","8","2021","2","40.412417","-79.989417","2040","11","0","0","0","0","0","1","0","0","","0","0","0","","","0","N","0","","40 24:44.700","","7","79 59:21.900","0","0","0","0","2301","0","0","0","N","0","0","0","5","02301","0","","1.0","","1","N","N","N","1","","0","0","0","","0","","","2","0","1","0","0","0","0","2","0","2","","03","","N","","","","","","","","","",""