"CRN","ARRIVAL_TM","AUTOMOBILE_COUNT","BELTED_DEATH_COUNT","BELTED_SUSP_SERIOUS_INJ_COUNT","BICYCLE_COUNT","BICYCLE_DEATH_COUNT","BICYCLE_SUSP_SERIOUS_INJ_COUNT","BUS_COUNT","CHLDPAS_DEATH_COUNT","CHLDPAS_SUSP_SERIOUS_INJ_COUNT","COLLISION_TYPE","COMM_VEH_COUNT","CONS_ZONE_SPD_LIM","COUNTY","CRASH_MONTH","CRASH_YEAR","DAY_OF_WEEK","DEC_LATITUDE","DEC_LONGITUDE","DISPATCH_TM","DISTRICT","DRIVER_COUNT_16YR","DRIVER_COUNT_17YR","DRIVER_COUNT_18YR","DRIVER_COUNT_19YR","DRIVER_COUNT_20YR","DRIVER_COUNT_50_64YR","DRIVER_COUNT_65_74YR","DRIVER_COUNT_75PLUS","EST_HRS_CLOSED","FATAL_COUNT","HEAVY_TRUCK_COUNT","HORSE_BUGGY_COUNT","HOUR_OF_DAY","ILLUMINATION","INJURY_COUNT","INTERSECTION_RELATED","INTERSECT_TYPE","LANE_CLOSED","LATITUDE","LN_CLOSE_DIR","LOCATION_TYPE","LONGITUDE","MAX_SEVERITY_LEVEL","MCYCLE_DEATH_COUNT","MCYCLE_SUSP_SERIOUS_INJ_COUNT","MOTORCYCLE_COUNT","MUNICIPALITY","NONMOTR_COUNT","NONMOTR_DEATH_COUNT","NONMOTR_SUSP_SERIOUS_INJ_COUNT","NTFY_HIWY_MAINT","PED_COUNT","PED_DEATH_COUNT","PED_SUSP_SERIOUS_INJ_COUNT","PERSON_COUNT","POLICE_AGCY","POSSIBLE_INJ_COUNT","RDWY_SURF_TYPE_CD","RELATION_TO_ROAD","ROADWAY_CLEARED","ROAD_CONDITION","SCH_BUS_IND","SCH_ZONE_IND","SECONDARY_CRASH","SMALL_TRUCK_COUNT","SPEC_JURIS_CD","SUSP_MINOR_INJ_COUNT","SUSP_SERIOUS_INJ_COUNT","SUV_COUNT","TCD_FUNC_CD","TCD_TYPE","TFC_DETOUR_IND","TIME_OF_DAY","TOTAL_UNITS","TOT_INJ_COUNT","UNBELTED_OCC_COUNT","UNB_DEATH_COUNT","UNB_SUSP_SERIOUS_INJ_COUNT","UNK_INJ_DEG_COUNT","UNK_INJ_PER_COUNT","URBAN_RURAL","VAN_COUNT","VEHICLE_COUNT","WEATHER1","WEATHER2","WORKERS_PRES","WORK_ZONE_IND","WORK_ZONE_LOC","WORK_ZONE_TYPE","WZ_CLOSE_DETOUR","WZ_FLAGGER","WZ_LAW_OFFCR_IND","WZ_LN_CLOSURE","WZ_MOVING","WZ_OTHER","WZ_SHLDER_MDN","WZ_WORKERS_INJ_KILLED"
"2021101831","1428","1","0","0","0","0","0","0","0","0","2","0","","02","10","2021","2","40.459487","-80.00841","1424","11","0","0","0","0","0","0","0","0","","0","0","0","","","0","N","2","","40 27:34.152","","0","80 00:30.277","0","0","0","0","2301","0","0","0","N","0","0","0","1","02301","0","","1.0","","9","N","N","N","1","","0","0","0","","3","","","3","0","1","0","0","0","0","2","1","3","","07","","N","","","","","","","","","",""
"2021114136","0821","0","0","0","0","0","0","0","0","0","1","0","","02","11","2021","3","40.449513","-80.026633","0817","11","0","0","0","0","0","1","0","0","","0","0","0","","","1","N","0","","40 26:58.248","4","8","80 01:35.879","3","0","0","0","2301","0","0","0","N","0","0","0","5","02301","0","","1.0","855.0","1","","","N","0","","1","0","3","","0","N","","3","1","0","0","0","0","0","2","0","3","","","","N","","","","","","","","","",""
"2021121007","1014","1","0","0","0","0","0","0","0","0","7","0","","02","12","2021","6","40.428106","-80.041433","1011","11","0","0","0","0","0","0","0","1","","0","0","0","","","1","N","0","","40 25:41.180","1","0","80 02:29.158","3","0","0","0","2435","0","0","0","Y","0","0","0","1","02435","0","","5.0","1046.0","1","N","N","N","0","","1","0","0","","0","N","","1","1","1","0","0","0","0","2","0","1","","","","N","","","","","","","","","",""
"2021108528","1500","1","0","0","0","0","0","0","0","0","4","0","","02","11","2021","3","40.517399","-80.035738","1454","11","0","0","0","0","0","0","0","1","","0","0","0","","","0","N","2","","40 31:02.637","","0","80 02:08.656","0","0","0","0","2474","0","0","0","N","0","0","0","4","02474","0","","1.0","","1","N","N","N","0","","0","0","0","","3","","","2","0","0","0","0","0","0","2","1","2","","03","","N","","","","","","","","","",""
"2021101702","0750","1","0","0","0","0","0","0","0","0","7","0","","02","10","2021","2","40.449527","-79.912369","0744","11","0","0","0","0","0","0","0","0","","0","0","0","","","0","N","0","","40 26:58.296","6","0","79 54:44.529","0","0","0","0","2304","0","0","0","N","0","0","0","1","02301","0","","6.0","814.0","9","N","N","N","0","","0","0","0","","0","Y","","1","0","0","0","0","0","0","2","0","1","","04","","N","","","","","","","","","",""
"2021117299","2323","0","0","0","0","0","0","0","0","0","7","0","","02","12","2021","4","40.499271","-79.727959","2317","11","0","0","0","0","0","0","0","0","","0","0","0","","","0","N","0","","40 29:57.377","","0","79 43:40.653","0","0","0","0","2466","0","0","0","N","0","0","0","1","02466","0","","5.0","","9","N","N","N","0","","0","0","1","","0","","","1","0","0","0","0","0","0","2","0","1","","","","N","","","","","","","","","",""
"2021116094","0933","0","0","0","0","0","0","0","0","0","4","0","","02","11","2021","2","40.57792","-79.887596","0929","11","0","0","0","0","0","0","0","0","","0","0","0","","","0","N","0","","40 34:40.513","","7","79 53:15.345","0","0","0","0","2209","0","0","0","N","0","0","0","6","02209","0","","1.0","","9","N","N","N","1","","0","0","1","","0","","","2","0","0","0","0","0","0","2","0","2","","","","N","","","","","","","","","",""
"2021122809","1556","1","0","0","0","0","0","0","0","0","1","0","","02","12","2021","1","40.457365","-80.184068","1544","11","0","0","0","0","0","0","0","0","","0","0","0","","","1","N","0","","40 27:26.514","","7","80 11:02.643","3","0","0","0","2213","0","0","0","N","0","0","0","4","02213","0","","1.0","","1","N","N","N","0","","1","0","1","","0","","","2","1","0","0","0","0","0","2","0","2","","03","","N","","","","","","","","","",""
"2021116384","0822","0","0","0","0","0","0","0","0","0","7","0","","02","11","2021","3","40.447389","-79.921611","0810","11","0","0","0","0","0","0","0","0","","0","0","0","","","0","N","0","","40 26:50.600","","0","79 55:17.800","0","0","0","0","2301","0","0","0","N","0","0","0","1","02301","0","","4.0","","9","","","N","0","","0","0","1","","0","","","1","0","0","0","0","0","0","2","0","1","","10","","N","","","","","","","","","",""
"2021103704","0655","0","0","0","0","0","0","0","0","0","98","0","","02","10","2021","5","40.438308","-79.913047","0650","11","0","0","0","0","0","0","1","0","","0","0","0","","","0","N","0","","40 26:17.910","","0","79 54:46.970","0","0","0","0","2301","0","0","0","N","0","0","0","1","02301","0","","1.0","","1","N","N","N","0","","0","0","1","","2","","","1","0","0","0","0","0","0","2","0","1","","03","","N","","","","","","","","","",""
"2021121016","2206","1","0","0","0","0","0","0","0","0","0","0","","02","12","2021","6","40.315542","-80.005696","2201","11","0","1","0","0","0","0","0","0","","0","0","0","","","0","N","0","","40 18:55.952","","0","80 00:20.504","0","0","0","0","2219","0","0","0","N","0","0","0","1","02501","0","","5.0","","9","N","N","N","0","","0","0","0","","0","","","1","0","0","0","0","0","0","2","0","1","","","","N","","","","","","","","","",""
"2021103024","1925","2","0","0","0","0","0","0","0","0","1","0","","02","10","2021","3","40.354401","-79.824347","1925","11","0","0","0","0","0","1","0","0","","0","0","0","","","0","","2","","40 21:15.845","","0","79 49:27.648","0","0","0","0","2477","0","0","0","N","0","0","0","4","02477","0","","1.0","","9","N","","N","0","","0","0","0","","0","","","2","0","0","0","0","0","0","2","0","2","","","","N","","","","","","","","","",""
"2021115107","1314","2","0","0","0","0","0","0","0","0","5","0","","02","11","2021","5","40.426194","-79.977861","1304","11","0","0","0","0","0","0","0","0","","0","0","0","","","0","N","0","","40 25:34.300","","0","79 58:40.300","9","0","0","0","2301","0","0","0","N","0","0","0","1","02301","0","","6.0","","9","N","N","N","0","","0","0","1","","0","","","3","0","0","0","0","0","1","2","0","3","","07","","N","","","","","","","","","",""
"2021109525","1558","1","0","0","0","0","0","0","0","0","6","0","","02","11","2021","5","40.666906","-79.706286","1553","11","0","0","0","0","0","0","0","1","","0","0","0","","","1","N","0","","40 40:00.860","7","0","79 42:22.628","4","0","0","0","2106","0","0","0","N","0","0","0","2","02106","1","","1.0","1652.0","1","N","N","N","1","","0","0","0","","0","Y","","2","1","0","0","0","0","0","2","0","2","","","","N","","","","","","","","","",""
"2021114960","1618","2","0","0","0","0","0","0","0","0","2","0","","02","11","2021","4","40.395798","-80.033153","1618","11","0","0","0","0","0","0","0","0","","0","0","0","","","1","N","1","","40 23:44.872","","0","80 01:59.352","3","0","0","0","2301","0","0","0","N","0","0","0","3","02301","0","","1.0","","1","","","N","0","","1","0","0","","2","N","","2","1","1","0","0","0","0","2","0","2","","","","N","","","","","","","","","",""
"2021110100","0009","0","0","0","0","0","0","0","0","0","7","0","","02","11","2021","2","40.492768","-80.111741","0001","11","0","0","0","0","0","0","0","0","","0","0","0","","","0","N","2","","40 29:33.966","","0","80 06:42.266","0","0","0","0","2126","0","0","0","N","0","0","0","1","02126","0","","4.0","","1","N","N","N","0","","0","0","1","","0","","","1","0","0","0","0","0","0","2","0","1","","","","N","","","","","","","","","",""
"2021117800","1430","2","0","0","0","0","0","0","0","0","5","0","","02","11","2021","3","40.452","-79.982722","1420","11","0","0","0","0","0","0","1","0","","0","0","0","","","0","N","0","","40 27:07.200","3","0","79 58:57.800","0","0","0","0","2301","0","0","0","N","0","0","0","2","02301","0","","1.0","1450.0","1","N","N","N","0","","0","0","0","","0","N","","2","0","1","0","0","0","0","2","0","2","","","","N","","","","","","","","","",""
"2021128613","2117","2","0","0","0","0","0","0","0","0","5","0","","02","12","2021","2","40.345862","-80.054096","2107","11","0","0","0","0","0","0","1","0","","0","0","0","","","0","N","0","","40 20:45.103","4","0","80 03:14.744","0","0","0","0","2407","0","0","0","N","0","0","0","3","02407","0","","1.0","2210.0","9","N","N","N","0","","0","0","0","","0","N","","2","0","0","0","0","0","0","2","0","2","","","","N","","","","","","","","","",""
"2021109404","0203","1","0","0","0","0","0","0","0","0","98","0","","02","10","2021","4","40.456227","-79.756681","0134","11","0","0","0","0","0","0","0","0","","0","0","0","","","0","N","0","","40 27:22.416","","0","79 45:24.053","0","0","0","0","2446","0","0","0","N","0","0","0","1","68T02","0","","1.0","","1","N","N","N","0","","0","0","0","","0","","","1","0","0","0","0","0","0","2","0","1","","","","N","","","","","","","","","",""
"2021116565","1846","1","0","0","0","0","0","0","0","0","1","0","","02","11","2021","6","40.337629","-80.011529","1842","11","0","0","0","0","0","0","1","0","","0","0","0","","","1","Y","0","","40 20:15.466","","0","80 00:41.506","8","0","0","0","2407","0","0","0","N","0","0","0","2","02407","0","","1.0","","1","N","N","N","0","","0","0","1","","0","","","2","1","0","0","0","1","0","2","0","2","","","","N","","","","","","","","","",""
"2021121206","2121","1","0","0","0","0","0","0","0","0","7","0","","02","12","2021","6","40.595251","-79.777397","2111","11","0","0","0","0","0","0","0","0","","0","0","0","","","0","N","0","","40 35:42.902","7","3","79 46:38.629","0","0","0","0","2104","0","0","0","Y","0","0","0","1","02104","0","","2.0","2230.0","1","N","N","N","0","","0","0","0","","0","Y","","1","0","0","0","0","0","0","1","0","1","","","","N","","","","","","","","","",""
"2021112814","1255","0","0","0","0","0","0","0","0","0","1","0","","02","11","2021","6","40.449585","-79.82708","1250","11","0","0","0","0","0","1","0","0","","0","0","0","","","0","Y","0","","40 26:58.506","","0","79 49:37.488","0","0","0","0","2113","0","0","0","N","0","0","0","4","02113","0","","1.0","","1","N","N","N","2","","0","0","1","","0","","","3","0","4","0","0","0","0","2","0","3","","03","","N","","","","","","","","","",""
"2021113251","1808","2","0","0","0","0","0","0","0","0","6","0","","02","11","2021","7","40.334081","-79.803915","1806","11","0","0","0","0","0","1","0","0","","0","0","0","","","0","N","0","","40 20:02.693","","0","79 48:14.095","0","0","0","0","2477","0","0","0","N","0","0","0","2","02477","0","","1.0","","1","N","N","N","0","","0","0","0","","0","","","2","0","0","0","0","0","0","2","0","2","","03","","N","","","","","","","","","",""
"2021125662","1705","2","0","0","0","0","0","0","0","0","4","0","","02","12","2021","6","40.339288","-79.913571","1700","11","0","0","0","0","0","1","0","0","","0","0","0","","","0","","3","","40 20:21.437","","0","79 54:48.854","0","0","0","0","2473","0","0","0","N","0","0","0","3","02473","0","","1.0","","1","N","N","Y","1","","0","0","0","","0","","","3","0","0","0","0","0","0","2","0","3","","","","N","","","","","","","","","",""
"2021125338","0801","3","0","0","0","0","0","0","0","0","1","0","","02","12","2021","4","40.563791","-80.208651","0801","11","0","1","0","0","0","0","0","0","","0","0","0","","","0","","2","","40 33:49.649","2","0","80 12:31.145","0","0","0","0","2441","0","0","0","N","0","0","0","3","02441","0","","1.0","840.0","1","N","N","N","0","","0","0","0","","0","N","","3","0","0","0","0","0","0","2","0","3","","","","N","","","","","","","","","",""
"2021101632","0318","1","0","0","0","0","0","0","0","0","7","0","","02","10","2021","2","40.440846","-79.973973","0314","11","0","0","0","0","0","0","0","0","","0","0","0","","","0","N","1","","40 26:27.045","","0","79 58:26.302","0","0","0","0","2301","0","0","0","N","0","0","0","1","02301","0","","2.0","","1","N","N","N","0","","0","0","0","","0","","","1","0","0","0","0","0","0","2","0","1","","","","N","","","","","","","","","",""
"2021124830","0723","0","0","0","0","0","0","0","0","0","1","0","","02","12","2021","2","40.339288","-79.913571","0719","11","0","0","0","0","0","1","0","1","","0","0","0","","","1","","3","","40 20:21.437","2","0","79 54:48.854","3","0","0","0","2473","0","0","0","N","0","0","0","2","02473","0","","1.0","755.0","1","N","N","N","0","","1","0","2","","3","Y","","2","1","0","0","0","0","0","2","0","2","","03","","N","","","","","","","","","",""
"2021126826","0102","5","0","0","0","0","0","0","0","0","7","0","","02","12","2021","2","40.465874","-79.83862","0058","11","0","0","0","0","0","0","0","0","","0","0","0","","","1","N","0","","40 27:57.148","6","0","79 50:19.031","8","0","0","0","2113","0","0","0","N","0","0","0","1","02113","0","","5.0","145.0","1","N","N","N","0","","0","0","0","","0","N","","5","1","0","0","0","1","0","2","0","5","","03","","N","","","","","","","","","",""
"2021114820","1625","2","0","0","0","0","0","0","0","0","1","0","","02","10","2021","5","40.425379","-80.031341","1625","11","0","0","0","1","0","0","0","0","","0","0","0","","","1","N","0","","40 25:31.363","","2","80 01:52.828","8","0","0","0","2301","0","0","0","N","0","0","0","3","02301","0","","1.0","","1","N","N","N","1","","0","0","0","","0","","","4","1","0","0","0","1","0","2","0","3","","03","","N","","","","","","","","","",""
"2021119221","1428","0","0","0","0","0","0","0","0","0","7","0","","02","11","2021","2","40.393868","-80.046311","1426","11","0","0","0","0","0","0","0","0","","0","0","0","","","0","","3","","40 23:37.924","","0","80 02:46.719","0","0","0","0","2109","0","0","0","N","0","0","0","1","02109","0","","4.0","","1","N","N","N","0","","0","0","1","","2","","","1","0","0","0","0","0","0","2","0","1","","03","","N","","","","","","","","","",""
"2021127579","1936","2","0","0","0","0","0","0","0","0","1","0","","02","12","2021","3","40.457988","-79.708385","1932","11","0","0","0","0","1","0","0","0","","0","0","0","","","0","","1","","40 27:28.755","","0","79 42:30.185","0","0","0","0","2466","0","0","0","N","0","0","0","2","02466","0","","1.0","","9","N","N","N","0","","0","0","0","","2","","","2","0","0","0","0","0","0","2","0","2","","07","","N","","","","","","","","","",""
"2021128079","2036","1","0","0","0","0","0","0","0","0","7","0","","02","12","2021","1","40.381555","-80.178966","2035","11","0","0","0","0","0","0","0","0","","0","0","0","","","0","N","0","","40 22:53.597","6","0","80 10:44.278","9","0","0","0","2119","0","0","0","N","0","0","0","2","02119","0","","5.0","200.0","99","N","N","N","0","","0","0","0","","0","N","","1","0","0","0","0","0","2","2","0","1","","","","N","","","","","","","","","",""
"2021119193","2115","0","0","0","1","0","1","0","0","0","8","0","","02","9","2021","6","40.385413","-79.821842","2113","11","0","0","0","0","0","0","0","0","","0","0","0","","","1","N","2","","40 23:07.485","7","0","79 49:18.631","2","0","0","0","2111","1","0","1","N","0","0","0","5","02111","0","","1.0","2230.0","1","N","N","N","0","","0","1","1","","0","Y","","2","1","2","0","0","0","0","2","0","1","","03","","N","","","","","","","","","",""
"2021117316","0305","0","0","0","0","0","0","0","0","0","7","0","","02","11","2021","5","40.316535","-80.041113","0259","11","0","0","0","0","0","1","0","0","","0","0","0","","","0","N","0","","40 18:59.526","4","0","80 02:28.007","9","0","0","0","2407","0","0","0","Y","0","0","0","1","02407","0","","5.0","500.0","1","N","N","Y","1","","0","0","0","","0","Y","","1","0","0","0","0","0","1","2","0","1","","","","N","","","","","","","","","",""
"2021117278","2131","1","0","0","0","0","0","0","0","0","98","0","","02","11","2021","3","40.553321","-80.109551","2130","11","0","0","0","1","0","0","0","0","","0","0","0","","","0","N","0","","40 33:11.957","4","0","80 06:34.385","0","0","0","0","2215","0","0","0","N","0","0","0","1","02215","0","","1.0","2155.0","1","N","N","N","0","","0","0","0","","0","N","","1","0","0","0","0","0","0","2","0","1","","","","N","","","","","","","","","",""
"2021122268","2133","2","0","0","0","0","0","0","0","0","7","0","","02","12","2021","6","40.438202","-79.830514","2133","11","0","0","0","0","0","0","0","0","","0","0","0","","","1","","1","","40 26:17.528","","0","79 49:49.850","8","0","0","0","2419","0","0","0","N","0","0","0","2","02419","0","","3.0","","1","N","N","N","0","","0","0","0","","2","N","","2","1","0","0","0","1","0","2","0","2","","98","","N","","","","","","","","","",""
"2021128264","1754","0","0","0","0","0","0","0","0","0","7","0","","02","12","2021","7","40.469611","-79.747","1744","11","0","0","0","0","0","0","0","0","","0","0","0","","","3","N","0","","40 28:10.600","6","0","79 44:49.200","3","0","0","0","2466","0","0","0","N","0","0","0","3","02501","0","","2.0","1900.0","9","N","N","N","0","","3","0","0","","0","Y","","1","3","0","0","0","0","0","2","1","1","","","","N","","","","","","","","","",""
"2021114987","0607","0","0","0","0","0","0","0","0","0","7","0","","02","11","2021","4","40.498939","-80.259397","0602","11","0","0","0","0","0","1","0","0","","0","0","0","","","2","N","0","","40 29:56.180","","0","80 15:33.830","4","0","0","0","2203","0","0","0","N","0","0","0","2","02501","2","","4.0","","1","N","N","N","0","","0","0","1","","0","","","1","2","0","0","0","0","0","2","0","1","","03","","N","","","","","","","","","",""
"2021110049","1811","1","0","0","0","0","0","0","0","0","1","0","","02","11","2021","6","40.513969","-79.843229","1808","11","0","0","0","0","0","1","0","0","","0","0","0","","","0","","1","","40 30:50.288","","0","79 50:35.623","0","0","0","0","2451","0","0","0","N","0","0","0","3","02451","0","","1.0","","1","N","N","N","1","","0","0","0","","0","","","2","0","0","0","0","0","0","2","0","2","","","","N","","","","","","","","","",""
"2021113089","0607","1","0","0","0","0","0","0","0","0","7","0","","02","10","2021","2","40.427843","-79.890363","0604","11","0","0","0","0","0","0","0","1","","0","0","0","","","0","N","0","","40 25:40.236","3","0","79 53:25.307","0","0","0","0","2301","0","0","0","N","0","0","0","2","68B03","0","","2.0","648.0","9","N","N","N","0","","0","0","1","","0","N","","2","0","0","0","0","0","0","2","0","2","","","","N","","","","","","","","","",""
"2021119327","1442","0","0","0","0","0","0","0","0","0","4","0","","02","12","2021","6","40.35417","-79.824387","1440","11","0","0","0","0","0","0","0","1","","0","0","0","","","1","","2","","40 21:15.011","4","0","79 49:27.792","3","0","0","0","2477","0","0","0","N","0","0","0","2","02477","0","","1.0","1515.0","1","N","N","N","1","","1","0","1","","0","N","","2","1","1","0","0","0","0","2","0","2","","03","","N","","","","","","","","","",""
"2021112479","1754","2","0","0","0","0","0","0","0","0","1","0","","02","11","2021","5","40.312498","-79.828055","1749","11","0","0","0","0","0","0","0","0","","0","0","0","","","1","N","0","","40 18:44.992","7","3","79 49:40.998","4","0","0","0","2105","0","0","0","N","0","0","0","2","02105","1","","1.0","1831.0","9","N","N","N","0","","0","0","0","","0","Y","","2","1","0","0","0","0","0","2","0","2","","03","","N","","","","","","","","","",""
"2021118313","1520","2","0","0","0","0","0","0","0","0","4","0","","02","12","2021","6","40.406379","-79.826847","1518","11","0","0","0","0","0","1","0","0","","0","0","0","","","1","N","1","","40 24:22.965","","0","79 49:36.649","3","0","0","0","2467","0","0","0","N","0","0","0","3","02467","0","","1.0","","1","N","N","N","0","","1","0","0","","2","","","2","1","0","0","0","0","0","2","0","2","","03","","N","","","","","","","","","",""
"2021091011","1700","0","0","0","0","0","0","0","0","0","7","0","","02","8","2021","3","40.554026","-80.085635","1700","11","0","0","0","0","0","0","0","0","","0","0","0","","","1","N","0","","40 33:14.494","","0","80 05:08.287","3","0","0","0","2215","0","0","0","Y","0","0","0","1","68B03","0","","2.0","","9","N","N","N","0","","1","0","1","","0","","","1","1","0","0","0","0","0","2","0","1","","","","N","","","","","","","","","",""
"2021118860","1401","2","0","0","0","0","0","0","0","0","4","0","","02","12","2021","2","40.450743","-79.843739","1401","11","0","0","0","0","0","0","0","1","","0","0","0","","","0","","2","","40 27:02.675","","0","79 50:37.461","0","0","0","0","2113","0","0","0","N","0","0","0","3","02113","0","","1.0","","9","N","N","Y","0","","0","0","0","","3","","","2","0","0","0","0","0","0","2","0","2","","","","N","","","","","","","","","",""
"2021126492","1809","2","0","0","0","0","0","0","0","0","4","0","","02","12","2021","6","40.452478","-80.172507","1804","11","0","0","0","0","0","2","0","0","","0","0","0","","","0","","1","","40 27:08.919","5","2","80 10:21.025","0","0","0","0","2214","0","0","0","N","0","0","0","6","02214","0","","1.0","1830.0","9","N","N","N","0","","0","0","0","","2","N","","2","0","0","0","0","0","0","2","0","2","","","","N","","","","","","","","","",""
"2021127141","0654","1","0","0","0","0","0","0","0","0","7","0","","02","12","2021","2","40.380082","-79.828359","0651","11","0","0","0","0","0","0","0","0","","0","0","0","","","1","N","1","","40 22:48.294","","0","79 49:42.091","3","0","0","0","2111","0","0","0","N","0","0","0","1","02111","0","","3.0","","9","N","N","N","0","","1","0","0","","0","","","1","1","0","0","0","0","0","2","0","1","","07","","N","","","","","","","","","",""
"2021114540","0147","1","0","0","0","0","0","0","0","0","7","0","","02","11","2021","4","40.451","-80.2075","0145","11","0","0","0","0","0","0","0","0","","0","0","0","","","1","N","0","","40 27:03.600","","0","80 12:27.000","3","0","0","0","2214","0","0","0","N","0","0","0","1","02214","0","","4.0","","1","N","N","N","0","","1","0","0","","0","N","","1","1","0","0","0","0","0","2","0","1","","03","","N","","","","","","","","","",""
"2021126112","1737","1","0","0","0","0","0","0","0","0","1","0","","02","12","2021","3","40.365382","-80.017279","1737","11","0","0","1","0","1","0","0","0","","0","0","0","","","1","N","0","","40 21:55.374","","0","80 01:02.203","4","0","0","0","2416","0","0","0","N","0","0","0","6","02416","1","","1.0","","1","N","N","N","2","","0","0","0","","0","","","3","1","0","0","0","0","0","2","0","3","","03","","N","","","","","","","","","",""
"2021126195","0648","1","0","0","0","0","0","0","0","0","1","0","","02","11","2021","6","40.419325","-80.052396","0631","11","0","0","0","0","0","0","0","0","","0","0","0","","","0","N","0","","40 25:09.571","","0","80 03:08.625","0","0","0","0","2435","0","0","0","N","0","0","0","3","68B03","0","","1.0","","9","N","N","N","0","","0","0","2","","0","","","3","0","0","0","0","0","0","2","0","3","","","","N","","","","","","","","","",""
"2021126371","0710","2","0","0","0","0","0","0","0","0","1","0","","02","12","2021","2","40.328586","-79.898261","0704","11","0","0","0","0","0","1","0","0","","0","0","0","","","0","N","0","","40 19:42.908","5","0","79 53:53.739","0","0","0","0","2473","0","0","0","N","0","0","0","2","02473","0","","1.0","725.0","1","N","N","N","0","","0","0","0","","0","N","","2","0","0","0","0","0","0","2","0","2","","","","N","","","","","","","","","",""
"2021108795","0647","1","0","0","0","0","0","1","0","0","1","0","","02","11","2021","3","40.487564","-79.95646","0639","11","0","0","0","0","0","1","0","0","","0","0","0","","","2","N","0","","40 29:15.231","2","0","79 57:23.257","8","0","0","0","2118","0","0","0","N","0","0","0","8","02118","0","","1.0","45.0","1","Y","N","N","1","","0","0","3","","0","N","","6","2","0","0","0","2","2","2","0","6","","03","","N","","","","","","","","","",""
"2021124038","0033","1","0","0","0","0","0","0","0","0","7","0","","02","12","2021","1","40.530183","-79.774466","0027","11","0","0","0","0","0","0","0","0","","0","0","0","","","0","N","0","","40 31:48.657","","0","79 46:28.077","0","0","0","0","2466","0","0","0","N","0","0","0","1","02466","0","","1.0","","9","N","N","N","0","","0","0","0","","0","","","1","0","0","0","0","0","0","2","0","1","","","","N","","","","","","","","","",""
"2021114383","1921","1","0","0","0","0","0","0","0","0","7","0","","02","11","2021","3","40.448861","-80.023003","1912","11","0","0","0","0","0","0","0","0","","0","0","0","","","0","N","0","","40 26:55.898","","0","80 01:22.811","0","0","0","0","2301","0","0","0","N","0","0","0","1","02301","0","","4.0","","1","N","N","N","0","","0","0","0","","0","","","2","0","0","0","0","0","0","2","0","1","","","","N","","","","","","","","","",""
"2021112215","0409","0","0","0","0","0","0","0","0","0","7","0","","02","11","2021","1","40.445486","-79.846146","0405","11","0","0","0","0","0","0","0","0","","0","0","0","","","0","N","0","","40 26:43.751","","1","79 50:46.127","0","0","0","0","2419","0","0","0","N","0","0","0","5","02419","0","","2.0","","9","N","N","N","0","","0","0","1","","0","","","1","0","0","0","0","0","0","2","0","1","","03","","N","","","","","","","","","",""
"2021128396","2000","1","0","0","0","0","0","0","0","0","7","0","","02","12","2021","5","40.510038","-79.895595","1956","11","0","1","0","0","0","0","0","0","","0","0","0","","","2","N","0","","40 30:36.135","","0","79 53:44.143","3","0","0","0","2432","0","0","0","N","0","0","0","5","02432","0","","4.0","","1","N","N","N","0","","2","0","0","","0","","","1","2","0","0","0","0","0","2","0","1","","","","N","","","","","","","","","",""
"2021113579","2305","1","0","0","0","0","0","0","0","0","7","0","","02","11","2021","1","40.52614","-79.843223","2300","11","0","0","0","0","0","0","0","0","","0","0","0","","","0","N","0","","40 31:34.103","","0","79 50:35.603","0","0","0","0","2451","0","0","0","N","0","0","0","1","02451","0","","4.0","","9","N","N","N","0","","0","0","0","","0","","","1","0","0","0","0","0","0","2","0","1","","","","N","","","","","","","","","",""
"2021120756","1508","2","0","0","0","0","0","0","0","0","1","0","","02","12","2021","6","40.343592","-79.970298","1504","11","0","0","0","0","0","0","0","0","","0","0","0","","","1","Y","0","","40 20:36.931","","0","79 58:13.071","4","0","0","0","2403","0","0","0","N","0","0","0","6","02403","1","","1.0","","1","N","N","N","0","","0","0","0","","0","","","2","1","0","0","0","0","0","2","0","2","","03","","N","","","","","","","","","",""
"2021112297","1829","2","0","0","0","0","0","0","0","0","4","0","","02","11","2021","4","40.594388","-79.947848","1824","11","0","0","0","0","0","0","1","0","","0","0","0","","","0","N","0","","40 35:39.798","1","7","79 56:52.252","0","0","0","0","2207","0","0","0","N","0","0","0","2","02207","0","","1.0","1930.0","1","N","N","N","0","","0","0","0","","0","N","","2","0","0","0","0","0","0","2","0","2","","03","","N","","","","","","","","","",""
"2021113799","1312","1","0","0","0","0","0","0","0","0","4","0","","02","11","2021","6","40.377413","-79.986937","1312","11","0","0","0","0","0","1","1","0","","0","0","0","","","1","N","0","","40 22:38.686","5","7","79 59:12.972","3","0","0","0","2476","0","0","0","N","0","0","0","2","02476","0","","1.0","1346.0","1","N","N","N","0","","1","0","1","","0","N","","2","1","0","0","0","0","0","2","0","2","","","","N","","","","","","","","","",""
"2021112016","1308","1","0","0","0","0","0","0","0","0","1","0","","02","11","2021","3","40.47574","-79.970364","1306","11","0","0","0","0","0","1","0","0","","0","0","0","","","1","N","0","","40 28:32.663","","0","79 58:13.311","8","0","0","0","2445","0","0","0","N","0","0","0","2","02445","0","","1.0","","1","N","N","N","0","","0","0","1","","0","","","2","1","0","0","0","1","0","2","0","2","","03","","N","","","","","","","","","",""