"CRN","ARRIVAL_TM","AUTOMOBILE_COUNT","BELTED_DEATH_COUNT","BELTED_SUSP_SERIOUS_INJ_COUNT","BICYCLE_COUNT","BICYCLE_DEATH_COUNT","BICYCLE_SUSP_SERIOUS_INJ_COUNT","BUS_COUNT","CHLDPAS_DEATH_COUNT","CHLDPAS_SUSP_SERIOUS_INJ_COUNT","COLLISION_TYPE","COMM_VEH_COUNT","CONS_ZONE_SPD_LIM","COUNTY","CRASH_MONTH","CRASH_YEAR","DAY_OF_WEEK","DEC_LATITUDE","DEC_LONGITUDE","DISPATCH_TM","DISTRICT","DRIVER_COUNT_16YR","DRIVER_COUNT_17YR","DRIVER_COUNT_18YR","DRIVER_COUNT_19YR","DRIVER_COUNT_20YR","DRIVER_COUNT_50_64YR","DRIVER_COUNT_65_74YR","DRIVER_COUNT_75PLUS","EST_HRS_CLOSED","FATAL_COUNT","HEAVY_TRUCK_COUNT","HORSE_BUGGY_COUNT","HOUR_OF_DAY","ILLUMINATION","INJURY_COUNT","INTERSECTION_RELATED","INTERSECT_TYPE","LANE_CLOSED","LATITUDE","LN_CLOSE_DIR","LOCATION_TYPE","LONGITUDE","MAX_SEVERITY_LEVEL","MCYCLE_DEATH_COUNT","MCYCLE_SUSP_SERIOUS_INJ_COUNT","MOTORCYCLE_COUNT","MUNICIPALITY","NONMOTR_COUNT","NONMOTR_DEATH_COUNT","NONMOTR_SUSP_SERIOUS_INJ_COUNT","NTFY_HIWY_MAINT","PED_COUNT","PED_DEATH_COUNT","PED_SUSP_SERIOUS_INJ_COUNT","PERSON_COUNT","POLICE_AGCY","POSSIBLE_INJ_COUNT","RDWY_SURF_TYPE_CD","RELATION_TO_ROAD","ROADWAY_CLEARED","ROAD_CONDITION","SCH_BUS_IND","SCH_ZONE_IND","SECONDARY_CRASH","SMALL_TRUCK_COUNT","SPEC_JURIS_CD","SUSP_MINOR_INJ_COUNT","SUSP_SERIOUS_INJ_COUNT","SUV_COUNT","TCD_FUNC_CD","TCD_TYPE","TFC_DETOUR_IND","TIME_OF_DAY","TOTAL_UNITS","TOT_INJ_COUNT","UNBELTED_OCC_COUNT","UNB_DEATH_COUNT","UNB_SUSP_SERIOUS_INJ_COUNT","UNK_INJ_DEG_COUNT","UNK_INJ_PER_COUNT","URBAN_RURAL","VAN_COUNT","VEHICLE_COUNT","WEATHER1","WEATHER2","WORKERS_PRES","WORK_ZONE_IND","WORK_ZONE_LOC","WORK_ZONE_TYPE","WZ_CLOSE_DETOUR","WZ_FLAGGER","WZ_LAW_OFFCR_IND","WZ_LN_CLOSURE","WZ_MOVING","WZ_OTHER","WZ_SHLDER_MDN","WZ_WORKERS_INJ_KILLED"
"2021125478","1515","1","0","0","0","0","0","0","0","0","8","0","","02","12","2021","4","40.460285","-79.92179","1510","11","0","0","0","0","0","0","0","0","","0","0","0","","","1","N","2","","40 27:37.025","","0","79 55:18.444","8","0","0","0","2301","1","0","0","N","1","0","0","2","02301","0","","1.0","","1","N","N","N","0","","0","0","0","","2","","","2","1","0","0","0","1","0","2","0","1","","03","","N","","","","","","","","","",""
"2021123678","1902","3","0","0","0","0","0","0","0","0","1","0","","02","12","2021","6","40.586863","-80.041644","1858","11","0","0","1","0","0","0","1","0","","0","0","0","","","0","","1","","40 35:12.706","1","0","80 02:29.918","0","0","0","0","2108","0","0","0","N","0","0","0","4","02108","0","","1.0","1915.0","1","N","N","Y","0","","0","0","0","","2","N","","3","0","0","0","0","0","0","2","0","3","","03","","N","","","","","","","","","",""
"2021102763","1410","0","0","0","0","0","0","0","0","0","7","0","","02","10","2021","3","40.501958","-79.922029","1400","11","0","0","0","0","0","0","0","1","","0","0","0","","","0","N","0","","40 30:07.048","","0","79 55:19.305","0","0","0","0","2112","0","0","0","N","0","0","0","1","02112","0","","5.0","","1","N","N","N","1","","0","0","0","","0","","","1","0","1","0","0","0","0","2","0","1","","","","N","","","","","","","","","",""
"2021124274","1945","3","0","0","0","0","0","0","0","0","1","0","","02","12","2021","1","40.424182","-79.887569","1935","11","0","0","0","0","0","0","0","0","","0","0","0","","","0","Y","0","","40 25:27.055","3","0","79 53:15.249","0","0","0","0","2463","0","0","0","N","0","0","0","2","02463","0","","6.0","2020.0","1","N","N","Y","0","","0","0","0","","0","Y","","3","0","0","0","0","0","0","2","0","3","","98","","N","","","","","","","","","",""
"2021121622","0700","2","0","0","0","0","0","0","0","0","2","0","","02","12","2021","2","40.56027","-79.965301","0655","11","0","0","0","0","0","0","0","0","","0","0","0","","","2","N","0","","40 33:36.971","3","0","79 57:55.083","3","0","0","0","2207","0","0","0","N","0","0","0","2","02207","1","","1.0","738.0","1","N","N","N","0","","1","0","0","","0","Y","","2","2","0","0","0","0","0","2","0","2","","03","","N","","","","","","","","","",""
"2021123051","2125","1","0","0","0","0","0","0","0","0","98","0","","02","12","2021","4","40.660031","-79.778839","2118","11","0","0","0","0","0","0","0","0","","0","0","0","","","0","Y","0","","40 39:36.110","","0","79 46:43.822","0","0","0","0","2202","0","0","0","N","0","0","0","1","02202","0","","1.0","","1","N","N","N","0","","0","0","0","","0","","","1","0","0","0","0","0","0","1","0","1","","03","","N","","","","","","","","","",""
"2021115716","0113","0","0","0","0","0","0","0","0","0","7","0","","02","11","2021","1","40.360326","-79.845357","0107","11","0","0","0","0","0","0","0","0","","0","0","0","","","0","","3","","40 21:37.173","4","8","79 50:43.285","0","0","0","0","2303","0","0","0","N","0","0","0","1","02303","0","","4.0","152.0","9","N","N","N","0","","0","0","1","","0","N","","1","0","0","0","0","0","0","2","0","1","","","","N","","","","","","","","","",""
"2021125269","0050","2","0","0","0","0","0","0","0","0","1","0","","02","12","2021","1","40.488676","-79.954403","0047","11","0","0","0","0","0","0","0","0","","0","0","0","","","2","N","0","","40 29:19.235","1","0","79 57:15.849","3","0","0","0","2118","0","0","0","N","0","0","0","3","02118","0","","1.0","125.0","1","N","N","N","0","","2","0","0","","0","Y","","2","2","0","0","0","0","0","2","0","2","","","","N","","","","","","","","","",""
"2021117136","1739","1","0","0","0","0","0","0","0","0","1","0","","02","12","2021","4","40.440884","-80.240999","1739","11","0","0","0","0","0","0","0","0","","0","0","0","","","0","N","0","","40 26:27.182","3","0","80 14:27.595","0","0","0","0","2214","0","0","0","N","0","0","0","1","02214","0","","1.0","1838.0","9","N","N","N","0","","0","0","1","","0","N","","2","0","0","0","0","0","0","2","0","2","","04","","N","","","","","","","","","",""
"2021119958","1635","3","0","0","0","0","0","0","0","0","1","0","","02","12","2021","4","40.509153","-80.223072","1627","11","0","0","0","0","0","1","0","1","","0","0","0","","","0","","2","","40 30:32.951","2","0","80 13:23.060","0","0","0","0","2213","0","0","0","N","0","0","0","4","02213","0","","1.0","1700.0","9","N","N","N","0","","0","0","0","","2","N","","3","0","0","0","0","0","0","2","0","3","","","","N","","","","","","","","","",""
"2021109467","1746","0","0","0","0","0","0","0","0","0","4","0","","02","11","2021","4","40.540816","-79.816767","1738","11","0","0","0","0","0","1","0","0","","0","0","0","","","0","Y","0","","40 32:26.937","","7","79 49:00.360","0","0","0","0","2208","0","0","0","N","0","0","0","2","02208","0","","1.0","","1","N","N","N","0","","0","0","2","","0","","","2","0","0","0","0","0","0","2","0","2","","03","","N","","","","","","","","","",""
"2021122131","0912","2","0","0","0","0","0","0","0","0","4","0","","02","12","2021","2","","","0908","11","0","0","0","0","0","0","0","0","","0","0","0","","","0","N","0","","40 29:36.5","","7","80 15:43.0","0","0","0","0","2203","0","0","0","N","0","0","0","4","02501","0","","1.0","","1","N","N","N","0","","0","0","0","","3","","","2","0","0","0","0","0","0","1","0","2","","03","","N","","","","","","","","","",""
"2021124353","0726","2","0","0","0","0","0","0","0","0","4","0","","02","12","2021","2","40.480297","-79.832873","0724","11","0","0","0","0","0","0","0","0","","0","0","0","","","2","","2","","40 28:49.070","6","0","79 49:58.343","3","0","0","0","2113","0","0","0","N","0","0","0","2","02113","0","","1.0","800.0","1","N","N","N","0","","2","0","0","","0","N","","2","2","0","0","0","0","0","2","0","2","","03","","N","","","","","","","","","",""
"2021115555","0810","1","0","0","0","0","0","0","0","0","7","0","","02","11","2021","4","40.409472","-80.031944","0810","11","0","0","0","0","0","0","0","0","","0","0","0","","","0","","2","","40 24:34.100","1","0","80 01:55.000","0","0","0","0","2301","0","0","0","N","0","0","0","1","02301","0","","4.0","930.0","2","N","N","N","0","","0","0","0","","0","Y","","1","0","0","0","0","0","0","2","0","1","","","","N","","","","","","","","","",""
"2021120203","1025","1","0","0","0","0","0","0","0","0","7","0","","02","12","2021","4","40.405753","-79.815198","1022","11","0","0","0","0","0","0","0","0","","0","0","0","","","1","N","0","","40 24:20.712","1","0","79 48:54.714","3","0","0","0","2446","0","0","0","N","0","0","0","2","02446","0","","5.0","1049.0","1","N","N","N","0","","1","0","0","","0","N","","1","1","0","0","0","0","0","2","0","1","","","","N","","","","","","","","","",""
"2021112737","1133","1","0","0","0","0","0","0","0","0","2","0","","02","11","2021","5","40.531139","-79.979444","1129","11","0","0","0","0","0","0","1","0","","0","0","0","","","2","N","0","","40 31:52.100","4","0","79 58:46.000","2","0","0","0","2118","0","0","0","N","0","0","0","2","02118","0","","1.0","1215.0","9","N","N","N","1","","0","1","0","","0","Y","","2","2","1","0","1","1","0","2","0","2","","07","","N","","","","","","","","","",""
"2021112221","1930","1","0","0","0","0","0","0","0","0","7","0","","02","11","2021","1","40.44275","-80.298472","1924","11","0","0","0","0","0","1","0","0","","0","0","0","","","0","N","0","","40 26:33.900","","0","80 17:54.500","0","0","0","0","2203","0","0","0","N","0","0","0","1","02203","0","","2.0","","9","N","N","N","0","","0","0","0","","0","","","1","0","0","0","0","0","0","1","0","1","","","","N","","","","","","","","","",""
"2021118880","1713","0","0","0","0","0","0","0","0","0","5","0","","02","12","2021","2","40.463471","-79.824107","1712","11","0","0","0","0","0","1","0","0","","0","0","0","","","1","N","0","","40 27:48.495","2","0","79 49:26.786","3","0","0","0","2113","0","0","0","N","0","0","0","3","02113","0","","3.0","1733.0","1","N","N","N","0","","1","0","2","","0","Y","","2","1","0","0","0","0","0","2","0","2","","03","","N","","","","","","","","","",""
"2021123554","0805","1","0","0","0","0","0","0","0","0","4","0","","02","12","2021","6","40.449381","-80.107469","0801","11","0","0","0","0","0","1","1","0","","0","0","0","","","1","N","2","","40 26:57.771","","0","80 06:26.887","3","0","0","0","2115","0","0","0","N","0","0","0","2","02115","0","","1.0","","1","N","N","N","0","","1","0","1","","2","N","","2","1","0","0","0","0","0","2","0","2","","03","","N","","","","","","","","","",""
"2021112334","0939","0","0","0","0","0","0","0","0","0","1","0","","02","11","2021","5","40.438974","-79.760505","0934","11","0","0","0","0","0","1","0","1","","0","0","0","","","0","","1","","40 26:20.308","4","0","79 45:37.817","0","0","0","0","2446","0","0","0","N","0","0","0","3","02446","0","","1.0","1000.0","9","N","N","N","1","","0","0","1","","2","N","","3","0","0","0","0","0","0","2","1","3","","","","N","","","","","","","","","",""
"2021102819","0645","1","0","0","0","0","0","0","0","0","1","0","","02","10","2021","4","40.49419","-80.314689","0643","11","0","0","0","0","0","1","0","0","","0","0","0","","","0","N","0","","40 29:39.085","3","0","80 18:52.879","0","0","0","0","2203","0","0","0","N","0","0","0","3","02203","0","","1.0","736.0","9","N","N","Y","0","","0","0","2","","0","N","","3","0","0","0","0","0","0","1","0","3","","","","N","","","","","","","","","",""
"2021102705","0045","1","0","0","0","0","0","0","0","0","2","0","","02","9","2021","4","40.380571","-79.977068","0042","11","0","0","0","0","0","0","0","0","","0","0","0","","","0","N","2","","40 22:50.055","7","0","79 58:37.444","0","0","0","0","2413","0","0","0","N","0","0","0","2","02413","0","","4.0","134.0","1","N","N","N","0","","0","0","2","","3","N","","3","0","0","0","0","0","0","2","0","3","","03","","N","","","","","","","","","",""
"2021083558","1745","1","0","0","0","0","0","0","0","0","7","0","","02","9","2021","4","40.491558","-80.061268","1744","11","0","0","0","0","0","0","0","0","","0","0","0","","","1","N","1","","40 29:29.609","1","0","80 03:40.563","8","0","0","0","2404","0","0","0","N","0","0","0","1","02404","0","","5.0","1805.0","1","N","N","N","0","","0","0","0","","2","N","","1","1","1","0","0","1","0","2","0","1","","03","","N","","","","","","","","","",""
"2021124751","1600","3","0","0","0","0","0","0","0","0","1","0","","02","12","2021","2","40.648887","-80.076529","1555","11","0","0","0","0","0","1","1","0","","0","0","0","","","1","N","0","","40 38:55.992","1","0","80 04:35.505","8","0","0","0","2212","0","0","0","N","0","0","0","4","02505","0","","1.0","1637.0","1","N","N","Y","1","","0","0","0","","0","Y","","4","1","1","0","0","1","0","2","0","4","","03","","N","","","","","","","","","",""
"2021122610","1222","1","0","0","0","0","0","0","0","0","5","0","","02","12","2021","3","40.420101","-79.888981","1220","11","0","0","0","0","0","0","0","0","","0","0","0","","","0","N","0","","40 25:12.363","","0","79 53:20.332","0","0","0","0","2463","0","0","0","N","0","0","0","3","02463","0","","1.0","","1","N","N","N","0","","0","0","1","","0","","","2","0","0","0","0","0","0","2","0","2","","03","","N","","","","","","","","","",""
"2021109650","0635","0","0","0","0","0","0","0","0","0","4","0","","02","10","2021","5","40.446934","-80.167628","0630","11","0","0","0","0","0","0","0","0","","0","0","0","","","1","N","2","","40 26:48.962","4","2","80 10:03.460","3","0","0","0","2115","0","0","0","N","0","0","0","1","02115","0","","1.0","700.0","1","N","N","N","0","","1","0","1","","2","N","","2","1","0","0","0","0","0","2","0","1","","03","","N","","","","","","","","","",""
"2021112459","1614","0","0","0","0","0","0","0","0","0","7","0","","02","11","2021","5","40.393944","-79.902861","1605","11","0","0","0","0","0","0","0","0","","0","0","0","","","0","N","0","","40 23:38.200","","0","79 54:10.300","0","0","0","0","2448","0","0","0","N","0","0","0","1","02448","0","","4.0","","1","N","N","N","0","","0","0","1","","0","","","1","0","0","0","0","0","0","2","0","1","","03","","N","","","","","","","","","",""
"2021081935","0733","0","0","0","0","0","0","0","0","0","1","0","45","02","8","2021","2","40.495283","-79.907384","0705","11","0","0","0","0","0","0","0","0","","0","0","0","","","0","N","0","","40 29:43.020","","0","79 54:26.584","0","0","0","0","2401","0","0","0","N","0","0","0","3","68D02","0","","1.0","","1","N","N","N","1","","0","0","2","","0","","","3","0","0","0","0","0","0","2","0","3","","","U","Y","4","1","","","N","","","","Y","N"
"2021127032","1635","0","0","0","0","0","0","0","0","0","4","0","","02","12","2021","2","40.414375","-79.990542","1627","11","0","0","0","0","1","1","0","0","","0","0","0","","","0","","1","","40 24:51.750","","0","79 59:25.951","0","0","0","0","2301","0","0","0","N","0","0","0","2","02301","0","","1.0","","1","N","N","N","1","","0","0","1","","3","","","2","0","0","0","0","0","0","2","0","2","","03","","N","","","","","","","","","",""
"2021127596","1724","1","0","0","0","0","0","0","0","0","4","0","","02","12","2021","3","40.461392","-80.151574","1721","11","0","0","0","0","0","0","0","0","","0","0","0","","","1","N","3","","40 27:41.012","1","0","80 09:05.668","8","0","0","0","2115","0","0","0","N","0","0","0","4","02115","0","","1.0","1800.0","9","N","N","N","1","","0","0","0","","3","N","","2","1","0","0","0","1","0","2","0","2","","07","","N","","","","","","","","","",""
"2021114168","1004","1","0","0","0","0","0","0","0","0","7","0","","02","11","2021","3","40.357206","-79.843817","1002","11","0","0","0","0","0","0","0","0","","0","0","0","","","0","N","0","","40 21:25.943","1","3","79 50:37.740","0","0","0","0","2304","0","0","0","N","0","0","0","1","02304","0","","4.0","1031.0","1","N","N","N","0","","0","0","0","","0","N","","1","0","0","0","0","0","0","2","0","1","","03","","N","","","","","","","","","",""
"2021109340","0903","2","0","0","0","0","0","0","0","0","1","0","","02","11","2021","5","40.46049","-79.811226","0853","11","0","0","0","1","0","0","1","0","","0","0","0","","","0","","3","","40 27:37.763","4","0","79 48:40.415","0","0","0","0","2113","0","0","0","N","0","0","0","2","02113","0","","1.0","935.0","1","N","N","N","0","","0","0","0","","0","N","","2","0","0","0","0","0","0","2","0","2","","","","N","","","","","","","","","",""
"2021124264","1712","2","0","0","0","0","0","0","0","0","4","0","","02","12","2021","4","40.391809","-79.885148","1712","11","0","0","0","0","0","0","0","0","","0","0","0","","","0","","1","","40 23:30.512","","0","79 53:06.532","0","0","0","0","2473","0","0","0","N","0","0","0","4","02473","0","","1.0","","1","N","N","N","0","","0","0","0","","3","","","2","0","0","0","0","0","0","2","0","2","","03","","N","","","","","","","","","",""
"2021119843","0840","2","0","0","0","0","0","0","0","0","1","0","","02","12","2021","4","40.537315","-79.963694","0835","11","0","0","0","1","0","0","0","1","","0","0","0","","","0","Y","0","","40 32:14.334","1","7","79 57:49.297","0","0","0","0","2118","0","0","0","N","0","0","0","2","02118","0","","1.0","910.0","9","N","N","N","0","","0","0","0","","2","N","","2","0","0","0","0","0","0","2","0","2","","04","","N","","","","","","","","","",""
"2021108377","0959","0","0","0","0","0","0","0","0","0","1","0","","02","11","2021","3","40.372984","-80.099265","0957","11","0","0","0","0","0","0","0","0","","0","0","0","","","1","","2","","40 22:22.744","4","2","80 05:57.354","8","0","0","0","2102","0","0","0","N","0","0","0","2","02102","0","","1.0","1020.0","1","N","N","Y","0","","0","0","2","","4","N","","2","1","0","0","0","1","0","2","0","2","","03","","N","","","","","","","","","",""
"2021126257","1646","2","0","0","0","0","0","0","0","0","4","0","","02","12","2021","7","40.344797","-79.961179","1635","11","0","0","0","0","0","0","2","0","","0","0","0","","","1","","2","","40 20:41.268","","0","79 57:40.244","3","0","0","0","2473","0","0","0","N","0","0","0","3","02473","0","","1.0","","1","N","N","N","0","","1","0","0","","0","","","2","1","0","0","0","0","0","2","0","2","","03","","N","","","","","","","","","",""
"2021081836","0705","1","0","0","0","0","0","0","0","0","1","0","","02","8","2021","2","40.657494","-79.965133","0657","11","0","0","0","0","0","0","1","0","","0","0","0","","","0","N","0","","40 39:26.980","","0","79 57:54.480","0","0","0","0","2217","0","0","0","N","0","0","0","2","02505","0","","1.0","","1","N","N","N","1","","0","0","0","","0","N","","2","0","0","0","0","0","0","2","0","2","","","","N","","","","","","","","","",""
"2021082587","1000","0","0","0","0","0","0","0","0","0","4","0","","02","9","2021","5","40.42793","-79.721793","0957","11","0","0","0","0","0","1","0","0","","0","0","0","","","1","N","2","","40 25:40.549","2","0","79 43:18.453","3","0","0","0","2446","0","0","0","N","0","0","0","2","02446","0","","1.0","1025.0","1","N","N","N","0","","1","0","2","","0","N","","2","1","0","0","0","0","0","2","0","2","","","","N","","","","","","","","","",""
"2021119661","1847","1","0","0","0","0","0","0","0","0","4","0","","02","12","2021","7","40.346386","-80.05443","1826","11","0","0","0","0","0","1","0","0","","0","0","0","","","0","N","0","","40 20:46.988","","7","80 03:15.947","0","0","0","0","2407","0","0","0","N","0","0","0","5","02407","0","","1.0","","1","N","N","N","0","","0","0","1","","3","","","2","0","0","0","0","0","0","2","0","2","","","","N","","","","","","","","","",""
"2021123156","1345","1","0","0","0","0","0","0","0","0","7","0","","02","12","2021","1","40.549258","-79.971156","1337","11","0","0","0","0","0","1","0","0","","0","0","0","","","0","","2","","40 32:57.328","","0","79 58:16.161","0","0","0","0","2118","0","0","0","N","0","0","0","1","02118","0","","5.0","","1","N","N","N","0","","0","0","0","","3","","","1","0","0","0","0","0","0","2","0","1","","","","N","","","","","","","","","",""
"2021115020","1015","0","0","0","0","0","0","0","0","0","4","0","","02","11","2021","4","40.402836","-79.907963","1012","11","0","0","0","0","0","1","0","0","","0","0","0","","","2","","1","","40 24:10.209","","0","79 54:28.666","3","0","0","0","2438","0","0","0","N","0","0","0","3","02438","0","","1.0","","1","N","N","N","0","","2","0","2","","0","","","2","2","0","0","0","0","0","2","0","2","","","","N","","","","","","","","","",""
"2021120757","2015","1","0","0","0","0","0","0","0","0","4","0","","02","12","2021","5","40.327748","-79.885316","2014","11","0","0","1","0","0","0","1","0","","0","0","0","","","0","N","3","","40 19:39.893","","0","79 53:07.139","0","0","0","0","2433","0","0","0","N","0","0","0","4","02433","0","","1.0","","1","N","N","N","1","","0","0","0","","3","N","","2","0","1","0","0","0","0","2","0","2","","03","","N","","","","","","","","","",""
"2021117789","2010","0","0","0","0","0","0","0","0","0","5","0","","02","12","2021","5","40.45631","-79.810345","2005","11","0","0","0","1","0","0","0","0","","0","0","0","","","0","N","0","","40 27:22.717","","0","79 48:37.241","0","0","0","0","2113","0","0","0","N","0","0","0","1","02113","0","","1.0","","1","N","N","N","0","","0","0","2","","0","","","2","0","0","0","0","0","0","2","0","2","","","","N","","","","","","","","","",""
"2021116288","1631","1","0","0","0","0","0","0","0","0","98","0","","02","11","2021","1","40.585155","-79.874991","1613","11","0","0","0","0","0","0","0","0","","0","0","0","","","0","N","0","","40 35:06.558","","0","79 52:29.966","0","0","0","0","2209","0","0","0","N","0","0","0","1","68T02","0","","1.0","","1","N","N","N","0","","0","0","0","","0","","","1","0","0","0","0","0","0","2","0","1","","04","","N","","","","","","","","","",""
"2021121406","1522","1","0","0","0","0","0","0","0","0","4","0","","02","12","2021","7","40.401694","-79.917528","1518","11","0","0","0","0","0","0","0","0","","0","0","0","","","0","N","0","","40 24:06.100","","0","79 55:03.100","0","0","0","0","2472","0","0","0","N","0","0","0","2","02472","0","","1.0","","9","N","N","N","0","","0","0","1","","0","","","2","0","0","0","0","0","0","2","0","2","","04","","N","","","","","","","","","",""
"2021125947","1634","2","0","0","0","0","0","0","0","0","4","0","","02","12","2021","5","40.421315","-79.884755","1632","11","0","0","0","0","0","0","0","0","","0","0","0","","","0","","2","","40 25:16.733","6","0","79 53:05.117","0","0","0","0","2463","0","0","0","N","0","0","0","3","02463","0","","1.0","1656.0","1","N","N","Y","0","","0","0","1","","2","Y","","3","0","0","0","0","0","0","2","0","3","","98","","N","","","","","","","","","",""
"2021118844","1527","1","0","0","0","0","0","0","0","0","7","0","","02","12","2021","1","40.656433","-79.886613","1504","11","0","0","0","0","0","0","0","0","","0","0","0","","","0","N","0","","40 39:23.159","3","0","79 53:11.808","0","0","0","0","2220","0","0","0","Y","0","0","0","2","02220","0","","2.0","1700.0","1","N","N","N","0","","0","0","0","","0","N","","1","0","0","0","0","0","0","1","0","1","","04","","N","","","","","","","","","",""
"2021106760","0012","1","0","0","0","0","0","0","0","0","6","0","","02","10","2021","2","40.380141","-80.08602","0010","11","0","0","0","0","0","1","0","0","","0","0","0","","","0","","2","","40 22:48.509","","0","80 05:09.671","9","0","0","0","2117","0","0","0","N","0","0","0","2","02117","0","","4.0","","1","N","N","N","1","","0","0","0","","0","","","2","0","0","0","0","0","1","2","0","2","","","","N","","","","","","","","","",""
"2021120271","1010","0","0","0","0","0","0","0","0","0","7","0","","02","12","2021","5","40.500273","-79.98057","1002","11","0","0","0","0","0","1","0","0","","0","0","0","","","0","N","2","","40 30:00.983","","0","79 58:50.051","0","0","0","0","2118","0","0","0","N","0","0","0","1","02118","0","","5.0","","1","N","N","N","0","","0","0","1","","0","","","1","0","0","0","0","0","0","2","0","1","","","","N","","","","","","","","","",""
"2021123203","1158","2","0","0","0","0","0","0","0","0","4","0","","02","12","2021","5","40.621853","-80.05428","1158","11","0","0","0","1","0","1","0","0","","0","0","0","","","0","N","2","","40 37:18.669","","0","80 03:15.408","0","0","0","0","2216","0","0","0","N","0","0","0","3","02505","0","","1.0","","1","N","N","N","0","","0","0","0","","2","","","2","0","0","0","0","0","0","1","0","2","","03","","N","","","","","","","","","",""
"2021124451","1106","2","0","0","0","0","0","0","0","0","5","0","","02","12","2021","7","40.32675","-79.986694","1101","11","0","0","0","0","0","1","0","0","","0","0","0","","","0","N","0","","40 19:36.300","","7","79 59:12.100","0","0","0","0","2219","0","0","0","N","0","0","0","2","02219","0","","1.0","","1","N","N","N","0","","0","0","0","","0","","","2","0","0","0","0","0","0","2","0","2","","03","","N","","","","","","","","","",""
"2021114025","1936","2","0","0","0","0","0","0","0","0","4","0","","02","11","2021","2","40.404846","-79.910658","1929","11","0","0","0","0","0","0","0","0","","0","0","0","","","0","","1","","40 24:17.446","","0","79 54:38.367","9","0","0","0","2438","0","0","0","N","0","0","0","2","02438","0","","1.0","","1","N","N","N","0","","0","0","0","","3","","","2","0","0","0","0","0","1","2","0","2","","","","N","","","","","","","","","",""
"2021122143","1235","0","0","0","0","0","0","0","0","0","1","0","","02","12","2021","2","","","1229","11","0","0","0","0","0","2","0","0","","0","0","0","","","1","N","0","","40 29:26.7","","0","80 15:36.9","3","0","0","0","2203","0","0","0","N","0","0","0","3","02501","0","","1.0","","1","N","N","N","0","","1","0","2","","0","","","2","1","0","0","0","0","0","1","0","2","","","","N","","","","","","","","","",""
"2021120358","1532","1","0","0","0","0","0","0","0","0","4","0","","02","12","2021","5","40.479799","-79.839448","1530","11","0","0","0","0","0","1","0","1","","0","0","0","","","0","N","2","","40 28:47.276","","0","79 50:22.012","0","0","0","0","2113","0","0","0","N","0","0","0","2","02113","0","","1.0","","1","Y","Y","N","0","","0","0","0","","0","","","2","0","1","0","0","0","0","2","1","2","","","","N","","","","","","","","","",""
"2021111949","2349","0","0","0","0","0","0","0","0","0","7","0","","02","11","2021","6","40.352154","-79.822231","2345","11","0","1","0","0","0","0","0","0","","0","0","0","","","0","","2","","40 21:07.755","","0","79 49:20.032","0","0","0","0","2477","0","0","0","N","0","0","0","3","02477","0","","2.0","","9","N","N","N","0","","0","0","1","","0","","","1","0","0","0","0","0","0","2","0","1","","","","N","","","","","","","","","",""
"2021113283","2109","0","0","0","0","0","0","0","0","0","7","0","","02","11","2021","7","40.433463","-79.821285","2107","11","0","0","0","0","0","1","0","0","","0","0","0","","","1","N","0","","40 26:00.465","7","0","79 49:16.625","4","0","0","0","2419","0","0","0","N","0","0","0","1","02419","1","","4.0","2148.0","1","N","N","N","1","","0","0","0","","0","N","","1","1","0","0","0","0","0","2","0","1","","","","N","","","","","","","","","",""
"2021115710","2237","1","0","0","0","0","0","0","0","0","7","0","","02","11","2021","7","40.416944","-79.976056","2228","11","0","0","0","0","0","0","0","0","","0","0","0","","","0","N","0","","40 25:01.000","","0","79 58:33.800","0","0","0","0","2301","0","0","0","Y","0","0","0","1","02301","0","","5.0","","9","N","N","N","0","","0","0","0","","0","","","2","0","0","0","0","0","0","2","0","1","","","","N","","","","","","","","","",""
"2021124793","2308","4","0","0","0","0","0","0","0","0","1","0","","02","12","2021","7","40.438974","-79.760505","2305","11","0","0","0","0","0","1","1","0","","0","0","0","","","0","","1","","40 26:20.308","","0","79 45:37.817","0","0","0","0","2446","0","0","0","N","0","0","0","4","02446","0","","1.0","","1","N","","N","0","","0","0","0","","1","","","4","0","1","0","0","0","0","2","0","4","","03","","N","","","","","","","","","",""
"2021117288","2125","2","0","0","0","0","0","0","0","0","6","0","","02","12","2021","4","40.46175","-79.868444","2116","11","0","0","0","0","0","0","0","0","","0","0","0","","","0","N","0","","40 27:42.300","6","0","79 52:06.400","0","0","0","0","2113","0","0","0","N","0","0","0","1","02113","0","","1.0","2155.0","9","N","N","Y","0","","0","0","0","","0","N","","2","0","0","0","0","0","0","2","0","2","","","","N","","","","","","","","","",""
"2021116008","2320","1","0","0","0","0","0","0","0","0","7","0","","02","11","2021","1","40.411022","-79.955515","2310","11","0","0","0","0","0","0","0","0","","0","0","0","","","0","","2","","40 24:39.679","","0","79 57:19.855","0","0","0","0","2301","0","0","0","N","0","0","0","1","02301","0","","4.0","","9","N","N","N","0","","0","0","0","","0","","","1","0","0","0","0","0","0","2","0","1","","","","N","","","","","","","","","",""
"2021114527","1235","1","0","0","0","0","0","0","0","0","4","0","","02","11","2021","4","40.344278","-79.940722","1233","11","0","0","0","0","0","0","0","0","","0","0","0","","","0","","1","","40 20:39.400","","7","79 56:26.600","0","0","0","0","2473","0","0","0","N","0","0","0","3","02473","0","","1.0","","1","N","N","N","0","","0","0","1","","2","","","2","0","0","0","0","0","0","2","0","2","","","","N","","","","","","","","","",""