"CRN","ARRIVAL_TM","AUTOMOBILE_COUNT","BELTED_DEATH_COUNT","BELTED_SUSP_SERIOUS_INJ_COUNT","BICYCLE_COUNT","BICYCLE_DEATH_COUNT","BICYCLE_SUSP_SERIOUS_INJ_COUNT","BUS_COUNT","CHLDPAS_DEATH_COUNT","CHLDPAS_SUSP_SERIOUS_INJ_COUNT","COLLISION_TYPE","COMM_VEH_COUNT","CONS_ZONE_SPD_LIM","COUNTY","CRASH_MONTH","CRASH_YEAR","DAY_OF_WEEK","DEC_LATITUDE","DEC_LONGITUDE","DISPATCH_TM","DISTRICT","DRIVER_COUNT_16YR","DRIVER_COUNT_17YR","DRIVER_COUNT_18YR","DRIVER_COUNT_19YR","DRIVER_COUNT_20YR","DRIVER_COUNT_50_64YR","DRIVER_COUNT_65_74YR","DRIVER_COUNT_75PLUS","EST_HRS_CLOSED","FATAL_COUNT","HEAVY_TRUCK_COUNT","HORSE_BUGGY_COUNT","HOUR_OF_DAY","ILLUMINATION","INJURY_COUNT","INTERSECTION_RELATED","INTERSECT_TYPE","LANE_CLOSED","LATITUDE","LN_CLOSE_DIR","LOCATION_TYPE","LONGITUDE","MAX_SEVERITY_LEVEL","MCYCLE_DEATH_COUNT","MCYCLE_SUSP_SERIOUS_INJ_COUNT","MOTORCYCLE_COUNT","MUNICIPALITY","NONMOTR_COUNT","NONMOTR_DEATH_COUNT","NONMOTR_SUSP_SERIOUS_INJ_COUNT","NTFY_HIWY_MAINT","PED_COUNT","PED_DEATH_COUNT","PED_SUSP_SERIOUS_INJ_COUNT","PERSON_COUNT","POLICE_AGCY","POSSIBLE_INJ_COUNT","RDWY_SURF_TYPE_CD","RELATION_TO_ROAD","ROADWAY_CLEARED","ROAD_CONDITION","SCH_BUS_IND","SCH_ZONE_IND","SECONDARY_CRASH","SMALL_TRUCK_COUNT","SPEC_JURIS_CD","SUSP_MINOR_INJ_COUNT","SUSP_SERIOUS_INJ_COUNT","SUV_COUNT","TCD_FUNC_CD","TCD_TYPE","TFC_DETOUR_IND","TIME_OF_DAY","TOTAL_UNITS","TOT_INJ_COUNT","UNBELTED_OCC_COUNT","UNB_DEATH_COUNT","UNB_SUSP_SERIOUS_INJ_COUNT","UNK_INJ_DEG_COUNT","UNK_INJ_PER_COUNT","URBAN_RURAL","VAN_COUNT","VEHICLE_COUNT","WEATHER1","WEATHER2","WORKERS_PRES","WORK_ZONE_IND","WORK_ZONE_LOC","WORK_ZONE_TYPE","WZ_CLOSE_DETOUR","WZ_FLAGGER","WZ_LAW_OFFCR_IND","WZ_LN_CLOSURE","WZ_MOVING","WZ_OTHER","WZ_SHLDER_MDN","WZ_WORKERS_INJ_KILLED"
"2021082593","0913","1","0","0","0","0","0","0","0","0","2","0","","02","8","2021","2","40.5022","-80.102128","0912","11","0","0","0","0","0","0","0","0","","0","0","0","","","0","N","2","","40 30:07.920","3","0","80 06:07.661","0","0","0","0","2110","0","0","0","N","0","0","0","2","02215","0","","1.0","951.0","1","N","N","N","1","","0","0","0","","1","N","","2","0","0","0","0","0","0","2","0","2","","03","","N","","","","","","","","","",""
"2021114989","2249","1","0","0","0","0","0","0","0","0","7","0","","02","11","2021","5","40.49735","-80.101068","2243","11","0","0","0","0","0","0","0","0","","0","0","0","","","0","N","0","","40 29:50.461","","0","80 06:03.846","0","0","0","0","2126","0","0","0","N","0","0","0","1","02126","0","","4.0","","9","N","N","N","0","","0","0","0","","0","N","","1","0","0","0","0","0","0","2","0","1","","","","N","","","","","","","","","",""
"2021121421","2251","0","0","0","0","0","0","0","0","0","4","0","","02","12","2021","7","40.420678","-80.046406","2250","11","0","0","0","0","0","0","0","1","","0","0","0","","","1","","2","","40 25:14.441","2","2","80 02:47.062","3","0","0","0","2435","0","0","0","N","0","0","0","2","02435","0","","1.0","2330.0","1","N","N","N","1","","1","0","1","","2","N","","2","1","0","0","0","0","0","2","0","2","","","","N","","","","","","","","","",""
"2021112207","1332","2","0","0","0","0","0","0","0","0","4","0","","02","11","2021","4","40.559556","-79.959722","1327","11","0","0","0","0","0","0","0","0","","0","0","0","","","0","N","0","","40 33:34.400","3","7","79 57:35.000","0","0","0","0","2207","0","0","0","N","0","0","0","2","02207","0","","1.0","1400.0","1","N","N","N","0","","0","0","0","","0","N","","2","0","0","0","0","0","0","2","0","2","","03","","N","","","","","","","","","",""
"2021113603","0102","1","0","0","0","0","0","0","0","0","7","0","","02","11","2021","2","40.326806","-79.887","0100","11","0","0","0","0","0","0","0","0","","0","0","0","","","0","N","0","","40 19:36.500","","0","79 53:13.200","0","0","0","0","2433","0","0","0","N","0","0","0","1","02433","0","","5.0","","1","N","N","N","0","","0","0","0","","0","","","1","0","0","0","0","0","0","2","0","1","","","","N","","","","","","","","","",""
"2021113884","1810","1","0","0","0","0","0","0","0","0","1","0","","02","11","2021","2","40.467722","-79.961028","1757","11","0","0","0","0","0","0","0","0","","0","0","0","","","0","N","0","","40 28:03.800","","0","79 57:39.700","0","0","0","0","2301","0","0","0","N","0","0","0","3","02301","0","","1.0","","1","N","N","N","0","","0","0","1","","0","","","2","0","0","0","0","0","0","2","0","2","","03","","N","","","","","","","","","",""
"2021118262","2253","1","0","0","0","0","0","0","0","0","6","0","","02","12","2021","6","40.454182","-79.844664","2250","11","0","0","0","0","0","0","0","0","","0","0","0","","","1","N","0","","40 27:15.054","","0","79 50:40.789","3","0","0","0","2113","0","0","0","N","0","0","0","1","02113","0","","2.0","","1","N","N","N","0","","1","0","1","","0","","","2","1","0","0","0","0","0","2","0","2","","","","N","","","","","","","","","",""
"2021117069","1650","0","0","0","0","0","0","0","0","0","4","0","","02","11","2021","2","40.518274","-80.219109","1647","11","0","0","0","0","0","1","0","0","","0","0","0","","","1","N","0","","40 31:05.786","5","7","80 13:08.794","3","0","0","0","2213","0","0","0","N","0","0","0","2","02213","0","","1.0","1715.0","1","N","N","N","0","","1","0","2","","0","N","","2","1","0","0","0","0","0","2","0","2","","","","N","","","","","","","","","",""
"2021116033","0338","0","0","0","0","0","0","0","0","0","98","0","","02","11","2021","2","40.660389","-79.859719","0329","11","0","0","0","0","0","0","0","0","","0","0","0","","","1","Y","0","","40 39:37.402","","0","79 51:34.990","8","0","0","0","2220","0","0","0","N","0","0","0","1","02220","0","","1.0","","1","N","N","N","0","","0","0","1","","0","","","1","1","0","0","0","1","0","1","0","1","","","","N","","","","","","","","","",""
"2021123753","1838","1","0","0","0","0","0","0","0","0","4","0","","02","12","2021","2","40.387728","-79.822387","1835","11","0","0","0","0","0","1","0","0","","0","0","0","","","1","N","0","","40 23:15.820","2","7","79 49:20.593","3","0","0","0","2111","0","0","0","N","0","0","0","3","02111","0","","1.0","1914.0","1","N","N","N","0","","1","0","1","","2","N","","2","1","0","0","0","0","0","2","0","2","","03","","N","","","","","","","","","",""
"2021126624","1448","1","0","0","0","0","0","0","0","0","8","0","","02","12","2021","2","40.629444","-79.940556","1436","11","0","0","0","0","0","0","0","0","","0","0","0","","","1","N","0","","40 37:46.000","5","0","79 56:26.000","8","0","0","0","2217","1","0","0","N","1","0","0","2","02505","0","","1.0","1503.0","1","N","N","N","0","","0","0","0","","0","Y","","2","1","0","0","0","1","0","2","0","1","","","","N","","","","","","","","","",""
"2021069593","2305","1","0","0","0","0","0","0","0","0","7","0","","02","7","2021","3","40.374761","-80.094756","2300","11","0","1","0","0","0","0","0","0","","0","0","0","","","0","N","3","","40 22:29.139","","0","80 05:41.122","0","0","0","0","2117","0","0","0","N","0","0","0","1","02117","0","","4.0","","1","N","N","N","0","","0","0","0","","0","","","1","0","0","0","0","0","0","2","0","1","","","","N","","","","","","","","","",""
"2021082878","1357","2","0","0","0","0","0","0","0","0","7","0","","02","8","2021","2","40.370708","-79.927336","1356","11","0","0","0","0","0","1","0","0","","0","0","0","","","1","N","0","","40 22:14.550","","7","79 55:38.410","4","0","0","0","2473","0","0","0","Y","0","0","0","1","02473","1","","5.0","","1","N","N","N","0","","0","0","0","","0","","","2","1","0","0","0","0","0","2","0","2","","03","","N","","","","","","","","","",""
"2021119782","1406","3","0","0","0","0","0","0","0","0","1","0","","02","11","2021","4","40.327043","-80.047042","1400","11","0","0","0","0","0","0","0","1","","0","0","0","","","0","","2","","40 19:37.355","","0","80 02:49.352","0","0","0","0","2407","0","0","0","N","0","0","0","5","02407","0","","1.0","","1","N","N","N","0","","0","0","0","","0","","","3","0","0","0","0","0","0","2","0","3","","","","N","","","","","","","","","",""
"2021123824","1820","1","0","0","0","0","0","0","0","0","1","0","","02","12","2021","6","40.369167","-79.782777","1815","11","0","0","0","0","0","0","0","0","","0","0","0","","","0","N","0","","40 22:09.002","6","0","79 46:57.998","0","0","0","0","2111","0","0","0","N","0","0","0","2","02111","0","","1.0","1900.0","1","N","N","N","0","","0","0","1","","0","N","","2","0","0","0","0","0","0","2","0","2","","03","","N","","","","","","","","","",""
"2021108750","2012","1","0","0","0","0","0","0","0","0","4","0","","02","11","2021","3","40.334404","-79.812074","2012","11","0","0","0","0","0","0","0","1","","0","0","0","","","0","N","0","","40 20:03.854","5","0","79 48:43.465","0","0","0","0","2477","0","0","0","N","0","0","0","4","02477","0","","1.0","2047.0","1","N","N","N","1","","0","0","0","","0","Y","","2","0","0","0","0","0","0","2","0","2","","03","","N","","","","","","","","","",""
"2021119438","1738","1","0","0","0","0","0","0","0","0","4","0","","02","12","2021","6","40.406756","-79.828641","1734","11","0","0","0","0","0","0","0","0","","0","0","0","","","1","N","2","","40 24:24.323","","0","79 49:43.109","8","0","0","0","2467","0","0","0","N","0","0","0","3","02467","0","","1.0","","1","N","N","N","0","","0","0","1","","0","","","2","1","0","0","0","1","0","2","0","2","","03","","N","","","","","","","","","",""
"2021117851","1244","0","0","0","0","0","0","0","0","0","1","0","","02","12","2021","5","40.349803","-79.987595","1242","11","0","0","0","0","0","0","1","0","","0","0","0","","","0","Y","0","","40 20:59.290","2","0","79 59:15.343","0","0","0","0","2476","0","0","0","N","0","0","0","2","02476","0","","1.0","1300.0","1","N","N","N","2","","0","0","0","","0","N","","2","0","0","0","0","0","0","2","0","2","","","","N","","","","","","","","","",""
"2021127809","1625","2","0","0","0","0","0","0","0","0","1","0","","02","12","2021","4","40.507334","-80.205014","1622","11","0","0","0","0","0","0","0","0","","0","0","0","","","0","Y","0","","40 30:26.401","","0","80 12:18.049","0","0","0","0","2213","0","0","0","N","0","0","0","3","02213","0","","1.0","","1","N","N","N","0","","0","0","1","","0","","","3","0","0","0","0","0","0","2","0","3","","03","","N","","","","","","","","","",""
"2021104787","1050","0","0","0","0","0","0","0","0","0","2","0","","02","10","2021","2","40.372984","-80.099265","1046","11","0","0","0","0","0","1","1","0","","0","0","0","","","0","","2","","40 22:22.744","6","2","80 05:57.354","0","0","0","0","2102","0","0","0","N","0","0","0","2","02102","0","","1.0","1110.0","1","N","N","N","1","","0","0","1","","2","N","","2","0","0","0","0","0","0","2","0","2","","03","","N","","","","","","","","","",""
"2021109630","1815","0","0","0","0","0","0","0","0","0","4","0","","02","11","2021","3","40.334154","-80.002649","1807","11","0","0","0","0","0","1","0","0","","0","0","0","","","0","","1","","40 20:02.953","","0","80 00:09.537","0","0","0","0","2407","0","0","0","N","0","0","0","3","02407","0","","1.0","","1","N","N","N","0","","0","0","2","","3","","","2","0","0","0","0","0","0","2","0","2","","","","N","","","","","","","","","",""
"2021103157","2259","1","0","0","0","0","0","0","0","0","4","0","","02","10","2021","4","40.427609","-79.982881","2255","11","0","0","0","0","0","0","0","0","","0","0","0","","","0","N","1","","40 25:39.394","","0","79 58:58.370","0","0","0","0","2301","0","0","0","N","0","0","0","2","02301","0","","1.0","","1","N","N","N","0","","0","0","1","","0","","","2","0","0","0","0","0","0","2","0","2","","03","","N","","","","","","","","","",""
"2021115968","2350","1","0","0","0","0","0","0","0","0","1","0","","02","11","2021","1","40.367077","-79.980155","2325","11","0","0","0","0","0","0","0","0","","0","0","0","","","0","N","0","","40 22:01.478","","0","79 58:48.559","0","0","0","0","2413","0","0","0","N","0","0","0","1","02413","0","","2.0","","1","","","N","1","","0","0","0","","0","","","2","0","1","0","0","0","0","2","0","2","","03","","N","","","","","","","","","",""
"2021127691","1322","2","0","0","0","0","0","0","0","0","6","0","","02","12","2021","3","40.424538","-79.882512","1320","11","0","0","0","0","0","0","0","0","","0","0","0","","","0","N","1","","40 25:28.336","","0","79 52:57.043","0","0","0","0","2463","0","0","0","N","0","0","0","1","02463","0","","1.0","","1","N","N","N","0","","0","0","0","","0","","","2","0","0","0","0","0","0","2","0","2","","03","","N","","","","","","","","","",""
"2021082466","1843","1","0","0","0","0","0","0","0","0","4","0","","02","9","2021","4","40.380525","-79.911687","1842","11","0","0","0","0","0","1","0","0","","0","0","0","","","0","","1","","40 22:49.890","5","0","79 54:42.073","0","0","0","0","2448","0","0","0","N","0","0","0","3","02448","0","","1.0","1910.0","1","N","N","N","1","","0","0","0","","0","Y","","2","0","0","0","0","0","0","2","0","2","","03","","N","","","","","","","","","",""
"2021123417","1925","2","0","0","0","0","0","0","0","0","1","0","","02","12","2021","5","40.475581","-80.06509","1923","11","0","0","0","0","1","1","0","0","","0","0","0","","","0","","3","","40 28:32.093","","0","80 03:54.325","0","0","0","0","2444","0","0","0","N","0","0","0","2","02444","0","","1.0","","9","N","N","N","0","","0","0","0","","2","","","2","0","0","0","0","0","0","2","0","2","","","","N","","","","","","","","","",""
"2021083541","2330","1","0","0","0","0","0","0","0","0","1","0","","02","8","2021","3","40.444361","-80.056944","2326","11","0","0","0","0","0","1","0","0","","0","0","0","","","0","N","0","","40 26:39.700","","0","80 03:25.000","0","0","0","0","2439","0","0","0","N","0","0","0","2","02439","0","","6.0","","1","","","N","0","","0","0","1","","0","","","2","0","0","0","0","0","0","2","0","2","","03","","N","","","","","","","","","",""
"2021122604","1453","1","0","0","1","0","0","0","0","0","8","0","","02","12","2021","2","","","1444","11","0","0","0","0","0","0","0","1","","0","0","0","","","1","N","0","","","","0","","8","0","0","0","2216","1","0","0","N","0","0","0","2","02501","0","","1.0","","1","N","N","N","0","","0","0","0","","0","","","2","1","0","0","0","1","0","1","0","1","","","","N","","","","","","","","","",""
"2021121992","1804","2","0","0","0","0","0","0","0","0","7","0","","02","12","2021","7","40.439003","-80.073202","1802","11","0","0","0","0","0","1","0","0","","0","0","0","","","0","N","0","","40 26:20.412","6","0","80 04:23.527","0","0","0","0","2421","0","0","0","N","0","0","0","2","02421","0","","1.0","2054.0","1","N","N","N","0","","0","0","0","","0","Y","","2","0","0","0","0","0","0","2","0","2","","","","N","","","","","","","","","",""
"2021123677","2200","1","0","0","0","0","0","0","0","0","7","0","","02","12","2021","5","40.491456","-79.908715","2200","11","0","1","0","0","0","0","0","0","","0","0","0","","","0","","2","","40 29:29.240","","2","79 54:31.375","0","0","0","0","2112","0","0","0","N","0","0","0","1","02112","0","","3.0","","9","N","N","N","0","","0","0","0","","0","","","1","0","0","0","0","0","0","2","0","1","","","","N","","","","","","","","","",""
"2021111537","1720","0","0","0","0","0","0","0","0","0","4","0","","02","11","2021","3","40.387024","-79.909794","1718","11","0","0","0","0","0","0","0","0","","0","0","0","","","0","","2","","40 23:13.286","2","0","79 54:35.258","0","0","0","0","2448","0","0","0","N","0","0","0","4","02448","0","","1.0","1730.0","1","N","N","N","1","","0","0","1","","0","N","","2","0","0","0","0","0","0","2","0","2","","03","","N","","","","","","","","","",""
"2021116563","2017","0","0","0","0","0","0","0","0","0","1","0","","02","11","2021","4","40.301921","-80.030524","2008","11","0","0","0","0","0","0","0","0","","0","0","0","","","2","","3","","40 18:06.917","","0","80 01:49.887","8","0","0","0","2407","0","0","0","N","0","0","0","4","02407","0","","1.0","","1","N","N","N","1","","0","0","1","","0","","","2","2","0","0","0","2","0","2","0","2","","","","N","","","","","","","","","",""
"2021118524","2107","0","0","0","0","0","0","0","0","0","7","0","90","02","12","2021","7","40.492732","-79.910184","2100","11","0","0","0","0","0","0","0","1","","0","0","0","","","0","N","0","","40 29:33.835","","1","79 54:36.661","0","0","0","0","2112","0","0","0","N","0","0","0","1","02112","0","","4.0","","1","N","N","N","1","","0","0","0","","0","","","1","0","0","0","0","0","0","2","0","1","","","N","Y","4","1","","","N","","","","Y","N"
"2021110414","1536","1","0","0","0","0","0","0","0","0","4","0","","02","11","2021","5","40.427358","-79.890945","1534","11","0","0","0","0","0","0","0","0","","0","0","0","","","0","N","2","","40 25:38.487","","0","79 53:27.402","0","0","0","0","2426","0","0","0","N","0","0","0","2","02463","0","","1.0","","1","N","N","N","0","","0","0","1","","0","","","2","0","0","0","0","0","0","2","0","2","","03","","N","","","","","","","","","",""
"2021115055","0940","1","0","0","0","0","0","0","0","0","1","0","","02","11","2021","1","40.403964","-80.092248","0940","11","0","0","0","0","0","0","0","1","","0","0","0","","","1","","2","","40 24:14.269","4","0","80 05:32.094","3","0","0","0","2415","0","0","0","N","0","0","0","2","02415","0","","1.0","1010.0","1","N","N","N","1","","1","0","0","","0","N","","2","1","0","0","0","0","0","2","0","2","","03","","N","","","","","","","","","",""
"2021111833","0722","0","0","0","0","0","0","0","0","0","4","0","90","02","11","2021","4","40.351286","-79.866808","0722","11","0","0","0","0","0","0","0","1","","0","0","0","","","1","","1","","40 21:04.630","7","0","79 52:00.507","8","0","0","0","2304","0","0","0","N","0","0","0","2","02304","0","","1.0","822.0","1","N","N","N","0","","0","0","2","","2","Y","","2","1","0","0","0","1","0","2","0","2","","03","N","Y","4","1","Y","","N","Y","","","","N"
"2021110829","0637","0","0","0","0","0","0","0","0","0","8","0","","02","11","2021","5","40.559556","-80.048444","0631","11","0","0","0","0","0","0","0","1","","0","0","0","","","1","Y","0","","40 33:34.400","","0","80 02:54.400","8","0","0","0","2108","1","0","0","N","1","0","0","2","02108","0","","1.0","","1","Y","N","N","0","","0","0","0","","0","","","2","1","0","0","0","1","0","2","1","1","","","","N","","","","","","","","","",""
"2021109214","1125","1","0","0","0","0","0","0","0","0","4","0","","02","11","2021","3","40.340972","-79.954028","1122","11","0","0","0","0","0","0","0","0","","0","0","0","","","0","Y","0","","40 20:27.500","","7","79 57:14.500","0","0","0","0","2473","0","0","0","N","0","0","0","2","02473","0","","1.0","","1","N","N","N","0","","0","0","0","","3","","","2","0","0","0","0","0","0","2","1","2","","03","","N","","","","","","","","","",""
"2021121427","1209","2","0","0","0","0","0","0","0","0","4","0","","02","12","2021","1","40.391116","-80.072913","1209","11","0","0","0","0","0","0","0","0","","0","0","0","","","2","N","0","","40 23:28.019","","7","80 04:22.487","8","0","0","0","2117","0","0","0","N","0","0","0","4","02117","0","","1.0","","1","N","N","N","0","","0","0","0","","8","","","2","2","1","0","0","2","0","2","0","2","","","","N","","","","","","","","","",""
"2021125268","0100","1","0","0","0","0","0","0","0","0","1","0","","02","12","2021","6","40.502571","-79.931835","0054","11","0","0","0","0","0","0","0","0","","0","0","0","","","0","N","0","","40 30:09.255","","0","79 55:54.606","0","0","0","0","2112","0","0","0","N","0","0","0","1","02112","0","","6.0","","1","N","N","N","0","","0","0","1","","0","N","","2","0","0","0","0","0","0","2","0","2","","03","","N","","","","","","","","","",""
"2021124529","1449","2","0","0","0","0","0","0","0","0","1","0","","02","12","2021","6","40.421673","-79.797809","1445","11","0","0","0","0","0","0","0","0","","0","0","0","","","0","","2","","40 25:18.022","","0","79 47:52.112","0","0","0","0","2446","0","0","0","N","0","0","0","3","02446","0","","1.0","","1","N","N","N","1","","0","0","0","","0","","","3","0","0","0","0","0","0","2","0","3","","03","","N","","","","","","","","","",""
"2021108830","1335","1","0","0","0","0","0","0","0","0","7","0","","02","11","2021","3","40.402409","-79.893289","1327","11","0","0","0","0","0","0","0","0","","0","0","0","","","1","","2","","40 24:08.672","","0","79 53:35.840","3","0","0","0","2448","0","0","0","N","0","0","0","1","02448","0","","5.0","","1","N","N","N","0","","1","0","0","","3","","","1","1","0","0","0","0","0","2","0","1","","03","","N","","","","","","","","","",""
"2021123722","0721","2","0","0","0","0","0","0","0","0","1","0","45","02","12","2021","4","40.494559","-79.904903","0651","11","0","0","0","0","0","0","0","0","","0","0","0","","","2","N","0","","40 29:40.411","2","0","79 54:17.650","4","0","0","0","2401","0","0","0","N","0","0","0","4","68D02","1","","1.0","800.0","1","N","N","N","0","","0","0","1","","0","N","","3","2","0","0","0","1","0","2","0","3","","","N","Y","4","1","","","N","","","","Y","N"
"2021123997","2044","1","0","0","1","0","0","0","0","0","8","0","","02","12","2021","6","40.326018","-79.891428","2043","11","0","0","0","0","0","0","0","0","","0","0","0","","","1","N","1","","40 19:33.664","","0","79 53:29.140","8","0","0","0","2433","1","0","0","N","0","0","0","2","02433","0","","1.0","","9","N","N","N","0","","0","0","0","","3","","","2","1","0","0","0","1","0","2","0","1","","07","","N","","","","","","","","","",""
"2021126964","1833","2","0","0","0","0","0","0","0","0","4","0","","02","12","2021","3","40.331499","-80.022662","1829","11","0","0","0","0","0","0","0","0","","0","0","0","","","1","N","0","","40 19:53.395","5","7","80 01:21.583","8","0","0","0","2407","0","0","0","N","0","0","0","4","02407","0","","1.0","1935.0","1","N","N","N","0","","0","0","0","","0","N","","2","1","0","0","0","1","0","2","0","2","","","","N","","","","","","","","","",""
"2021117277","0037","5","0","0","0","0","0","0","0","0","3","0","","02","12","2021","4","40.409066","-79.832264","0035","11","0","0","0","0","0","0","0","0","","0","0","0","","","1","N","0","","40 24:32.638","6","0","79 49:56.152","3","0","0","0","2467","0","0","0","N","0","0","0","1","02467","0","","4.0","116.0","1","N","N","Y","2","","1","0","0","","0","N","","7","1","0","0","0","0","0","2","0","7","","03","","N","","","","","","","","","",""
"2021125670","0139","1","0","0","0","0","0","0","0","0","7","0","","02","12","2021","1","40.48802","-79.879625","0138","11","0","0","0","0","0","0","0","0","","0","0","0","","","0","N","0","","40 29:16.873","6","0","79 52:46.650","9","0","0","0","2112","0","0","0","N","0","0","0","1","02112","0","","5.0","250.0","9","N","N","N","0","","0","0","0","","0","N","","1","0","0","0","0","0","1","2","0","1","","","","N","","","","","","","","","",""
"2021117908","1512","2","0","0","0","0","0","0","0","0","1","0","","02","12","2021","5","40.349529","-79.933953","1509","11","0","2","0","0","0","0","0","0","","0","0","0","","","3","N","0","","40 20:58.306","4","0","79 56:02.232","3","0","0","0","2473","0","0","0","N","0","0","0","6","02473","0","","1.0","1600.0","9","N","N","N","0","","3","0","2","","0","N","","4","3","0","0","0","0","0","2","0","4","","07","","N","","","","","","","","","",""
"2021120167","1700","1","0","0","0","0","0","0","0","0","4","0","","02","11","2021","4","40.515084","-80.222358","1643","11","0","0","0","1","0","0","0","0","","0","0","0","","","0","N","0","","40 30:54.303","2","7","80 13:20.488","0","0","0","0","2213","0","0","0","N","0","0","0","2","02213","0","","1.0","1700.0","1","N","N","N","0","","0","0","1","","2","N","","2","0","0","0","0","0","0","2","0","2","","03","","N","","","","","","","","","",""
"2021110087","2039","0","0","0","0","0","0","0","0","0","7","0","","02","11","2021","6","40.380205","-80.022246","2038","11","0","0","0","0","0","0","0","0","","0","0","0","","","0","","2","","40 22:48.738","4","0","80 01:20.085","0","0","0","0","2101","0","0","0","N","0","0","0","4","02101","0","","2.0","2159.0","1","N","N","N","0","","0","0","1","","0","Y","","1","0","0","0","0","0","0","2","0","1","","03","","N","","","","","","","","","",""
"2021113887","1559","0","0","0","0","0","0","0","0","0","1","0","","02","11","2021","2","40.416489","-80.220492","1556","11","0","0","1","0","0","1","0","0","","0","0","0","","","0","Y","0","","40 24:59.362","","0","80 13:13.770","0","0","0","0","2214","0","0","0","N","0","0","0","2","02214","0","","1.0","","1","N","N","N","0","","0","0","2","","0","","","2","0","0","0","0","0","0","1","0","2","","","","N","","","","","","","","","",""
"2021120752","1325","2","0","0","0","0","0","0","0","0","4","0","","02","12","2021","6","40.593412","-79.947833","1323","11","0","0","1","0","0","0","0","0","","0","0","0","","","0","N","0","","40 35:36.282","5","7","79 56:52.198","0","0","0","0","2207","0","0","0","N","0","0","0","3","02207","0","","1.0","1345.0","1","N","N","N","0","","0","0","0","","0","N","","2","0","0","0","0","0","0","2","0","2","","","","N","","","","","","","","","",""
"2021120971","2123","2","0","0","0","0","0","0","0","0","4","0","","02","12","2021","4","40.422401","-79.885838","2120","11","0","0","0","0","1","0","1","0","","0","0","0","","","0","N","1","","40 25:20.643","1","0","79 53:09.016","0","0","0","0","2463","0","0","0","N","0","0","0","2","02463","0","","1.0","2148.0","1","N","N","N","0","","0","0","0","","2","Y","","2","0","0","0","0","0","0","2","0","2","","03","","N","","","","","","","","","",""
"2021109903","1744","1","0","0","0","0","0","0","0","0","1","0","","02","11","2021","5","40.327769","-80.066171","1743","11","0","0","0","0","0","1","0","0","","0","0","0","","","1","","2","","40 19:39.969","4","0","80 03:58.215","3","0","0","0","2123","0","0","0","N","0","0","0","3","02123","0","","1.0","1818.0","1","N","N","N","1","","1","0","1","","0","N","","3","1","0","0","0","0","0","2","0","3","","03","","N","","","","","","","","","",""
"2021118341","1342","2","0","0","0","0","0","0","0","0","1","0","","02","12","2021","5","40.395231","-79.767298","1332","11","0","0","0","0","0","2","0","0","","0","0","0","","","0","N","2","","40 23:42.831","","0","79 46:02.272","0","0","0","0","2446","0","0","0","N","0","0","0","2","02446","0","","1.0","","1","N","N","N","0","","0","0","0","","0","N","","2","0","0","0","0","0","0","2","0","2","","04","","N","","","","","","","","","",""
"2021110863","0644","1","0","0","0","0","0","0","0","0","5","0","","02","11","2021","6","40.563868","-80.038697","0635","11","0","1","0","0","0","0","0","0","","0","0","0","","","0","Y","0","","40 33:49.926","1","0","80 02:19.310","0","0","0","0","2108","0","0","0","N","0","0","0","2","02108","0","","2.0","715.0","1","N","N","Y","0","","0","0","1","","0","N","","2","0","0","0","0","0","0","2","0","2","","","","N","","","","","","","","","",""
"2021122739","2226","0","0","0","0","0","0","0","0","0","0","0","","02","12","2021","1","40.44683","-80.168146","2223","11","0","0","0","0","0","0","0","0","","0","0","0","","","0","","7","","40 26:48.589","","2","80 10:05.327","0","0","0","0","2115","0","0","0","N","0","0","0","1","68B03","0","","1.0","","1","N","N","N","0","","0","0","1","","0","","","1","0","0","0","0","0","0","2","0","1","","","","N","","","","","","","","","",""
"2021126294","1600","2","0","0","0","0","0","0","0","0","4","0","","02","12","2021","6","40.396262","-79.804623","1557","11","0","1","0","1","0","0","0","0","","0","0","0","","","1","","2","","40 23:46.542","7","0","79 48:16.643","8","0","0","0","2479","0","0","0","N","0","0","0","2","02501","0","","1.0","1651.0","1","N","N","N","0","","0","0","0","","3","Y","","2","1","0","0","0","1","0","2","0","2","","03","","N","","","","","","","","","",""
"2021121741","1214","2","0","0","0","0","0","0","0","0","6","0","","02","12","2021","2","40.569132","-79.805093","1213","11","0","0","0","0","0","0","0","0","","0","0","0","","","0","N","0","","40 34:08.876","","7","79 48:18.335","0","0","0","0","2206","0","0","0","N","0","0","0","2","02206","0","","1.0","","1","N","N","N","0","","0","0","0","","0","N","","2","0","2","0","0","0","0","2","0","2","","03","","N","","","","","","","","","",""
"2021127616","2042","2","0","0","0","0","0","0","0","0","4","0","","02","12","2021","3","40.293083","-79.935556","2037","11","0","0","0","0","0","1","0","0","","0","0","0","","","0","N","0","","40 17:35.100","","0","79 56:08.000","0","0","0","0","2440","0","0","0","N","0","0","0","1","02440","0","","1.0","","9","N","N","N","0","","0","0","0","","0","","","2","0","0","0","0","0","0","2","0","2","","05","","N","","","","","","","","","",""
"2021110245","1419","1","0","0","0","0","0","0","0","0","1","0","","02","11","2021","7","40.275657","-79.892693","1416","11","0","0","0","0","0","1","1","0","","0","0","0","","","1","","6","","40 16:32.364","","2","79 53:33.694","3","0","0","0","2471","0","0","0","N","0","0","0","2","02440","0","","1.0","","1","N","N","N","1","","1","0","0","","3","","","2","1","0","0","0","0","0","2","0","2","","","","N","","","","","","","","","",""