"CRN","ARRIVAL_TM","AUTOMOBILE_COUNT","BELTED_DEATH_COUNT","BELTED_SUSP_SERIOUS_INJ_COUNT","BICYCLE_COUNT","BICYCLE_DEATH_COUNT","BICYCLE_SUSP_SERIOUS_INJ_COUNT","BUS_COUNT","CHLDPAS_DEATH_COUNT","CHLDPAS_SUSP_SERIOUS_INJ_COUNT","COLLISION_TYPE","COMM_VEH_COUNT","CONS_ZONE_SPD_LIM","COUNTY","CRASH_MONTH","CRASH_YEAR","DAY_OF_WEEK","DEC_LATITUDE","DEC_LONGITUDE","DISPATCH_TM","DISTRICT","DRIVER_COUNT_16YR","DRIVER_COUNT_17YR","DRIVER_COUNT_18YR","DRIVER_COUNT_19YR","DRIVER_COUNT_20YR","DRIVER_COUNT_50_64YR","DRIVER_COUNT_65_74YR","DRIVER_COUNT_75PLUS","EST_HRS_CLOSED","FATAL_COUNT","HEAVY_TRUCK_COUNT","HORSE_BUGGY_COUNT","HOUR_OF_DAY","ILLUMINATION","INJURY_COUNT","INTERSECTION_RELATED","INTERSECT_TYPE","LANE_CLOSED","LATITUDE","LN_CLOSE_DIR","LOCATION_TYPE","LONGITUDE","MAX_SEVERITY_LEVEL","MCYCLE_DEATH_COUNT","MCYCLE_SUSP_SERIOUS_INJ_COUNT","MOTORCYCLE_COUNT","MUNICIPALITY","NONMOTR_COUNT","NONMOTR_DEATH_COUNT","NONMOTR_SUSP_SERIOUS_INJ_COUNT","NTFY_HIWY_MAINT","PED_COUNT","PED_DEATH_COUNT","PED_SUSP_SERIOUS_INJ_COUNT","PERSON_COUNT","POLICE_AGCY","POSSIBLE_INJ_COUNT","RDWY_SURF_TYPE_CD","RELATION_TO_ROAD","ROADWAY_CLEARED","ROAD_CONDITION","SCH_BUS_IND","SCH_ZONE_IND","SECONDARY_CRASH","SMALL_TRUCK_COUNT","SPEC_JURIS_CD","SUSP_MINOR_INJ_COUNT","SUSP_SERIOUS_INJ_COUNT","SUV_COUNT","TCD_FUNC_CD","TCD_TYPE","TFC_DETOUR_IND","TIME_OF_DAY","TOTAL_UNITS","TOT_INJ_COUNT","UNBELTED_OCC_COUNT","UNB_DEATH_COUNT","UNB_SUSP_SERIOUS_INJ_COUNT","UNK_INJ_DEG_COUNT","UNK_INJ_PER_COUNT","URBAN_RURAL","VAN_COUNT","VEHICLE_COUNT","WEATHER1","WEATHER2","WORKERS_PRES","WORK_ZONE_IND","WORK_ZONE_LOC","WORK_ZONE_TYPE","WZ_CLOSE_DETOUR","WZ_FLAGGER","WZ_LAW_OFFCR_IND","WZ_LN_CLOSURE","WZ_MOVING","WZ_OTHER","WZ_SHLDER_MDN","WZ_WORKERS_INJ_KILLED"
"2021121113","1955","1","0","0","0","0","0","0","0","0","4","0","","02","12","2021","5","40.435763","-79.771085","1951","11","0","0","0","0","0","0","0","0","","0","0","0","","","2","N","0","","40 26:08.746","","7","79 46:15.906","4","0","0","0","2446","0","0","0","N","0","0","0","3","02446","2","","1.0","","1","N","N","N","0","","0","0","1","","2","","","2","2","0","0","0","0","0","2","0","2","","03","","N","","","","","","","","","",""
"2021116725","1608","1","0","0","0","0","0","0","0","0","4","0","","02","11","2021","3","40.386139","-79.822472","1603","11","0","0","0","0","0","0","0","0","","0","0","0","","","0","N","0","","40 23:10.100","","7","79 49:20.900","0","0","0","0","2111","0","0","0","N","0","0","0","3","02111","0","","1.0","","1","N","N","N","0","","0","0","1","","0","","","2","0","0","0","0","0","0","2","0","2","","03","","N","","","","","","","","","",""
"2021123421","1934","2","0","0","0","0","0","0","0","0","6","0","","02","12","2021","5","","","1931","11","0","0","0","0","0","0","0","0","","0","0","0","","","0","N","0","","","2","0","","0","0","0","0","2422","0","0","0","N","0","0","0","3","02422","0","","1.0","2008.0","9","N","N","N","0","","0","0","0","","0","Y","","2","0","0","0","0","0","0","1","0","2","","","","N","","","","","","","","","",""
"2021116552","2255","1","0","0","0","0","0","0","0","0","4","0","","02","11","2021","2","40.371781","-79.843746","2226","11","0","0","0","0","0","0","1","0","","0","0","0","","","1","","2","","40 22:18.411","2","0","79 50:37.486","3","0","0","0","2303","0","0","0","N","0","0","0","3","02303","0","","1.0","2255.0","1","N","N","N","0","","1","0","1","","2","Y","","2","1","0","0","0","0","0","2","0","2","","03","","N","","","","","","","","","",""
"2021127401","1822","2","0","0","0","0","0","0","0","0","6","0","","02","12","2021","1","40.503464","-80.170781","1817","11","0","0","0","0","1","0","0","0","","0","0","0","","","0","N","0","","40 30:12.470","5","0","80 10:14.810","0","0","0","0","2213","0","0","0","N","0","0","0","1","02213","0","","1.0","1920.0","1","N","N","N","0","","0","0","0","","0","Y","","3","0","0","0","0","0","0","2","1","3","","","","N","","","","","","","","","",""
"2021117849","2134","2","0","0","0","0","0","0","0","0","4","0","","02","11","2021","5","40.435645","-79.881939","2127","11","0","0","0","0","0","1","0","0","","0","0","0","","","0","","1","","40 26:08.322","","0","79 52:54.980","0","0","0","0","2426","0","0","0","N","0","0","0","2","02426","0","","1.0","","9","N","N","N","0","","0","0","0","","2","","","2","0","0","0","0","0","0","2","0","2","","","","N","","","","","","","","","",""
"2021127276","1304","2","0","0","0","0","0","0","0","0","1","0","55","02","12","2021","5","40.53125","-79.849589","1304","11","0","0","0","0","0","2","0","0","","0","0","0","","","0","N","0","","40 31:52.499","","0","79 50:58.520","0","0","0","0","2208","0","0","0","N","0","0","0","2","68D02","0","","1.0","","1","N","N","N","0","","0","0","0","","1","","","2","0","0","0","0","0","0","2","0","2","","","N","Y","3","8","","","N","Y","","Y","","N"
"2021128324","0957","0","0","0","0","0","0","0","0","0","7","0","","02","12","2021","5","40.394881","-80.130084","0951","11","0","0","0","0","0","0","0","0","","0","0","0","","","0","N","0","","40 23:41.573","1","0","80 07:48.301","0","0","0","0","2102","0","0","0","N","0","0","0","2","02102","0","","5.0","1400.0","9","N","N","N","0","","0","0","0","","0","Y","","1","0","0","0","0","0","0","2","1","1","","04","","N","","","","","","","","","",""
"2021088344","2217","2","0","1","0","0","0","0","0","0","4","0","","02","9","2021","1","40.420139","-79.990722","2215","11","0","0","0","0","0","1","0","0","","0","0","0","","","1","Y","0","","40 25:12.500","1","0","79 59:26.600","2","0","0","0","2301","0","0","0","N","0","0","0","5","02301","0","","1.0","2300.0","1","N","N","N","0","","0","1","0","","0","Y","","2","1","0","0","0","0","0","2","0","2","","03","","N","","","","","","","","","",""
"2021108543","1811","2","0","0","0","0","0","0","0","0","6","0","","02","11","2021","1","40.402138","-79.90853","1809","11","0","0","0","0","0","0","0","0","","0","0","0","","","0","N","0","","40 24:07.697","1","0","79 54:30.709","0","0","0","0","2438","0","0","0","N","0","0","0","1","02438","0","","6.0","1835.0","1","N","N","N","0","","0","0","0","","0","N","","2","0","0","0","0","0","0","2","0","2","","","","N","","","","","","","","","",""
"2021126573","2303","5","0","0","0","0","0","0","0","0","5","0","","02","12","2021","7","40.468367","-80.033933","2257","11","0","0","0","0","0","1","0","0","","0","0","0","","","0","N","0","","40 28:06.120","","0","80 02:02.160","9","0","0","0","2301","0","0","0","N","0","0","0","1","02301","0","","6.0","","1","N","N","N","0","","0","0","0","","0","","","5","0","0","0","0","0","1","2","0","5","","","","N","","","","","","","","","",""
"2021111785","2204","0","0","0","0","0","0","0","0","0","7","0","","02","11","2021","1","40.540753","-79.808111","2159","11","0","0","0","0","0","0","0","0","","0","0","0","","","0","Y","0","","40 32:26.710","2","0","79 48:29.199","0","0","0","0","2208","0","0","0","Y","0","0","0","1","02208","0","","2.0","2258.0","1","N","N","N","0","","0","0","1","","0","N","","1","0","0","0","0","0","0","2","0","1","","03","","N","","","","","","","","","",""
"2021115601","0142","0","0","0","0","0","0","0","0","0","1","0","","02","11","2021","5","40.428889","-79.980528","0142","11","0","0","0","0","0","0","0","0","","0","0","0","","","0","N","0","","40 25:44.000","","0","79 58:49.900","0","0","0","0","2301","0","0","0","N","0","0","0","3","02301","0","","1.0","","9","N","N","N","0","","0","0","2","","0","","","2","0","2","0","0","0","0","2","0","2","","04","","N","","","","","","","","","",""
"2021113798","1755","0","0","0","0","0","0","0","0","0","4","0","","02","11","2021","4","40.524589","-80.179684","1751","11","0","0","0","0","0","1","0","0","","0","0","0","","","1","","2","","40 31:28.521","","0","80 10:46.864","3","0","0","0","2213","0","0","0","N","0","0","0","2","02213","0","","1.0","","1","N","N","N","2","","1","0","0","","2","","","2","1","0","0","0","0","0","2","0","2","","","","N","","","","","","","","","",""
"2021116003","0246","1","0","0","0","0","0","0","0","0","99","0","","02","11","2021","2","40.431158","-79.959208","0236","11","0","0","0","0","0","0","0","0","","0","0","0","","","0","","1","","40 25:52.168","","0","79 57:33.149","9","0","0","0","2301","0","0","0","N","0","0","0","2","02301","0","","1.0","","1","N","N","N","0","","0","0","0","","2","","","1","0","0","0","0","0","2","2","0","1","","","","N","","","","","","","","","",""
"2021087898","0835","1","0","0","0","0","0","0","0","0","4","0","","02","9","2021","7","40.485183","-79.856869","0831","11","0","0","0","0","0","0","1","0","","0","0","0","","","0","","2","","40 29:06.657","","0","79 51:24.730","0","0","0","0","2113","0","0","0","N","0","0","0","2","02113","0","","1.0","","1","N","N","N","0","","0","0","0","","2","N","","2","0","0","0","0","0","0","2","1","2","","03","","N","","","","","","","","","",""
"2021110788","1810","1","0","0","0","0","0","0","0","0","1","0","","02","11","2021","1","40.371967","-80.078078","1808","11","0","0","0","0","0","1","0","0","","0","0","0","","","0","","2","","40 22:19.080","3","0","80 04:41.081","0","0","0","0","2109","0","0","0","N","0","0","0","3","02109","0","","1.0","1900.0","9","N","N","N","0","","0","0","0","","2","N","","2","0","0","0","0","0","0","2","1","2","","","","N","","","","","","","","","",""
"2021127273","1123","2","0","0","0","0","0","0","0","0","1","0","","02","12","2021","2","40.492422","-79.895831","1118","11","0","0","0","0","0","1","1","1","","0","0","0","","","1","N","0","","40 29:32.718","2","0","79 53:44.991","3","0","0","0","2401","0","0","0","N","0","0","0","8","68D02","0","","1.0","1246.0","9","N","N","N","0","","1","0","3","","0","Y","","5","1","1","0","0","0","0","2","0","5","","","","N","","","","","","","","","",""
"2021115858","1451","0","0","0","0","0","0","0","0","0","4","0","","02","11","2021","1","40.466885","-80.025028","1446","11","0","0","0","0","1","0","0","0","","0","0","0","","","0","","5","","40 28:00.786","","0","80 01:30.099","0","0","0","0","2301","0","0","0","N","0","0","0","3","02301","0","","1.0","","1","N","N","N","0","","0","0","2","","2","","","2","0","0","0","0","0","0","2","0","2","","04","","N","","","","","","","","","",""
"2021113792","1645","1","0","0","0","0","0","0","0","0","1","0","","02","11","2021","2","40.487171","-79.895074","1625","11","0","0","0","0","0","0","0","0","","0","0","0","","","1","N","0","","40 29:13.816","","0","79 53:42.268","3","0","0","0","2301","0","0","0","N","0","0","0","2","02301","0","","1.0","","1","N","N","N","0","","1","0","1","","0","","","2","1","0","0","0","0","0","2","0","2","","03","","N","","","","","","","","","",""
"2021115191","2029","1","0","0","0","0","0","0","0","0","4","0","","02","11","2021","5","40.452797","-80.03924","2026","11","0","0","0","0","0","0","0","0","","0","0","0","","","0","","2","","40 27:10.070","","4","80 02:21.263","0","0","0","0","2301","0","0","0","N","0","0","0","4","02301","0","","1.0","","9","N","N","N","0","","0","0","2","","2","","","3","0","2","0","0","0","0","2","0","3","","04","","N","","","","","","","","","",""
"2021111493","1548","0","0","0","0","0","0","0","0","0","4","0","","02","11","2021","5","40.405448","-79.91141","1545","11","0","0","0","0","0","0","0","0","","0","0","0","","","1","N","1","","40 24:19.612","4","0","79 54:41.076","8","0","0","0","2438","0","0","0","N","0","0","0","2","02448","0","","1.0","1615.0","1","N","N","Y","0","","0","0","2","","3","N","","2","1","0","0","0","1","0","2","0","2","","03","","N","","","","","","","","","",""
"2021114997","0323","2","0","0","0","0","0","0","0","0","2","0","","02","11","2021","5","40.427629","-79.984072","0321","11","0","0","0","0","0","0","0","0","","0","0","0","","","0","N","1","","40 25:39.466","","0","79 59:02.659","0","0","0","0","2301","0","0","0","N","0","0","0","1","02301","0","","1.0","","1","N","N","N","0","","0","0","1","","0","","","3","0","0","0","0","0","0","2","0","3","","03","","N","","","","","","","","","",""
"2021115234","1749","0","0","0","0","0","0","0","0","0","4","0","","02","11","2021","3","40.355076","-80.049077","1740","11","0","0","0","0","0","0","0","0","","0","0","0","","","0","N","0","","40 21:18.274","","7","80 02:56.678","0","0","0","0","2109","0","0","0","N","0","0","0","2","02109","0","","1.0","","1","N","N","N","1","","0","0","1","","3","","","2","0","0","0","0","0","0","2","0","2","","03","","N","","","","","","","","","",""
"2021125665","2017","1","0","0","0","0","0","0","0","0","5","0","","02","12","2021","4","","","2013","11","0","0","0","0","0","0","0","0","","0","0","0","","","0","N","0","","","","0","","0","0","0","0","2118","0","0","0","N","0","0","0","2","02118","0","","1.0","","1","N","N","N","0","","0","0","0","","0","","","2","0","0","0","0","0","0","1","0","2","","03","","N","","","","","","","","","",""
"2021088026","1627","1","0","0","0","0","0","0","0","0","4","0","","02","9","2021","7","40.347639","-79.94725","1627","11","0","0","0","0","0","0","0","1","","0","0","0","","","0","","1","","40 20:51.500","","7","79 56:50.100","0","0","0","0","2473","0","0","0","N","0","0","0","3","02473","0","","1.0","","1","N","N","N","0","","0","0","1","","0","","","2","0","0","0","0","0","0","2","0","2","","","","N","","","","","","","","","",""
"2021101974","1500","1","0","0","0","0","0","0","0","0","1","1","55","02","9","2021","6","40.338465","-80.132046","1436","11","0","0","0","0","0","1","0","0","","0","0","0","","","1","N","0","","40 20:18.473","","0","80 07:55.365","3","0","0","0","2119","0","0","0","N","0","0","0","4","68B03","0","","1.0","","1","N","N","N","0","","1","0","1","","0","","","3","1","0","0","0","0","0","2","0","3","","03","N","Y","5","1","","","N","","","","Y","N"
"2021126422","0702","0","0","0","0","0","0","0","0","0","7","0","","02","12","2021","7","40.436499","-79.994786","0640","11","0","0","0","0","0","0","0","0","","0","0","0","","","0","N","0","","40 26:11.396","1","2","79 59:41.231","0","0","0","0","2301","0","0","0","N","0","0","0","1","02301","0","","2.0","725.0","9","N","N","N","0","","0","0","1","","0","Y","","1","0","0","0","0","0","0","2","0","1","","07","","N","","","","","","","","","",""
"2021126263","1351","0","0","0","0","0","0","0","0","0","7","0","","02","12","2021","7","40.360333","-80.071681","1346","11","0","0","0","0","0","0","0","0","","0","0","0","","","0","N","0","","40 21:37.200","4","0","80 04:18.050","0","0","0","0","2123","0","0","0","N","0","0","0","1","02123","0","","2.0","1426.0","9","N","N","N","0","","0","0","1","","0","N","","1","0","1","0","0","0","0","2","0","1","","","","N","","","","","","","","","",""
"2021112034","1745","0","0","0","0","0","0","0","0","0","4","0","","02","10","2021","3","40.522819","-80.217147","1742","11","0","0","0","0","0","0","0","0","","0","0","0","","","1","N","0","","40 31:22.150","5","7","80 13:01.730","3","0","0","0","2213","0","0","0","N","0","0","0","3","02213","0","","1.0","1625.0","9","N","N","N","1","","1","0","1","","0","N","","2","1","0","0","0","0","0","2","0","2","","04","","N","","","","","","","","","",""
"2021112323","1315","1","0","0","0","0","0","0","0","0","4","0","","02","11","2021","4","40.422415","-79.885935","1312","11","0","0","0","0","0","0","1","0","","0","0","0","","","1","","1","","40 25:20.694","4","0","79 53:09.366","8","0","0","1","2463","0","0","0","N","0","0","0","2","02463","0","","1.0","1345.0","1","N","N","N","0","","0","0","0","","2","N","","2","1","0","0","0","1","0","2","0","2","","","","N","","","","","","","","","",""
"2021116374","1754","1","0","0","0","0","0","0","0","0","1","0","","02","11","2021","2","40.294556","-79.90525","1750","11","0","0","0","0","1","0","0","0","","0","0","0","","","0","N","0","","40 17:40.400","3","7","79 54:18.900","0","0","0","0","2440","0","0","0","N","0","0","0","2","02440","0","","1.0","1841.0","1","N","N","N","0","","0","0","1","","0","Y","","2","0","0","0","0","0","0","2","0","2","","03","","N","","","","","","","","","",""
"2021115578","1156","1","0","0","0","0","0","0","0","0","2","0","","02","11","2021","6","40.486327","-80.054007","1150","11","0","0","0","0","0","1","1","0","","0","0","0","","","0","N","2","","40 29:10.776","1","0","80 03:14.426","0","0","0","0","2404","0","0","0","N","0","0","0","3","02404","0","","1.0","1230.0","1","N","N","Y","1","","0","0","1","","2","N","","3","0","0","0","0","0","0","2","0","3","","03","","N","","","","","","","","","",""
"2021121391","1615","1","0","0","0","0","0","0","0","0","4","0","","02","12","2021","7","40.447753","-80.178485","1615","11","0","0","0","0","0","0","0","0","","0","0","0","","","2","N","2","","40 26:51.910","6","0","80 10:42.546","3","0","0","0","2214","0","0","0","N","0","0","0","4","02214","1","","1.0","1700.0","9","N","N","N","1","","1","0","0","","3","N","","2","2","0","0","0","0","0","2","0","2","","04","","N","","","","","","","","","",""
"2021124555","2318","2","0","0","0","0","0","0","0","0","4","0","","02","12","2021","6","40.5162","-80.162564","2314","11","0","0","0","0","0","0","0","0","","0","0","0","","","0","N","0","","40 30:58.320","7","0","80 09:45.230","0","0","0","0","2420","0","0","0","N","0","0","0","2","02420","0","","6.0","2318.0","1","N","N","N","0","","0","0","0","","0","Y","","2","0","0","0","0","0","0","2","0","2","","03","","N","","","","","","","","","",""
"2021115142","1837","2","0","0","0","0","0","0","0","0","4","0","","02","11","2021","5","40.449839","-79.929647","1830","11","0","0","0","0","0","0","0","0","","0","0","0","","","1","","1","","40 26:59.420","","0","79 55:46.729","3","0","0","0","2301","0","0","0","N","0","0","0","2","02301","0","","1.0","","9","","","N","0","","1","0","0","","2","","","2","1","0","0","0","0","0","2","0","2","","","","N","","","","","","","","","",""
"2021088361","2333","1","0","0","0","0","0","0","0","0","2","0","","02","9","2021","1","40.484861","-79.921","2333","11","0","0","0","0","1","0","0","0","","0","0","0","","","2","N","0","","40 29:05.500","","0","79 55:15.600","3","0","0","0","2301","0","0","0","N","0","0","0","3","02301","0","","1.0","","1","N","N","N","0","","2","0","1","","0","N","","2","2","0","0","0","0","0","2","0","2","","","","N","","","","","","","","","",""
"2021108748","1656","2","0","0","0","0","0","0","0","0","1","0","","02","11","2021","2","40.65346","-79.911524","1644","11","1","1","0","0","0","0","0","0","","0","0","0","","","0","N","0","","40 39:12.456","4","0","79 54:41.487","0","0","0","0","2220","0","0","0","N","0","0","0","2","02220","0","","1.0","1714.0","1","N","N","N","0","","0","0","0","","0","N","","2","0","0","0","0","0","0","1","0","2","","03","","N","","","","","","","","","",""
"2021124183","1650","1","0","0","0","0","0","0","0","0","4","0","","02","12","2021","6","40.355476","-80.030847","1648","11","1","0","0","0","0","0","0","0","","0","0","0","","","0","","5","","40 21:19.713","","0","80 01:51.048","0","0","0","0","2407","0","0","0","N","0","0","0","3","02407","0","","1.0","","1","N","N","N","0","","0","0","0","","0","","","2","0","0","0","0","0","0","2","1","2","","","","N","","","","","","","","","",""
"2021123879","0924","2","0","0","0","0","0","0","0","0","4","0","","02","12","2021","6","40.420678","-80.046406","0923","11","0","0","0","0","0","0","0","0","","0","0","0","","","1","","2","","40 25:14.441","1","2","80 02:47.062","4","0","0","0","2435","0","0","0","N","0","0","0","2","02435","1","","1.0","950.0","1","N","N","N","0","","0","0","0","","2","N","","2","1","0","0","0","0","0","2","0","2","","","","N","","","","","","","","","",""
"2021114551","0329","1","0","0","0","0","0","0","0","0","7","0","","02","11","2021","4","40.43337","-79.958338","0324","11","0","0","0","0","0","0","0","0","","0","0","0","","","0","N","0","","40 26:00.132","2","0","79 57:30.015","0","0","0","0","2301","0","0","0","N","0","0","0","1","02301","0","","4.0","420.0","2","N","N","N","0","","0","0","0","","0","Y","","1","0","0","0","0","0","0","2","0","1","","03","","N","","","","","","","","","",""
"2021108964","1640","0","0","0","0","0","0","0","0","0","4","0","","02","10","2021","5","40.425919","-79.898296","1541","11","0","0","0","0","1","0","0","0","","0","0","0","","","0","N","0","","40 25:33.307","","0","79 53:53.865","0","0","0","0","2301","0","0","0","N","0","0","0","1","68B03","0","","4.0","","1","N","N","N","0","","0","0","2","","0","","","2","0","0","0","0","0","0","2","0","2","","","","N","","","","","","","","","",""
"2021088853","0855","0","0","0","0","0","0","0","0","0","4","0","","02","9","2021","3","40.44425","-79.998599","0848","11","0","0","0","0","0","1","0","0","","0","0","0","","","2","N","2","","40 26:39.301","","0","79 59:54.958","4","0","0","0","2301","0","0","0","N","0","0","0","2","02301","2","","1.0","","1","N","N","N","0","","0","0","2","","0","","","2","2","0","0","0","0","0","2","0","2","","03","","N","","","","","","","","","",""
"2021098263","1850","0","0","0","0","0","0","0","0","0","4","0","","02","10","2021","6","40.28809","-79.996666","1847","11","0","0","0","0","0","0","1","0","","0","0","0","","","1","","1","","40 17:17.124","6","0","79 59:47.997","8","0","0","0","2219","0","0","0","N","0","0","0","5","02219","0","","1.0","1936.0","1","N","N","N","0","","0","0","2","","3","N","","2","1","0","0","0","1","0","2","0","2","","","","N","","","","","","","","","",""
"2021115586","1348","0","0","0","0","0","0","0","0","0","2","0","","02","11","2021","2","40.638778","-80.061194","1345","11","0","0","0","0","0","0","0","1","","0","0","0","","","2","N","0","","40 38:19.600","2","0","80 03:40.300","4","0","0","0","2216","0","0","0","N","0","0","0","2","02505","1","","1.0","1425.0","1","N","N","N","0","","0","0","1","","0","Y","","2","2","0","0","0","1","0","2","1","2","","","","N","","","","","","","","","",""
"2021126157","0713","0","0","0","0","0","0","0","0","0","7","0","","02","12","2021","6","40.409258","-79.89879","0710","11","0","0","0","0","0","0","0","0","","0","0","0","","","0","N","0","","40 24:33.328","6","0","79 53:55.643","0","0","0","0","2448","0","0","0","N","0","0","0","1","02448","0","","5.0","736.0","1","N","N","N","0","","0","0","0","","0","N","","1","0","0","0","0","0","0","2","1","1","","98","","N","","","","","","","","","",""
"2021122246","2159","1","0","0","0","0","0","0","0","0","2","0","","02","12","2021","2","40.381833","-79.895972","2156","11","0","0","0","1","0","0","0","0","","0","0","0","","","3","N","0","","40 22:54.600","","0","79 53:45.500","8","0","0","0","2448","0","0","0","N","0","0","0","3","02448","0","","1.0","","1","N","N","N","1","","0","0","0","","0","","","2","3","0","0","0","3","0","2","0","2","","03","","N","","","","","","","","","",""
"2021122017","2315","1","0","0","0","0","0","0","0","0","7","0","","02","12","2021","2","40.254142","-79.798826","2307","11","0","0","0","0","0","0","0","0","","0","0","0","","","1","N","0","","40 15:14.911","","0","79 47:55.772","8","0","0","0","2105","0","0","0","N","0","0","0","1","02105","0","","5.0","","1","N","N","N","0","","0","0","0","","0","","","1","1","0","0","0","1","0","1","0","1","","03","","N","","","","","","","","","",""
"2021115182","1916","2","0","0","0","0","0","0","0","0","4","0","","02","11","2021","5","40.454141","-79.906256","1912","11","0","0","0","0","0","0","2","0","","0","0","0","","","6","","1","","40 27:14.906","","0","79 54:22.522","3","0","0","0","2301","0","0","0","N","0","0","0","7","02301","0","","1.0","","9","N","N","N","0","","6","0","0","","3","","","2","6","0","0","0","0","0","2","0","2","","","","N","","","","","","","","","",""
"2021119048","0750","2","0","0","0","0","0","0","0","0","5","0","","02","11","2021","2","40.563791","-79.799736","0728","11","0","0","0","1","0","1","0","0","","0","0","0","","","1","N","0","","40 33:49.646","","0","79 47:59.048","8","0","0","0","2206","0","0","0","N","0","0","0","3","68D02","0","","1.0","","1","N","N","N","0","","0","0","0","","0","","","2","1","0","0","0","1","0","2","0","2","","","","N","","","","","","","","","",""
"2021088019","1638","1","0","0","0","0","0","0","0","0","1","0","","02","9","2021","7","40.328545","-79.944983","1632","11","0","0","0","0","0","0","0","0","","0","0","0","","","1","","1","","40 19:42.761","","0","79 56:41.939","3","0","0","0","2454","0","0","0","N","0","0","0","6","02454","0","","1.0","","1","N","N","N","0","","1","0","2","","2","","","3","1","0","0","0","0","0","2","0","3","","03","","N","","","","","","","","","",""
"2021108014","2309","1","0","0","0","0","0","0","0","0","7","0","","02","10","2021","3","40.435528","-79.885553","2309","11","0","0","0","0","0","0","0","0","","0","0","0","","","0","N","0","","40 26:07.900","","0","79 53:07.990","0","0","0","0","2426","0","0","0","N","0","0","0","1","02426","0","","5.0","","1","N","N","N","0","","0","0","0","","0","","","1","0","0","0","0","0","0","2","0","1","","","","N","","","","","","","","","",""
"2021126999","1039","1","0","0","0","0","0","0","0","0","6","0","","02","12","2021","6","40.512399","-80.155416","1036","11","0","0","0","0","0","0","1","0","","0","0","0","","","0","","1","","40 30:44.636","5","0","80 09:19.497","0","0","0","0","2420","0","0","0","N","0","0","0","2","02420","0","","1.0","1105.0","1","N","N","N","0","","0","0","1","","0","N","","2","0","1","0","0","0","0","2","0","2","","03","","N","","","","","","","","","",""
"2021124760","0006","1","0","0","0","0","0","0","0","0","7","0","","02","12","2021","7","40.341583","-79.973306","0004","11","0","0","0","0","0","0","0","0","","0","0","0","","","0","N","0","","40 20:29.700","","0","79 58:23.900","0","0","0","0","2403","0","0","0","N","0","0","0","2","02403","0","","5.0","","1","N","N","N","0","","0","0","0","","0","","","1","0","2","0","0","0","0","2","0","1","","","","N","","","","","","","","","",""
"2021126574","0028","1","0","0","0","0","0","0","0","0","4","0","","02","12","2021","1","40.465717","-79.865399","0026","11","0","0","0","0","0","0","0","0","","0","0","0","","","1","N","2","","40 27:56.580","1","0","79 51:55.438","8","0","0","0","2113","0","0","0","N","0","0","0","3","02113","0","","1.0","104.0","9","N","N","Y","0","","0","0","1","","3","N","","2","1","0","0","0","1","1","2","0","2","","03","","N","","","","","","","","","",""
"2021113354","0539","1","0","0","0","0","0","0","0","0","7","0","","02","11","2021","1","40.339691","-79.810915","0536","11","0","0","0","0","0","0","0","0","","0","0","0","","","0","N","0","","40 20:22.887","3","0","79 48:39.293","0","0","0","0","2477","0","0","0","N","0","0","0","1","02477","0","","4.0","600.0","1","N","N","N","0","","0","0","0","","0","N","","1","0","0","0","0","0","0","2","0","1","","03","","N","","","","","","","","","",""
"2021103669","1132","0","0","0","0","0","0","0","0","0","4","0","","02","10","2021","5","40.567388","-80.00696","1127","11","0","0","0","0","0","0","1","0","","0","0","0","","","1","","1","","40 34:02.595","","0","80 00:25.056","8","0","0","0","2108","0","0","0","N","0","0","0","3","02108","0","","1.0","","1","N","N","N","0","","0","0","2","","2","","","2","1","0","0","0","1","0","2","0","2","","","","N","","","","","","","","","",""
"2021115609","1510","2","0","0","0","0","0","0","0","0","5","0","","02","11","2021","7","40.454076","-79.996814","1500","11","0","0","0","0","0","1","0","0","","0","0","0","","","1","","1","","40 27:14.672","7","2","79 59:48.532","4","0","0","0","2301","0","0","0","N","0","0","0","4","02301","1","","1.0","1533.0","1","N","N","N","0","","0","0","1","","2","Y","","3","1","0","0","0","0","0","2","0","3","","03","","N","","","","","","","","","",""
"2021110948","1955","1","0","0","0","0","0","0","0","0","98","0","","02","11","2021","6","40.36454","-79.824199","1945","11","0","0","0","0","0","0","0","0","","0","0","0","","","0","N","0","","40 21:52.344","2","0","79 49:27.115","0","0","0","0","2111","0","0","0","N","0","0","0","2","02111","0","","1.0","2015.0","1","N","N","N","0","","0","0","0","","0","N","","1","0","0","0","0","0","0","2","0","1","","03","","N","","","","","","","","","",""
"2021123004","1015","2","0","0","0","0","0","0","0","0","4","0","","02","12","2021","1","","","1011","11","0","0","0","0","0","1","1","0","","0","0","0","","","0","","1","","40 20:50.9","4","7","79 56:41.4","0","0","0","0","2473","0","0","0","N","0","0","0","2","02473","0","","1.0","1030.0","1","N","N","N","0","","0","0","0","","3","N","","2","0","0","0","0","0","0","1","0","2","","","","N","","","","","","","","","",""
"2021114299","1846","1","0","0","0","0","0","0","0","0","6","0","","02","11","2021","2","40.333543","-80.024041","1843","11","0","0","0","0","0","1","0","0","","0","0","0","","","2","","1","","40 20:00.753","","0","80 01:26.546","8","0","0","0","2407","0","0","0","N","0","0","0","3","02407","0","","1.0","","1","N","N","N","0","","0","0","1","","2","","","2","2","0","0","0","2","0","2","0","2","","","","N","","","","","","","","","",""