"CRN","ARRIVAL_TM","AUTOMOBILE_COUNT","BELTED_DEATH_COUNT","BELTED_SUSP_SERIOUS_INJ_COUNT","BICYCLE_COUNT","BICYCLE_DEATH_COUNT","BICYCLE_SUSP_SERIOUS_INJ_COUNT","BUS_COUNT","CHLDPAS_DEATH_COUNT","CHLDPAS_SUSP_SERIOUS_INJ_COUNT","COLLISION_TYPE","COMM_VEH_COUNT","CONS_ZONE_SPD_LIM","COUNTY","CRASH_MONTH","CRASH_YEAR","DAY_OF_WEEK","DEC_LATITUDE","DEC_LONGITUDE","DISPATCH_TM","DISTRICT","DRIVER_COUNT_16YR","DRIVER_COUNT_17YR","DRIVER_COUNT_18YR","DRIVER_COUNT_19YR","DRIVER_COUNT_20YR","DRIVER_COUNT_50_64YR","DRIVER_COUNT_65_74YR","DRIVER_COUNT_75PLUS","EST_HRS_CLOSED","FATAL_COUNT","HEAVY_TRUCK_COUNT","HORSE_BUGGY_COUNT","HOUR_OF_DAY","ILLUMINATION","INJURY_COUNT","INTERSECTION_RELATED","INTERSECT_TYPE","LANE_CLOSED","LATITUDE","LN_CLOSE_DIR","LOCATION_TYPE","LONGITUDE","MAX_SEVERITY_LEVEL","MCYCLE_DEATH_COUNT","MCYCLE_SUSP_SERIOUS_INJ_COUNT","MOTORCYCLE_COUNT","MUNICIPALITY","NONMOTR_COUNT","NONMOTR_DEATH_COUNT","NONMOTR_SUSP_SERIOUS_INJ_COUNT","NTFY_HIWY_MAINT","PED_COUNT","PED_DEATH_COUNT","PED_SUSP_SERIOUS_INJ_COUNT","PERSON_COUNT","POLICE_AGCY","POSSIBLE_INJ_COUNT","RDWY_SURF_TYPE_CD","RELATION_TO_ROAD","ROADWAY_CLEARED","ROAD_CONDITION","SCH_BUS_IND","SCH_ZONE_IND","SECONDARY_CRASH","SMALL_TRUCK_COUNT","SPEC_JURIS_CD","SUSP_MINOR_INJ_COUNT","SUSP_SERIOUS_INJ_COUNT","SUV_COUNT","TCD_FUNC_CD","TCD_TYPE","TFC_DETOUR_IND","TIME_OF_DAY","TOTAL_UNITS","TOT_INJ_COUNT","UNBELTED_OCC_COUNT","UNB_DEATH_COUNT","UNB_SUSP_SERIOUS_INJ_COUNT","UNK_INJ_DEG_COUNT","UNK_INJ_PER_COUNT","URBAN_RURAL","VAN_COUNT","VEHICLE_COUNT","WEATHER1","WEATHER2","WORKERS_PRES","WORK_ZONE_IND","WORK_ZONE_LOC","WORK_ZONE_TYPE","WZ_CLOSE_DETOUR","WZ_FLAGGER","WZ_LAW_OFFCR_IND","WZ_LN_CLOSURE","WZ_MOVING","WZ_OTHER","WZ_SHLDER_MDN","WZ_WORKERS_INJ_KILLED"
"2021126998","2033","1","0","0","0","0","0","0","0","0","4","0","","02","12","2021","1","40.380271","-80.052555","2030","11","0","0","0","0","0","0","0","0","","0","0","0","","","1","","1","","40 22:48.976","5","0","80 03:09.199","4","0","0","0","2109","0","0","0","N","0","0","0","3","02109","1","","1.0","2101.0","1","N","N","N","0","","0","0","1","","2","N","","2","1","1","0","0","0","0","2","0","2","","","","N","","","","","","","","","",""
"2021109053","1635","0","0","0","0","0","0","0","0","0","2","0","","02","11","2021","4","40.393233","-79.806314","1630","11","0","0","0","0","0","1","0","0","","0","0","0","","","0","N","3","","40 23:35.638","4","0","79 48:22.732","0","0","0","0","2479","0","0","0","N","0","0","0","3","02501","0","","1.0","1702.0","1","N","N","N","0","","0","0","2","","0","Y","","2","0","0","0","0","0","0","2","0","2","","03","","N","","","","","","","","","",""
"2021126914","1203","1","0","0","0","0","0","0","0","0","1","0","","02","12","2021","2","40.423218","-80.003293","1158","11","1","0","0","0","0","0","0","0","","0","0","0","","","2","N","0","","40 25:23.583","","4","80 00:11.854","3","0","0","0","2301","0","0","0","N","0","0","0","4","02301","0","","1.0","","9","N","N","N","0","","2","0","2","","0","","","3","2","0","0","0","0","0","2","0","3","","98","","N","","","","","","","","","",""
"2021107781","1921","2","0","0","0","0","0","0","0","0","2","0","","02","11","2021","1","40.386588","-79.800378","1919","11","0","0","0","0","0","1","0","0","","0","0","0","","","2","N","0","","40 23:11.715","5","0","79 48:01.362","2","0","0","0","2424","0","0","0","N","0","0","0","2","02424","0","","1.0","1921.0","1","N","N","N","0","","1","1","0","","0","Y","","2","2","0","0","0","0","0","2","0","2","","","","N","","","","","","","","","",""
"2021118840","1000","0","0","0","0","0","0","0","0","0","4","0","","02","12","2021","2","40.493391","-80.062073","0957","11","0","0","0","0","0","1","0","0","","0","0","0","","","0","N","0","","40 29:36.207","","0","80 03:43.464","0","0","0","0","2404","0","0","0","N","0","0","0","3","02404","0","","1.0","","9","N","N","N","0","","0","0","2","","0","","","2","0","0","0","0","0","0","2","0","2","","07","","N","","","","","","","","","",""
"2021116347","1935","0","0","0","0","0","0","0","0","0","7","0","","02","11","2021","2","40.598723","-79.968348","1929","11","0","0","0","1","0","0","0","0","","0","0","0","","","0","N","0","","40 35:55.402","","7","79 58:06.054","0","0","0","0","2207","0","0","0","N","0","0","0","2","02207","0","","4.0","","1","N","N","N","1","","0","0","0","","0","","","2","0","0","0","0","0","0","2","0","1","","04","","N","","","","","","","","","",""
"2021104235","2043","1","0","0","0","0","0","0","0","0","1","0","","02","10","2021","4","40.406222","-79.912503","2042","11","0","0","0","0","0","0","1","0","","0","0","0","","","0","N","0","","40 24:22.400","2","3","79 54:45.010","0","0","0","0","2438","0","0","0","N","0","0","0","2","02438","0","","1.0","2120.0","9","N","N","N","0","","0","0","1","","2","Y","","2","0","0","0","0","0","0","2","0","2","","","","N","","","","","","","","","",""
"2021120137","2034","0","0","0","0","0","0","0","0","0","7","0","","02","12","2021","4","","","2021","11","0","0","0","0","0","0","0","0","","0","0","0","","","0","N","0","","","2","0","","0","0","0","0","2445","0","0","0","N","0","0","0","3","02445","0","","3.0","2118.0","1","N","N","N","0","","0","0","1","","0","N","","1","0","0","0","0","0","0","1","0","1","","","","N","","","","","","","","","",""
"2021114677","0926","1","0","0","0","0","0","0","0","0","4","0","","02","11","2021","4","40.440773","-79.998157","0926","11","0","0","0","0","0","1","0","0","","0","0","0","","","0","","1","","40 26:26.784","3","0","79 59:53.366","0","0","0","0","2301","0","0","0","N","0","0","0","2","02503","0","","1.0","1048.0","1","N","N","N","0","","0","0","1","","2","N","","2","0","0","0","0","0","0","2","0","2","","03","","N","","","","","","","","","",""
"2021108363","0705","2","0","0","0","0","0","0","0","0","1","0","","02","11","2021","3","40.405343","-79.885319","0702","11","0","0","0","0","0","1","0","0","","0","0","0","","","0","","6","","40 24:19.235","","2","79 53:07.149","0","0","0","0","2448","0","0","0","N","0","0","0","2","02456","0","","1.0","","99","N","N","N","0","","0","0","0","","4","","","2","0","0","0","0","0","0","2","0","2","","","","N","","","","","","","","","",""
"2021120053","0054","2","0","0","0","0","0","0","0","0","1","0","","02","11","2021","6","40.427954","-79.948545","0054","11","0","0","0","0","0","0","0","0","","0","0","0","","","1","N","0","","40 25:40.634","3","3","79 56:54.761","8","0","0","0","2301","0","0","0","N","0","0","0","3","68B03","0","","1.0","120.0","9","N","N","Y","0","","0","0","0","","0","N","","2","1","0","0","0","1","0","2","0","2","","07","","N","","","","","","","","","",""
"2021120261","0934","1","0","0","0","0","0","0","0","0","7","0","","02","12","2021","4","40.471767","-80.111372","0932","11","0","0","0","0","0","1","0","0","","0","0","0","","","0","N","0","","40 28:18.361","4","0","80 06:40.940","0","0","0","0","2126","0","0","0","N","0","0","0","1","02126","0","","5.0","1022.0","1","N","N","N","0","","0","0","0","","0","N","","1","0","0","0","0","0","0","2","0","1","","03","","N","","","","","","","","","",""
"2021089649","1201","0","0","0","0","0","0","0","0","0","1","0","","02","9","2021","5","40.462786","-79.946792","1155","11","0","0","0","0","0","1","0","1","","0","0","0","","","0","","2","","40 27:46.029","","0","79 56:48.451","0","0","0","0","2301","0","0","0","N","0","0","0","2","02301","0","","1.0","","1","N","N","N","1","","0","0","0","","0","","","2","0","0","0","0","0","0","2","1","2","","","","N","","","","","","","","","",""
"2021108163","1400","0","0","0","0","0","0","0","0","0","1","0","45","02","11","2021","4","40.494676","-79.905323","1331","11","0","0","0","0","0","0","0","0","","0","0","0","","","0","N","0","","40 29:40.832","2","0","79 54:19.161","0","0","0","0","2401","0","0","0","N","0","0","0","4","68D02","0","","1.0","1500.0","1","N","N","N","0","","0","0","2","","0","N","","2","0","0","0","0","0","0","2","0","2","","03","Y","Y","4","1","N","N","N","N","N","N","Y","N"
"2021116173","1936","0","0","0","0","0","0","0","0","0","7","0","","02","11","2021","2","40.324439","-80.037413","1930","11","0","0","0","0","0","0","0","0","","0","0","0","","","0","","1","","40 19:27.980","","0","80 02:14.686","0","0","0","0","2407","0","0","0","N","0","0","0","1","02407","0","","4.0","","1","N","N","N","1","","0","0","0","","3","","","1","0","0","0","0","0","0","2","0","1","","03","","N","","","","","","","","","",""
"2021122219","1517","2","0","0","0","0","0","0","0","0","1","0","","02","12","2021","2","","","1510","11","0","0","0","0","1","0","0","0","","0","0","0","","","0","N","0","","","","0","","0","0","0","0","2301","0","0","0","N","0","0","0","1","02301","0","","4.0","","1","N","N","N","0","","0","0","0","","0","","","2","0","0","0","0","0","0","1","0","2","","03","","N","","","","","","","","","",""
"2021104183","0314","1","0","0","0","0","0","0","0","0","7","0","","02","10","2021","3","40.410761","-80.070246","0255","11","0","0","0","0","0","0","0","0","","0","0","0","","","0","N","0","","40 24:38.738","3","0","80 04:12.886","0","0","0","0","2117","0","0","0","N","0","0","0","1","68B03","0","","4.0","320.0","9","N","N","N","0","","0","0","0","","0","N","","1","0","0","0","0","0","0","2","0","1","","07","","N","","","","","","","","","",""
"2021113669","0840","0","0","0","0","0","0","0","0","0","4","0","","02","11","2021","2","40.448667","-80.086528","0840","11","0","0","1","0","0","0","0","0","","0","0","0","","","1","N","0","","40 26:55.200","3","7","80 05:11.500","4","0","0","0","2301","0","0","0","N","0","0","0","2","02301","1","","1.0","915.0","1","N","N","N","0","","0","0","1","","0","N","","2","1","0","0","0","0","0","2","1","2","","03","","N","","","","","","","","","",""
"2021115723","0130","1","0","0","0","0","0","0","0","0","7","0","","02","11","2021","1","40.463298","-79.905822","0123","11","0","0","0","0","0","0","0","0","","0","0","0","","","0","N","0","","40 27:47.872","","0","79 54:20.958","0","0","0","0","2301","0","0","0","N","0","0","0","1","02301","0","","5.0","","2","","","N","1","","0","0","0","","0","","","2","0","0","0","0","0","0","2","0","2","","06","","N","","","","","","","","","",""
"2021123452","0420","1","0","0","0","0","0","0","0","0","7","0","","02","12","2021","5","40.343138","-79.964028","0414","11","0","0","0","0","0","0","0","0","","0","0","0","","","0","N","2","","40 20:35.295","","0","79 57:50.500","0","0","0","0","2454","0","0","0","N","0","0","0","1","02454","0","","5.0","","1","N","N","N","0","","0","0","0","","0","","","1","0","0","0","0","0","0","2","0","1","","","","N","","","","","","","","","",""
"2021123970","1746","1","0","0","0","0","0","0","0","0","4","0","","02","12","2021","7","40.611031","-79.747109","1742","11","0","0","0","0","0","0","0","0","","0","0","0","","","3","Y","2","","40 36:39.711","","0","79 44:49.592","3","0","0","0","2409","0","0","0","N","0","0","0","3","02409","0","","1.0","","9","N","N","N","0","","3","0","1","","0","N","","2","3","0","0","0","0","0","2","0","2","","07","","N","","","","","","","","","",""
"2021127811","0048","2","0","0","0","0","0","0","0","0","5","0","","02","10","2021","5","40.431625","-79.893189","0046","11","0","0","0","0","0","0","0","0","","0","0","0","","","0","N","0","","40 25:53.850","","0","79 53:35.480","0","0","0","0","2426","0","0","0","N","0","0","0","1","02426","0","","6.0","","1","N","N","N","0","","0","0","0","","8","","","2","0","1","0","0","0","0","2","0","2","","03","","N","","","","","","","","","",""
"2021097348","1342","0","0","0","0","0","0","0","0","0","4","0","","02","10","2021","4","40.441547","-80.193295","1335","11","0","0","0","0","0","0","0","0","","0","0","0","","","1","","2","","40 26:29.569","6","0","80 11:35.861","3","0","0","0","2214","0","0","0","N","0","0","0","2","02214","0","","1.0","1420.0","1","N","N","N","0","","1","0","2","","3","Y","","2","1","0","0","0","0","0","2","0","2","","","","N","","","","","","","","","",""
"2021122814","1517","1","0","0","0","0","0","0","0","0","1","0","","02","12","2021","1","40.361736","-79.991481","1514","11","0","0","0","0","0","0","0","0","","0","0","0","","","1","N","0","","40 21:42.250","5","0","79 59:29.330","3","0","0","1","2476","0","0","0","N","0","0","0","4","02476","0","","1.0","1559.0","1","N","N","N","0","","1","0","0","","0","Y","","2","1","0","0","0","0","0","2","0","2","","03","","N","","","","","","","","","",""
"2021125491","1700","1","0","0","0","0","0","0","0","0","7","0","","02","12","2021","4","40.470924","-79.821033","1700","11","0","0","0","0","0","0","1","0","","0","0","0","","","0","N","0","","40 28:15.326","","0","79 49:15.717","0","0","0","0","2113","0","0","0","N","0","0","0","1","02113","0","","4.0","","1","N","N","N","0","","0","0","0","","0","","","1","0","0","0","0","0","0","2","0","1","","03","","N","","","","","","","","","",""
"2021109764","2359","3","0","0","0","0","0","0","0","0","5","0","","02","11","2021","3","40.510583","-79.852222","2357","11","0","0","0","0","0","0","0","0","","0","0","0","","","1","N","0","","40 30:38.100","5","0","79 51:08.000","3","0","0","0","2206","0","0","0","N","0","0","0","3","02206","0","","2.0","235.0","1","N","N","N","0","","1","0","1","","0","N","","4","1","1","0","0","0","0","2","0","4","","","","N","","","","","","","","","",""
"2021088121","0338","0","0","0","0","0","0","0","0","0","0","0","","02","9","2021","7","40.361695","-80.064104","0335","11","0","0","0","0","0","1","0","0","","0","0","0","","","1","","2","","40 21:42.103","","0","80 03:50.774","3","0","0","1","2109","0","0","0","N","0","0","0","1","02109","0","","1.0","","1","N","N","N","0","","1","0","0","","2","","","1","1","0","0","0","0","0","2","0","1","","03","","N","","","","","","","","","",""
"2021109709","1727","1","0","1","0","0","0","0","0","0","1","0","","02","11","2021","5","40.470451","-79.975273","1727","11","0","0","0","0","0","0","0","1","","0","0","0","","","1","N","0","","40 28:13.625","2","0","79 58:30.982","2","0","0","0","2445","0","0","0","N","0","0","0","3","02445","0","","1.0","1800.0","1","N","N","N","0","","0","1","1","","0","N","","2","1","0","0","0","0","0","2","0","2","","03","","N","","","","","","","","","",""
"2021114205","1154","2","0","0","0","0","0","0","0","0","4","0","","02","11","2021","2","40.323654","-79.785609","1154","11","0","0","1","0","0","0","0","1","","0","0","0","","","1","N","0","","40 19:25.156","","7","79 47:08.194","8","0","0","0","2477","0","0","0","N","0","0","0","4","02477","0","","1.0","","1","N","N","N","0","","0","0","0","","0","","","2","1","0","0","0","1","0","2","0","2","","","","N","","","","","","","","","",""
"2021103558","0250","4","0","0","0","0","0","0","0","0","4","0","","02","10","2021","5","40.428699","-79.988572","0247","11","0","0","0","0","0","0","0","0","","0","0","0","","","1","","2","","40 25:43.315","","0","79 59:18.858","8","0","0","0","2301","0","0","0","N","0","0","0","4","02301","0","","1.0","","1","N","N","N","0","","0","0","0","","2","","","4","1","0","0","0","1","0","2","0","4","","03","","N","","","","","","","","","",""
"2021103296","0756","3","0","0","0","0","0","0","0","0","1","0","","02","10","2021","5","40.427051","-80.030146","0754","11","0","0","0","0","1","1","0","0","","0","0","0","","","0","N","0","","40 25:37.383","1","2","80 01:48.525","0","0","0","0","2301","0","0","0","N","0","0","0","4","02301","0","","1.0","830.0","1","N","N","N","0","","0","0","0","","0","Y","","3","0","0","0","0","0","0","2","0","3","","","","N","","","","","","","","","",""
"2021111793","0820","1","0","0","0","0","0","0","0","0","7","0","","02","11","2021","3","40.404046","-79.804138","0818","11","0","0","0","0","0","0","0","0","","0","0","0","","","0","N","0","","40 24:14.564","1","0","79 48:14.896","0","0","0","0","2446","0","0","0","N","0","0","0","1","02446","0","","4.0","900.0","1","N","N","N","0","","0","0","0","","0","N","","1","0","0","0","0","0","0","2","0","1","","03","","N","","","","","","","","","",""
"2021116506","0035","1","0","0","0","0","0","0","0","0","7","0","","02","11","2021","5","40.499573","-80.123058","0021","11","0","0","0","0","0","0","0","0","","0","0","0","","","0","N","0","","40 29:58.464","","0","80 07:23.009","0","0","0","0","2115","0","0","0","Y","0","0","0","4","68B03","0","","4.0","","1","N","N","N","0","","0","0","0","","0","","","1","0","0","0","0","0","0","2","0","1","","","","N","","","","","","","","","",""
"2021127802","1555","2","0","0","0","0","0","0","0","0","4","0","","02","12","2021","7","40.34846","-80.052201","1549","11","0","0","0","0","0","1","1","0","","0","0","0","","","1","","1","","40 20:54.457","5","0","80 03:07.925","4","0","0","0","2407","0","0","0","N","0","0","0","2","02407","1","","1.0","1645.0","9","N","N","N","0","","0","0","0","","2","Y","","2","1","1","0","0","0","0","2","0","2","","","","N","","","","","","","","","",""
"2021127240","1027","2","0","0","0","0","0","0","0","0","4","0","","02","12","2021","3","40.462833","-79.824089","1023","11","0","0","0","0","0","1","0","0","","0","0","0","","","0","N","0","","40 27:46.197","","7","79 49:26.720","0","0","0","0","2113","0","0","0","N","0","0","0","2","02113","0","","1.0","","1","N","N","N","0","","0","0","0","","0","","","2","0","0","0","0","0","0","2","0","2","","03","","N","","","","","","","","","",""
"2021126392","1947","1","0","0","0","0","0","0","0","0","4","0","","02","12","2021","4","40.379971","-80.06304","1941","11","0","0","0","0","0","0","0","0","","0","0","0","","","0","","1","","40 22:47.895","","0","80 03:46.944","0","0","0","0","2109","0","0","0","N","0","0","0","3","02109","0","","1.0","","1","N","N","N","0","","0","0","0","","2","","","2","0","0","0","0","0","0","2","1","2","","03","","N","","","","","","","","","",""
"2021121852","1816","2","0","0","0","0","0","0","0","0","4","0","","02","12","2021","2","40.493028","-80.292528","1812","11","0","0","0","0","0","0","0","0","","0","0","0","","","0","N","0","","40 29:34.900","","0","80 17:33.100","0","0","0","0","2203","0","0","0","N","0","0","0","1","02203","0","","1.0","","1","","","N","0","","0","0","0","","0","","","2","0","0","0","0","0","0","2","0","2","","","","N","","","","","","","","","",""
"2021110516","2325","1","0","0","0","0","0","0","0","0","7","0","","02","11","2021","4","40.335924","-79.888223","2320","11","0","0","0","0","0","0","0","0","","0","0","0","","","0","N","0","","40 20:09.328","7","0","79 53:17.602","0","0","0","0","2433","0","0","0","N","0","0","0","1","02433","0","","4.0","30.0","1","N","N","N","0","","0","0","0","","0","Y","","1","0","0","0","0","0","0","2","0","1","","","","N","","","","","","","","","",""
"2021127134","2121","1","0","0","0","0","0","0","0","0","7","0","","02","12","2021","2","40.486492","-79.915373","2116","11","0","0","0","0","0","0","1","0","","0","0","0","","","0","N","0","","40 29:11.370","","2","79 54:55.342","0","0","0","0","2301","0","0","0","N","0","0","0","1","02301","0","","4.0","","9","N","N","N","0","","0","0","0","","0","","","1","0","0","0","0","0","0","2","0","1","","07","","N","","","","","","","","","",""
"2021118536","1822","2","0","0","0","0","0","0","0","0","4","0","","02","12","2021","5","40.406052","-79.873288","1822","11","0","0","0","0","0","0","0","1","","0","0","0","","","0","Y","0","","40 24:21.787","","0","79 52:23.836","9","0","0","0","2410","0","0","0","N","0","0","0","2","02410","0","","1.0","","1","N","N","N","0","","0","0","0","","0","","","2","0","1","0","0","0","1","2","0","2","","","","N","","","","","","","","","",""
"2021114112","1048","0","0","0","0","0","0","0","0","0","4","0","","02","11","2021","1","40.391809","-79.885148","1046","11","0","0","0","0","0","0","0","1","","0","0","0","","","1","","1","","40 23:30.512","","0","79 53:06.532","4","0","0","0","2473","0","0","0","N","0","0","0","4","02473","1","","1.0","","1","N","N","N","0","","0","0","2","","3","","","2","1","0","0","0","0","0","2","0","2","","03","","N","","","","","","","","","",""
"2021114965","1850","0","0","0","0","0","0","0","0","0","1","0","","02","11","2021","4","40.433868","-79.995968","1844","11","0","0","0","0","0","0","0","0","","0","0","0","","","0","N","0","","40 26:01.925","1","3","79 59:45.483","9","0","0","0","2301","0","0","0","N","0","0","0","2","02301","0","","1.0","1900.0","1","N","N","N","0","","0","0","2","","0","N","","2","0","0","0","0","0","1","2","0","2","","03","","N","","","","","","","","","",""
"2021108872","0757","2","0","0","0","0","0","0","0","0","2","0","","02","11","2021","4","40.410183","-79.877734","0757","11","0","0","0","0","0","1","0","0","","0","0","0","","","0","N","0","","40 24:36.657","2","0","79 52:39.841","0","0","0","0","2456","0","0","0","N","0","0","0","3","02456","0","","1.0","840.0","1","N","N","N","0","","0","0","1","","0","N","","3","0","0","0","0","0","0","2","0","3","","03","","N","","","","","","","","","",""
"2021125754","0636","1","0","0","0","0","0","0","0","0","1","0","","02","12","2021","5","40.585808","-79.882249","0632","11","0","0","0","0","0","1","0","0","","0","0","0","","","0","N","0","","40 35:08.908","","0","79 52:56.096","0","0","0","0","2209","0","0","0","N","0","0","0","2","02209","0","","1.0","","1","N","N","N","1","","0","0","0","","0","","","2","0","0","0","0","0","0","2","0","2","","03","","N","","","","","","","","","",""
"2021124782","0216","1","0","0","0","0","0","0","0","0","7","0","","02","12","2021","3","40.346277","-79.831524","0214","11","0","0","0","0","0","0","0","0","","0","0","0","","","0","N","0","","40 20:46.597","5","0","79 49:53.488","0","0","0","0","2304","0","0","0","N","0","0","0","1","02304","0","","2.0","305.0","1","N","N","N","0","","0","0","0","","0","N","","1","0","1","0","0","0","0","2","0","1","","03","","N","","","","","","","","","",""
"2021127859","0246","1","0","0","0","0","0","0","0","0","7","0","","02","12","2021","2","40.356298","-80.110317","0239","11","0","0","0","0","0","0","0","0","","0","0","0","","","1","","2","","40 21:22.672","5","0","80 06:37.141","8","0","0","0","2414","0","0","0","N","0","0","0","2","02414","0","","5.0","308.0","1","N","N","N","0","","0","0","0","","3","N","","1","1","0","0","0","1","0","2","0","1","","03","","N","","","","","","","","","",""
"2021117469","0815","1","0","0","0","0","0","0","0","0","1","0","","02","12","2021","5","40.495762","-80.06703","0815","11","0","0","0","0","0","0","0","0","","0","0","0","","","0","N","2","","40 29:44.743","2","0","80 04:01.309","0","0","0","0","2402","0","0","0","N","0","0","0","2","02402","0","","1.0","843.0","1","N","N","N","0","","0","0","1","","0","N","","2","0","0","0","0","0","0","2","0","2","","","","N","","","","","","","","","",""
"2021113178","1722","0","0","0","0","0","0","0","0","0","4","0","99","02","11","2021","7","40.493216","-79.913105","1720","11","0","0","0","0","0","0","0","0","","0","0","0","","","0","N","0","","40 29:35.577","","0","79 54:47.178","0","0","0","0","2112","0","0","0","N","0","0","0","2","02112","0","","1.0","","1","N","N","N","0","","0","0","2","","0","","","2","0","0","0","0","0","0","2","0","2","","","N","Y","3","1","Y","","N","","","","Y","N"
"2021125804","1012","1","0","0","0","0","0","0","0","0","0","0","","02","12","2021","4","40.489935","-80.047771","1007","11","0","0","0","0","0","1","0","0","","0","0","0","","","0","","2","","40 29:23.766","1","0","80 02:51.975","0","0","0","0","2404","0","0","0","N","0","0","0","1","02404","0","","1.0","1100.0","1","N","N","N","0","","0","0","1","","0","N","","2","0","0","0","0","0","0","2","0","2","","","","N","","","","","","","","","",""
"2021091097","1548","1","0","0","0","0","0","0","0","0","7","0","","02","9","2021","7","40.356279","-80.096373","1545","11","0","0","0","1","0","0","0","0","","0","0","0","","","1","N","0","","40 21:22.603","","0","80 05:46.941","3","0","0","0","2123","0","0","0","N","0","0","0","1","02123","0","","4.0","","1","N","N","N","0","","1","0","0","","0","","","1","1","0","0","0","0","0","2","0","1","","03","","N","","","","","","","","","",""
"2021097424","1603","2","0","0","0","0","0","0","0","0","1","0","","02","10","2021","4","40.494859","-80.065421","1600","11","0","0","0","0","0","0","1","0","","0","0","0","","","0","N","0","","40 29:41.494","2","0","80 03:55.514","0","0","0","0","2402","0","0","0","N","0","0","0","2","02402","0","","1.0","1620.0","1","N","N","N","0","","0","0","0","","0","N","","2","0","2","0","0","0","0","2","0","2","","","","N","","","","","","","","","",""
"2021090601","2255","0","0","0","0","0","0","0","0","0","4","0","","02","9","2021","7","40.477946","-79.956029","2241","11","0","0","0","0","0","0","0","0","","0","0","0","","","1","","2","","40 28:40.604","","0","79 57:21.705","8","0","0","0","2301","0","0","0","N","0","0","0","3","02301","0","","1.0","","1","N","N","N","0","","0","0","1","","0","","","2","1","0","0","0","1","0","2","0","2","","03","","N","","","","","","","","","",""
"2021087197","1012","1","0","0","0","0","0","0","0","0","1","0","","02","9","2021","5","40.449535","-79.998596","1000","11","0","0","0","0","0","1","0","0","","0","0","0","","","0","N","6","","40 26:58.326","","2","79 59:54.944","0","0","0","0","2301","0","0","0","N","0","0","0","5","02301","0","","1.0","","1","N","N","N","0","","0","0","1","","4","","","2","0","0","0","0","0","0","2","0","2","","","","N","","","","","","","","","",""
"2021101152","1007","1","0","0","0","0","0","0","0","0","4","0","","02","10","2021","7","40.436105","-79.994686","0954","11","0","0","0","0","0","1","0","0","","0","0","0","","","0","N","0","","40 26:09.977","","2","79 59:40.870","0","0","0","0","2301","0","0","0","N","0","0","0","1","02301","0","","1.0","","9","N","N","N","0","","0","0","0","","0","","","1","0","0","0","0","0","0","2","0","1","","04","","N","","","","","","","","","",""
"2021087734","1758","3","0","0","0","0","0","0","0","0","4","0","","02","9","2021","6","40.485139","-79.856816","1753","11","0","0","0","0","0","1","0","0","","0","0","0","","","1","N","0","","40 29:06.499","","7","79 51:24.536","3","0","0","0","2113","0","0","0","N","0","0","0","5","02113","0","","1.0","","1","N","N","Y","0","","1","0","1","","0","","","4","1","0","0","0","0","0","2","0","4","","03","","N","","","","","","","","","",""
"2021099587","1506","1","0","0","0","0","0","0","0","0","4","0","","02","10","2021","3","40.397024","-79.989237","1504","11","0","0","0","1","0","0","0","0","","0","0","0","","","0","N","2","","40 23:49.286","1","0","79 59:21.253","0","0","0","0","2301","0","0","0","N","0","0","0","2","02301","0","","1.0","0.0","1","N","N","N","0","","0","0","1","","0","N","","2","0","0","0","0","0","0","2","0","2","","03","","N","","","","","","","","","",""
"2021103306","1000","1","0","0","0","0","0","0","0","0","7","0","","02","10","2021","5","40.257763","-79.878872","0955","11","0","0","0","0","0","0","0","0","","0","0","0","","","0","N","0","","40 15:27.946","1","0","79 52:43.940","0","0","0","0","2204","0","0","0","Y","0","0","0","2","02204","0","","3.0","1030.0","1","N","N","N","0","","0","0","0","","0","Y","","1","0","0","0","0","0","0","1","0","1","","04","","N","","","","","","","","","",""
"2021090507","1650","2","0","0","0","0","0","0","0","0","1","0","","02","9","2021","7","40.477422","-80.041843","1645","11","0","0","0","1","0","0","0","0","","0","0","0","","","0","N","0","","40 28:38.719","","0","80 02:30.633","0","0","0","0","2301","0","0","0","N","0","0","0","2","02301","0","","1.0","","1","N","N","N","0","","0","0","0","","0","","","2","0","0","0","0","0","0","2","0","2","","04","","N","","","","","","","","","",""
"2021109400","2252","1","0","0","0","0","0","0","0","0","1","0","","02","10","2021","4","40.36658","-80.118791","2244","11","0","0","0","0","0","1","0","0","","0","0","0","","","1","N","0","","40 21:59.688","1","0","80 07:07.648","4","0","0","0","2414","0","0","0","Y","0","0","0","2","68B03","1","","1.0","2320.0","1","N","N","N","0","","0","0","0","","0","N","","2","1","0","0","0","0","1","2","0","2","","","","N","","","","","","","","","",""
"2021087457","2240","1","0","0","0","0","0","0","0","0","4","0","","02","9","2021","5","40.45368","-79.888826","2233","11","0","0","0","0","0","0","0","0","","0","0","0","","","2","","1","","40 27:13.249","5","0","79 53:19.773","3","0","0","0","2301","0","0","0","N","0","0","0","2","02301","0","","1.0","2330.0","1","N","N","N","0","","2","0","1","","3","N","","2","2","0","0","0","0","0","2","0","2","","03","","N","","","","","","","","","",""
"2021097919","1937","1","0","0","0","0","0","0","0","0","1","0","","02","10","2021","5","40.431948","-79.997302","1932","11","0","0","0","0","0","0","0","1","","0","0","0","","","0","N","0","","40 25:55.013","1","3","79 59:50.287","0","0","0","0","2301","0","0","0","N","0","0","0","3","02301","0","","1.0","1750.0","1","N","N","N","0","","0","0","3","","0","N","","4","0","0","0","0","0","0","2","0","4","","03","","N","","","","","","","","","",""