"CRN","ARRIVAL_TM","AUTOMOBILE_COUNT","BELTED_DEATH_COUNT","BELTED_SUSP_SERIOUS_INJ_COUNT","BICYCLE_COUNT","BICYCLE_DEATH_COUNT","BICYCLE_SUSP_SERIOUS_INJ_COUNT","BUS_COUNT","CHLDPAS_DEATH_COUNT","CHLDPAS_SUSP_SERIOUS_INJ_COUNT","COLLISION_TYPE","COMM_VEH_COUNT","CONS_ZONE_SPD_LIM","COUNTY","CRASH_MONTH","CRASH_YEAR","DAY_OF_WEEK","DEC_LATITUDE","DEC_LONGITUDE","DISPATCH_TM","DISTRICT","DRIVER_COUNT_16YR","DRIVER_COUNT_17YR","DRIVER_COUNT_18YR","DRIVER_COUNT_19YR","DRIVER_COUNT_20YR","DRIVER_COUNT_50_64YR","DRIVER_COUNT_65_74YR","DRIVER_COUNT_75PLUS","EST_HRS_CLOSED","FATAL_COUNT","HEAVY_TRUCK_COUNT","HORSE_BUGGY_COUNT","HOUR_OF_DAY","ILLUMINATION","INJURY_COUNT","INTERSECTION_RELATED","INTERSECT_TYPE","LANE_CLOSED","LATITUDE","LN_CLOSE_DIR","LOCATION_TYPE","LONGITUDE","MAX_SEVERITY_LEVEL","MCYCLE_DEATH_COUNT","MCYCLE_SUSP_SERIOUS_INJ_COUNT","MOTORCYCLE_COUNT","MUNICIPALITY","NONMOTR_COUNT","NONMOTR_DEATH_COUNT","NONMOTR_SUSP_SERIOUS_INJ_COUNT","NTFY_HIWY_MAINT","PED_COUNT","PED_DEATH_COUNT","PED_SUSP_SERIOUS_INJ_COUNT","PERSON_COUNT","POLICE_AGCY","POSSIBLE_INJ_COUNT","RDWY_SURF_TYPE_CD","RELATION_TO_ROAD","ROADWAY_CLEARED","ROAD_CONDITION","SCH_BUS_IND","SCH_ZONE_IND","SECONDARY_CRASH","SMALL_TRUCK_COUNT","SPEC_JURIS_CD","SUSP_MINOR_INJ_COUNT","SUSP_SERIOUS_INJ_COUNT","SUV_COUNT","TCD_FUNC_CD","TCD_TYPE","TFC_DETOUR_IND","TIME_OF_DAY","TOTAL_UNITS","TOT_INJ_COUNT","UNBELTED_OCC_COUNT","UNB_DEATH_COUNT","UNB_SUSP_SERIOUS_INJ_COUNT","UNK_INJ_DEG_COUNT","UNK_INJ_PER_COUNT","URBAN_RURAL","VAN_COUNT","VEHICLE_COUNT","WEATHER1","WEATHER2","WORKERS_PRES","WORK_ZONE_IND","WORK_ZONE_LOC","WORK_ZONE_TYPE","WZ_CLOSE_DETOUR","WZ_FLAGGER","WZ_LAW_OFFCR_IND","WZ_LN_CLOSURE","WZ_MOVING","WZ_OTHER","WZ_SHLDER_MDN","WZ_WORKERS_INJ_KILLED"
"2021089530","1654","1","0","0","0","0","0","0","0","0","4","0","","02","9","2021","4","40.395726","-80.086728","1654","11","0","0","0","0","0","0","0","0","","0","0","0","","","1","N","1","","40 23:44.614","4","0","80 05:12.221","3","0","0","0","2117","0","0","0","Y","0","0","0","2","02117","0","","1.0","1730.0","9","N","N","N","0","","1","0","0","","2","N","","2","1","0","0","0","0","0","2","1","2","","","","N","","","","","","","","","",""
"2021100999","0041","1","0","0","0","0","0","0","0","0","99","0","","02","10","2021","7","40.451476","-79.908173","0041","11","0","0","0","0","0","0","0","0","","0","0","0","","","0","","1","","40 27:05.312","","0","79 54:29.421","0","0","0","0","2301","0","0","0","N","0","0","0","1","02301","0","","2.0","","1","N","N","N","0","","0","0","0","","2","","","1","0","0","0","0","0","0","2","0","1","","03","","N","","","","","","","","","",""
"2021089368","1005","0","0","0","0","0","0","0","0","0","5","0","","02","9","2021","4","40.486111","-79.927667","1005","11","0","0","0","0","0","0","1","0","","0","0","0","","","0","N","0","","40 29:10.000","","0","79 55:39.600","0","0","0","0","2301","0","0","0","N","0","0","0","3","02301","0","","1.0","","1","N","N","N","0","","0","0","2","","2","","","2","0","0","0","0","0","0","2","0","2","","03","","N","","","","","","","","","",""
"2021088849","0559","1","0","0","0","0","0","0","0","0","7","0","","02","9","2021","3","40.481138","-80.295669","0557","11","0","0","0","0","0","0","0","0","","0","0","0","","","0","N","0","","40 28:52.098","1","0","80 17:44.407","0","0","0","0","2203","0","0","0","N","0","0","0","1","02203","0","","5.0","702.0","9","N","N","N","0","","0","0","0","","0","N","","1","0","1","0","0","0","0","1","0","1","","","","N","","","","","","","","","",""
"2021090061","0933","1","0","0","0","0","0","0","0","0","1","0","","02","9","2021","6","40.414734","-80.00935","0920","11","0","0","0","0","0","0","2","0","","0","0","0","","","0","Y","0","","40 24:53.044","","4","80 00:33.659","0","0","0","0","2301","0","0","0","N","0","0","0","7","02301","0","","1.0","","1","N","N","Y","0","","0","0","1","","0","","","3","0","0","0","0","0","0","2","1","3","","03","","N","","","","","","","","","",""
"2021098747","2200","0","0","0","0","0","0","0","0","0","7","0","","02","10","2021","7","40.425086","-79.892127","2158","11","0","0","0","0","0","0","0","0","","0","0","0","","","0","N","2","","40 25:30.309","2","0","79 53:31.657","0","0","0","0","2463","0","0","0","N","0","0","0","1","02463","0","","5.0","2330.0","1","N","N","N","0","","0","0","1","","0","Y","","1","0","0","0","0","0","0","2","0","1","","03","","N","","","","","","","","","",""
"2021090039","0812","1","0","0","0","0","0","0","0","0","1","0","","02","9","2021","6","40.45601","-79.947616","0801","11","0","0","0","0","0","1","0","0","","0","0","0","","","0","","1","","40 27:21.636","3","0","79 56:51.417","0","0","0","0","2301","0","0","0","N","0","0","0","2","02301","0","","1.0","1051.0","1","N","N","N","0","","0","0","1","","3","Y","","2","0","0","0","0","0","0","2","0","2","","","","N","","","","","","","","","",""
"2021089784","1655","1","0","0","0","0","0","0","0","0","4","0","","02","9","2021","5","40.438314","-79.897053","1647","11","0","0","0","0","0","0","0","0","","0","0","0","","","0","","2","","40 26:17.930","","0","79 53:49.390","0","0","0","0","2301","0","0","0","N","0","0","0","2","02301","0","","1.0","","1","N","N","N","0","","0","0","1","","0","","","2","0","0","0","0","0","0","2","0","2","","03","","N","","","","","","","","","",""
"2021091098","0807","1","0","0","0","0","0","0","0","0","4","0","","02","9","2021","2","40.509141","-80.250534","0805","11","0","0","0","0","0","0","0","0","","0","0","0","","","2","","2","","40 30:32.906","","0","80 15:01.922","8","0","0","0","2213","0","0","0","N","0","0","0","2","02213","0","","1.0","","1","N","N","N","0","","0","0","1","","3","","","2","2","0","0","0","2","0","2","0","2","","","","N","","","","","","","","","",""
"2021087984","1228","1","0","0","0","0","0","0","0","0","1","0","","02","9","2021","6","40.426973","-80.030733","1154","11","0","0","1","0","0","1","0","0","","0","0","0","","","0","N","0","","40 25:37.102","","0","80 01:50.639","9","0","0","0","2301","0","0","0","N","0","0","0","4","68B03","0","","1.0","","1","N","N","N","1","","0","0","1","","0","","","4","0","0","0","0","0","1","2","1","4","","03","","N","","","","","","","","","",""
"2021101854","1704","1","0","0","0","0","0","0","0","0","5","0","","02","9","2021","4","40.516825","-80.159531","1700","11","0","0","0","0","0","0","0","0","","0","0","0","","","1","N","0","","40 31:00.569","1","0","80 09:34.312","3","0","0","0","2420","0","0","0","N","0","0","0","1","02420","0","","6.0","1726.0","9","N","N","N","0","","1","0","3","","0","N","","4","1","0","0","0","0","0","2","0","4","","07","","N","","","","","","","","","",""
"2021095719","0109","0","0","0","0","0","0","0","0","0","7","0","","02","9","2021","7","40.399806","-80.101531","0106","11","0","0","0","0","0","0","0","0","","0","0","0","","","1","N","0","","40 23:59.303","3","0","80 06:05.510","3","0","0","0","2102","0","0","0","N","0","0","0","1","02102","0","","3.0","130.0","1","N","N","N","1","","1","0","0","","0","N","","1","1","0","0","0","0","0","2","0","1","","03","","N","","","","","","","","","",""
"2021099486","0536","0","0","0","0","0","0","0","0","0","98","0","","02","10","2021","7","40.450054","-79.753982","0515","11","0","0","0","0","0","0","0","0","","0","0","0","","","0","N","0","","40 27:00.196","","0","79 45:14.335","0","0","0","0","2446","0","0","0","N","0","0","0","3","68T02","0","","1.0","","9","N","N","N","0","","0","0","1","","0","","","1","0","0","0","0","0","0","2","0","1","","","","N","","","","","","","","","",""
"2021089738","0714","0","0","0","0","0","0","0","0","0","1","0","","02","9","2021","4","40.387428","-79.773568","0709","11","0","0","0","0","0","0","0","0","","0","0","0","","","1","N","0","","40 23:14.740","","0","79 46:24.845","8","0","0","0","2470","0","0","0","N","0","0","0","2","02111","0","","1.0","","9","N","N","N","0","","0","0","1","","0","","","2","1","0","0","0","1","0","2","1","2","","07","","N","","","","","","","","","",""
"2021100981","2302","1","0","0","0","0","0","0","0","0","1","0","","02","10","2021","6","40.441848","-79.98406","2253","11","0","0","0","0","0","0","0","0","","0","0","0","","","2","N","0","","40 26:30.652","6","0","79 59:02.617","3","0","0","0","2301","0","0","0","N","0","0","0","3","02301","0","","1.0","2333.0","9","N","N","N","0","","1","0","1","","0","Y","","2","2","0","0","0","1","0","2","0","2","","","","N","","","","","","","","","",""
"2021101736","1411","1","0","0","0","0","0","0","0","0","4","0","","02","10","2021","7","40.380768","-79.812139","1409","11","0","0","0","0","0","1","0","0","","0","0","0","","","0","Y","0","","40 22:50.766","","7","79 48:43.699","9","0","0","0","2424","0","0","0","N","0","0","0","4","02424","0","","1.0","","1","N","N","N","0","","0","0","2","","3","N","","3","0","2","0","0","0","1","2","0","3","","03","","N","","","","","","","","","",""
"2021102966","0626","0","0","0","0","0","0","0","0","0","4","0","","02","10","2021","4","40.498618","-80.207813","0624","11","0","0","0","0","0","0","0","0","","0","0","0","","","1","","1","","40 29:55.023","2","0","80 12:28.126","8","0","0","0","2213","0","0","0","N","0","0","0","2","02213","0","","1.0","655.0","1","N","N","N","0","","0","0","2","","2","N","","2","1","0","0","0","1","0","2","0","2","","","","N","","","","","","","","","",""
"2021088739","2040","2","0","0","0","0","0","0","0","0","1","0","","02","9","2021","2","40.507423","-79.851696","2040","11","0","0","0","0","0","1","1","0","","0","0","0","","","1","N","2","","40 30:26.723","","0","79 51:06.106","3","0","0","0","2112","0","0","0","N","0","0","0","4","02112","0","","1.0","","1","N","N","N","0","","1","0","1","","2","","","3","1","0","0","0","0","0","2","0","3","","03","","N","","","","","","","","","",""
"2021090082","1049","2","0","0","0","0","0","0","0","0","2","0","","02","9","2021","6","40.39675","-79.990194","1039","11","0","0","0","0","0","0","0","0","","0","0","0","","","0","N","0","","40 23:48.300","","0","79 59:24.700","9","0","0","0","2301","0","0","0","N","0","0","0","1","02301","0","","1.0","","1","N","N","N","0","","0","0","0","","0","","","2","0","0","0","0","0","1","2","0","2","","03","","N","","","","","","","","","",""
"2021087446","0621","0","0","0","0","0","0","0","0","0","7","0","","02","9","2021","5","40.498926","-80.111029","0619","11","0","0","1","0","0","0","0","0","","0","0","0","","","0","Y","0","","40 29:56.134","5","99","80 06:39.705","9","0","0","0","2126","0","0","0","N","0","0","0","1","02126","0","","5.0","1600.0","1","N","N","N","1","","0","0","0","","0","Y","","1","0","0","0","0","0","1","2","0","1","","","","N","","","","","","","","","",""
"2021088049","1747","2","0","0","0","0","0","0","0","0","4","0","","02","9","2021","7","40.414169","-79.997051","1742","11","0","0","0","0","0","0","0","0","","0","0","0","","","0","","2","","40 24:51.008","","0","79 59:49.384","9","0","0","0","2301","0","0","0","N","0","0","0","2","02301","0","","1.0","","1","N","N","N","0","","0","0","0","","3","","","2","0","0","0","0","0","1","2","0","2","","03","","N","","","","","","","","","",""
"2021090324","0022","1","0","0","0","0","0","0","0","0","7","0","","02","9","2021","7","40.393485","-79.934312","0017","11","0","0","0","0","0","0","0","0","","0","0","0","","","0","Y","0","","40 23:36.545","2","2","79 56:03.523","9","0","0","0","2301","0","0","0","N","0","0","0","1","02301","0","","9.0","130.0","1","N","N","N","0","","0","0","0","","0","Y","","1","0","0","0","0","0","1","2","0","1","","03","","N","","","","","","","","","",""
"2021098570","1908","0","0","0","0","0","0","0","0","0","0","0","","02","10","2021","6","40.578102","-79.953751","1905","11","0","0","0","0","0","0","0","0","","0","0","0","","","1","N","2","","40 34:41.166","7","0","79 57:13.504","2","0","1","1","2207","0","0","0","N","0","0","0","1","02207","0","","1.0","1953.0","1","N","N","N","0","","0","1","0","","0","Y","","1","1","0","0","0","0","0","2","0","1","","03","","N","","","","","","","","","",""
"2021109858","2000","1","0","0","0","0","0","0","0","0","7","0","","02","11","2021","1","40.370548","-80.228805","1956","11","0","0","0","0","0","0","0","0","","0","0","0","","","0","N","0","","40 22:13.972","","0","80 13:43.697","0","0","0","0","2490","0","0","0","Y","0","0","0","1","62422","0","","5.0","","1","N","N","N","0","","0","0","0","","0","","","1","0","0","0","0","0","0","2","0","1","","","","N","","","","","","","","","",""
"2021088425","0940","1","0","0","0","0","0","0","0","0","2","0","","02","9","2021","2","40.4596","-80.016965","0940","11","0","0","0","0","0","1","0","0","","0","0","0","","","1","N","1","","40 27:34.559","","0","80 01:01.073","8","0","0","0","2301","0","0","0","N","0","0","0","2","02301","0","","1.0","","1","N","N","Y","0","","0","0","1","","2","N","","2","1","0","0","0","1","0","2","0","2","","03","","N","","","","","","","","","",""
"2021096755","0755","2","0","0","0","0","0","0","0","0","1","0","","02","9","2021","6","40.553278","-80.1092","0754","11","0","0","0","0","1","0","0","0","","0","0","0","","","0","","2","","40 33:11.802","","0","80 06:33.119","0","0","0","0","2215","0","0","0","N","0","0","0","3","02215","0","","1.0","","1","N","N","N","0","","0","0","1","","2","","","3","0","0","0","0","0","0","2","0","3","","03","","N","","","","","","","","","",""
"2021102326","0824","2","0","0","0","0","0","0","0","0","1","0","","02","9","2021","3","40.435726","-79.979537","0757","11","0","0","0","0","0","0","1","0","","0","0","0","","","1","N","0","","40 26:08.612","3","0","79 58:46.332","3","0","0","1","2301","0","0","0","N","0","0","0","4","68B03","0","","1.0","855.0","1","N","N","N","0","","1","0","1","","0","N","","4","1","0","0","0","0","0","2","0","4","","","","N","","","","","","","","","",""
"2021107379","2156","0","0","0","0","0","0","0","0","0","7","0","","02","11","2021","5","40.344572","-79.95372","2154","11","0","0","0","0","0","0","0","0","","0","0","0","","","0","N","0","","40 20:40.458","","7","79 57:13.391","0","0","0","0","2473","0","0","0","N","0","0","0","1","02473","0","","5.0","","1","N","N","N","0","","0","0","1","","0","","","1","0","1","0","0","0","0","2","0","1","","","","N","","","","","","","","","",""
"2021106256","2037","2","0","0","0","0","0","0","0","0","1","0","","02","11","2021","4","40.668987","-80.096343","2026","11","0","0","0","0","0","0","0","0","","0","0","0","","","0","N","0","","40 40:08.354","","7","80 05:46.835","0","0","0","0","2212","0","0","0","N","0","0","0","2","02505","0","","1.0","","1","N","N","N","0","","0","0","0","","0","","","2","0","0","0","0","0","0","2","0","2","","","","N","","","","","","","","","",""
"2021090485","1204","0","0","0","0","0","0","0","0","0","1","0","","02","9","2021","7","40.495312","-80.020467","1154","11","0","0","0","0","0","1","0","0","","0","0","0","","","0","Y","0","","40 29:43.122","","0","80 01:13.682","0","0","0","0","2301","0","0","0","N","0","0","0","1","02301","0","","6.0","","1","N","N","N","0","","0","0","3","","0","","","4","0","0","0","0","0","0","2","1","4","","03","","N","","","","","","","","","",""
"2021088878","1315","1","0","0","0","0","0","0","0","0","4","0","","02","9","2021","2","40.529711","-79.952485","1310","11","0","0","0","0","1","1","0","0","","0","0","0","","","0","","2","","40 31:46.958","","0","79 57:08.947","0","0","0","0","2118","0","0","0","N","0","0","0","2","02118","0","","1.0","","1","N","N","N","1","","0","0","0","","2","","","2","0","0","0","0","0","0","2","0","2","","03","","N","","","","","","","","","",""
"2021090080","1101","1","0","0","0","0","0","0","0","0","4","0","","02","9","2021","6","40.345055","-79.924358","1100","11","0","0","0","0","0","1","0","0","","0","0","0","","","2","","2","","40 20:42.198","7","0","79 55:27.688","8","0","0","0","2473","0","0","0","N","0","0","0","2","02473","0","","1.0","1159.0","1","N","N","N","0","","0","0","1","","3","N","","2","2","0","0","0","2","0","2","0","2","","03","","N","","","","","","","","","",""
"2021126526","1751","1","0","0","0","0","0","0","0","0","7","0","","02","12","2021","7","40.448362","-80.016779","1746","11","0","0","0","0","0","0","0","0","","0","0","0","","","0","N","0","","40 26:54.102","3","2","80 01:00.404","0","0","0","0","2301","0","0","0","Y","0","0","0","2","02301","0","","4.0","1818.0","9","N","N","N","0","","0","0","0","","0","Y","","1","0","0","0","0","0","0","2","0","1","","","","N","","","","","","","","","",""
"2021128028","1951","2","0","0","0","0","0","0","0","0","4","0","","02","12","2021","4","40.45601","-79.947616","1951","11","0","0","0","0","0","0","0","0","","0","0","0","","","0","","1","","40 27:21.636","1","0","79 56:51.417","0","0","0","0","2301","0","0","0","N","0","0","0","3","02301","0","","1.0","2005.0","1","N","N","N","0","","0","0","0","","3","N","","2","0","0","0","0","0","0","2","0","2","","","","N","","","","","","","","","",""
"2021126086","2330","0","0","0","0","0","0","0","0","0","7","0","","02","12","2021","5","40.391494","-79.933883","2320","11","0","0","0","0","0","0","0","0","","0","0","0","","","0","N","0","","40 23:29.378","","2","79 56:01.977","0","0","0","0","2301","0","0","0","N","0","0","0","1","02301","0","","5.0","","1","","","N","0","","0","0","1","","0","","","1","0","0","0","0","0","0","2","0","1","","","","N","","","","","","","","","",""
"2021091248","2022","1","0","0","0","0","0","0","0","0","7","0","","02","9","2021","4","40.241064","-79.852456","2021","11","0","0","0","0","0","0","0","0","","0","0","0","","","0","N","0","","40 14:27.831","3","0","79 51:08.841","0","0","0","0","2105","0","0","0","N","0","0","0","1","02501","0","","1.0","100.0","9","N","N","N","0","","0","0","0","","0","N","","1","0","0","0","0","0","0","1","0","1","","07","","N","","","","","","","","","",""
"2021088235","1749","0","0","0","0","0","0","0","0","0","7","0","","02","9","2021","6","40.664927","-79.973121","1736","11","0","0","0","0","0","1","0","0","","0","0","0","","","0","N","0","","40 39:53.738","5","0","79 58:23.237","0","0","0","0","2217","0","0","0","Y","0","0","0","1","02505","0","","2.0","1807.0","1","N","N","N","1","","0","0","0","","0","N","","1","0","0","0","0","0","0","2","0","1","","","","N","","","","","","","","","",""
"2021103895","2008","4","0","0","0","0","0","0","0","0","4","0","","02","10","2021","1","40.408142","-79.992089","1958","11","0","0","0","0","0","0","0","0","","0","0","0","","","0","","2","","40 24:29.311","5","0","79 59:31.520","0","0","0","0","2301","0","0","0","N","0","0","0","5","02301","0","","1.0","2134.0","9","N","N","Y","0","","0","0","0","","3","N","","4","0","0","0","0","0","0","2","0","4","","07","","N","","","","","","","","","",""
"2021089925","1621","1","0","0","0","0","0","0","0","0","1","0","","02","9","2021","5","40.340448","-79.940091","1614","11","0","0","0","0","0","0","0","0","","0","0","0","","","2","N","2","","40 20:25.612","2","0","79 56:24.326","8","0","0","0","2473","0","0","0","N","0","0","0","3","02473","0","","1.0","1625.0","1","N","N","N","0","","0","0","1","","2","N","","2","2","0","0","0","2","0","2","0","2","","03","","N","","","","","","","","","",""
"2021088237","1429","1","0","0","0","0","0","0","0","0","7","0","","02","9","2021","1","40.493388","-80.311064","1427","11","0","0","0","0","0","0","0","0","","0","0","0","","","0","N","0","","40 29:36.198","3","0","80 18:39.832","0","0","0","0","2203","0","0","0","N","0","0","0","1","02203","0","","5.0","1510.0","1","N","N","N","0","","0","0","0","","0","N","","1","0","0","0","0","0","0","1","0","1","","03","","N","","","","","","","","","",""
"2021089192","1628","0","0","1","0","0","0","0","0","0","7","0","","02","9","2021","2","40.325567","-80.086411","1625","11","0","0","0","0","0","0","0","0","","0","0","0","","","1","N","0","","40 19:32.040","7","0","80 05:11.080","2","0","0","0","2123","0","0","0","N","0","0","0","1","02123","0","","5.0","830.0","1","N","N","N","1","","0","1","0","","0","Y","","1","1","0","0","0","0","0","2","0","1","","","","N","","","","","","","","","",""
"2021090127","0153","1","0","0","0","0","0","0","0","0","98","0","55","02","9","2021","1","40.449971","-80.000484","0143","11","0","0","0","0","0","0","0","0","","0","0","0","","","0","N","0","","40 26:59.895","2","0","80 00:01.743","0","0","0","0","2301","0","0","0","N","0","0","0","1","68B03","0","","4.0","228.0","1","N","N","N","0","","0","0","0","","0","N","","1","0","0","0","0","0","0","2","0","1","","","N","Y","2","8","","","N","","","Y","Y","N"
"2021091290","0834","1","0","0","0","0","0","0","0","0","4","0","","02","9","2021","5","40.403067","-80.089425","0831","11","0","0","0","0","0","0","0","0","","0","0","0","","","1","","1","","40 24:11.041","","0","80 05:21.929","8","0","0","0","2415","0","0","0","N","0","0","0","2","02415","0","","1.0","","1","N","N","N","0","","0","0","1","","3","","","2","1","0","0","0","1","0","2","0","2","","","","N","","","","","","","","","",""
"2021127654","1233","0","0","0","0","0","0","0","0","0","8","0","","02","12","2021","2","40.440603","-79.958275","1227","11","0","0","0","0","0","0","0","0","","0","0","0","","","1","N","1","","40 26:26.172","","0","79 57:29.789","3","0","0","0","2301","1","0","0","N","1","0","0","2","02301","0","","1.0","","9","N","N","N","0","","1","0","1","","2","","","2","1","0","0","0","0","0","2","0","1","","07","","N","","","","","","","","","",""
"2021127453","1650","1","0","0","0","0","0","0","0","0","1","0","","02","12","2021","3","40.428427","-79.999739","1650","11","0","0","0","0","0","0","0","0","","0","0","0","","","0","N","0","","40 25:42.337","","4","79 59:59.059","0","0","0","0","2301","0","0","0","N","0","0","0","3","02301","0","","1.0","","1","N","N","N","1","","0","0","0","","0","","","2","0","0","0","0","0","0","2","0","2","","03","","N","","","","","","","","","",""
"2021090538","1709","1","0","0","0","0","0","0","0","0","6","0","","02","9","2021","7","40.493108","-80.046278","1709","11","0","0","0","0","0","0","0","0","","0","0","0","","","0","N","0","","40 29:35.188","","0","80 02:46.599","0","0","0","0","2404","0","0","0","N","0","0","0","2","02404","0","","1.0","","9","","","N","0","","0","0","1","","0","","","2","0","0","0","0","0","0","2","0","2","","","","N","","","","","","","","","",""
"2021128072","0349","1","0","0","0","0","0","0","0","0","5","0","","02","12","2021","4","40.4365","-79.896297","0346","11","0","0","0","0","0","0","0","0","","0","0","0","","","0","N","0","","40 26:11.400","2","0","79 53:46.670","0","0","0","0","2301","0","0","0","N","0","0","0","1","02301","0","","4.0","445.0","9","N","N","N","0","","0","0","2","","0","N","","3","0","0","0","0","0","0","2","0","3","","07","","N","","","","","","","","","",""
"2021091099","1724","0","0","0","0","0","0","0","0","0","4","0","","02","9","2021","3","40.505746","-80.223147","1716","11","0","0","0","0","0","0","0","0","","0","0","0","","","0","","1","","40 30:20.685","","0","80 13:23.328","0","0","0","0","2213","0","0","0","N","0","0","0","2","02213","0","","1.0","","1","N","N","N","0","","0","0","2","","3","","","2","0","0","0","0","0","0","2","0","2","","","","N","","","","","","","","","",""
"2021126971","2045","1","0","0","0","0","0","0","0","0","4","0","","02","12","2021","1","40.429024","-79.998298","2041","11","0","0","0","0","0","0","0","0","","0","0","0","","","0","N","1","","40 25:44.486","","0","79 59:53.873","0","0","0","0","2301","0","0","0","N","0","0","0","2","02301","0","","1.0","","9","N","N","N","0","","0","0","1","","2","","","2","0","0","0","0","0","0","2","0","2","","03","","N","","","","","","","","","",""
"2021126527","1810","1","0","0","0","0","0","0","0","0","4","0","","02","12","2021","7","40.436271","-79.994768","1800","11","0","0","0","0","0","0","0","0","","0","0","0","","","0","N","0","","40 26:10.576","","2","79 59:41.166","0","0","0","0","2301","0","0","0","N","0","0","0","2","02301","0","","2.0","","9","N","N","N","0","","0","0","0","","8","","","1","0","0","0","0","0","0","2","0","1","","","","N","","","","","","","","","",""
"2021089140","0425","1","0","0","0","0","0","0","0","0","7","0","","02","9","2021","1","40.461112","-79.871181","0424","11","0","0","0","0","0","0","0","0","","0","0","0","","","0","N","0","","40 27:40.004","7","0","79 52:16.251","9","0","0","0","2301","0","0","0","N","0","0","0","1","02301","0","","5.0","645.0","1","N","N","N","0","","0","0","0","","0","Y","","1","0","0","0","0","0","1","2","0","1","","03","","N","","","","","","","","","",""
"2021089486","1818","0","0","0","0","0","0","0","0","0","1","0","","02","9","2021","4","40.5445","-80.009639","1816","11","0","0","0","0","0","0","0","0","","0","0","0","","","0","N","0","","40 32:40.200","2","0","80 00:34.700","0","0","0","0","2116","0","0","0","N","0","0","0","4","02116","0","","1.0","1848.0","9","N","N","N","1","","0","0","1","","0","N","","2","0","0","0","0","0","0","2","0","2","","","","N","","","","","","","","","",""
"2021100496","1316","0","0","0","0","0","0","0","0","0","4","0","","02","10","2021","7","40.44776","-80.163967","1311","11","0","0","0","0","0","0","0","0","","0","0","0","","","2","Y","2","","40 26:51.935","","2","80 09:50.280","3","0","0","0","2115","0","0","0","N","0","0","0","4","02115","0","","1.0","","9","N","N","N","0","","2","0","2","","2","","","2","2","0","0","0","0","0","2","0","2","","03","","N","","","","","","","","","",""
"2021087208","1027","0","0","0","0","0","0","0","0","0","7","0","","02","9","2021","5","40.322609","-79.926357","1018","11","0","0","0","0","0","0","0","0","","0","0","0","","","0","","2","","40 19:21.394","1","0","79 55:34.885","0","0","0","0","2440","0","0","0","N","0","0","0","2","02440","0","","5.0","1111.0","1","N","N","N","0","","0","0","1","","0","N","","1","0","0","0","0","0","0","2","0","1","","","","N","","","","","","","","","",""
"2021121740","1350","1","0","0","0","0","0","0","0","0","4","0","","02","12","2021","2","40.465966","-79.981785","1340","11","0","0","0","0","0","1","0","0","","0","0","0","","","0","N","1","","40 27:57.477","","0","79 58:54.426","0","0","0","0","2301","0","0","0","N","0","0","0","2","02301","0","","1.0","","1","N","N","N","0","","0","0","1","","3","","","2","0","0","0","0","0","0","2","0","2","","98","","N","","","","","","","","","",""
"2021005261","2148","1","0","0","0","0","0","0","0","0","1","0","","02","1","2021","7","40.426892","-79.99933","2144","11","0","0","0","0","0","0","0","0","","0","0","0","","","0","N","0","","40 25:36.812","","0","79 59:57.589","0","0","0","0","2301","0","0","0","N","0","0","0","1","02301","0","","6.0","","2","N","N","N","0","","0","0","0","","0","","","2","0","0","0","0","0","0","2","1","2","","06","","N","","","","","","","","","",""
"2021121647","1030","1","0","0","0","0","0","0","0","0","5","0","","02","12","2021","2","40.408376","-79.943626","1018","11","0","0","0","0","0","0","0","0","","0","0","0","","","0","N","0","","40 24:30.154","","0","79 56:37.052","0","0","0","0","2301","0","0","0","N","0","0","0","3","02301","0","","1.0","","1","N","N","Y","0","","0","0","1","","0","","","2","0","0","0","0","0","0","2","0","2","","","","N","","","","","","","","","",""
"2021107340","1610","0","0","0","0","0","0","0","0","0","1","0","","02","10","2021","5","40.340214","-80.05211","1604","11","0","0","0","0","0","1","1","0","","0","0","0","","","1","Y","0","","40 20:24.769","","0","80 03:07.595","8","0","0","0","2407","0","0","0","N","0","0","0","6","02407","0","","1.0","","1","N","N","Y","0","","0","0","3","","0","","","3","1","0","0","0","1","0","2","0","3","","","","N","","","","","","","","","",""
"2021102100","0803","1","0","0","0","0","0","0","0","0","1","0","","02","9","2021","6","40.553278","-80.1092","0803","11","0","0","0","0","0","0","0","0","","0","0","0","","","0","","2","","40 33:11.802","3","0","80 06:33.119","0","0","0","0","2215","0","0","0","N","0","0","0","1","02215","0","","1.0","839.0","1","N","N","N","0","","0","0","1","","7","N","","2","0","1","0","0","0","0","2","0","2","","","","N","","","","","","","","","",""
"2021084684","1614","0","0","0","0","0","0","0","0","0","1","0","","02","9","2021","3","40.47527","-79.770972","1609","11","0","0","0","0","0","1","0","0","","0","0","0","","","0","","2","","40 28:30.972","2","0","79 46:15.499","0","0","0","0","2466","0","0","0","N","0","0","0","2","02466","0","","1.0","1650.0","1","N","N","N","0","","0","0","1","","0","N","","2","0","0","0","0","0","0","2","1","2","","","","N","","","","","","","","","",""