"CRN","ARRIVAL_TM","AUTOMOBILE_COUNT","BELTED_DEATH_COUNT","BELTED_SUSP_SERIOUS_INJ_COUNT","BICYCLE_COUNT","BICYCLE_DEATH_COUNT","BICYCLE_SUSP_SERIOUS_INJ_COUNT","BUS_COUNT","CHLDPAS_DEATH_COUNT","CHLDPAS_SUSP_SERIOUS_INJ_COUNT","COLLISION_TYPE","COMM_VEH_COUNT","CONS_ZONE_SPD_LIM","COUNTY","CRASH_MONTH","CRASH_YEAR","DAY_OF_WEEK","DEC_LATITUDE","DEC_LONGITUDE","DISPATCH_TM","DISTRICT","DRIVER_COUNT_16YR","DRIVER_COUNT_17YR","DRIVER_COUNT_18YR","DRIVER_COUNT_19YR","DRIVER_COUNT_20YR","DRIVER_COUNT_50_64YR","DRIVER_COUNT_65_74YR","DRIVER_COUNT_75PLUS","EST_HRS_CLOSED","FATAL_COUNT","HEAVY_TRUCK_COUNT","HORSE_BUGGY_COUNT","HOUR_OF_DAY","ILLUMINATION","INJURY_COUNT","INTERSECTION_RELATED","INTERSECT_TYPE","LANE_CLOSED","LATITUDE","LN_CLOSE_DIR","LOCATION_TYPE","LONGITUDE","MAX_SEVERITY_LEVEL","MCYCLE_DEATH_COUNT","MCYCLE_SUSP_SERIOUS_INJ_COUNT","MOTORCYCLE_COUNT","MUNICIPALITY","NONMOTR_COUNT","NONMOTR_DEATH_COUNT","NONMOTR_SUSP_SERIOUS_INJ_COUNT","NTFY_HIWY_MAINT","PED_COUNT","PED_DEATH_COUNT","PED_SUSP_SERIOUS_INJ_COUNT","PERSON_COUNT","POLICE_AGCY","POSSIBLE_INJ_COUNT","RDWY_SURF_TYPE_CD","RELATION_TO_ROAD","ROADWAY_CLEARED","ROAD_CONDITION","SCH_BUS_IND","SCH_ZONE_IND","SECONDARY_CRASH","SMALL_TRUCK_COUNT","SPEC_JURIS_CD","SUSP_MINOR_INJ_COUNT","SUSP_SERIOUS_INJ_COUNT","SUV_COUNT","TCD_FUNC_CD","TCD_TYPE","TFC_DETOUR_IND","TIME_OF_DAY","TOTAL_UNITS","TOT_INJ_COUNT","UNBELTED_OCC_COUNT","UNB_DEATH_COUNT","UNB_SUSP_SERIOUS_INJ_COUNT","UNK_INJ_DEG_COUNT","UNK_INJ_PER_COUNT","URBAN_RURAL","VAN_COUNT","VEHICLE_COUNT","WEATHER1","WEATHER2","WORKERS_PRES","WORK_ZONE_IND","WORK_ZONE_LOC","WORK_ZONE_TYPE","WZ_CLOSE_DETOUR","WZ_FLAGGER","WZ_LAW_OFFCR_IND","WZ_LN_CLOSURE","WZ_MOVING","WZ_OTHER","WZ_SHLDER_MDN","WZ_WORKERS_INJ_KILLED"
"2021101335","0646","1","0","0","0","0","0","0","0","0","7","0","","02","10","2021","1","40.523964","-79.834786","0643","11","0","0","0","0","1","0","0","0","","0","0","0","","","0","N","0","","40 31:26.272","6","0","79 50:05.228","0","0","0","0","2451","0","0","0","N","0","0","0","1","02451","0","","5.0","734.0","9","N","N","N","0","","0","0","0","","0","Y","","1","0","0","0","0","0","0","2","0","1","","07","","N","","","","","","","","","",""
"2021090376","0755","0","0","0","0","0","0","0","0","0","7","0","","02","9","2021","7","40.435533","-80.01243","0749","11","0","0","0","0","0","0","0","0","","0","0","0","","","0","N","0","","40 26:07.917","","0","80 00:44.749","9","0","0","0","2301","0","0","0","N","0","0","0","1","02301","0","","4.0","","1","N","N","N","0","","0","0","1","","0","","","1","0","1","0","0","0","1","2","0","1","","","","N","","","","","","","","","",""
"2021083049","1435","0","0","0","0","0","0","0","0","0","1","0","","02","9","2021","6","40.434939","-79.823451","1430","11","0","0","0","0","0","0","0","1","","0","0","0","","","0","N","0","","40 26:05.781","4","0","79 49:24.423","0","0","0","0","2419","0","0","0","N","0","0","0","4","02419","0","","1.0","1520.0","1","N","N","N","0","","0","0","2","","8","Y","","2","0","0","0","0","0","0","2","0","2","","","","N","","","","","","","","","",""
"2021085229","0025","1","0","1","0","0","0","0","0","0","4","0","","02","8","2021","5","40.614887","-79.758772","0010","11","0","0","0","0","0","0","1","0","","0","0","0","","","2","N","2","","40 36:53.592","6","2","79 45:31.580","2","0","0","0","2202","0","0","0","N","0","0","0","2","68D02","0","","1.0","105.0","1","N","N","N","0","","1","1","1","","3","Y","","2","2","0","0","0","0","0","2","0","2","","","","N","","","","","","","","","",""
"2021083477","1250","0","0","0","0","0","0","0","0","0","5","0","","02","9","2021","7","40.435126","-79.956406","1245","11","0","0","0","0","0","0","0","0","","0","0","0","","","0","","1","","40 26:06.452","","0","79 57:23.060","0","0","0","0","2301","0","0","0","N","0","0","0","1","02301","0","","1.0","","1","N","N","N","0","","0","0","1","","2","","","2","0","0","0","0","0","0","2","0","2","","","","N","","","","","","","","","",""
"2021100497","1601","0","0","0","0","0","0","0","0","0","7","0","","02","10","2021","5","40.45562","-80.202432","1549","11","0","0","0","0","0","0","0","0","","0","0","0","","","0","N","0","","40 27:20.233","","0","80 12:08.754","0","0","0","0","2203","0","0","0","N","0","0","0","1","02203","0","","2.0","","9","N","N","N","0","","0","0","1","","0","","","1","0","0","0","0","0","0","2","0","1","","","","N","","","","","","","","","",""
"2021098551","0639","1","0","0","0","0","0","0","0","0","1","0","","02","10","2021","6","40.411697","-80.076415","0621","11","0","0","0","0","0","0","0","0","","0","0","0","","","1","","6","","40 24:42.108","3","2","80 04:35.095","8","0","0","0","2117","0","0","0","N","0","0","0","2","68B03","0","","1.0","739.0","1","N","N","N","0","","0","0","1","","4","N","","2","1","0","0","0","1","0","2","0","2","","","","N","","","","","","","","","",""
"2021084078","1913","1","0","0","0","0","0","0","0","0","1","0","","02","9","2021","2","40.491601","-80.061176","1912","11","0","0","0","0","0","0","0","0","","0","0","0","","","0","N","1","","40 29:29.763","","0","80 03:40.233","0","0","0","0","2404","0","0","0","N","0","0","0","3","02404","0","","1.0","","1","N","N","N","0","","0","0","1","","2","","","2","0","0","0","0","0","0","2","0","2","","03","","N","","","","","","","","","",""
"2021071515","2110","2","0","0","0","0","0","0","0","0","1","0","","02","8","2021","1","40.465945","-80.033947","2106","11","0","0","0","0","0","1","0","0","","0","0","0","","","0","N","0","","40 27:57.401","","7","80 02:02.209","0","0","0","0","2301","0","0","0","N","0","0","0","2","02301","0","","1.0","","1","N","N","N","0","","0","0","0","","0","","","2","0","0","0","0","0","0","2","0","2","","03","","N","","","","","","","","","",""
"2021083403","0323","1","0","0","0","0","0","0","0","0","7","0","","02","9","2021","7","40.425861","-79.861608","0321","11","0","0","0","1","0","0","0","0","","0","0","0","","","0","","2","","40 25:33.098","","0","79 51:41.789","0","0","0","0","2431","0","0","0","N","0","0","0","1","02431","0","","3.0","","1","N","N","N","0","","0","0","0","","0","","","1","0","0","0","0","0","0","2","0","1","","98","","N","","","","","","","","","",""
"2021121310","0031","1","0","0","0","0","0","0","0","0","4","0","","02","12","2021","1","40.435361","-79.984183","0021","11","0","0","0","0","0","1","0","0","","0","0","0","","","0","N","0","","40 26:07.301","4","0","79 59:03.057","0","0","0","0","2301","0","0","0","N","0","0","0","1","02301","0","","1.0","54.0","1","N","N","N","0","","0","0","0","","0","N","","1","0","0","0","0","0","0","2","0","1","","03","","N","","","","","","","","","",""
"2021087432","1345","2","0","0","0","0","0","0","0","0","1","0","","02","9","2021","2","40.449016","-79.957634","1330","11","0","0","1","0","0","0","1","0","","0","0","0","","","0","","2","","40 26:56.459","","0","79 57:27.481","0","0","0","0","2301","0","0","0","N","0","0","0","2","02301","0","","1.0","","1","","N","N","0","","0","0","0","","2","N","","2","0","0","0","0","0","0","2","0","2","","03","","N","","","","","","","","","",""
"2021084920","2255","1","0","0","0","0","0","0","0","0","5","0","","02","9","2021","7","40.447565","-80.164907","2250","11","0","0","0","0","0","0","0","0","","0","0","0","","","1","","6","","40 26:51.233","","2","80 09:53.666","3","0","0","0","2115","0","0","0","N","0","0","0","3","02115","0","","1.0","","1","N","N","Y","0","","1","0","1","","4","","","2","1","0","0","0","0","0","2","0","2","","03","","N","","","","","","","","","",""
"2021021413","2150","2","0","0","0","0","0","0","0","0","2","0","","02","3","2021","4","40.454296","-80.058354","2144","11","0","0","0","0","0","0","0","0","","0","0","0","","","0","N","1","","40 27:15.465","","0","80 03:30.075","0","0","0","0","2301","0","0","0","N","0","0","0","1","02301","0","","1.0","","1","","","Y","0","","0","0","1","","0","N","","3","0","0","0","0","0","0","2","0","3","","","","N","","","","","","","","","",""
"2021083650","1257","1","0","0","0","0","0","0","0","0","4","0","","02","9","2021","1","40.379199","-80.034525","1255","11","0","0","0","0","0","1","0","0","","0","0","0","","","2","","1","","40 22:45.116","5","0","80 02:04.289","3","0","0","0","2109","0","0","0","N","0","0","0","2","02109","0","","1.0","1330.0","9","N","N","Y","0","","2","0","1","","3","N","","2","2","0","0","0","0","0","2","0","2","","","","N","","","","","","","","","",""
"2021123676","1852","1","0","0","0","0","0","0","0","0","1","0","","02","12","2021","6","40.457442","-80.030306","1848","11","0","0","0","0","0","0","0","0","","0","0","0","","","0","Y","0","","40 27:26.790","2","0","80 01:49.100","0","0","0","0","2301","0","0","0","N","0","0","0","2","02301","0","","1.0","1903.0","1","N","N","N","0","","0","0","1","","2","N","","2","0","0","0","0","0","0","2","0","2","","03","","N","","","","","","","","","",""
"2021080034","1617","0","0","0","0","0","0","0","0","0","1","0","","02","8","2021","3","40.489645","-79.953012","1612","11","0","0","0","0","0","1","0","0","","0","0","0","","","2","N","0","","40 29:22.722","2","3","79 57:10.843","3","0","0","0","2430","0","0","0","N","0","0","0","3","02430","0","","1.0","1650.0","1","N","N","N","2","","1","0","0","","0","N","","2","2","1","0","0","1","0","2","0","2","","","","N","","","","","","","","","",""
"2021083876","2112","1","0","0","0","0","0","0","0","0","5","0","","02","9","2021","2","40.415032","-80.011267","2115","11","0","0","0","0","0","0","0","0","","0","0","0","","","0","","1","","40 24:54.116","2","0","80 00:40.560","9","0","0","0","2301","0","0","0","N","0","0","0","3","02301","0","","1.0","2130.0","1","N","N","Y","0","","0","0","1","","2","N","","2","0","0","0","0","0","1","2","0","2","","03","","N","","","","","","","","","",""
"2021103269","1821","1","0","0","0","0","0","0","0","0","6","0","","02","10","2021","1","40.355995","-79.937061","1820","11","0","0","0","0","0","0","0","0","","0","0","0","","","0","N","0","","40 21:21.581","5","0","79 56:13.420","0","0","0","0","2473","0","0","0","N","0","0","0","2","02473","0","","1.0","1900.0","9","N","N","N","0","","0","0","1","","0","N","","2","0","1","0","0","0","0","2","0","2","","07","","N","","","","","","","","","",""
"2021084778","1413","0","0","0","0","0","0","0","0","0","1","0","","02","9","2021","7","40.435718","-79.7348","1408","11","0","0","0","0","0","0","1","0","","0","0","0","","","2","N","0","","40 26:08.585","3","0","79 44:05.280","3","0","0","0","2446","0","0","0","N","0","0","0","7","02446","0","","1.0","1450.0","1","N","N","N","1","","2","0","3","","2","N","","4","2","0","0","0","0","0","2","0","4","","03","","N","","","","","","","","","",""
"2021121663","0806","1","0","0","0","0","0","0","0","0","4","0","","02","12","2021","2","40.481452","-80.046052","0800","11","0","0","1","0","0","0","0","0","","0","0","0","","","0","N","2","","40 28:53.226","3","0","80 02:45.788","0","0","0","0","2301","0","0","0","N","0","0","0","2","02301","0","","1.0","835.0","1","N","N","N","0","","0","0","1","","8","N","","2","0","0","0","0","0","0","2","0","2","","03","","N","","","","","","","","","",""
"2021088967","1915","0","0","0","0","0","0","0","0","0","7","0","","02","9","2021","1","40.435798","-79.978942","1906","11","0","0","0","0","0","0","0","0","","0","0","0","","","4","N","0","","40 26:08.871","4","0","79 58:44.191","3","0","0","0","2301","0","0","0","N","0","0","0","4","68B03","0","","2.0","100.0","1","N","N","N","0","","4","0","1","","0","N","","1","4","4","0","0","0","0","2","0","1","","03","","N","","","","","","","","","",""
"2021086661","2334","0","0","0","0","0","0","0","0","0","7","0","","02","9","2021","7","40.505635","-79.995608","2312","11","0","0","0","0","0","0","0","0","","0","0","0","","","1","N","0","","40 30:20.285","4","0","79 59:44.189","8","0","0","1","2116","0","0","0","N","0","0","0","1","02116","0","","2.0","10.0","1","N","N","N","0","","0","0","0","","0","N","","1","1","0","0","0","1","0","2","0","1","","03","","N","","","","","","","","","",""
"2021083270","0954","0","0","0","1","0","0","0","0","0","8","0","","02","9","2021","7","40.390473","-80.088284","0950","11","0","0","0","0","0","0","0","0","","0","0","0","","","1","N","2","","40 23:25.702","","0","80 05:17.822","3","0","0","0","2437","1","0","0","N","0","0","0","2","02437","0","","1.0","","1","","","N","0","","1","0","1","","3","","","2","1","0","0","0","0","0","2","0","1","","","","N","","","","","","","","","",""
"2021087324","1653","1","0","0","0","0","0","0","0","0","1","0","","02","9","2021","5","40.422491","-79.96018","1644","11","0","0","0","1","0","0","0","0","","0","0","0","","","1","N","1","","40 25:20.969","","0","79 57:36.647","8","0","0","0","2301","0","0","0","N","0","0","0","3","02301","0","","1.0","","1","N","N","N","0","","0","0","1","","2","","","2","1","0","0","0","1","0","2","0","2","","03","","N","","","","","","","","","",""
"2021100995","0053","2","0","0","0","0","0","0","0","0","4","0","","02","10","2021","7","40.447668","-80.007654","0047","11","0","0","0","0","0","0","0","0","","0","0","0","","","2","N","1","","40 26:51.604","","0","80 00:27.554","8","0","0","0","2301","0","0","0","N","0","0","0","5","02301","0","","1.0","","9","N","N","N","0","","0","0","0","","2","","","2","2","0","0","0","2","0","2","0","2","","","","N","","","","","","","","","",""
"2021083288","1125","2","0","0","0","0","0","0","0","0","6","0","","02","9","2021","7","40.432316","-79.92315","1120","11","0","0","0","0","0","0","1","0","","0","0","0","","","0","N","0","","40 25:56.339","","0","79 55:23.340","0","0","0","0","2301","0","0","0","N","0","0","0","6","02301","0","","1.0","","1","N","N","N","0","","0","0","0","","0","","","2","0","1","0","0","0","0","2","0","2","","03","","N","","","","","","","","","",""
"2021086627","2110","1","0","0","0","0","0","0","0","0","1","0","","02","9","2021","2","40.438656","-79.749006","2105","11","0","0","0","0","0","0","0","0","","0","0","0","","","0","N","0","","40 26:19.162","3","0","79 44:56.421","0","0","0","0","2446","0","0","0","N","0","0","0","2","02446","0","","1.0","2155.0","1","N","N","N","1","","0","0","0","","0","N","","2","0","0","0","0","0","0","2","0","2","","03","","Y","","","","","","","","","",""
"2021089408","1700","2","0","0","0","0","0","0","0","0","4","0","","02","9","2021","4","40.465306","-79.957333","1644","11","0","0","0","0","0","1","0","0","","0","0","0","","","1","N","0","","40 27:55.100","","7","79 57:26.400","3","0","0","0","2301","0","0","0","N","0","0","0","2","02301","0","","1.0","","9","N","N","N","0","","1","0","0","","0","","","2","1","0","0","0","0","0","2","0","2","","","","N","","","","","","","","","",""
"2021112874","1609","0","0","0","0","0","0","0","0","0","5","1","","02","11","2021","6","40.443667","-79.960861","1608","11","0","0","0","0","0","1","0","0","","0","0","0","","","0","Y","0","","40 26:37.200","","0","79 57:39.100","0","0","0","0","2301","0","0","0","N","0","0","0","3","02506","0","","6.0","","1","N","N","N","0","","0","0","1","","0","","","3","0","1","0","0","0","0","2","2","3","","03","","N","","","","","","","","","",""
"2021121501","1735","0","0","0","0","0","0","0","0","0","8","0","","02","12","2021","1","40.444402","-79.954813","1729","11","0","0","0","0","0","0","0","0","","0","0","0","","","1","N","1","","40 26:39.847","4","0","79 57:17.325","8","0","0","0","2301","1","0","0","N","1","0","0","2","02301","0","","1.0","1756.0","1","N","N","N","0","","0","0","1","","2","N","","2","1","0","0","0","1","0","2","0","1","","","","N","","","","","","","","","",""
"2021088599","1938","0","0","0","0","0","0","0","0","0","1","0","","02","9","2021","1","40.435037","-79.982051","1929","11","0","0","0","0","0","0","0","0","","0","0","0","","","1","N","0","","40 26:06.133","","0","79 58:55.384","8","0","0","0","2301","0","0","0","N","0","0","0","2","02301","0","","1.0","","1","N","N","N","0","","0","0","2","","0","","","2","1","0","0","0","1","1","2","0","2","","","","N","","","","","","","","","",""
"2021121779","1535","0","0","0","0","0","0","1","0","0","4","1","","02","12","2021","1","40.452731","-79.889195","1530","11","0","0","0","0","0","1","0","0","","0","0","0","","","1","N","1","","40 27:09.830","7","0","79 53:21.103","2","0","1","1","2301","0","0","0","N","0","0","0","3","02503","0","","1.0","1737.0","1","N","N","N","0","","0","1","0","","2","Y","","2","1","0","0","0","0","0","2","0","2","","","","N","","","","","","","","","",""
"2021109396","2201","0","0","0","0","0","0","0","0","0","1","0","","02","10","2021","5","40.483939","-80.007771","2145","11","0","0","0","0","0","2","0","0","","0","0","0","","","1","N","0","","40 29:02.181","","0","80 00:27.977","4","0","0","0","2301","0","0","0","N","0","0","0","2","68B03","1","","1.0","","1","N","N","N","1","","0","0","1","","0","","","2","1","0","0","0","0","1","2","0","2","","03","","N","","","","","","","","","",""
"2021088192","0812","1","0","0","0","0","0","0","0","0","5","0","","02","9","2021","7","40.449507","-80.003191","0805","11","0","0","0","0","0","0","0","0","","0","0","0","","","0","N","0","","40 26:58.225","4","0","80 00:11.489","0","0","0","0","2301","0","0","0","N","0","0","0","2","02301","0","","1.0","906.0","1","N","N","N","1","","0","0","0","","0","N","","2","0","1","0","0","0","0","2","0","2","","03","","N","","","","","","","","","",""
"2021082983","1110","2","0","0","0","0","0","0","0","0","6","0","","02","9","2021","6","40.439946","-79.994214","1105","11","0","0","0","0","0","0","0","0","","0","0","0","","","0","N","3","","40 26:23.805","1","0","79 59:39.172","9","0","0","0","2301","0","0","0","N","0","0","0","2","02301","0","","1.0","1120.0","1","N","N","N","0","","0","0","0","","2","N","","2","0","0","0","0","0","1","2","0","2","","03","","N","","","","","","","","","",""
"2021105308","1442","2","0","0","0","0","0","0","0","0","4","0","","02","11","2021","2","40.42364","-79.891471","1440","11","0","0","0","0","0","0","0","0","","0","0","0","","","1","N","1","","40 25:25.104","","0","79 53:29.295","3","0","0","0","2463","0","0","0","N","0","0","0","2","02463","0","","1.0","","1","N","N","N","0","","1","0","0","","2","N","","2","1","0","0","0","0","0","2","0","2","","03","","N","","","","","","","","","",""
"2021084314","1245","2","0","0","0","0","0","0","0","0","4","0","","02","9","2021","7","40.457233","-79.924548","1239","11","0","0","0","0","0","2","0","0","","0","0","0","","","0","N","1","","40 27:26.038","","0","79 55:28.372","0","0","0","0","2301","0","0","0","N","0","0","0","3","02301","0","","1.0","","1","N","N","N","0","","0","0","0","","3","","","2","0","0","0","0","0","0","2","0","2","","03","","N","","","","","","","","","",""
"2021126077","2340","1","0","0","0","0","0","0","0","0","7","0","","02","12","2021","6","40.460839","-79.968406","2325","11","0","0","0","0","0","0","0","0","","0","0","0","","","0","N","0","","40 27:39.020","","0","79 58:06.260","0","0","0","0","2301","0","0","0","N","0","0","0","1","02301","0","","5.0","","9","N","N","N","0","","0","0","0","","0","N","","1","0","0","0","0","0","0","2","0","1","","","","N","","","","","","","","","",""
"2021061185","2120","1","0","0","0","0","0","0","0","0","98","0","","02","6","2021","4","40.411109","-80.074805","2114","11","0","1","0","0","0","0","0","0","","0","0","0","","","0","N","0","","40 24:39.993","","0","80 04:29.297","0","0","0","0","2117","0","0","0","N","0","0","0","1","02117","0","","1.0","","9","N","N","N","0","","0","0","0","","0","","","1","0","0","0","0","0","0","2","0","1","","","","N","","","","","","","","","",""
"2021083409","2217","1","0","0","0","0","0","0","0","0","7","0","","02","9","2021","7","40.447361","-79.755442","2211","11","0","0","0","0","1","0","0","0","","0","0","0","","","0","N","0","","40 26:50.500","1","0","79 45:19.590","0","0","0","0","2446","0","0","0","N","0","0","0","1","02446","0","","5.0","2256.0","1","N","N","N","0","","0","0","0","","0","Y","","1","0","0","0","0","0","0","2","0","1","","03","","N","","","","","","","","","",""
"2021085706","2325","0","0","0","0","0","0","0","0","0","0","0","","02","9","2021","1","40.461911","-80.031998","2318","11","0","0","0","0","0","0","0","0","","0","0","0","","","1","","3","","40 27:42.879","4","0","80 01:55.192","4","0","0","1","2301","0","0","0","N","0","0","0","1","02301","1","","1.0","130.0","1","","","N","0","","0","0","0","","0","N","","1","1","0","0","0","0","0","2","0","1","","03","","N","","","","","","","","","",""
"2021083176","0150","2","0","0","0","0","0","0","0","0","1","0","","02","9","2021","7","40.429364","-79.999101","0148","11","0","0","0","0","0","0","0","0","","0","0","0","","","3","N","1","","40 25:45.712","1","4","79 59:56.762","3","0","0","0","2301","0","0","0","N","0","0","0","5","02301","0","","1.0","245.0","1","N","N","N","0","","3","0","1","","2","Y","","3","3","0","0","0","0","1","2","0","3","","","","N","","","","","","","","","",""
"2021122088","0752","1","0","0","0","0","0","0","0","0","4","0","","02","12","2021","3","40.440113","-79.959854","0749","11","0","0","0","0","0","0","0","0","","0","0","0","","","1","","1","","40 26:24.407","1","0","79 57:35.473","3","0","0","0","2301","0","0","0","N","0","0","0","4","02301","0","","1.0","822.0","1","N","N","N","0","","1","0","1","","0","N","","2","1","0","0","0","0","0","2","0","2","","","","N","","","","","","","","","",""
"2021085304","2144","2","0","0","0","0","0","0","0","0","4","0","","02","9","2021","7","40.463083","-79.957389","2124","11","0","0","0","0","0","1","0","0","","0","0","0","","","1","N","0","","40 27:47.100","5","0","79 57:26.600","3","0","0","0","2301","0","0","0","N","0","0","0","2","02301","0","","6.0","2200.0","1","N","N","N","1","","1","0","0","","0","Y","","3","1","1","0","0","0","0","2","0","3","","03","","N","","","","","","","","","",""
"2021101466","0243","3","0","0","0","0","0","0","0","0","4","0","","02","10","2021","1","40.425618","-79.980858","0239","11","0","0","0","0","0","0","0","0","","0","0","0","","","0","","1","","40 25:32.224","","0","79 58:51.088","0","0","0","0","2301","0","0","0","N","0","0","0","2","02301","0","","1.0","","1","N","N","N","0","","0","0","0","","0","","","3","0","0","0","0","0","0","2","0","3","","03","","N","","","","","","","","","",""
"2021083674","0327","1","0","1","0","0","0","0","0","0","5","0","","02","9","2021","2","40.424088","-79.98841","0327","11","0","0","0","0","0","0","0","0","","0","0","0","","","1","N","0","","40 25:26.718","","0","79 59:18.276","2","0","0","0","2301","0","0","0","N","0","0","0","5","02301","0","","2.0","","1","N","N","N","0","","0","1","2","","0","N","","3","1","0","0","0","0","2","2","0","3","","03","","N","","","","","","","","","",""
"2021123788","2237","0","0","0","0","0","0","0","0","0","7","0","","02","12","2021","6","40.418737","-79.988561","2237","11","0","0","0","0","0","0","0","0","","0","0","0","","","1","N","2","","40 25:07.453","4","0","79 59:18.819","3","0","0","0","2301","0","0","0","N","0","0","0","2","02301","0","","5.0","2333.0","9","N","N","N","1","","1","0","0","","0","N","","1","1","0","0","0","0","0","2","0","1","","03","","N","","","","","","","","","",""
"2021118011","","1","0","0","0","0","0","0","0","0","1","0","","02","11","2021","4","40.436081","-79.784908","","11","0","0","0","0","0","1","0","0","","0","0","0","","","1","N","0","","40 26:09.891","","0","79 47:05.668","8","0","0","0","2446","0","0","0","N","0","0","0","2","00000","0","","1.0","","1","N","N","N","0","","0","0","1","","0","","","2","1","0","0","0","1","0","2","0","2","","","","N","","","","","","","","","",""
"2021083061","1618","1","0","0","0","0","0","0","0","0","1","0","","02","9","2021","6","40.375532","-79.796714","1616","11","0","0","0","0","1","0","0","0","","0","0","0","","","0","N","1","","40 22:31.915","4","0","79 47:48.169","0","0","0","0","2111","0","0","0","N","0","0","0","3","02111","0","","1.0","1658.0","1","N","N","N","1","","0","0","0","","2","N","","2","0","0","0","0","0","0","2","0","2","","03","","N","","","","","","","","","",""
"2021125800","0938","0","0","0","0","0","0","1","0","0","8","1","","02","12","2021","4","40.434782","-79.922838","0932","11","0","0","0","0","0","0","1","0","","0","0","0","","","1","","1","","40 26:05.215","6","0","79 55:22.216","8","0","0","0","2301","1","0","0","N","1","0","0","3","02503","0","","1.0","1006.0","1","N","","N","0","","0","0","0","","2","N","","2","1","0","0","0","1","0","2","0","1","","03","","N","","","","","","","","","",""
"2021120689","1457","0","0","0","0","0","0","0","0","0","1","0","","02","11","2021","6","40.425742","-79.903733","1420","11","0","0","0","0","0","1","0","0","","0","0","0","","","1","N","0","","40 25:32.672","4","4","79 54:13.440","8","0","0","0","2301","0","0","0","N","0","0","0","2","68B03","0","","1.0","1500.0","1","N","N","N","0","","0","0","2","","0","N","","2","1","0","0","0","1","0","2","0","2","","03","","N","","","","","","","","","",""
"2021097434","1541","1","0","0","0","0","0","0","0","0","4","0","","02","10","2021","3","40.454076","-79.996814","1532","11","0","0","0","0","0","0","0","0","","0","0","0","","","0","N","1","","40 27:14.672","","0","79 59:48.532","9","0","0","0","2301","0","0","0","N","0","0","0","2","02301","0","","1.0","","1","N","N","Y","0","","0","0","1","","2","","","2","0","0","0","0","0","2","2","0","2","","03","","N","","","","","","","","","",""
"2021105041","1353","1","0","0","0","0","0","0","0","0","3","0","","02","10","2021","1","40.412547","-79.910047","1343","11","0","0","0","0","0","0","1","0","","0","0","0","","","0","N","0","","40 24:45.170","4","0","79 54:36.170","9","0","0","0","2438","0","0","0","N","0","0","0","3","02438","0","","1.0","1430.0","1","N","N","N","0","","0","0","0","","0","N","","2","0","0","0","0","0","1","2","1","2","","03","","N","","","","","","","","","",""
"2021096402","1128","0","0","0","0","0","0","0","0","0","4","0","","02","10","2021","2","40.545673","-80.193936","1127","11","0","0","0","0","0","0","1","0","","0","0","0","","","0","","1","","40 32:44.423","1","0","80 11:38.170","0","0","0","0","2427","0","0","0","N","0","0","0","2","02427","0","","1.0","1150.0","1","N","N","N","1","","0","0","1","","2","N","","2","0","0","0","0","0","0","2","0","2","","","","N","","","","","","","","","",""
"2021127808","1611","1","0","0","0","0","0","0","0","0","4","0","","02","12","2021","1","40.352393","-80.073809","1609","11","1","0","0","0","0","0","0","0","","0","0","0","","","0","","1","","40 21:08.614","1","0","80 04:25.714","0","0","0","0","2123","0","0","0","N","0","0","0","6","02123","0","","1.0","1643.0","1","N","N","N","0","","0","0","1","","3","N","","2","0","0","0","0","0","0","2","0","2","","03","","N","","","","","","","","","",""
"2021083899","0245","1","0","0","0","0","0","0","0","0","1","0","","02","9","2021","2","40.447222","-79.945361","0237","11","0","0","0","0","0","0","0","0","","0","0","0","","","0","","2","","40 26:50.000","","0","79 56:43.300","0","0","0","0","2301","0","0","0","N","0","0","0","2","02301","0","","1.0","","1","N","N","N","0","","0","0","1","","2","","","2","0","0","0","0","0","0","2","0","2","","03","","N","","","","","","","","","",""
"2021101635","0013","1","0","0","0","0","0","0","0","0","7","0","","02","10","2021","1","40.39789","-80.190149","0009","11","0","0","0","0","0","0","0","0","","0","0","0","","","0","N","0","","40 23:52.405","6","0","80 11:24.538","0","0","0","0","2214","0","0","0","N","0","0","0","1","02214","0","","2.0","50.0","1","N","N","N","0","","0","0","0","","3","N","","1","0","0","0","0","0","0","2","0","1","","03","","N","","","","","","","","","",""
"2021122874","1758","1","0","0","0","0","0","0","0","0","4","0","","02","12","2021","4","40.441704","-80.002708","1758","11","0","0","0","0","1","0","0","0","","0","0","0","","","1","","1","","40 26:30.136","2","0","80 00:09.750","3","0","0","1","2301","0","0","0","N","0","0","0","3","02301","0","","1.0","1850.0","1","N","N","N","0","","1","0","0","","2","N","","2","1","0","0","0","0","0","2","0","2","","03","","N","","","","","","","","","",""
"2021123423","1743","1","0","0","0","0","0","0","0","0","5","0","","02","12","2021","5","40.443494","-80.030781","1741","11","0","0","0","0","0","0","0","0","","0","0","0","","","1","N","3","","40 26:36.577","","0","80 01:50.811","3","0","0","0","2301","0","0","0","N","0","0","0","2","02301","0","","1.0","","9","N","N","N","0","","1","0","1","","0","","","2","1","0","0","0","0","1","2","0","2","","","","N","","","","","","","","","",""
"2021127460","0455","1","0","0","0","0","0","0","0","0","6","0","","02","12","2021","3","40.368358","-79.976944","0451","11","0","0","0","0","0","0","0","0","","0","0","0","","","0","N","0","","40 22:06.087","2","0","79 58:36.997","0","0","0","0","2413","0","0","0","N","0","0","0","1","02413","0","","6.0","530.0","9","N","N","Y","1","","0","0","2","","0","N","","4","0","0","0","0","0","0","2","0","4","","","","N","","","","","","","","","",""