"CRN","ARRIVAL_TM","AUTOMOBILE_COUNT","BELTED_DEATH_COUNT","BELTED_SUSP_SERIOUS_INJ_COUNT","BICYCLE_COUNT","BICYCLE_DEATH_COUNT","BICYCLE_SUSP_SERIOUS_INJ_COUNT","BUS_COUNT","CHLDPAS_DEATH_COUNT","CHLDPAS_SUSP_SERIOUS_INJ_COUNT","COLLISION_TYPE","COMM_VEH_COUNT","CONS_ZONE_SPD_LIM","COUNTY","CRASH_MONTH","CRASH_YEAR","DAY_OF_WEEK","DEC_LATITUDE","DEC_LONGITUDE","DISPATCH_TM","DISTRICT","DRIVER_COUNT_16YR","DRIVER_COUNT_17YR","DRIVER_COUNT_18YR","DRIVER_COUNT_19YR","DRIVER_COUNT_20YR","DRIVER_COUNT_50_64YR","DRIVER_COUNT_65_74YR","DRIVER_COUNT_75PLUS","EST_HRS_CLOSED","FATAL_COUNT","HEAVY_TRUCK_COUNT","HORSE_BUGGY_COUNT","HOUR_OF_DAY","ILLUMINATION","INJURY_COUNT","INTERSECTION_RELATED","INTERSECT_TYPE","LANE_CLOSED","LATITUDE","LN_CLOSE_DIR","LOCATION_TYPE","LONGITUDE","MAX_SEVERITY_LEVEL","MCYCLE_DEATH_COUNT","MCYCLE_SUSP_SERIOUS_INJ_COUNT","MOTORCYCLE_COUNT","MUNICIPALITY","NONMOTR_COUNT","NONMOTR_DEATH_COUNT","NONMOTR_SUSP_SERIOUS_INJ_COUNT","NTFY_HIWY_MAINT","PED_COUNT","PED_DEATH_COUNT","PED_SUSP_SERIOUS_INJ_COUNT","PERSON_COUNT","POLICE_AGCY","POSSIBLE_INJ_COUNT","RDWY_SURF_TYPE_CD","RELATION_TO_ROAD","ROADWAY_CLEARED","ROAD_CONDITION","SCH_BUS_IND","SCH_ZONE_IND","SECONDARY_CRASH","SMALL_TRUCK_COUNT","SPEC_JURIS_CD","SUSP_MINOR_INJ_COUNT","SUSP_SERIOUS_INJ_COUNT","SUV_COUNT","TCD_FUNC_CD","TCD_TYPE","TFC_DETOUR_IND","TIME_OF_DAY","TOTAL_UNITS","TOT_INJ_COUNT","UNBELTED_OCC_COUNT","UNB_DEATH_COUNT","UNB_SUSP_SERIOUS_INJ_COUNT","UNK_INJ_DEG_COUNT","UNK_INJ_PER_COUNT","URBAN_RURAL","VAN_COUNT","VEHICLE_COUNT","WEATHER1","WEATHER2","WORKERS_PRES","WORK_ZONE_IND","WORK_ZONE_LOC","WORK_ZONE_TYPE","WZ_CLOSE_DETOUR","WZ_FLAGGER","WZ_LAW_OFFCR_IND","WZ_LN_CLOSURE","WZ_MOVING","WZ_OTHER","WZ_SHLDER_MDN","WZ_WORKERS_INJ_KILLED"
"2021123805","1930","0","0","0","0","0","0","0","0","0","1","0","","02","12","2021","6","40.370983","-80.043619","1930","11","0","0","0","0","0","0","0","0","","0","0","0","","","0","N","0","","40 22:15.540","","0","80 02:37.030","9","0","0","0","2109","0","0","0","N","0","0","0","1","02109","0","","1.0","","1","N","N","N","0","","0","0","2","","0","","","2","0","0","0","0","0","1","2","0","2","","","","N","","","","","","","","","",""
"2021126780","2245","2","0","0","0","0","0","0","0","0","1","0","","02","12","2021","5","40.461735","-79.89463","2230","11","0","0","0","0","0","1","0","0","","0","0","0","","","0","N","2","","40 27:42.246","4","0","79 53:40.667","9","0","0","0","2301","0","0","0","N","0","0","0","2","02301","0","","2.0","2300.0","1","N","N","N","0","","0","0","0","","3","N","","2","0","0","0","0","0","1","2","0","2","","03","","N","","","","","","","","","",""
"2021125113","1757","0","0","0","0","0","0","0","0","0","4","0","","02","12","2021","3","40.560411","-80.039463","1754","11","0","0","0","0","0","0","0","0","","0","0","0","","","0","","2","","40 33:37.478","5","0","80 02:22.068","0","0","0","0","2108","0","0","0","N","0","0","0","2","02108","0","","1.0","1814.0","1","N","N","N","0","","0","0","2","","3","N","","2","0","0","0","0","0","0","2","0","2","","","","N","","","","","","","","","",""
"2021124046","0340","3","0","0","0","0","0","0","0","0","5","0","","02","12","2021","7","40.325367","-79.892471","0340","11","0","0","0","0","0","0","0","0","","0","0","0","","","0","N","0","","40 19:31.320","2","0","79 53:32.896","0","0","0","0","2433","0","0","0","N","0","0","0","1","02433","0","","5.0","415.0","9","N","N","Y","0","","0","0","0","","0","Y","","3","0","0","0","0","0","0","2","0","3","","07","","N","","","","","","","","","",""
"2021101363","1005","1","0","0","0","0","0","0","0","0","2","0","","02","10","2021","1","40.442353","-79.799875","1000","11","0","0","0","0","0","1","0","0","","0","0","0","","","1","N","0","","40 26:32.470","","0","79 47:59.550","8","0","0","0","2113","0","0","0","N","0","0","0","2","02113","0","","1.0","","9","N","N","N","0","","0","0","1","","0","","","2","1","0","0","0","1","0","2","0","2","","","","N","","","","","","","","","",""
"2021126141","1802","0","0","0","0","0","0","0","0","0","98","0","","02","12","2021","3","40.462774","-80.103771","1759","11","0","0","0","0","0","0","1","0","","0","0","0","","","0","N","0","","40 27:45.987","","0","80 06:13.574","0","0","0","0","2126","0","0","0","N","0","0","0","1","02126","0","","1.0","","1","N","N","N","0","","0","0","1","","0","","","1","0","0","0","0","0","0","2","0","1","","03","","N","","","","","","","","","",""
"2021125496","1637","2","0","0","0","0","0","0","0","0","2","0","","02","12","2021","4","40.606378","-80.051626","1631","11","0","1","0","0","0","0","0","1","","0","0","0","","","1","Y","0","","40 36:22.960","5","7","80 03:05.852","8","0","0","0","2108","0","0","0","N","0","0","0","2","02108","0","","1.0","1720.0","1","N","N","N","0","","0","0","0","","3","N","","2","1","0","0","0","1","0","2","0","2","","03","","N","","","","","","","","","",""
"2021124386","0823","2","0","0","0","0","0","0","0","0","4","0","","02","12","2021","6","40.604612","-79.927164","0820","11","0","0","0","0","1","0","0","0","","0","0","0","","","1","","2","","40 36:16.603","2","0","79 55:37.789","8","0","0","0","2207","0","0","0","N","0","0","0","2","02207","0","","1.0","850.0","1","N","N","N","0","","0","0","0","","0","N","","2","1","0","0","0","1","1","2","0","2","","03","","N","","","","","","","","","",""
"2021126244","0757","1","0","0","0","0","0","0","0","0","4","0","","02","12","2021","5","40.38889","-80.098579","0745","11","0","0","0","0","0","1","0","0","","0","0","0","","","1","N","0","","40 23:20.003","","0","80 05:54.885","8","0","0","0","2102","0","0","0","N","0","0","0","2","68B03","0","","1.0","","1","N","N","N","1","","0","0","0","","0","","","2","1","0","0","0","1","0","2","0","2","","03","","N","","","","","","","","","",""
"2021122967","1745","4","0","0","0","0","0","0","0","0","1","0","","02","12","2021","4","40.482962","-79.867322","1739","11","0","0","0","0","0","1","0","0","","0","0","0","","","1","N","0","","40 28:58.663","4","0","79 52:02.358","4","0","0","0","2113","0","0","0","N","0","0","0","8","02113","1","","1.0","1829.0","1","N","N","N","0","","0","0","0","","0","Y","","4","1","1","0","0","0","0","2","0","4","","03","","N","","","","","","","","","",""
"2021126196","1917","1","0","0","0","0","0","0","0","0","1","0","","02","11","2021","7","40.428817","-79.934163","1903","11","0","0","0","0","0","1","0","0","","0","0","0","","","0","N","0","","40 25:43.742","3","0","79 56:02.986","0","0","0","0","2301","0","0","0","N","0","0","0","4","68B03","0","","1.0","1955.0","1","N","N","N","0","","0","0","2","","0","N","","3","0","0","0","0","0","0","2","0","3","","","","N","","","","","","","","","",""
"2021123239","1657","0","0","0","0","0","0","0","0","0","2","0","","02","12","2021","4","40.673862","-80.036208","1655","11","0","0","1","0","0","0","0","0","","0","0","0","","","1","","2","","40 40:25.903","7","0","80 02:10.350","8","0","0","0","2216","0","0","0","N","0","0","0","4","02505","0","","1.0","1739.0","1","N","N","N","0","","0","0","2","","0","N","","3","1","0","0","0","1","0","2","1","3","","03","","N","","","","","","","","","",""
"2021127735","1627","2","0","0","0","0","0","0","0","0","1","0","","02","12","2021","1","40.434416","-79.989624","1623","11","0","0","0","0","0","1","0","0","","0","0","0","","","0","N","0","","40 26:03.897","4","0","79 59:22.646","0","0","0","0","2301","0","0","0","N","0","0","0","4","68B03","0","","1.0","45.0","1","N","N","N","0","","0","0","0","","0","N","","2","0","0","0","0","0","0","2","0","2","","03","","N","","","","","","","","","",""
"2021122330","1322","0","0","0","0","0","0","0","0","0","0","1","","02","12","2021","3","40.381278","-79.813632","1318","11","0","0","0","0","0","1","0","0","","0","1","0","","","1","N","0","","40 22:52.599","6","0","79 48:49.076","3","0","0","0","2424","0","0","0","N","0","0","0","1","02424","0","","1.0","1649.0","1","N","N","N","0","","1","0","0","","0","Y","","1","1","1","0","0","0","0","2","0","1","","03","","N","","","","","","","","","",""
"2021125451","1333","0","0","0","0","0","0","0","0","0","1","1","","02","12","2021","1","40.666614","-79.933759","1323","11","0","0","0","0","0","2","0","0","","0","1","0","","","2","N","1","","40 39:59.810","5","0","79 56:01.532","3","0","0","0","2217","0","0","0","N","0","0","0","4","02505","0","","1.0","1448.0","1","N","N","N","0","","2","0","2","","2","Y","","3","2","0","0","0","0","0","1","0","3","","03","","N","","","","","","","","","",""
"2021124759","2237","3","0","0","0","0","0","0","0","0","1","0","","02","12","2021","1","40.449959","-79.986363","2231","11","0","0","0","0","0","0","0","0","","0","0","0","","","0","N","0","","40 26:59.851","","0","79 59:10.908","0","0","0","0","2301","0","0","0","N","0","0","0","0","02301","0","","4.0","","1","N","N","N","1","","0","0","0","","0","","","4","0","0","0","0","0","0","2","0","4","","03","","N","","","","","","","","","",""
"2021126232","0727","0","0","0","0","0","0","0","0","0","1","0","","02","12","2021","3","40.420175","-80.050767","0700","11","0","0","0","0","0","0","2","0","","0","0","0","","","1","N","0","","40 25:12.629","4","2","80 03:02.760","3","0","0","0","2435","0","0","0","N","0","0","0","2","68B03","0","","1.0","758.0","1","N","N","N","0","","1","0","2","","4","N","","2","1","0","0","0","0","0","2","0","2","","03","","N","","","","","","","","","",""
"2021123754","1004","2","0","0","0","0","0","0","0","0","2","0","","02","12","2021","6","40.457246","-79.904355","1000","11","0","0","0","0","0","2","0","0","","0","0","0","","","0","","1","","40 27:26.085","","0","79 54:15.677","0","0","0","0","2301","0","0","0","N","0","0","0","3","02301","0","","1.0","","1","N","N","N","0","","0","0","0","","3","","","2","0","0","0","0","0","0","2","0","2","","","","N","","","","","","","","","",""
"2021123787","0119","2","0","0","0","0","0","0","0","0","4","0","","02","12","2021","7","40.456469","-79.896671","0114","11","0","0","0","0","0","0","0","0","","0","0","0","","","1","","1","","40 27:23.287","3","0","79 53:48.017","4","0","0","0","2301","0","0","0","N","0","0","0","3","02301","1","","1.0","200.0","9","N","N","Y","0","","0","0","0","","2","N","","2","1","0","0","0","0","1","2","0","2","","","","N","","","","","","","","","",""
"2021123475","0203","1","0","0","0","0","0","0","0","0","0","0","","02","12","2021","6","40.419889","-79.746806","0202","11","0","0","0","0","0","0","0","0","","0","0","0","","","2","N","0","","40 25:11.600","3","0","79 44:48.500","2","0","0","0","2446","0","0","0","N","0","0","0","2","02446","0","","5.0","320.0","1","N","N","N","0","","1","1","0","","0","N","","1","2","2","0","1","0","0","2","0","1","","","","N","","","","","","","","","",""
"2021125586","1105","0","0","0","0","0","0","0","0","0","7","0","","02","12","2021","2","40.427053","-79.891458","1040","11","0","0","0","0","0","0","0","0","","0","0","0","","","1","N","0","","40 25:37.389","3","0","79 53:29.250","8","0","0","0","2301","0","0","0","Y","0","0","0","1","68B03","0","","5.0","1110.0","9","N","N","N","1","","0","0","0","","0","N","","1","1","1","0","0","1","0","2","0","1","","07","","N","","","","","","","","","",""
"2021122331","1702","0","0","0","0","0","0","0","0","0","4","0","","02","12","2021","3","40.447329","-79.943843","1702","11","0","0","0","0","0","0","0","0","","0","0","0","","","0","N","2","","40 26:50.383","4","0","79 56:37.836","0","0","0","0","2301","0","0","0","N","0","0","0","4","02301","0","","1.0","1730.0","1","N","N","N","0","","0","0","2","","3","N","","2","0","0","0","0","0","0","2","0","2","","03","","N","","","","","","","","","",""
"2021126204","0634","1","0","0","0","0","0","0","0","0","1","0","","02","12","2021","2","40.428968","-79.944997","0632","11","0","0","0","0","0","0","0","0","","0","0","0","","","0","N","0","","40 25:44.283","4","0","79 56:41.988","0","0","0","0","2301","0","0","0","N","0","0","0","2","68B03","0","","1.0","645.0","9","N","N","N","1","","0","0","0","","0","N","","2","0","0","0","0","0","0","2","0","2","","","","N","","","","","","","","","",""
"2021123764","2113","2","0","0","0","0","0","0","0","0","1","0","","02","12","2021","6","40.4554","-79.943762","2103","11","0","0","0","0","0","0","0","0","","0","0","0","","","0","","2","","40 27:19.441","3","0","79 56:37.542","0","0","0","0","2301","0","0","0","N","0","0","0","1","02301","0","","1.0","2200.0","9","N","N","N","0","","0","0","0","","0","N","","2","0","0","0","0","0","0","2","0","2","","07","","N","","","","","","","","","",""
"2021124684","1939","2","0","0","0","0","0","0","0","0","1","0","","02","12","2021","1","40.428229","-79.889614","1916","11","0","0","0","0","0","0","1","1","","0","0","0","","","0","N","0","","40 25:41.623","3","0","79 53:22.612","0","0","0","0","2426","0","0","0","N","0","0","0","2","68B03","0","","1.0","30.0","1","N","N","N","0","","0","0","0","","0","N","","2","0","0","0","0","0","0","2","0","2","","03","","N","","","","","","","","","",""
"2021123546","0906","2","0","0","0","0","0","0","0","0","1","0","","02","12","2021","6","40.646612","-80.031843","0856","11","0","0","0","0","0","0","0","2","","0","0","0","","","0","N","0","","40 38:47.804","2","0","80 01:54.634","0","0","0","0","2216","0","0","0","N","0","0","0","2","02505","0","","1.0","930.0","1","N","N","N","0","","0","0","0","","0","N","","2","0","0","0","0","0","0","1","0","2","","","","N","","","","","","","","","",""
"2021128223","1535","0","0","0","0","0","0","0","0","0","7","0","","02","12","2021","7","40.488845","-80.009334","1512","11","0","0","0","0","0","0","0","0","","0","0","0","","","0","N","0","","40 29:19.843","","0","80 00:33.601","0","0","0","0","2301","0","0","0","N","0","0","0","2","68B03","0","","4.0","","9","N","N","N","0","","0","0","1","","0","","","1","0","0","0","0","0","0","2","0","1","","04","","N","","","","","","","","","",""
"2021115327","1013","1","0","0","0","0","0","1","0","0","4","1","","02","11","2021","6","40.425028","-79.980861","1005","11","0","0","0","1","0","0","0","0","","0","0","0","","","4","N","0","","40 25:30.100","7","0","79 58:51.100","3","0","0","0","2301","0","0","0","N","0","0","0","5","02503","2","","1.0","1134.0","1","N","N","Y","0","","2","0","1","","0","Y","","3","4","0","0","0","0","0","2","0","3","","","","N","","","","","","","","","",""
"2021125008","1530","0","0","0","0","0","0","0","0","0","4","0","","02","12","2021","3","40.455576","-79.888103","1529","11","0","0","0","0","0","1","0","0","","0","0","0","","","0","","1","","40 27:20.073","3","0","79 53:17.170","0","0","0","0","2301","0","0","0","N","0","0","0","3","02301","0","","1.0","45.0","1","N","N","N","0","","0","0","1","","2","N","","2","0","0","0","0","0","0","2","1","2","","03","","N","","","","","","","","","",""
"2021111295","1030","1","1","0","0","0","0","0","0","0","4","0","","02","11","2021","2","40.380194","-79.828528","1027","11","0","0","0","0","0","0","0","0","","1","0","0","","","3","N","1","","40 22:48.700","4","0","79 49:42.700","1","0","0","0","2111","0","0","0","N","0","0","0","5","02111","0","2","1.0","1356.0","1","N","N","N","0","0","0","0","1","","2","Y","","2","3","0","0","0","3","0","2","0","2","","03","","N","","","","","","","","","",""
"2021118816","0850","0","0","0","0","0","0","1","0","0","8","1","","02","12","2021","2","40.450025","-79.903741","0846","11","0","0","0","0","0","0","0","0","","0","0","0","","","1","N","1","","40 27:00.091","7","0","79 54:13.468","2","0","0","0","2301","1","0","1","N","1","0","1","30","02301","0","","1.0","900.0","9","Y","N","N","0","","0","1","0","","2","Y","","2","1","0","0","0","0","0","2","0","1","","","","N","","","","","","","","","",""
"2021125179","1813","0","0","0","0","0","0","0","0","0","1","0","","02","12","2021","5","40.502466","-80.13603","1752","11","0","0","0","0","0","1","0","0","","0","0","0","","","0","N","0","","40 30:08.879","","2","80 08:09.708","0","0","0","0","2115","0","0","0","N","0","0","0","2","68B03","0","","1.0","","9","N","N","N","1","","0","0","1","","4","","","2","0","0","0","0","0","0","2","0","2","","07","","N","","","","","","","","","",""
"2021124182","0404","2","0","0","0","0","0","0","0","0","1","0","","02","12","2021","1","40.462546","-79.915308","0400","11","0","0","0","0","0","0","0","0","","0","0","0","","","0","N","0","","40 27:45.164","2","0","79 54:55.108","9","0","0","0","2301","0","0","0","N","0","0","0","2","02301","0","","2.0","416.0","9","N","N","N","0","","0","0","2","","0","Y","","4","0","0","0","0","0","2","2","0","4","","06","","N","","","","","","","","","",""
"2021123854","0628","0","0","0","0","0","0","0","0","0","8","0","","02","12","2021","7","40.460669","-79.922723","0624","11","0","0","0","0","0","1","0","0","","0","1","0","","","1","N","1","","40 27:38.408","3","0","79 55:21.801","3","0","0","0","2301","1","0","0","N","1","0","0","2","02301","0","","1.0","636.0","9","N","N","N","0","","1","0","0","","2","N","","2","1","0","0","0","0","0","2","0","1","","04","","N","","","","","","","","","",""
"2021122501","1448","2","0","0","0","0","0","0","0","0","1","0","","02","12","2021","2","40.439681","-79.754925","1443","11","0","0","0","0","0","0","1","0","","0","0","0","","","1","Y","0","","40 26:22.852","","0","79 45:17.731","4","0","0","0","2446","0","0","0","N","0","0","0","2","02446","1","","1.0","","1","N","N","N","0","","0","0","0","","0","","","2","1","0","0","0","0","0","2","0","2","","","","N","","","","","","","","","",""
"2021126193","1559","0","0","0","0","0","0","0","0","0","1","0","","02","11","2021","2","40.435868","-79.969207","1553","11","0","0","0","0","0","1","0","0","","0","0","0","","","0","N","0","","40 26:09.126","4","0","79 58:09.144","0","0","0","0","2301","0","0","0","N","0","0","0","2","68B03","0","","1.0","1415.0","1","N","N","N","0","","0","0","2","","0","N","","2","0","0","0","0","0","0","2","0","2","","","","N","","","","","","","","","",""
"2021125196","2044","2","0","0","0","0","0","0","0","0","1","0","","02","12","2021","7","40.425587","-79.904646","2034","11","0","0","0","0","0","0","0","0","","0","0","0","","","0","N","0","","40 25:32.114","3","0","79 54:16.725","0","0","0","0","2301","0","0","0","N","0","0","0","3","68B03","0","","1.0","45.0","9","N","N","N","0","","0","0","0","","0","N","","2","0","0","0","0","0","0","2","0","2","","07","","N","","","","","","","","","",""
"2021125695","2327","0","0","0","0","0","0","0","0","0","7","0","","02","12","2021","7","40.311503","-80.052019","2322","11","0","0","0","0","0","0","0","0","","0","0","0","","","1","N","0","","40 18:41.410","","0","80 03:07.268","3","0","0","0","2407","0","0","0","N","0","0","0","1","02407","0","","5.0","","1","N","N","N","1","","1","0","0","","0","","","1","1","1","0","0","0","0","2","0","1","","","","N","","","","","","","","","",""
"2021124224","1620","2","0","0","0","0","0","0","0","0","1","0","","02","12","2021","1","40.449879","-79.998002","1616","11","0","0","0","0","0","0","0","0","","0","0","0","","","0","","6","","40 26:59.565","1","2","79 59:52.806","0","0","0","0","2301","0","0","0","N","0","0","0","4","02301","0","","1.0","1700.0","1","N","N","N","0","","0","0","0","","4","Y","","2","0","0","0","0","0","0","2","0","2","","04","","N","","","","","","","","","",""
"2021124270","1820","2","0","0","0","0","0","0","0","0","4","0","","02","12","2021","3","40.397668","-79.769328","1805","11","0","0","0","0","0","0","0","0","","0","0","0","","","0","N","1","","40 23:51.606","","0","79 46:09.579","0","0","0","0","2446","0","0","0","N","0","0","0","3","02446","0","","1.0","","1","N","N","N","0","","0","0","0","","2","","","2","0","0","0","0","0","0","2","0","2","","","","N","","","","","","","","","",""
"2021121743","1216","1","0","0","0","0","0","0","0","0","5","0","","02","12","2021","2","40.398678","-80.082799","1214","11","0","0","0","0","0","2","0","0","","0","0","0","","","0","N","0","","40 23:55.239","","0","80 04:58.078","0","0","0","0","2102","0","0","0","Y","0","0","0","2","02102","0","","1.0","","1","N","N","N","1","","0","0","0","","0","","","2","0","0","0","0","0","0","2","0","2","","","","N","","","","","","","","","",""
"2021118008","","0","0","0","0","0","0","0","0","0","4","0","","02","5","2021","7","40.419626","-79.927168","","11","0","0","0","0","0","0","1","0","","0","0","0","","","0","","5","","40 25:10.655","","0","79 55:37.803","0","0","0","0","2301","0","0","0","N","0","0","0","3","00000","0","","1.0","","1","N","N","N","0","","0","0","2","","2","","","2","0","0","0","0","0","0","2","0","2","","","","N","","","","","","","","","",""
"2021122076","1440","1","0","0","0","0","0","0","0","0","4","0","","02","12","2021","2","40.451128","-79.982444","1430","11","0","0","0","0","0","1","1","0","","0","0","0","","","0","","1","","40 27:04.060","4","0","79 58:56.798","0","0","0","0","2301","0","0","0","N","0","0","0","2","02301","0","","1.0","1455.0","1","N","N","N","1","","0","0","0","","2","N","","2","0","0","0","0","0","0","2","0","2","","03","","N","","","","","","","","","",""
"2021125120","1416","1","0","0","0","0","0","0","0","0","5","1","","02","11","2021","5","40.440691","-80.111449","1401","11","0","0","0","0","0","0","0","0","","0","1","0","","","0","N","0","","40 26:26.489","2","0","80 06:41.217","0","0","0","0","2115","0","0","0","N","0","0","0","1","68B03","0","","1.0","1457.0","1","N","N","N","0","","0","0","0","","0","N","","2","0","0","0","0","0","0","2","0","2","","","","N","","","","","","","","","",""
"2021082502","1757","1","0","0","0","0","0","0","0","0","2","0","","02","8","2021","1","40.463717","-80.032119","1728","11","0","0","0","0","0","1","0","0","","0","0","0","","","1","","1","","40 27:49.382","","0","80 01:55.630","3","0","0","1","2301","0","0","0","N","0","0","0","1","02301","0","","1.0","","1","N","N","N","0","","1","0","0","","0","","","2","1","0","0","0","0","0","2","0","2","","","","N","","","","","","","","","",""
"2021125746","0715","1","0","0","0","0","0","0","0","0","8","0","","02","12","2021","5","40.488409","-79.937155","0708","11","0","0","0","0","0","0","0","0","","0","0","0","","","1","","2","","40 29:18.274","","0","79 56:13.758","3","0","0","0","2301","1","0","0","N","1","0","0","2","02301","0","","1.0","","1","N","N","N","0","","1","0","0","","3","","","2","1","1","0","0","0","0","2","0","1","","","","N","","","","","","","","","",""
"2021124706","1816","0","0","0","0","0","0","0","0","0","0","0","","02","12","2021","6","40.637656","-79.993145","1801","11","0","0","0","0","0","0","0","0","","0","0","0","","","0","N","0","","40 38:15.562","4","0","79 59:35.323","0","0","0","0","2216","0","0","0","N","0","0","0","1","68T02","0","","1.0","1930.0","1","N","N","N","0","","0","0","1","","0","N","","1","0","0","0","0","0","0","1","0","1","","03","","N","","","","","","","","","",""
"2021123800","0458","1","0","0","0","0","0","0","0","0","7","0","","02","12","2021","7","40.465919","-79.838562","0458","11","0","0","0","0","0","0","0","0","","0","0","0","","","0","N","0","","40 27:57.310","","7","79 50:18.824","0","0","0","0","2113","0","0","0","N","0","0","0","1","02113","0","","4.0","","9","N","N","N","0","","0","0","0","","0","","","1","0","0","0","0","0","0","2","0","1","","","","N","","","","","","","","","",""
"2021112758","1240","0","0","0","0","0","0","0","0","0","7","0","","02","11","2021","6","40.460978","-79.871811","1230","11","0","0","0","0","0","1","0","0","","0","0","0","","","1","N","0","","40 27:39.520","3","0","79 52:18.519","3","0","0","0","2301","0","0","0","N","0","0","0","1","02301","0","","5.0","1330.0","1","N","N","N","1","","1","0","0","","0","Y","","1","1","0","0","0","0","0","2","0","1","","","","N","","","","","","","","","",""
"2021123842","0733","1","0","0","0","0","0","0","0","0","7","0","","02","12","2021","7","40.254312","-79.800729","0724","11","0","0","0","0","0","0","0","0","","0","0","0","","","0","N","2","","40 15:15.522","7","0","79 48:02.626","0","0","0","0","2105","0","0","0","Y","0","0","0","1","02105","0","","5.0","813.0","9","N","N","N","0","","0","0","0","","0","Y","","1","0","0","0","0","0","0","1","0","1","","","","N","","","","","","","","","",""
"2021124358","0656","0","0","0","0","0","0","0","0","0","2","0","","02","12","2021","2","40.539688","-79.934524","0648","11","0","0","0","0","0","0","0","0","","0","0","0","","","0","N","0","","40 32:22.876","6","0","79 56:04.287","0","0","0","0","2209","0","0","0","N","0","0","0","1","02209","0","","1.0","0.0","1","N","N","N","0","","0","0","2","","0","N","","2","0","0","0","0","0","0","2","0","2","","","","N","","","","","","","","","",""
"2021123761","0134","1","0","0","0","0","0","0","0","0","2","1","","02","11","2021","7","40.361764","-79.868101","0128","11","0","0","0","0","0","0","0","0","","0","1","0","","","0","N","0","","40 21:42.349","","0","79 52:05.163","0","0","0","0","2473","0","0","0","N","0","0","0","1","02473","0","","2.0","","1","N","N","N","0","","0","0","0","","0","","","2","0","0","0","0","0","0","2","0","2","","","","N","","","","","","","","","",""
"2021124308","1405","2","0","0","0","0","0","0","0","0","6","0","","02","12","2021","7","40.298876","-80.047182","1401","11","1","0","1","0","0","0","0","0","","0","0","0","","","0","N","0","","40 17:55.955","","0","80 02:49.854","0","0","0","0","2407","0","0","0","N","0","0","0","2","02407","0","","1.0","","1","N","N","Y","0","","0","0","0","","0","","","2","0","0","0","0","0","0","2","0","2","","","","N","","","","","","","","","",""
"2021127627","2006","2","0","0","0","0","0","0","0","0","4","0","","02","12","2021","2","40.581595","-79.921713","2004","11","0","0","0","1","0","0","0","0","","0","0","0","","","2","","1","","40 34:53.742","5","0","79 55:18.168","4","0","0","0","2207","0","0","0","N","0","0","0","3","02207","2","","1.0","2033.0","9","N","N","N","0","","0","0","0","","3","N","","2","2","0","0","0","0","0","1","0","2","","04","","N","","","","","","","","","",""
"2021119933","1049","1","0","0","0","0","0","0","0","0","7","0","","02","12","2021","4","40.342012","-79.975065","1044","11","0","0","0","0","0","0","0","0","","0","0","0","","","0","N","2","","40 20:31.243","","0","79 58:30.233","0","0","0","0","2403","0","0","0","N","0","0","0","1","02403","0","","4.0","","1","N","N","N","0","","0","0","0","","3","","","1","0","0","0","0","0","0","2","0","1","","04","","N","","","","","","","","","",""
"2021124151","0930","1","0","0","0","0","0","0","0","0","1","0","","02","12","2021","3","40.439632","-80.189016","0917","11","0","0","1","0","0","0","0","0","","0","0","0","","","0","N","0","","40 26:22.676","","0","80 11:20.457","0","0","0","0","2214","0","0","0","N","0","0","0","3","68B03","0","","1.0","","1","N","N","N","0","","0","0","2","","0","","","3","0","0","0","0","0","0","2","0","3","","03","","N","","","","","","","","","",""
"2021123022","0446","1","0","0","0","0","0","0","0","0","7","0","","02","12","2021","5","40.310541","-79.826694","0445","11","0","0","0","0","0","0","0","0","","0","0","0","","","1","N","1","","40 18:37.948","","3","79 49:36.097","4","0","0","0","2105","0","0","0","N","0","0","0","1","02105","1","","2.0","","1","N","N","N","0","","0","0","0","","2","","","1","1","0","0","0","0","0","2","0","1","","03","","N","","","","","","","","","",""
"2021122985","1410","1","0","0","0","0","0","0","0","0","7","0","","02","12","2021","1","40.427847","-80.126667","1404","11","0","0","0","0","0","0","1","0","","1","0","0","","","0","N","0","","40 25:40.250","6","0","80 07:36.000","1","0","0","0","2115","0","0","0","N","0","0","0","1","02115","0","2","2.0","1725.0","1","N","N","N","0","0","0","0","0","","0","Y","","1","0","1","1","0","0","0","2","0","1","","","","N","","","","","","","","","",""
"2021123778","2357","0","0","0","0","0","0","0","0","0","7","0","","02","12","2021","6","40.384771","-80.210995","2353","11","0","0","0","0","0","0","0","0","","0","0","0","","","0","","2","","40 23:05.175","4","0","80 12:39.582","0","0","0","0","2214","0","0","0","N","0","0","0","1","02214","0","","5.0","55.0","9","N","N","N","1","","0","0","0","","0","N","","1","0","0","0","0","0","0","2","0","1","","04","","N","","","","","","","","","",""
"2021125658","1545","0","0","0","0","0","0","0","0","0","1","0","","02","12","2021","4","40.53654","-80.184319","1535","11","0","0","0","0","0","1","0","0","","0","0","0","","","0","","2","","40 32:11.544","","0","80 11:03.548","0","0","0","0","2458","0","0","0","N","0","0","0","3","02458","0","","1.0","","1","N","N","N","0","","0","0","2","","2","","","2","0","0","0","0","0","0","2","0","2","","","","N","","","","","","","","","",""
"2021124380","0836","2","0","0","0","0","0","0","0","0","1","0","","02","12","2021","2","40.361279","-79.932747","0833","11","0","0","0","0","0","1","0","0","","0","0","0","","","0","N","0","","40 21:40.603","1","0","79 55:57.890","9","0","0","0","2473","0","0","0","N","0","0","0","4","02473","0","","1.0","850.0","1","N","N","N","1","","0","0","1","","0","Y","","4","0","0","0","0","0","1","2","0","4","","03","","N","","","","","","","","","",""