"CRN","ARRIVAL_TM","AUTOMOBILE_COUNT","BELTED_DEATH_COUNT","BELTED_SUSP_SERIOUS_INJ_COUNT","BICYCLE_COUNT","BICYCLE_DEATH_COUNT","BICYCLE_SUSP_SERIOUS_INJ_COUNT","BUS_COUNT","CHLDPAS_DEATH_COUNT","CHLDPAS_SUSP_SERIOUS_INJ_COUNT","COLLISION_TYPE","COMM_VEH_COUNT","CONS_ZONE_SPD_LIM","COUNTY","CRASH_MONTH","CRASH_YEAR","DAY_OF_WEEK","DEC_LATITUDE","DEC_LONGITUDE","DISPATCH_TM","DISTRICT","DRIVER_COUNT_16YR","DRIVER_COUNT_17YR","DRIVER_COUNT_18YR","DRIVER_COUNT_19YR","DRIVER_COUNT_20YR","DRIVER_COUNT_50_64YR","DRIVER_COUNT_65_74YR","DRIVER_COUNT_75PLUS","EST_HRS_CLOSED","FATAL_COUNT","HEAVY_TRUCK_COUNT","HORSE_BUGGY_COUNT","HOUR_OF_DAY","ILLUMINATION","INJURY_COUNT","INTERSECTION_RELATED","INTERSECT_TYPE","LANE_CLOSED","LATITUDE","LN_CLOSE_DIR","LOCATION_TYPE","LONGITUDE","MAX_SEVERITY_LEVEL","MCYCLE_DEATH_COUNT","MCYCLE_SUSP_SERIOUS_INJ_COUNT","MOTORCYCLE_COUNT","MUNICIPALITY","NONMOTR_COUNT","NONMOTR_DEATH_COUNT","NONMOTR_SUSP_SERIOUS_INJ_COUNT","NTFY_HIWY_MAINT","PED_COUNT","PED_DEATH_COUNT","PED_SUSP_SERIOUS_INJ_COUNT","PERSON_COUNT","POLICE_AGCY","POSSIBLE_INJ_COUNT","RDWY_SURF_TYPE_CD","RELATION_TO_ROAD","ROADWAY_CLEARED","ROAD_CONDITION","SCH_BUS_IND","SCH_ZONE_IND","SECONDARY_CRASH","SMALL_TRUCK_COUNT","SPEC_JURIS_CD","SUSP_MINOR_INJ_COUNT","SUSP_SERIOUS_INJ_COUNT","SUV_COUNT","TCD_FUNC_CD","TCD_TYPE","TFC_DETOUR_IND","TIME_OF_DAY","TOTAL_UNITS","TOT_INJ_COUNT","UNBELTED_OCC_COUNT","UNB_DEATH_COUNT","UNB_SUSP_SERIOUS_INJ_COUNT","UNK_INJ_DEG_COUNT","UNK_INJ_PER_COUNT","URBAN_RURAL","VAN_COUNT","VEHICLE_COUNT","WEATHER1","WEATHER2","WORKERS_PRES","WORK_ZONE_IND","WORK_ZONE_LOC","WORK_ZONE_TYPE","WZ_CLOSE_DETOUR","WZ_FLAGGER","WZ_LAW_OFFCR_IND","WZ_LN_CLOSURE","WZ_MOVING","WZ_OTHER","WZ_SHLDER_MDN","WZ_WORKERS_INJ_KILLED"
"2021055746","1717","1","0","0","0","0","0","0","0","0","4","0","","02","6","2021","4","40.617032","-79.945907","1716","11","0","0","0","0","0","1","1","0","","0","0","0","","","1","N","2","","40 37:01.315","1","0","79 56:45.264","3","0","0","0","2217","0","0","0","N","0","0","0","3","02505","0","","1.0","1750.0","1","N","N","N","0","","1","0","1","","0","N","","2","1","0","0","0","0","0","2","0","2","","03","","N","","","","","","","","","",""
"2021022188","2006","1","0","0","0","0","0","0","0","0","7","0","","02","3","2021","7","40.456856","-79.955028","1952","11","0","0","0","0","0","0","0","0","","0","0","0","","","0","","3","","40 27:24.681","2","0","79 57:18.101","0","0","0","0","2301","0","0","0","N","0","0","0","1","02301","0","","3.0","2045.0","1","N","N","N","0","","0","0","0","","0","N","","1","0","0","0","0","0","0","2","0","1","","03","","N","","","","","","","","","",""
"2021029340","1021","0","0","0","0","0","0","0","0","0","1","0","55","02","3","2021","2","40.467124","-80.197965","0943","11","0","0","0","0","1","0","1","0","","0","0","0","","","0","N","0","","40 28:01.645","3","0","80 11:52.675","0","0","0","0","2213","0","0","0","N","0","0","0","2","68B03","0","","1.0","100.0","1","N","N","N","0","","0","0","2","","8","Y","","2","0","0","0","0","0","0","2","0","2","","","N","Y","2","2","","","N","Y","Y","","","N"
"2021033315","1530","0","0","0","0","0","0","0","0","0","7","0","","02","3","2021","4","40.453888","-79.997073","1517","11","0","0","0","0","0","0","0","0","","0","0","0","","","0","N","0","","40 27:13.996","","0","79 59:49.462","0","0","0","0","2301","0","0","0","N","0","0","0","1","68B03","0","","4.0","","1","N","N","N","1","","0","0","0","","0","","","1","0","0","0","0","0","0","2","0","1","","","","N","","","","","","","","","",""
"2021026811","1136","1","0","0","0","0","0","0","0","0","4","0","","02","3","2021","2","40.372984","-80.099265","1136","11","0","0","0","0","0","0","2","0","","0","0","0","","","0","","2","","40 22:22.744","","0","80 05:57.354","0","0","0","0","2102","0","0","0","N","0","0","0","3","02102","0","","1.0","","1","N","N","N","1","","0","0","0","","2","","","2","0","1","0","0","0","0","2","0","2","","","","N","","","","","","","","","",""
"2021027225","1855","0","0","0","0","0","0","0","0","0","1","0","","02","3","2021","3","40.435866","-79.961346","1850","11","0","0","0","0","0","0","1","0","","0","0","0","","","0","N","1","","40 26:09.118","2","0","79 57:40.847","0","0","0","1","2301","0","0","0","N","0","0","0","2","02301","0","","1.0","1930.0","1","N","N","N","0","","0","0","1","","2","N","","2","0","0","0","0","0","0","2","0","2","","03","","N","","","","","","","","","",""
"2021053926","1705","2","0","0","0","0","0","0","0","0","4","0","","02","5","2021","3","40.441503","-79.766746","1704","11","0","0","0","0","0","0","1","1","","0","0","0","","","2","N","0","","40 26:29.411","","7","79 46:00.287","3","0","0","0","2446","0","0","0","N","0","0","0","2","02446","0","","1.0","","1","N","N","N","0","","2","0","0","","0","","","2","2","0","0","0","0","0","2","0","2","","","","N","","","","","","","","","",""
"2021054397","1730","1","0","0","0","0","0","0","0","0","7","0","","02","6","2021","1","40.468393","-80.02522","1724","11","0","0","0","0","0","0","0","0","","0","0","0","","","0","N","2","","40 28:06.213","","0","80 01:30.791","0","0","0","0","2301","0","0","0","N","0","0","0","1","02301","0","","5.0","","1","N","N","N","0","","0","0","0","","0","","","1","0","0","0","0","0","0","2","0","1","","03","","N","","","","","","","","","",""
"2021055137","1601","2","0","0","0","0","0","0","0","0","1","0","","02","5","2021","6","40.427389","-79.921483","1601","11","0","0","0","0","0","0","0","0","","0","0","0","","","0","N","0","","40 25:38.602","","4","79 55:17.337","0","0","0","0","2301","0","0","0","N","0","0","0","5","68B03","0","","1.0","","9","N","N","N","0","","0","0","0","","0","","","2","0","0","0","0","0","0","2","0","2","","","","N","","","","","","","","","",""
"2021029053","0022","2","0","0","0","0","0","0","0","0","4","0","","02","3","2021","7","40.390499","-79.828064","0020","11","0","0","0","0","0","0","0","0","","0","0","0","","","0","N","0","","40 23:25.797","1","0","79 49:41.029","0","0","0","0","2111","0","0","0","N","0","0","0","4","02111","0","","1.0","40.0","1","N","N","N","0","","0","0","0","","0","Y","","2","0","0","0","0","0","0","2","0","2","","03","","N","","","","","","","","","",""
"2021031107","1449","0","0","0","0","0","0","0","0","0","7","0","","02","3","2021","4","40.426633","-79.892872","1418","11","0","0","0","0","0","0","0","0","","0","0","0","","","0","N","0","","40 25:35.877","","2","79 53:34.338","0","0","0","0","2301","0","0","0","Y","0","0","0","1","68B03","0","","4.0","","9","N","N","N","0","","0","0","1","","4","","","1","0","0","0","0","0","0","2","0","1","","07","","N","","","","","","","","","",""
"2021028389","1135","0","0","0","0","0","0","0","0","0","7","0","","02","3","2021","3","40.383028","-79.868278","1132","11","0","0","0","0","0","1","0","0","","0","0","0","","","0","N","0","","40 22:58.900","","7","79 52:05.800","0","0","0","0","2473","0","0","0","N","0","0","0","1","02473","0","","4.0","","1","N","N","N","1","","0","0","0","","0","","","1","0","0","0","0","0","0","2","0","1","","03","","N","","","","","","","","","",""
"2021019852","2126","1","0","1","0","0","0","0","0","0","7","0","","02","2","2021","5","40.435469","-79.99361","2124","11","0","0","0","0","0","0","0","0","","0","0","0","","","1","N","3","","40 26:07.689","2","2","79 59:36.995","2","0","0","0","2301","0","0","0","N","0","0","0","1","02301","0","","1.0","2200.0","1","N","N","N","0","","0","1","0","","2","N","","1","1","0","0","0","0","0","2","0","1","","03","","N","","","","","","","","","",""
"2021047885","0058","1","0","0","0","0","0","0","0","0","98","0","","02","5","2021","4","40.553318","-79.834839","0039","11","0","0","0","0","0","0","0","0","","0","0","0","","","0","N","0","","40 33:11.946","","0","79 50:05.421","0","0","0","0","2208","0","0","0","N","0","0","0","1","68T02","0","","1.0","","1","N","N","N","0","","0","0","0","","0","","","1","0","0","0","0","0","0","2","0","1","","03","","N","","","","","","","","","",""
"2021047275","0338","0","0","0","0","0","0","0","0","0","7","0","","02","5","2021","3","40.453343","-80.072177","0329","11","0","0","0","0","0","0","0","0","","0","0","0","","","0","N","0","","40 27:12.034","5","0","80 04:19.836","9","0","0","0","2301","0","0","0","N","0","0","0","1","02301","0","","2.0","421.0","1","N","N","N","0","","0","0","1","","0","Y","","1","0","0","0","0","0","1","2","0","1","","03","","N","","","","","","","","","",""
"2021021497","0711","0","0","0","1","0","0","0","0","0","5","0","","02","3","2021","5","40.463436","-79.954004","0650","11","0","0","0","0","0","0","0","0","","0","0","0","","","1","N","0","","40 27:48.369","","99","79 57:14.415","8","0","0","0","2301","1","0","0","N","0","0","0","2","02301","0","","2.0","","1","N","N","N","0","","0","0","1","","0","","","2","1","0","0","0","1","0","2","0","1","","","","N","","","","","","","","","",""
"2021025430","0612","1","0","0","0","0","0","0","0","0","7","0","","02","2","2021","1","40.429828","-79.879601","0606","11","0","0","0","0","0","1","0","0","","0","0","0","","","0","N","0","","40 25:47.381","","0","79 52:46.565","0","0","0","0","2426","0","0","0","N","0","0","0","1","68B03","0","","2.0","","2","N","N","N","0","","0","0","0","","0","","","1","0","0","0","0","0","0","2","0","1","","","","N","","","","","","","","","",""
"2021023197","1253","1","0","0","0","0","0","0","0","0","1","0","","02","3","2021","3","40.425773","-79.903103","1252","11","0","0","0","0","0","1","0","0","","0","0","0","","","1","N","0","","40 25:32.784","4","0","79 54:11.172","4","0","0","0","2301","0","0","0","N","0","0","0","3","68B03","1","","1.0","1310.0","1","N","N","N","0","","0","0","2","","0","N","","3","1","0","0","0","0","0","2","0","3","","03","","N","","","","","","","","","",""
"2021006176","2142","1","0","0","0","0","0","0","0","0","0","0","","02","1","2021","2","40.365719","-80.024827","2134","11","0","0","0","0","0","0","0","0","","0","0","0","","","0","N","1","","40 21:56.588","5","0","80 01:29.377","0","0","0","0","2416","0","0","0","N","0","0","0","1","02503","0","","5.0","2300.0","9","N","N","N","0","","0","0","0","","6","Y","","1","0","0","0","0","0","0","2","0","1","","98","","N","","","","","","","","","",""
"2021048532","1822","1","0","0","0","0","0","0","0","0","0","0","","02","5","2021","5","40.473423","-79.756579","1820","11","0","0","0","0","0","0","1","0","","0","0","0","","","0","N","0","","40 28:24.321","1","0","79 45:23.684","0","0","0","0","2466","0","0","0","N","0","0","0","2","02466","0","","1.0","1852.0","1","N","N","N","0","","0","0","0","","0","N","","1","0","0","0","0","0","0","2","0","1","","03","","N","","","","","","","","","",""
"2021047695","1415","1","0","0","0","0","0","0","0","0","7","0","","02","5","2021","4","40.292322","-79.874848","1410","11","0","0","0","0","0","1","0","0","","0","0","0","","","0","","2","","40 17:32.358","","0","79 52:29.453","0","0","0","0","2302","0","0","0","N","0","0","0","1","02302","0","","5.0","","1","N","N","N","0","","0","0","0","","2","","","1","0","0","0","0","0","0","2","0","1","","03","","N","","","","","","","","","",""
"2021022241","1253","2","0","0","0","0","0","0","0","0","1","0","","02","3","2021","2","40.433337","-79.79776","1250","11","0","0","0","0","0","1","0","0","","0","0","0","","","0","","1","","40 26:00.014","3","0","79 47:51.937","0","0","0","0","2446","0","0","0","N","0","0","0","5","02446","0","","1.0","1330.0","1","N","N","N","0","","0","0","1","","2","N","","3","0","0","0","0","0","0","2","0","3","","03","","N","","","","","","","","","",""
"2021017609","2100","1","0","0","0","0","0","0","0","0","0","0","","02","2","2021","7","40.584156","-79.782867","2055","11","0","0","0","0","0","0","0","0","","0","0","0","","","0","N","0","","40 35:02.960","7","0","79 46:58.320","0","0","0","0","2104","0","0","0","N","0","0","0","1","02104","0","","5.0","2134.0","1","N","N","N","0","","0","0","0","","0","Y","","1","0","1","0","0","0","0","1","0","1","","10","","N","","","","","","","","","",""
"2021060104","0103","1","0","0","0","0","0","0","0","0","98","0","","02","6","2021","4","40.42853","-79.741143","0101","11","0","0","0","0","0","0","0","0","","0","0","0","","","0","N","0","","40 25:42.708","","0","79 44:28.116","0","0","0","0","2446","0","0","0","N","0","0","0","1","68T02","0","","1.0","","1","N","N","N","0","","0","0","0","","0","","","1","0","0","0","0","0","0","2","0","1","","03","","N","","","","","","","","","",""
"2021013031","1656","0","0","0","0","0","0","0","0","0","1","0","","02","2","2021","2","40.424691","-79.979031","1646","11","0","0","0","0","0","0","0","0","","0","0","0","","","0","N","0","","40 25:28.886","","0","79 58:44.511","0","0","0","0","2301","0","0","0","N","0","0","0","2","02301","0","","2.0","","1","N","N","N","2","","0","0","0","","0","","","2","0","0","0","0","0","0","2","0","2","","03","","N","","","","","","","","","",""
"2021022410","2024","1","0","0","0","0","0","0","0","0","8","0","","02","3","2021","1","40.377978","-79.978608","2023","11","0","0","0","0","0","0","0","0","","0","0","0","","","1","N","0","","40 22:40.722","","0","79 58:42.990","3","0","0","0","2413","1","0","0","N","1","0","0","2","02413","0","","1.0","","1","N","N","N","0","","1","0","0","","0","N","","2","1","0","0","0","0","0","2","0","1","","","","N","","","","","","","","","",""
"2021019829","1600","3","0","0","0","0","0","0","0","0","5","0","","02","2","2021","7","40.455358","-80.002372","1554","11","0","0","0","0","0","0","0","0","","0","0","0","","","0","Y","0","","40 27:19.290","","0","80 00:08.540","0","0","0","0","2301","0","0","0","N","0","0","0","2","02301","0","","1.0","","1","N","N","N","0","","0","0","0","","0","","","3","0","0","0","0","0","0","2","0","3","","03","","N","","","","","","","","","",""
"2021019439","0110","1","0","0","0","0","0","0","0","0","2","0","","02","2","2021","1","40.442537","-80.023892","0102","11","0","0","0","0","0","0","1","0","","0","0","0","","","0","N","0","","40 26:33.134","","7","80 01:26.011","0","0","0","0","2301","0","0","0","N","0","0","0","4","02301","0","","1.0","","99","N","N","N","1","","0","0","0","","0","","","2","0","0","0","0","0","0","2","0","2","","","","N","","","","","","","","","",""
"2021058063","0017","2","0","1","0","0","0","0","0","0","1","0","","02","6","2021","2","40.407999","-80.107553","0001","11","0","0","0","0","0","1","0","0","","0","0","0","","","2","N","0","","40 24:28.798","1","0","80 06:27.190","2","0","0","0","2102","0","0","0","N","0","0","0","3","68B03","0","","1.0","131.0","1","N","N","N","0","","1","1","1","","0","Y","","3","2","0","0","0","0","0","2","0","3","","","","N","","","","","","","","","",""
"2021060660","0039","0","0","0","0","0","0","0","0","0","5","1","","02","5","2021","5","40.443565","-79.765418","0019","11","0","0","0","0","0","1","0","0","","0","1","0","","","1","N","0","","40 26:36.833","3","0","79 45:55.506","8","0","0","0","2446","0","0","0","N","0","0","0","2","68B03","0","","1.0","120.0","1","N","N","N","0","","0","0","1","","0","N","","2","1","1","0","0","1","0","2","0","2","","","","N","","","","","","","","","",""
"2021055277","1601","1","0","0","0","0","0","0","0","0","7","0","","02","6","2021","3","40.481084","-80.0328","1557","11","0","0","0","0","0","1","0","0","","0","0","0","","","1","N","0","","40 28:51.903","","0","80 01:58.079","4","0","0","0","2301","0","0","0","N","0","0","0","1","02301","1","","2.0","","1","N","N","N","0","","0","0","0","","0","","","1","1","0","0","0","0","0","2","0","1","","03","","N","","","","","","","","","",""
"2021060492","1202","1","0","0","0","0","0","0","0","0","1","0","","02","6","2021","2","40.43306","-79.798575","1157","11","0","0","0","0","0","1","0","0","","0","0","0","","","0","Y","0","","40 25:59.015","","0","79 47:54.869","0","0","0","0","2446","0","0","0","N","0","0","0","2","02446","0","","1.0","","1","N","N","N","1","","0","0","0","","0","","","2","0","1","0","0","0","0","2","0","2","","","","N","","","","","","","","","",""
"2021057986","0728","0","0","0","0","0","0","0","0","0","5","1","","02","6","2021","4","40.554961","-80.020964","0721","11","0","0","0","0","0","0","0","0","","0","1","0","","","0","N","0","","40 33:17.859","1","7","80 01:15.472","0","0","0","0","2108","0","0","0","N","0","0","0","2","02108","0","","1.0","820.0","1","N","N","N","0","","0","0","1","","0","N","","2","0","0","0","0","0","0","2","0","2","","","","N","","","","","","","","","",""
"2021060979","1505","3","0","0","0","0","0","0","0","0","1","0","","02","7","2021","5","40.48496","-79.817703","1500","11","0","1","0","0","0","1","0","1","","0","0","0","","","1","N","0","","40 29:05.855","","0","79 49:03.731","3","0","0","0","2113","0","0","0","N","0","0","0","5","02113","0","","1.0","","1","N","N","Y","0","","1","0","0","","0","","","3","1","0","0","0","0","0","2","0","3","","03","","N","","","","","","","","","",""
"2021029831","1320","2","0","0","0","0","0","0","0","0","1","0","","02","4","2021","5","40.353279","-79.845769","1320","11","0","0","0","0","0","0","1","0","","0","0","0","","","1","N","0","","40 21:11.805","4","0","79 50:44.769","8","0","0","0","2304","0","0","0","N","0","0","0","3","02304","0","","1.0","1330.0","9","N","N","N","0","","0","0","0","","3","N","","2","1","0","0","0","1","0","2","0","2","","","","N","","","","","","","","","",""
"2021051052","0845","1","0","0","0","0","0","0","0","0","6","0","","02","6","2021","6","40.456666","-79.997131","0836","11","0","0","0","0","0","2","0","0","","0","0","0","","","1","Y","0","","40 27:23.996","","0","79 59:49.673","4","0","0","0","2301","0","0","0","N","0","0","0","2","02301","1","","1.0","","1","N","N","N","1","","0","0","0","","3","","","2","1","0","0","0","0","0","2","0","2","","03","","N","","","","","","","","","",""
"2021059630","1024","1","0","0","0","0","0","0","0","0","8","0","","02","6","2021","2","40.343295","-79.940664","1021","11","0","0","0","0","0","1","0","0","","0","0","0","","","1","N","0","","40 20:35.862","","7","79 56:26.389","3","0","0","0","2473","1","0","0","N","1","0","0","2","02473","0","","6.0","","1","N","N","N","0","","1","0","0","","0","","","2","1","1","0","0","0","0","2","0","1","","03","","N","","","","","","","","","",""
"2021026146","0226","1","0","0","0","0","0","0","0","0","1","0","","02","3","2021","7","40.457142","-79.901664","0223","11","0","0","0","0","0","0","0","0","","0","0","0","","","0","N","0","","40 27:25.711","","0","79 54:05.992","0","0","0","0","2301","0","0","0","N","0","0","0","1","02301","0","","4.0","","1","N","N","N","0","","0","0","1","","0","","","2","0","1","0","0","0","0","2","0","2","","","","Y","","","","","","","","","",""
"2021026610","2254","1","0","0","0","0","0","0","0","0","7","0","","02","3","2021","7","40.488872","-79.749452","2248","11","1","0","0","0","0","0","0","0","","0","0","0","","","0","N","0","","40 29:19.938","6","0","79 44:58.026","0","0","0","0","2466","0","0","0","N","0","0","0","1","02466","0","","5.0","2320.0","1","N","N","N","0","","0","0","0","","0","Y","","1","0","0","0","0","0","0","2","0","1","","","","N","","","","","","","","","",""
"2021051557","1307","2","0","0","0","0","0","0","0","0","4","0","","02","6","2021","7","40.62177","-80.054221","1259","11","0","1","0","0","0","1","0","0","","0","0","0","","","0","N","0","","40 37:18.371","","6","80 03:15.197","0","0","0","0","2216","0","0","0","N","0","0","0","2","02505","0","","1.0","","1","N","N","N","0","","0","0","0","","0","","","2","0","0","0","0","0","0","1","0","2","","03","","N","","","","","","","","","",""
"2021025827","2339","1","0","0","0","0","0","0","0","0","7","0","","02","3","2021","4","40.47196","-80.063277","2337","11","0","0","0","0","0","0","0","0","","0","0","0","","","0","Y","0","","40 28:19.055","6","0","80 03:47.796","0","0","0","0","2444","0","0","0","N","0","0","0","1","02444","0","","2.0","38.0","1","N","N","N","0","","0","0","0","","0","Y","","1","0","0","0","0","0","0","2","0","1","","","","N","","","","","","","","","",""
"2021025818","2027","1","0","0","0","0","0","0","0","0","1","0","","02","3","2021","5","40.328659","-79.817154","2024","11","0","0","0","0","0","1","0","0","","0","0","0","","","1","N","2","","40 19:43.171","7","0","79 49:01.755","8","0","0","0","2304","0","0","0","N","0","0","0","10","02304","0","","1.0","2300.0","9","N","N","N","0","","0","0","2","","0","Y","","3","1","0","0","0","1","0","2","0","3","","","","N","","","","","","","","","",""
"2021053201","2309","2","0","0","0","0","0","0","0","0","4","0","","02","5","2021","3","40.444734","-79.852113","2304","11","0","0","0","0","0","0","0","0","","0","0","0","","","0","N","0","","40 26:41.044","","0","79 51:07.605","0","0","0","0","2419","0","0","0","N","0","0","0","2","68B03","0","","1.0","","9","N","N","N","0","","0","0","0","","0","","","2","0","0","0","0","0","0","2","0","2","","","","N","","","","","","","","","",""
"2021052878","1645","1","0","0","0","0","0","0","0","0","4","0","","02","6","2021","4","40.457996","-79.888468","1620","11","0","0","0","0","0","0","0","0","","0","0","0","","","1","","2","","40 27:28.785","5","0","79 53:18.484","4","0","0","0","2301","0","0","0","N","0","0","0","2","02301","1","","1.0","1700.0","1","N","N","N","0","","0","0","1","","0","Y","","2","1","0","0","0","0","0","2","0","2","","03","","N","","","","","","","","","",""
"2021051321","1709","1","0","0","0","0","0","0","0","0","4","0","","02","6","2021","5","40.629621","-80.078734","1705","11","0","1","0","0","0","0","0","0","","0","0","0","","","0","N","2","","40 37:46.636","","0","80 04:43.444","0","0","0","0","2212","0","0","0","N","0","0","0","3","02505","0","","1.0","","1","N","N","Y","0","","0","0","1","","3","","","2","0","0","0","0","0","0","2","0","2","","03","","N","","","","","","","","","",""
"2021051958","0233","0","0","0","0","0","0","0","0","0","98","0","","02","5","2021","4","40.496117","-80.278729","0220","11","0","0","0","0","0","0","0","0","","0","0","0","","","0","N","0","","40 29:46.021","3","0","80 16:43.425","0","0","0","0","2203","0","0","0","Y","0","0","0","1","68B03","0","","1.0","300.0","1","N","N","N","0","","0","0","1","","0","N","","1","0","0","0","0","0","0","2","0","1","","","","N","","","","","","","","","",""
"2021050826","1604","1","0","0","0","0","0","0","0","0","1","0","","02","6","2021","5","40.329511","-79.945124","1559","11","0","0","0","0","0","0","0","1","","0","0","0","","","0","N","0","","40 19:46.238","","0","79 56:42.447","0","0","0","0","2454","0","0","0","N","0","0","0","3","02454","0","","1.0","","1","N","N","N","0","","0","0","1","","0","","","2","0","0","0","0","0","0","2","0","2","","","","N","","","","","","","","","",""
"2021015457","0135","0","0","0","0","0","0","0","0","0","7","0","","02","2","2021","2","40.429364","-79.999101","0133","11","0","0","0","0","0","0","0","0","","0","0","0","","","2","","1","","40 25:45.712","1","4","79 59:56.762","3","0","0","0","2301","0","0","0","Y","0","0","0","2","02301","0","","7.0","215.0","2","N","N","N","0","","2","0","1","","0","Y","","1","2","0","0","0","0","0","2","0","1","","","","N","","","","","","","","","",""
"2021035800","2027","0","0","0","0","0","0","0","0","0","0","0","","02","4","2021","5","40.451327","-80.110868","2027","11","0","1","0","0","0","0","0","0","","0","0","0","","","0","N","0","","40 27:04.776","1","6","80 06:39.126","0","0","0","0","2115","0","0","0","N","0","0","0","2","68B03","0","","1.0","1040.0","2","N","Y","N","1","","0","0","0","","0","N","","1","0","0","0","0","0","0","2","0","1","","98","","N","","","","","","","","","",""
"2021053778","0436","1","0","0","0","0","0","0","0","0","7","0","","02","5","2021","1","40.34628","-79.973468","0434","11","0","0","0","0","0","0","0","0","","0","0","0","","","1","","1","","40 20:46.607","7","0","79 58:24.486","3","0","0","0","2476","0","0","0","N","0","0","0","4","02476","0","","5.0","540.0","1","N","N","N","0","","1","0","0","","2","N","","1","1","0","0","0","0","1","2","0","1","","","","N","","","","","","","","","",""
"2021026473","1748","1","0","0","0","0","0","0","0","0","1","0","","02","3","2021","7","40.615681","-80.094185","1744","11","0","0","0","0","0","0","0","0","","0","0","0","","","0","","1","","40 36:56.450","","2","80 05:39.065","0","0","0","0","2481","0","0","0","N","0","0","0","5","02481","0","","1.0","","1","N","N","N","0","","0","0","1","","2","","","2","0","0","0","0","0","0","2","0","2","","","","N","","","","","","","","","",""
"2021053762","1547","0","0","0","0","0","0","0","0","0","4","0","","02","6","2021","7","40.487835","-79.920057","1533","11","0","0","0","0","0","0","0","0","","0","0","0","","","0","","2","","40 29:16.205","","0","79 55:12.206","9","0","0","0","2301","0","0","0","N","0","0","0","1","02301","0","","1.0","","1","N","N","N","1","","0","0","0","","0","","","2","0","0","0","0","0","1","2","1","2","","03","","N","","","","","","","","","",""
"2021028835","1956","0","0","0","0","0","0","0","0","0","2","0","","02","3","2021","4","40.430147","-79.761967","1954","11","0","0","0","0","0","0","1","0","","0","0","0","","","0","N","0","","40 25:48.530","2","0","79 45:43.080","0","0","0","0","2446","0","0","0","N","0","0","0","2","02446","0","","1.0","2023.0","9","N","N","N","0","","0","0","2","","0","N","","2","0","0","0","0","0","0","2","0","2","","03","","N","","","","","","","","","",""
"2021052881","1540","2","0","0","0","0","0","0","0","0","1","0","","02","6","2021","4","40.614865","-80.097019","1527","11","0","0","1","1","0","0","0","0","","0","0","0","","","0","N","0","","40 36:53.513","","0","80 05:49.267","0","0","0","0","2481","0","0","0","N","0","0","0","2","02481","0","","1.0","","1","N","N","N","0","","0","0","0","","0","","","2","0","0","0","0","0","0","2","0","2","","","","N","","","","","","","","","",""
"2021025561","1105","0","0","0","0","0","0","0","0","0","1","0","","02","3","2021","4","40.568438","-80.023834","1100","11","0","0","0","0","0","1","0","0","","0","0","0","","","1","","1","","40 34:06.376","1","0","80 01:25.801","8","0","0","0","2108","0","0","0","N","0","0","0","2","02108","0","","1.0","1115.0","1","N","N","N","0","","0","0","2","","2","N","","2","1","0","0","0","1","0","2","0","2","","03","","N","","","","","","","","","",""
"2021053379","1731","2","0","0","0","0","0","0","0","0","2","0","","02","6","2021","5","40.423698","-79.961982","1719","11","0","0","0","0","0","0","0","0","","0","0","0","","","0","N","1","","40 25:25.314","","0","79 57:43.135","0","0","0","0","2301","0","0","0","N","0","0","0","2","02301","0","","1.0","","9","N","N","N","0","","0","0","0","","2","","","2","0","0","0","0","0","0","2","0","2","","07","","N","","","","","","","","","",""
"2021040785","1214","2","0","0","0","0","0","0","0","0","4","0","","02","5","2021","3","40.634254","-80.058191","1212","11","0","0","0","0","0","0","0","0","","0","0","0","","","0","","1","","40 38:03.314","2","0","80 03:29.488","0","0","0","0","2216","0","0","0","N","0","0","0","4","02505","0","","1.0","1242.0","1","N","N","N","0","","0","0","0","","2","N","","2","0","0","0","0","0","0","2","0","2","","03","","N","","","","","","","","","",""
"2021031385","2139","0","0","0","0","0","0","0","0","0","7","0","","02","4","2021","7","40.33915","-79.899567","2133","11","0","0","0","0","0","0","0","0","","0","0","0","","","1","N","0","","40 20:20.940","","0","79 53:58.442","4","0","0","0","2473","0","0","0","N","0","0","0","1","02473","1","","2.0","","1","N","N","N","0","","0","0","1","","0","","","1","1","0","0","0","0","0","2","0","1","","03","","N","","","","","","","","","",""
"2021031118","2037","0","0","0","0","0","0","0","0","0","5","0","","02","4","2021","5","40.62665","-80.096742","2001","11","0","0","0","0","0","0","0","0","","0","0","0","","","0","N","0","","40 37:35.939","1","0","80 05:48.271","0","0","0","0","2212","0","0","0","N","0","0","0","2","68B03","0","","1.0","15.0","9","N","N","N","0","","0","0","2","","0","N","","2","0","0","0","0","0","0","2","0","2","","","","N","","","","","","","","","",""
"2021015293","0715","0","0","0","0","0","0","0","0","0","7","0","","02","2","2021","1","40.436966","-80.05071","0705","11","0","0","0","0","0","0","0","0","","0","0","0","","","0","N","2","","40 26:13.077","1","0","80 03:02.555","0","0","0","0","2301","0","0","0","N","0","0","0","1","02301","0","","2.0","830.0","2","N","N","N","1","","0","0","0","","3","N","","1","0","0","0","0","0","0","2","0","1","","09","","N","","","","","","","","","",""