"CRN","ARRIVAL_TM","AUTOMOBILE_COUNT","BELTED_DEATH_COUNT","BELTED_SUSP_SERIOUS_INJ_COUNT","BICYCLE_COUNT","BICYCLE_DEATH_COUNT","BICYCLE_SUSP_SERIOUS_INJ_COUNT","BUS_COUNT","CHLDPAS_DEATH_COUNT","CHLDPAS_SUSP_SERIOUS_INJ_COUNT","COLLISION_TYPE","COMM_VEH_COUNT","CONS_ZONE_SPD_LIM","COUNTY","CRASH_MONTH","CRASH_YEAR","DAY_OF_WEEK","DEC_LATITUDE","DEC_LONGITUDE","DISPATCH_TM","DISTRICT","DRIVER_COUNT_16YR","DRIVER_COUNT_17YR","DRIVER_COUNT_18YR","DRIVER_COUNT_19YR","DRIVER_COUNT_20YR","DRIVER_COUNT_50_64YR","DRIVER_COUNT_65_74YR","DRIVER_COUNT_75PLUS","EST_HRS_CLOSED","FATAL_COUNT","HEAVY_TRUCK_COUNT","HORSE_BUGGY_COUNT","HOUR_OF_DAY","ILLUMINATION","INJURY_COUNT","INTERSECTION_RELATED","INTERSECT_TYPE","LANE_CLOSED","LATITUDE","LN_CLOSE_DIR","LOCATION_TYPE","LONGITUDE","MAX_SEVERITY_LEVEL","MCYCLE_DEATH_COUNT","MCYCLE_SUSP_SERIOUS_INJ_COUNT","MOTORCYCLE_COUNT","MUNICIPALITY","NONMOTR_COUNT","NONMOTR_DEATH_COUNT","NONMOTR_SUSP_SERIOUS_INJ_COUNT","NTFY_HIWY_MAINT","PED_COUNT","PED_DEATH_COUNT","PED_SUSP_SERIOUS_INJ_COUNT","PERSON_COUNT","POLICE_AGCY","POSSIBLE_INJ_COUNT","RDWY_SURF_TYPE_CD","RELATION_TO_ROAD","ROADWAY_CLEARED","ROAD_CONDITION","SCH_BUS_IND","SCH_ZONE_IND","SECONDARY_CRASH","SMALL_TRUCK_COUNT","SPEC_JURIS_CD","SUSP_MINOR_INJ_COUNT","SUSP_SERIOUS_INJ_COUNT","SUV_COUNT","TCD_FUNC_CD","TCD_TYPE","TFC_DETOUR_IND","TIME_OF_DAY","TOTAL_UNITS","TOT_INJ_COUNT","UNBELTED_OCC_COUNT","UNB_DEATH_COUNT","UNB_SUSP_SERIOUS_INJ_COUNT","UNK_INJ_DEG_COUNT","UNK_INJ_PER_COUNT","URBAN_RURAL","VAN_COUNT","VEHICLE_COUNT","WEATHER1","WEATHER2","WORKERS_PRES","WORK_ZONE_IND","WORK_ZONE_LOC","WORK_ZONE_TYPE","WZ_CLOSE_DETOUR","WZ_FLAGGER","WZ_LAW_OFFCR_IND","WZ_LN_CLOSURE","WZ_MOVING","WZ_OTHER","WZ_SHLDER_MDN","WZ_WORKERS_INJ_KILLED"
"2021036908","2340","2","0","0","0","0","0","0","0","0","4","0","","02","4","2021","6","40.441955","-79.962817","2330","11","0","0","0","0","0","0","0","0","","0","0","0","","","0","N","1","","40 26:31.038","3","0","79 57:46.141","0","0","0","0","2301","0","0","0","N","0","0","0","2","02301","0","","1.0","2359.0","1","N","N","N","0","","0","0","0","","1","N","","2","0","0","0","0","0","0","2","0","2","","03","","N","","","","","","","","","",""
"2021037608","1928","1","0","0","0","0","0","0","0","0","1","0","","02","4","2021","1","40.360019","-80.077056","1921","11","0","0","1","0","0","1","0","0","","0","0","0","","","0","N","0","","40 21:36.070","","0","80 04:37.400","0","0","0","0","2123","0","0","0","N","0","0","0","4","02123","0","","4.0","","1","N","N","N","0","","0","0","1","","0","","","2","0","0","0","0","0","0","2","0","2","","03","","N","","","","","","","","","",""
"2021071726","1905","3","0","0","0","0","0","0","0","0","1","0","","02","8","2021","2","40.424783","-79.92699","1905","11","0","0","0","0","0","1","0","0","","0","0","0","","","0","","1","","40 25:29.218","","0","79 55:37.164","0","0","0","0","2301","0","0","0","N","0","0","0","3","02301","0","","1.0","","1","N","N","N","0","","0","0","0","","0","","","3","0","0","0","0","0","0","2","0","3","","03","","N","","","","","","","","","",""
"2021053927","2044","0","0","0","0","0","0","0","0","0","7","0","","02","6","2021","6","40.452076","-79.886278","2033","11","0","0","0","0","0","0","0","0","","0","0","0","","","0","","2","","40 27:07.473","","0","79 53:10.600","0","0","0","0","2301","0","0","0","N","0","0","0","4","02301","0","","2.0","","1","N","N","N","0","","0","0","0","","0","","","1","0","0","0","0","0","0","2","1","1","","03","","N","","","","","","","","","",""
"2021054368","1545","1","0","0","0","0","0","0","0","0","5","0","","02","6","2021","1","40.412111","-80.023833","1541","11","0","0","0","0","0","0","0","0","","0","0","0","","","0","N","0","","40 24:43.600","3","7","80 01:25.800","0","0","0","0","2301","0","0","0","N","0","0","0","1","02301","0","","1.0","1645.0","1","N","N","N","1","","0","0","2","","0","N","","4","0","1","0","0","0","0","2","0","4","","03","","N","","","","","","","","","",""
"2021053743","1458","2","0","0","0","0","0","0","0","0","4","0","","02","6","2021","6","40.435412","-80.143928","1450","11","0","0","0","0","0","1","0","0","","0","0","0","","","0","","2","","40 26:07.484","","0","80 08:38.141","0","0","0","0","2115","0","0","0","N","0","0","0","2","02115","0","","1.0","","9","N","N","N","0","","0","0","0","","2","","","2","0","0","0","0","0","0","2","0","2","","","","N","","","","","","","","","",""
"2021049651","1724","0","0","0","0","0","0","0","0","0","4","0","","02","4","2021","5","40.510504","-79.993045","1707","11","0","0","0","0","0","0","0","0","","0","0","0","","","0","N","0","","40 30:37.813","2","7","79 59:34.961","0","0","0","0","2116","0","0","0","N","0","0","0","4","02116","0","","1.0","1750.0","1","N","N","N","1","","0","0","1","","0","Y","","2","0","0","0","0","0","0","2","0","2","","03","","N","","","","","","","","","",""
"2021087672","0921","1","0","0","0","0","0","0","0","0","4","0","","02","9","2021","6","40.586521","-79.950322","0915","11","0","0","0","0","0","0","1","0","","0","0","0","","","0","","2","","40 35:11.474","1","0","79 57:01.160","0","0","0","0","2207","0","0","0","N","0","0","0","2","02207","0","","1.0","955.0","1","N","N","N","0","","0","0","0","","0","N","","2","0","0","0","0","0","0","2","1","2","","","","N","","","","","","","","","",""
"2021044114","1407","2","0","0","0","0","0","0","0","0","6","0","","02","5","2021","6","40.306504","-79.891146","1405","11","0","0","0","0","0","0","0","0","","0","0","0","","","0","N","1","","40 18:23.416","1","0","79 53:28.126","0","0","0","0","2302","0","0","0","N","0","0","0","2","02302","0","","1.0","20.0","1","N","N","N","0","","0","0","0","","3","N","","2","0","0","0","0","0","0","2","0","2","","03","","N","","","","","","","","","",""
"2021047259","2332","0","0","0","0","0","0","0","0","0","7","0","","02","5","2021","3","40.408621","-79.912464","2331","11","0","0","1","0","0","0","0","0","","0","0","0","","","2","","3","","40 24:31.036","4","0","79 54:44.869","8","0","0","0","2438","0","0","0","N","0","0","0","2","02438","0","","1.0","42.0","1","N","N","N","0","","0","0","1","","3","Y","","1","2","1","0","0","2","0","2","0","1","","03","","N","","","","","","","","","",""
"2021044591","1649","1","0","0","0","0","0","0","0","0","4","0","","02","5","2021","2","40.300465","-79.922748","1647","11","0","0","0","0","0","1","1","0","","0","0","0","","","1","","2","","40 18:01.673","1","0","79 55:21.891","3","0","0","0","2440","0","0","0","N","0","0","0","3","02440","0","","1.0","1726.0","1","N","N","N","0","","1","0","1","","3","N","","2","1","0","0","0","0","0","2","0","2","","","","N","","","","","","","","","",""
"2021040999","0740","2","0","0","0","0","0","0","0","0","4","0","","02","4","2021","2","40.427","-80.004611","0733","11","0","0","0","0","0","0","0","0","","0","0","0","","","0","N","0","","40 25:37.200","","0","80 00:16.600","0","0","0","0","2301","0","0","0","N","0","0","0","1","02301","0","","4.0","","1","N","N","N","0","","0","0","2","","0","","","4","0","0","0","0","0","0","2","0","4","","03","","N","","","","","","","","","",""
"2021076060","1539","2","0","0","0","0","0","0","0","0","1","0","","02","8","2021","1","40.520092","-80.004955","1534","11","0","0","0","0","0","0","0","0","","0","0","0","","","0","N","0","","40 31:12.331","1","0","80 00:17.839","0","0","0","0","2116","0","0","0","N","0","0","0","3","02116","0","","1.0","1607.0","1","N","N","N","0","","0","0","0","","0","N","","2","0","0","0","0","0","0","2","0","2","","03","","N","","","","","","","","","",""
"2021084485","2350","2","0","0","0","0","0","0","0","0","4","0","","02","9","2021","1","40.429224","-79.980499","2349","11","0","0","0","0","1","0","0","0","","0","0","0","","","0","N","1","","40 25:45.207","","0","79 58:49.798","0","0","0","0","2301","0","0","0","N","0","0","0","2","02301","0","","1.0","","1","N","N","N","0","","0","0","0","","0","","","2","0","0","0","0","0","0","2","0","2","","03","","N","","","","","","","","","",""
"2021056289","0923","0","0","0","0","0","0","0","0","0","7","0","","02","5","2021","1","40.551488","-80.086519","0910","11","0","0","0","0","0","0","0","0","","0","0","0","","","0","N","0","","40 33:05.358","","6","80 05:11.468","0","0","0","0","2215","0","0","0","Y","0","0","0","1","68B03","0","","4.0","","9","N","N","N","0","","0","0","1","","0","","","1","0","0","0","0","0","0","2","0","1","","","","N","","","","","","","","","",""
"2021075400","1410","0","0","0","0","0","0","0","0","0","4","0","","02","8","2021","3","40.426783","-79.977799","1405","11","0","0","0","0","0","0","1","0","","0","0","0","","","0","N","1","","40 25:36.419","","0","79 58:40.078","0","0","0","0","2301","0","0","0","N","0","0","0","2","02301","0","","1.0","","1","N","N","N","0","","0","0","2","","3","","","2","0","0","0","0","0","0","2","0","2","","03","","N","","","","","","","","","",""
"2021043919","1130","1","0","0","0","0","0","0","0","0","4","0","","02","5","2021","6","40.387496","-80.043492","1129","11","0","0","0","0","0","0","0","1","","0","0","0","","","1","N","0","","40 23:14.987","5","7","80 02:36.571","3","0","0","0","2109","0","0","0","N","0","0","0","2","02109","0","","1.0","1204.0","1","N","N","N","1","","1","0","0","","0","N","","2","1","0","0","0","0","0","2","0","2","","","","N","","","","","","","","","",""
"2021044194","1314","2","0","0","0","0","0","0","0","0","1","0","","02","5","2021","1","40.274036","-79.886294","1314","11","0","0","0","0","0","0","1","0","","1","0","0","","","0","N","0","","40 16:26.528","1","3","79 53:10.659","1","0","0","0","2428","0","0","0","N","0","0","0","1","02428","0","1","1.0","1415.0","1","N","N","N","0","0","0","0","0","","7","Y","","2","0","1","1","0","0","0","2","0","2","","","","N","","","","","","","","","",""
"2021054025","1057","1","0","0","0","0","0","0","0","0","4","0","","02","6","2021","7","40.545066","-80.193618","1056","11","0","0","0","0","0","0","2","0","","0","0","0","","","1","Y","0","","40 32:42.236","2","7","80 11:37.024","3","0","0","0","2427","0","0","0","N","0","0","0","4","02427","0","","1.0","1120.0","1","N","N","N","0","","1","0","1","","0","N","","2","1","0","0","0","0","0","2","0","2","","03","","N","","","","","","","","","",""
"2021043145","0325","0","0","0","0","0","0","0","0","0","7","0","","02","5","2021","7","40.453232","-79.996139","0320","11","0","0","0","0","0","0","0","0","","0","0","0","","","3","N","0","","40 27:11.636","1","2","79 59:46.100","3","0","0","0","2301","0","0","0","Y","0","0","0","3","02301","0","","2.0","430.0","1","N","N","N","0","","3","0","1","","0","Y","","1","3","0","0","0","0","0","2","0","1","","03","","N","","","","","","","","","",""
"2021043537","0638","1","0","0","0","0","0","0","0","0","2","0","","02","5","2021","6","40.443155","-80.057911","0635","11","0","0","0","0","0","0","1","0","","0","0","0","","","2","N","1","","40 26:35.358","","0","80 03:28.479","8","0","0","0","2439","0","0","0","N","0","0","0","3","02301","0","","1.0","","1","N","N","N","0","","0","0","1","","0","","","2","2","1","0","0","2","0","2","0","2","","","","N","","","","","","","","","",""
"2021075705","1225","1","0","0","0","0","0","0","0","0","7","0","","02","8","2021","6","40.438841","-80.020466","1223","11","0","0","0","0","0","0","0","0","","0","0","0","","","0","N","2","","40 26:19.829","2","0","80 01:13.678","0","0","0","0","2301","0","0","0","N","0","0","0","1","02301","0","","2.0","1330.0","1","N","N","N","0","","0","0","0","","0","N","","1","0","0","0","0","0","0","2","0","1","","03","","N","","","","","","","","","",""
"2021043565","1036","1","0","0","0","0","0","0","0","0","1","0","","02","5","2021","6","40.483098","-79.898503","1003","11","0","0","0","0","0","1","0","0","","0","0","0","","","0","N","0","","40 28:59.152","2","0","79 53:54.610","0","0","0","0","2301","0","0","0","N","0","0","0","2","02301","0","","1.0","1015.0","1","N","N","N","1","","0","0","0","","0","N","","2","0","0","0","0","0","0","2","0","2","","03","","N","","","","","","","","","",""
"2021057488","2345","0","0","0","0","0","0","1","0","0","98","1","","02","6","2021","4","40.354752","-79.840898","2337","11","0","0","0","0","0","1","0","0","","0","0","0","","","3","N","7","","40 21:17.107","1","2","79 50:27.232","3","0","0","0","2304","0","0","0","N","0","0","0","3","02503","0","","1.0","31.0","1","N","N","N","0","","3","0","1","","0","N","","2","3","1","0","0","0","0","2","0","2","","","","N","","","","","","","","","",""
"2021066187","0158","1","0","0","0","0","0","0","0","0","7","0","","02","7","2021","7","40.392891","-79.932858","0148","11","0","0","0","0","0","0","0","0","","0","0","0","","","0","","7","","40 23:34.406","4","2","79 55:58.288","0","0","0","0","2301","0","0","0","N","0","0","0","1","02301","0","","4.0","250.0","1","N","N","N","0","","0","0","0","","0","N","","1","0","0","0","0","0","0","2","0","1","","03","","N","","","","","","","","","",""
"2021050723","0443","1","0","1","0","0","0","0","0","0","1","0","","02","5","2021","1","40.432884","-79.870431","0427","11","0","0","0","0","0","0","0","0","","0","0","0","","","2","N","0","","40 25:58.383","3","0","79 52:13.550","2","0","0","0","2478","0","0","0","N","0","0","0","3","68B03","0","","1.0","600.0","1","N","N","N","1","","0","2","1","","0","N","","3","2","2","0","1","0","0","2","0","3","","","","N","","","","","","","","","",""
"2021054963","0130","0","0","0","0","0","0","0","0","0","8","0","","02","6","2021","2","40.450684","-79.935545","0048","11","0","0","0","0","0","0","0","0","","0","0","0","","","1","","2","","40 27:02.462","2","0","79 56:07.962","2","0","0","0","2301","1","0","1","N","1","0","1","2","02301","0","","1.0","130.0","1","N","N","N","0","","0","1","1","","2","Y","","2","1","0","0","0","0","1","2","0","1","","","","N","","","","","","","","","",""
"2021062956","1852","2","0","0","0","0","0","0","0","0","4","0","","02","7","2021","4","40.448088","-80.162389","1848","11","1","0","0","0","0","0","0","0","","0","0","0","","","0","","1","","40 26:53.117","","0","80 09:44.602","0","0","0","0","2115","0","0","0","N","0","0","0","3","02115","0","","1.0","","1","N","N","N","0","","0","0","0","","8","","","3","0","0","0","0","0","0","2","0","2","","","","N","","","","","","","","","",""
"2021043774","2038","1","0","0","0","0","0","0","0","0","7","0","","02","5","2021","5","40.353445","-79.882363","2034","11","0","0","0","0","0","0","0","0","","0","0","0","","","0","N","0","","40 21:12.402","4","0","79 52:56.508","0","0","0","0","2423","0","0","0","N","0","0","0","3","02304","0","","5.0","2109.0","1","N","N","N","0","","0","0","0","","0","N","","1","0","0","0","0","0","0","2","0","1","","","","N","","","","","","","","","",""
"2021120983","1600","1","0","0","0","0","0","0","0","0","4","0","","02","12","2021","6","40.361758","-80.064092","1555","11","0","0","0","0","0","0","0","0","","0","0","0","","","1","","2","","40 21:42.329","2","0","80 03:50.730","8","0","0","0","2109","0","0","0","N","0","0","0","2","02109","0","","1.0","1630.0","1","N","N","N","1","","0","0","0","","2","N","","2","1","1","0","0","1","0","2","0","2","","04","","N","","","","","","","","","",""
"2021122420","0735","0","0","0","0","0","0","0","0","0","1","0","","02","12","2021","2","40.428566","-79.936956","0716","11","0","0","0","0","0","1","0","0","","0","0","0","","","0","N","7","","40 25:42.837","","2","79 56:13.040","0","0","0","0","2301","0","0","0","N","0","0","0","5","68B03","0","","1.0","","9","N","N","N","1","","0","0","2","","0","","","3","0","0","0","0","0","0","2","0","3","","","","N","","","","","","","","","",""
"2021120602","1421","1","0","0","0","0","0","0","0","0","0","0","","02","12","2021","6","40.397823","-80.083643","1420","11","0","0","1","0","0","0","0","0","","0","0","0","","","0","N","0","","40 23:52.164","","0","80 05:01.115","0","0","0","0","2203","0","0","0","N","0","0","0","1","02203","0","","5.0","","9","N","N","N","0","","0","0","0","","0","","","1","0","0","0","0","0","0","2","0","1","","","","N","","","","","","","","","",""
"2021118697","1923","2","0","0","0","0","0","0","0","0","2","0","","02","12","2021","1","40.42941","-80.006387","1918","11","0","1","0","0","0","0","0","0","","0","0","0","","","0","N","0","","40 25:45.877","","0","80 00:22.992","0","0","0","0","2301","0","0","0","N","0","0","0","4","02301","0","","1.0","","9","N","N","N","0","","0","0","0","","3","","","2","0","0","0","0","0","0","2","0","2","","03","","N","","","","","","","","","",""
"2021120966","2303","1","0","0","0","0","0","0","0","0","5","0","","02","12","2021","6","40.459223","-79.970688","2252","11","0","0","0","0","0","1","0","0","","0","0","0","","","1","","1","","40 27:33.204","","0","79 58:14.477","3","0","0","0","2301","0","0","0","N","0","0","0","2","02301","0","","1.0","","9","N","N","N","1","","1","0","0","","2","","","2","1","0","0","0","0","0","2","0","2","","","","N","","","","","","","","","",""
"2021121116","1453","1","0","0","0","0","0","0","0","0","4","0","","02","12","2021","7","40.461991","-79.924619","1443","11","0","0","0","0","0","0","0","0","","0","0","0","","","1","","1","","40 27:43.167","","0","79 55:28.628","4","0","0","0","2301","0","0","0","N","0","0","0","7","02301","1","","1.0","","9","N","N","N","0","","0","0","1","","3","","","2","1","0","0","0","0","0","2","0","2","","","","N","","","","","","","","","",""
"2021123163","0350","0","0","0","0","0","0","0","0","0","0","1","","02","11","2021","3","40.438088","-79.756109","0322","11","0","0","0","0","0","0","0","0","","0","1","0","","","2","N","0","","40 26:17.117","3","2","79 45:21.992","3","0","0","0","2446","0","0","0","N","0","0","0","3","68T09","0","","1.0","200.0","1","N","N","N","0","","2","0","0","","0","N","","1","2","0","0","0","0","0","2","0","1","","","","N","","","","","","","","","",""
"2021121132","1800","2","0","0","0","0","0","0","0","0","4","0","","02","12","2021","6","40.393868","-80.046311","1800","11","0","0","0","0","0","0","0","0","","0","0","0","","","0","","1","","40 23:37.924","","0","80 02:46.719","0","0","0","0","2109","0","0","0","N","0","0","0","4","02109","0","","1.0","","1","N","N","N","0","","0","0","0","","2","","","2","0","0","0","0","0","0","2","0","2","","","","N","","","","","","","","","",""
"2021095561","1717","2","0","0","0","0","0","0","0","0","4","0","","02","10","2021","6","40.429179","-79.921213","1710","11","0","0","0","0","0","1","0","0","","0","0","0","","","0","","1","","40 25:45.044","","0","79 55:16.366","0","0","0","0","2301","0","0","0","N","0","0","0","2","02301","0","","1.0","","1","N","N","N","0","","0","0","0","","2","","","2","0","0","0","0","0","0","2","0","2","","03","","N","","","","","","","","","",""
"2021121512","1622","1","0","0","0","0","0","0","0","0","1","0","","02","12","2021","6","40.667154","-80.102148","1611","11","0","0","0","0","0","1","0","0","","0","0","0","","","1","N","1","","40 40:01.754","","0","80 06:07.732","3","0","0","0","2212","0","0","0","N","0","0","0","3","02505","0","","1.0","","1","N","N","N","0","","1","0","1","","2","","","2","1","0","0","0","0","0","2","0","2","","03","","N","","","","","","","","","",""
"2021111811","1630","1","0","0","0","0","0","0","0","0","8","0","","02","11","2021","6","40.345148","-79.840615","1630","11","0","0","0","0","0","0","0","0","","0","0","0","","","1","N","2","","40 20:42.532","","0","79 50:26.214","3","0","0","0","2304","1","0","0","N","1","0","0","2","02304","0","","1.0","","1","N","N","N","0","","1","0","0","","3","","","2","1","0","0","0","0","0","2","0","1","","03","","N","","","","","","","","","",""
"2021096613","0345","1","0","0","0","0","0","0","0","0","98","0","","02","10","2021","7","40.439567","-80.154195","0338","11","0","0","0","0","0","0","0","0","","0","0","0","","","0","N","0","","40 26:22.440","","0","80 09:15.103","0","0","0","0","2115","0","0","0","N","0","0","0","1","68B03","0","","1.0","","9","N","N","N","0","","0","0","0","","0","","","1","0","0","0","0","0","0","2","0","1","","","","N","","","","","","","","","",""
"2021093502","2015","1","0","0","0","0","0","0","0","0","1","0","","02","10","2021","1","40.600729","-79.977492","2011","11","0","0","0","0","0","0","0","0","","0","0","0","","","0","","2","","40 36:02.623","","0","79 58:38.970","0","0","0","0","2207","0","0","0","N","0","0","0","1","02207","0","","5.0","","9","N","N","N","0","","0","0","0","","0","","","1","0","0","0","0","0","0","1","0","1","","04","","N","","","","","","","","","",""
"2021064487","1515","1","0","0","0","0","0","0","0","0","2","0","","02","7","2021","4","40.312076","-80.066016","1500","11","0","0","0","0","0","0","0","0","","0","0","0","","","0","N","2","","40 18:43.472","","7","80 03:57.658","0","0","0","0","2407","0","0","0","N","0","0","0","4","02407","0","","1.0","","9","N","N","N","0","","0","0","1","","2","","","2","0","0","0","0","0","0","2","0","2","","","","N","","","","","","","","","",""
"2021089492","1457","0","0","0","0","0","0","0","0","0","5","0","","02","7","2021","3","40.436917","-79.771333","1454","11","0","0","0","0","0","0","0","0","","0","0","0","","","0","N","0","","40 26:12.900","1","0","79 46:16.800","0","0","0","0","2446","0","0","0","N","0","0","0","2","02446","0","","1.0","1515.0","1","N","N","N","1","","0","0","1","","0","N","","2","0","0","0","0","0","0","2","0","2","","03","","N","","","","","","","","","",""
"2021063367","0304","0","0","0","0","0","0","0","0","0","99","0","","02","7","2021","5","40.44361","-79.828344","0259","11","0","0","0","0","0","1","0","0","","0","0","0","","","0","N","0","","40 26:36.996","2","0","79 49:42.037","9","0","0","0","2419","0","0","0","N","0","0","0","1","02419","0","","9.0","430.0","9","N","N","N","0","","0","0","1","","0","Y","","1","0","0","0","0","0","1","2","0","1","","","","N","","","","","","","","","",""
"2021093405","1726","0","0","0","0","0","0","0","0","0","4","0","","02","10","2021","6","40.365707","-80.107609","1717","11","0","0","0","0","0","0","1","0","","0","0","0","","","0","Y","0","","40 21:56.546","","7","80 06:27.394","0","0","0","0","2102","0","0","0","N","0","0","0","2","02102","0","","1.0","","1","N","N","N","0","","0","0","2","","2","N","","2","0","0","0","0","0","0","2","0","2","","03","","N","","","","","","","","","",""
"2021089155","2010","1","0","0","0","0","0","0","0","0","1","0","","02","9","2021","3","40.420621","-80.066866","2001","11","0","0","0","0","0","0","0","0","","0","0","0","","","1","","2","","40 25:14.237","","0","80 04:00.716","8","0","0","0","2301","0","0","0","N","0","0","0","2","02301","0","","1.0","","9","N","N","N","1","","0","0","0","","3","","","2","1","0","0","0","1","1","2","0","2","","07","","N","","","","","","","","","",""
"2021097943","2005","3","0","0","0","0","0","0","0","0","1","0","","02","10","2021","5","40.433518","-79.918557","1957","11","0","0","0","0","0","0","0","0","","0","0","0","","","0","N","1","","40 26:00.664","","0","79 55:06.805","0","0","0","0","2301","0","0","0","N","0","0","0","3","02301","0","","1.0","","1","N","N","N","0","","0","0","0","","0","","","3","0","1","0","0","0","0","2","0","3","","03","","N","","","","","","","","","",""
"2021075453","1048","0","0","0","0","0","0","0","0","0","6","1","","02","8","2021","6","40.359305","-79.844857","1044","11","0","0","0","0","0","2","0","0","","0","1","0","","","1","N","0","","40 21:33.498","1","3","79 50:41.486","3","0","0","0","2303","0","0","0","N","0","0","0","2","02303","0","","1.0","1143.0","1","","","N","1","","1","0","0","","0","N","","2","1","0","0","0","0","0","2","0","2","","03","","N","","","","","","","","","",""
"2021050036","1506","2","0","0","0","0","0","0","0","0","1","0","","02","6","2021","3","40.479545","-80.043849","1456","11","0","0","0","0","0","0","0","0","","0","0","0","","","1","N","0","","40 28:46.361","2","0","80 02:37.855","8","0","0","0","2301","0","0","0","N","0","0","0","4","02301","0","","1.0","9999.0","1","N","N","N","1","","0","0","0","","2","N","","3","1","0","0","0","1","0","2","0","3","","03","","N","","","","","","","","","",""
"2021052853","1535","2","0","0","0","0","0","0","0","0","4","0","","02","5","2021","3","40.438631","-79.768988","1532","11","0","0","1","0","0","0","0","0","","0","0","0","","","0","N","2","","40 26:19.070","","0","79 46:08.357","0","0","0","0","2446","0","0","0","N","0","0","0","3","02446","0","","1.0","","1","N","N","N","0","","0","0","0","","3","N","","2","0","0","0","0","0","0","2","0","2","","03","","N","","","","","","","","","",""
"2021080994","2220","1","0","0","0","0","0","0","0","0","7","0","","02","8","2021","6","40.412755","-80.089254","2217","11","0","0","0","0","0","0","0","0","","0","0","0","","","0","N","2","","40 24:45.918","","0","80 05:21.314","0","0","0","0","2415","0","0","0","N","0","0","0","1","02415","0","","5.0","","1","N","N","N","0","","0","0","0","","0","","","1","0","0","0","0","0","0","2","0","1","","03","","N","","","","","","","","","",""
"2021048920","1800","1","0","0","0","0","0","0","0","0","4","0","","02","5","2021","2","40.514273","-80.264705","1754","11","0","0","0","0","0","0","1","0","","0","0","0","","","0","N","0","","40 30:51.383","","7","80 15:52.937","0","0","0","0","2203","0","0","0","N","0","0","0","2","02203","0","","1.0","","1","N","N","N","0","","0","0","1","","0","","","2","0","0","0","0","0","0","2","0","2","","03","","N","","","","","","","","","",""
"2021082367","1722","3","0","0","0","0","0","0","0","0","1","0","","02","8","2021","2","40.315165","-80.029413","1719","11","0","0","0","0","0","1","1","0","","0","0","0","","","2","","2","","40 18:54.595","","0","80 01:45.885","3","0","0","0","2407","0","0","0","N","0","0","0","5","02407","1","","1.0","","1","N","N","N","0","","1","0","0","","0","","","3","2","0","0","0","0","0","2","0","3","","","","N","","","","","","","","","",""
"2021050041","1618","1","0","0","0","0","0","0","0","0","1","0","","02","5","2021","5","40.458799","-79.998773","1611","11","0","0","0","0","0","0","0","0","","0","0","0","","","0","N","0","","40 27:31.676","","0","79 59:55.583","0","0","0","0","2301","0","0","0","N","0","0","0","3","68B03","0","","1.0","","1","N","N","N","1","","0","0","1","","0","","","3","0","0","0","0","0","0","2","0","3","","","","N","","","","","","","","","",""
"2021048443","1620","3","0","0","0","0","0","0","0","0","1","0","","02","5","2021","5","40.412","-80.001333","1613","11","0","0","0","0","0","1","0","0","","0","0","0","","","0","N","0","","40 24:43.200","3","0","80 00:04.800","0","0","0","0","2301","0","0","0","N","0","0","0","3","02301","0","","1.0","1700.0","1","N","N","Y","0","","0","0","0","","0","N","","3","0","0","0","0","0","0","2","0","3","","03","","N","","","","","","","","","",""
"2021057793","0709","1","0","0","0","0","0","0","0","0","1","0","","02","5","2021","3","40.441292","-79.858417","0645","11","0","0","0","0","0","0","0","0","","0","0","0","","","0","N","0","","40 26:28.651","4","0","79 51:30.300","0","0","0","0","2419","0","0","0","N","0","0","0","3","68B03","0","","1.0","705.0","1","N","N","N","0","","0","0","2","","0","N","","3","0","0","0","0","0","0","2","0","3","","03","","N","","","","","","","","","",""
"2021049841","1532","1","0","0","0","0","0","0","0","0","4","0","","02","6","2021","3","40.521697","-80.043671","1528","11","0","0","0","0","0","0","0","1","","0","0","0","","","1","","2","","40 31:18.108","3","0","80 02:37.214","3","0","0","0","2116","0","0","0","N","0","0","0","2","02474","0","","1.0","1545.0","1","N","N","N","0","","1","0","1","","3","N","","2","1","0","0","0","0","0","2","0","2","","","","N","","","","","","","","","",""
"2021054966","2315","1","0","0","0","0","0","0","0","0","7","0","","02","6","2021","2","40.465306","-80.036028","2305","11","0","0","0","0","0","0","0","0","","0","0","0","","","0","N","0","","40 27:55.100","2","0","80 02:09.700","0","0","0","0","2301","0","0","0","Y","0","0","0","1","02301","0","","5.0","2345.0","1","N","N","N","0","","0","0","0","","7","Y","","1","0","0","0","0","0","0","2","0","1","","","","N","","","","","","","","","",""
"2021091820","0808","1","0","0","0","0","0","0","0","0","4","0","","02","9","2021","4","40.461729","-79.965337","0755","11","0","1","0","0","0","0","0","0","","0","0","0","","","0","N","2","","40 27:42.223","","0","79 57:55.212","0","0","0","0","2301","0","0","0","N","0","0","0","2","02301","0","","1.0","","1","N","N","N","0","","0","0","1","","3","","","2","0","0","0","0","0","0","2","0","2","","","","N","","","","","","","","","",""