"CRN","ARRIVAL_TM","AUTOMOBILE_COUNT","BELTED_DEATH_COUNT","BELTED_SUSP_SERIOUS_INJ_COUNT","BICYCLE_COUNT","BICYCLE_DEATH_COUNT","BICYCLE_SUSP_SERIOUS_INJ_COUNT","BUS_COUNT","CHLDPAS_DEATH_COUNT","CHLDPAS_SUSP_SERIOUS_INJ_COUNT","COLLISION_TYPE","COMM_VEH_COUNT","CONS_ZONE_SPD_LIM","COUNTY","CRASH_MONTH","CRASH_YEAR","DAY_OF_WEEK","DEC_LATITUDE","DEC_LONGITUDE","DISPATCH_TM","DISTRICT","DRIVER_COUNT_16YR","DRIVER_COUNT_17YR","DRIVER_COUNT_18YR","DRIVER_COUNT_19YR","DRIVER_COUNT_20YR","DRIVER_COUNT_50_64YR","DRIVER_COUNT_65_74YR","DRIVER_COUNT_75PLUS","EST_HRS_CLOSED","FATAL_COUNT","HEAVY_TRUCK_COUNT","HORSE_BUGGY_COUNT","HOUR_OF_DAY","ILLUMINATION","INJURY_COUNT","INTERSECTION_RELATED","INTERSECT_TYPE","LANE_CLOSED","LATITUDE","LN_CLOSE_DIR","LOCATION_TYPE","LONGITUDE","MAX_SEVERITY_LEVEL","MCYCLE_DEATH_COUNT","MCYCLE_SUSP_SERIOUS_INJ_COUNT","MOTORCYCLE_COUNT","MUNICIPALITY","NONMOTR_COUNT","NONMOTR_DEATH_COUNT","NONMOTR_SUSP_SERIOUS_INJ_COUNT","NTFY_HIWY_MAINT","PED_COUNT","PED_DEATH_COUNT","PED_SUSP_SERIOUS_INJ_COUNT","PERSON_COUNT","POLICE_AGCY","POSSIBLE_INJ_COUNT","RDWY_SURF_TYPE_CD","RELATION_TO_ROAD","ROADWAY_CLEARED","ROAD_CONDITION","SCH_BUS_IND","SCH_ZONE_IND","SECONDARY_CRASH","SMALL_TRUCK_COUNT","SPEC_JURIS_CD","SUSP_MINOR_INJ_COUNT","SUSP_SERIOUS_INJ_COUNT","SUV_COUNT","TCD_FUNC_CD","TCD_TYPE","TFC_DETOUR_IND","TIME_OF_DAY","TOTAL_UNITS","TOT_INJ_COUNT","UNBELTED_OCC_COUNT","UNB_DEATH_COUNT","UNB_SUSP_SERIOUS_INJ_COUNT","UNK_INJ_DEG_COUNT","UNK_INJ_PER_COUNT","URBAN_RURAL","VAN_COUNT","VEHICLE_COUNT","WEATHER1","WEATHER2","WORKERS_PRES","WORK_ZONE_IND","WORK_ZONE_LOC","WORK_ZONE_TYPE","WZ_CLOSE_DETOUR","WZ_FLAGGER","WZ_LAW_OFFCR_IND","WZ_LN_CLOSURE","WZ_MOVING","WZ_OTHER","WZ_SHLDER_MDN","WZ_WORKERS_INJ_KILLED"
"2021101312","0202","2","0","0","0","0","0","0","0","0","6","0","","02","10","2021","1","40.407889","-79.939112","0159","11","0","0","0","0","0","0","0","0","","0","0","0","","","0","N","0","","40 24:28.401","","0","79 56:20.802","0","0","0","0","2301","0","0","0","N","0","0","0","0","02301","0","","2.0","","1","N","N","N","0","","0","0","1","","0","","","3","0","0","0","0","0","0","2","0","3","","03","","N","","","","","","","","","",""
"2021111696","1809","0","0","0","0","0","0","0","0","0","4","0","","02","11","2021","5","40.388656","-79.830251","1806","11","0","0","0","0","0","1","0","0","","0","0","0","","","0","N","2","","40 23:19.161","3","0","79 49:48.903","0","0","0","0","2111","0","0","0","N","0","0","0","2","02111","0","","1.0","1847.0","1","N","N","N","1","","0","0","1","","2","Y","","2","0","0","0","0","0","0","2","0","2","","03","","N","","","","","","","","","",""
"2021075212","1817","1","0","0","0","0","0","0","0","0","4","0","","02","8","2021","2","40.518667","-80.222897","1817","11","0","0","0","0","0","1","0","0","","0","0","0","","","1","Y","0","","40 31:07.200","6","7","80 13:22.430","3","0","0","1","2213","0","0","0","N","0","0","0","2","02213","0","","1.0","30.0","1","N","N","N","0","","1","0","0","","0","N","","2","1","0","0","0","0","0","2","0","2","","03","","N","","","","","","","","","",""
"2021106428","1455","3","0","0","0","0","0","0","0","0","5","0","","02","8","2021","3","40.446364","-80.170497","1445","11","0","3","0","0","0","0","0","0","","0","0","0","","","0","N","0","","40 26:46.909","3","0","80 10:13.788","0","0","0","0","2115","0","0","0","N","0","0","0","6","68B03","0","","1.0","1515.0","9","N","N","N","0","","0","0","0","","4","N","","3","0","0","0","0","0","0","2","0","3","","","","N","","","","","","","","","",""
"2021060045","0913","4","0","0","0","0","0","0","0","0","1","0","","02","6","2021","3","40.623185","-79.923134","0907","11","0","0","0","0","0","1","2","1","","0","0","0","","","0","N","1","","40 37:23.467","4","0","79 55:23.282","0","0","0","0","2217","0","0","0","N","0","0","0","4","02505","0","","1.0","950.0","1","N","N","N","0","","0","0","0","","2","Y","","4","0","0","0","0","0","0","2","0","4","","","","N","","","","","","","","","",""
"2021115065","1220","0","0","0","0","0","0","0","0","0","7","0","","02","11","2021","5","40.465079","-80.027004","1217","11","0","0","0","0","0","0","0","0","","0","0","0","","","0","N","1","","40 27:54.283","","0","80 01:37.213","0","0","0","0","2301","0","0","0","N","0","0","0","2","02301","0","","2.0","","9","N","N","N","0","","0","0","1","","0","","","1","0","0","0","0","0","0","2","0","1","","","","N","","","","","","","","","",""
"2021113035","0934","1","0","0","0","0","0","0","0","0","2","0","","02","11","2021","5","40.425333","-79.754428","0932","11","0","0","0","0","0","1","0","1","","0","0","0","","","1","N","2","","40 25:31.197","5","0","79 45:15.942","3","0","0","0","2446","0","0","0","N","0","0","0","2","02446","0","","1.0","1000.0","1","N","N","N","0","","1","0","1","","2","N","","2","1","0","0","0","0","0","2","0","2","","03","","N","","","","","","","","","",""
"2021112506","0248","0","0","0","0","0","0","0","0","0","7","0","","02","10","2021","4","40.490836","-79.885843","0231","11","0","0","0","0","0","0","0","0","","0","0","0","","","0","N","0","","40 29:27.011","","0","79 53:09.034","9","0","0","0","2112","0","0","0","Y","0","0","0","1","68D02","0","","4.0","","1","N","Y","N","1","","0","0","0","","0","","","1","0","0","0","0","0","1","2","0","1","","03","","N","","","","","","","","","",""
"2021109632","1450","0","0","0","0","0","0","0","0","0","7","0","","02","11","2021","5","40.29116","-79.832901","1445","11","0","0","0","0","0","0","0","0","","0","0","0","","","1","N","0","","40 17:28.176","5","0","79 49:58.444","2","0","1","1","2105","0","0","0","N","0","0","0","1","02105","0","","1.0","1530.0","1","N","N","N","0","","0","1","0","","0","Y","","1","1","0","0","0","0","0","2","0","1","","","","N","","","","","","","","","",""
"2021072360","1155","0","0","0","0","0","0","0","0","0","2","0","","02","8","2021","4","40.4571","-80.051962","1147","11","0","0","0","0","0","1","0","0","","0","0","0","","","0","N","1","","40 27:25.560","","0","80 03:07.063","0","0","0","0","2301","0","0","0","N","0","0","0","2","02301","0","","1.0","","1","N","N","N","0","","0","0","1","","3","","","2","0","0","0","0","0","0","2","0","2","","03","","N","","","","","","","","","",""
"2021108276","2238","2","0","0","0","0","0","0","0","0","2","0","","02","11","2021","3","40.42748","-79.721526","2236","11","0","0","0","0","0","0","0","0","","0","0","0","","","2","","1","","40 25:38.928","4","0","79 43:17.492","2","0","0","0","2446","0","0","0","N","0","0","0","2","02446","0","","1.0","2336.0","1","N","N","N","0","","0","2","0","","2","N","","2","2","0","0","0","0","0","2","0","2","","","","N","","","","","","","","","",""
"2021104545","1836","1","0","0","0","0","0","0","0","0","1","0","","02","10","2021","4","40.439603","-80.154267","1818","11","0","0","0","0","0","0","0","0","","0","0","0","","","0","N","0","","40 26:22.571","","0","80 09:15.362","0","0","0","0","2115","0","0","0","N","0","0","0","2","68B03","0","","1.0","","1","N","N","N","1","","0","0","0","","0","","","2","0","0","0","0","0","0","2","0","2","","03","","N","","","","","","","","","",""
"2021109887","1512","1","0","0","0","0","0","0","0","0","1","1","","02","11","2021","6","40.619267","-80.078274","1456","11","0","0","0","0","0","2","0","0","","0","1","0","","","0","Y","0","","40 37:09.360","","0","80 04:41.785","0","0","0","0","2212","0","0","0","N","0","0","0","5","02505","0","","1.0","","1","N","N","N","0","","0","0","2","","2","","","4","0","0","0","0","0","0","2","0","4","","","","N","","","","","","","","","",""
"2021072276","1437","2","0","0","0","0","0","0","0","0","1","0","","02","7","2021","6","40.396219","-80.085886","1433","11","0","0","0","0","0","0","0","0","","0","0","0","","","1","Y","0","","40 23:46.389","3","0","80 05:09.191","8","0","0","0","2102","0","0","0","N","0","0","0","2","02102","0","","1.0","1450.0","1","N","N","N","0","","0","0","0","","0","N","","2","1","0","0","0","1","0","2","0","2","","03","","N","","","","","","","","","",""
"2021079770","1712","0","0","0","0","0","0","0","0","0","1","0","","02","8","2021","6","40.416307","-80.058738","1657","11","0","0","0","0","0","0","0","0","","0","0","0","","","1","N","0","","40 24:58.705","4","0","80 03:31.457","3","0","0","1","2435","0","0","0","N","0","0","0","2","68B03","0","","1.0","1723.0","1","N","N","N","0","","1","0","1","","0","N","","2","1","0","0","0","0","0","2","0","2","","","","N","","","","","","","","","",""
"2021103779","1407","2","0","0","0","0","0","0","0","0","1","0","","02","10","2021","6","40.436615","-79.995319","1359","11","0","0","0","0","1","0","0","0","","0","0","0","","","0","N","0","","40 26:11.814","","2","79 59:43.147","0","0","0","0","2301","0","0","0","N","0","0","0","2","02301","0","","1.0","","9","N","N","N","0","","0","0","0","","0","","","2","0","1","0","0","0","0","2","0","2","","07","","N","","","","","","","","","",""
"2021107091","1925","1","0","0","0","0","0","0","0","0","1","0","","02","10","2021","1","40.411697","-80.076415","1912","11","0","0","0","0","0","0","0","0","","0","0","0","","","0","N","6","","40 24:42.108","","2","80 04:35.095","0","0","0","0","2117","0","0","0","N","0","0","0","2","68B03","0","","1.0","","1","N","N","N","0","","0","0","1","","4","","","2","0","0","0","0","0","0","2","0","2","","","","N","","","","","","","","","",""
"2021074164","1843","1","0","0","0","0","0","0","0","0","4","0","","02","8","2021","2","40.454076","-79.996814","1837","11","0","0","0","0","0","2","0","0","","0","0","0","","","1","","1","","40 27:14.672","3","0","79 59:48.532","3","0","0","0","2301","0","0","0","N","0","0","0","3","02301","0","","1.0","1915.0","1","N","N","N","0","","1","0","1","","2","N","","2","1","0","0","0","0","0","2","0","2","","03","","N","","","","","","","","","",""
"2021111495","1631","0","0","0","0","0","0","0","0","0","7","0","","02","11","2021","3","40.510121","-79.796698","1621","11","0","0","0","0","0","0","0","0","","0","0","0","","","1","N","0","","40 30:36.435","3","0","79 47:48.113","8","0","0","0","2113","0","0","0","N","0","0","0","1","02113","0","","5.0","1700.0","1","N","N","N","0","","0","0","1","","0","N","","1","1","0","0","0","1","0","2","0","1","","03","","N","","","","","","","","","",""
"2021090096","0426","3","0","0","0","0","0","0","0","0","5","0","","02","7","2021","7","40.432576","-79.960671","0412","11","0","0","0","0","0","1","0","0","","0","0","0","","","0","N","0","","40 25:57.273","4","0","79 57:38.414","9","0","0","0","2301","0","0","0","N","0","0","0","4","68B03","0","","1.0","500.0","1","N","N","N","0","","0","0","0","","0","N","","4","0","0","0","0","0","2","2","0","4","","","","N","","","","","","","","","",""
"2021112377","1350","0","0","0","0","0","0","0","0","0","7","0","","02","11","2021","3","40.442442","-80.159928","1343","11","0","0","0","0","0","0","0","0","","0","0","0","","","1","N","0","","40 26:32.791","3","0","80 09:35.739","2","0","1","1","2115","0","0","0","N","0","0","0","1","68B03","0","","4.0","1410.0","1","N","N","N","0","","0","1","0","","0","N","","1","1","0","0","0","0","0","2","0","1","","","","N","","","","","","","","","",""
"2021084519","1550","0","0","0","0","0","0","0","0","0","2","0","","02","9","2021","6","40.362283","-79.978456","1547","11","0","1","0","0","0","1","0","0","","0","0","0","","","0","","1","","40 21:44.218","","0","79 58:42.441","0","0","0","0","2476","0","0","0","N","0","0","0","2","02476","0","","1.0","","1","N","N","N","0","","0","0","2","","3","","","2","0","0","0","0","0","0","2","0","2","","","","N","","","","","","","","","",""
"2021109628","1947","1","0","0","0","0","0","0","0","0","2","0","","02","11","2021","5","40.395475","-79.899595","1943","11","0","0","0","0","0","0","1","0","","0","0","0","","","0","N","0","","40 23:43.709","","0","79 53:58.541","0","0","0","0","2448","0","0","0","N","0","0","0","2","02448","0","","1.0","","1","N","N","N","0","","0","0","1","","0","","","2","0","0","0","0","0","0","2","0","2","","03","","N","","","","","","","","","",""
"2021109762","1030","2","0","0","0","0","0","0","0","0","1","0","","02","11","2021","6","40.585613","-80.036063","1023","11","0","0","0","0","0","1","0","0","","0","0","0","","","0","","1","","40 35:08.206","","0","80 02:09.827","0","0","0","0","2108","0","0","0","N","0","0","0","3","02108","0","","1.0","","1","N","N","N","1","","0","0","0","","2","","","3","0","0","0","0","0","0","2","0","3","","","","N","","","","","","","","","",""
"2021110705","2006","0","0","0","0","0","0","0","0","0","7","0","","02","11","2021","1","40.457622","-79.826747","2006","11","0","0","0","0","0","1","0","0","","0","0","0","","","0","N","0","","40 27:27.438","1","0","79 49:36.288","0","0","0","0","2113","0","0","0","N","0","0","0","1","02113","0","","2.0","2032.0","9","N","N","N","0","","0","0","1","","0","N","","1","0","0","0","0","0","0","2","0","1","","","","N","","","","","","","","","",""
"2021074522","1708","0","0","0","0","0","0","0","0","0","7","0","","02","8","2021","3","40.543008","-80.011113","1705","11","0","0","0","0","0","0","0","0","","0","0","0","","","0","N","0","","40 32:34.828","4","0","80 00:40.006","0","0","0","0","2116","0","0","0","N","0","0","0","1","02116","0","","5.0","1730.0","9","N","N","N","0","","0","0","1","","0","N","","1","0","0","0","0","0","0","2","0","1","","03","","N","","","","","","","","","",""
"2021075130","2230","2","0","1","0","0","0","0","0","0","4","0","","02","8","2021","4","40.453472","-79.953","2228","11","0","0","0","0","0","0","0","0","","0","0","0","","","1","N","0","","40 27:12.500","","0","79 57:10.800","2","0","0","0","2301","0","0","0","N","0","0","0","3","02301","0","","1.0","","1","N","N","N","0","","0","1","0","","0","","","2","1","1","0","0","0","0","2","0","2","","","","N","","","","","","","","","",""
"2021076430","0709","0","0","0","0","0","0","0","0","0","7","0","","02","8","2021","3","40.582595","-79.780526","0651","11","0","0","0","0","0","0","0","0","","0","0","0","","","1","N","0","","40 34:57.341","","3","79 46:49.894","3","0","0","0","2104","0","0","0","N","0","0","0","1","68D02","0","","2.0","","9","N","N","N","0","","1","0","1","","0","","","1","1","0","0","0","0","0","2","0","1","","","","N","","","","","","","","","",""
"2021115392","2020","1","0","0","0","0","0","0","0","0","1","0","","02","11","2021","2","40.382648","-80.093752","2013","11","0","0","0","0","0","0","0","0","","0","0","0","","","0","","2","","40 22:57.534","1","0","80 05:37.508","0","0","0","0","2102","0","0","0","N","0","0","0","2","02102","0","","1.0","2040.0","1","N","N","N","1","","0","0","0","","2","N","","2","0","0","0","0","0","0","2","0","2","","03","","N","","","","","","","","","",""
"2021107299","0856","1","0","0","0","0","0","0","0","0","1","0","","02","11","2021","4","40.440256","-79.751803","0839","11","0","0","0","0","0","0","0","0","","0","0","0","","","0","N","0","","40 26:24.921","","0","79 45:06.491","0","0","0","0","2446","0","0","0","N","0","0","0","2","68T02","0","","1.0","","1","N","N","N","0","","0","0","1","","0","","","2","0","0","0","0","0","0","2","0","2","","","","N","","","","","","","","","",""
"2021070092","0105","0","0","0","0","0","0","0","0","0","7","0","","02","7","2021","5","40.436315","-79.996309","0100","11","0","0","0","0","0","0","0","0","","0","0","0","","","1","","2","","40 26:10.733","","0","79 59:46.711","3","0","0","0","2301","0","0","0","N","0","0","0","3","02301","0","","5.0","","1","N","N","Y","0","","1","0","1","","3","","","1","1","0","0","0","0","0","2","0","1","","","","N","","","","","","","","","",""
"2021118794","0739","2","0","0","0","0","0","0","0","0","1","0","","02","12","2021","2","40.42191","-80.004184","0729","11","0","0","0","0","1","0","0","1","","0","0","0","","","1","N","0","","40 25:18.877","2","4","80 00:15.063","3","0","0","0","2301","0","0","0","N","0","0","0","3","02301","0","","1.0","750.0","1","N","N","N","0","","1","0","0","","0","Y","","3","1","0","0","0","0","0","2","1","3","","","","N","","","","","","","","","",""
"2021108011","1901","2","0","0","0","0","0","0","0","0","4","0","","02","9","2021","3","40.45512","-79.899626","1852","11","0","0","0","0","0","0","0","1","","0","0","0","","","0","","1","","40 27:18.431","3","0","79 53:58.652","0","0","0","0","2301","0","0","0","N","0","0","0","4","02301","0","","1.0","1920.0","1","N","N","N","0","","0","0","0","","3","N","","2","0","0","0","0","0","0","2","0","2","","","","N","","","","","","","","","",""
"2021098916","0127","1","0","0","0","0","0","0","0","0","5","0","","02","10","2021","2","40.499476","-79.924627","0120","11","0","0","0","0","0","0","0","0","","0","0","0","","","0","N","0","","40 29:58.113","","0","79 55:28.658","0","0","0","0","2112","0","0","0","N","0","0","0","1","02112","0","","6.0","","1","N","N","N","0","","0","0","1","","0","","","2","0","0","0","0","0","0","2","0","2","","","","N","","","","","","","","","",""
"2021107133","2043","2","0","0","0","0","0","0","0","0","4","0","","02","11","2021","6","40.491601","-80.061176","2042","11","0","0","0","0","0","0","0","1","","0","0","0","","","0","","2","","40 29:29.763","1","0","80 03:40.233","0","0","0","0","2404","0","0","0","N","0","0","0","2","02404","0","","1.0","2100.0","1","N","N","N","0","","0","0","0","","2","N","","2","0","1","0","0","0","0","2","0","2","","","","N","","","","","","","","","",""
"2021104244","1150","1","0","0","0","0","0","0","0","0","1","0","","02","10","2021","3","40.509865","-79.991808","1145","11","0","0","0","0","0","0","0","0","","0","0","0","","","2","N","0","","40 30:35.513","","0","79 59:30.510","4","0","0","0","2116","0","0","0","N","0","0","0","2","02116","2","","1.0","","1","N","Y","N","0","","0","0","1","","0","","","2","2","0","0","0","0","0","2","0","2","","03","","N","","","","","","","","","",""
"2021106954","1333","2","0","0","0","0","0","0","0","0","4","0","","02","11","2021","6","40.449284","-79.884606","1328","11","0","0","0","0","0","1","1","0","","0","0","0","","","0","N","2","","40 26:57.424","3","0","79 53:04.582","0","0","0","0","2301","0","0","0","N","0","0","0","3","02301","0","","1.0","1345.0","1","N","N","N","0","","0","0","0","","3","N","","2","0","0","0","0","0","0","2","0","2","","03","","N","","","","","","","","","",""
"2021068880","2233","1","0","0","0","0","0","0","0","0","4","0","","02","7","2021","7","40.332496","-79.985279","2225","11","0","0","0","0","0","0","1","0","","0","0","0","","","0","N","2","","40 19:56.984","1","0","79 59:07.003","0","0","0","0","2403","0","0","0","N","0","0","0","4","02403","0","","1.0","2350.0","1","N","N","N","0","","0","0","1","","2","Y","","2","0","0","0","0","0","0","2","0","2","","03","","N","","","","","","","","","",""
"2021084240","1805","1","0","0","0","0","0","0","0","0","4","0","","02","9","2021","3","40.353954","-79.823236","1804","11","0","0","0","0","0","0","0","0","","0","0","0","","","3","","1","","40 21:14.236","3","0","79 49:23.648","3","0","0","0","2477","0","0","0","N","0","0","0","4","02477","1","","1.0","1909.0","1","N","N","N","1","","2","0","0","","3","N","","2","3","0","0","0","0","0","2","0","2","","03","","N","","","","","","","","","",""
"2021085677","2044","1","0","0","0","0","0","0","0","0","4","0","","02","9","2021","7","40.455395","-79.884738","2044","11","0","0","0","0","0","0","0","0","","0","0","0","","","0","N","2","","40 27:19.422","","0","79 53:05.056","9","0","0","0","2301","0","0","0","N","0","0","0","1","02301","0","","1.0","","1","N","N","N","0","","0","0","1","","0","","","2","0","0","0","0","0","1","2","0","2","","","","N","","","","","","","","","",""
"2021099253","1838","0","0","0","0","0","0","0","0","0","4","0","","02","10","2021","1","40.297233","-79.916944","1817","11","0","0","0","0","0","0","1","0","","0","0","0","","","0","Y","2","","40 17:50.037","","0","79 55:01.000","0","0","0","0","2440","0","0","0","N","0","0","0","2","68T09","0","","1.0","","1","N","N","N","0","","0","0","2","","3","","","2","0","0","0","0","0","0","2","0","2","","","","N","","","","","","","","","",""
"2021099553","0651","0","0","0","0","0","0","0","0","0","2","0","","02","10","2021","5","40.366565","-80.014569","0647","11","0","0","0","0","0","0","0","0","","0","0","0","","","1","N","0","","40 21:59.635","1","0","80 00:52.450","8","0","0","0","2416","0","0","0","N","0","0","0","2","02416","0","","1.0","723.0","1","N","N","N","1","","0","0","1","","0","N","","2","1","0","0","0","1","1","2","0","2","","","","N","","","","","","","","","",""
"2021107070","2136","0","0","0","0","0","0","0","0","0","1","0","","02","10","2021","7","40.489938","-80.009885","2132","11","0","0","0","0","0","0","0","0","","0","0","0","","","1","N","0","","40 29:23.778","2","0","80 00:35.587","3","0","0","0","2301","0","0","0","N","0","0","0","2","68B03","0","","1.0","120.0","1","N","N","Y","0","","1","0","1","","0","N","","2","1","0","0","0","0","0","2","0","2","","","","N","","","","","","","","","",""
"2021105874","1207","1","0","0","0","0","0","0","0","0","5","0","","02","10","2021","1","40.503573","-80.081083","1205","11","0","0","0","0","0","1","0","0","","0","0","0","","","0","N","2","","40 30:12.861","","0","80 04:51.897","0","0","0","0","2405","0","0","0","N","0","0","0","2","02215","0","","1.0","","9","N","N","N","0","","0","0","1","","0","","","2","0","0","0","0","0","0","2","0","2","","","","N","","","","","","","","","",""
"2021109275","0035","1","0","0","0","0","0","0","0","0","7","0","","02","11","2021","5","40.467971","-80.007799","0030","11","0","0","0","0","0","1","0","0","","0","0","0","","","0","","1","","40 28:04.694","","0","80 00:28.076","0","0","0","0","2301","0","0","0","N","0","0","0","1","02301","0","","5.0","","1","N","N","N","0","","0","0","0","","0","","","1","0","0","0","0","0","0","2","0","1","","","","N","","","","","","","","","",""
"2021110314","0316","0","0","0","0","0","0","0","0","0","0","0","","02","11","2021","3","40.42552","-79.906011","0257","11","0","0","0","0","0","0","0","0","","0","0","0","","","2","N","0","","40 25:31.871","3","3","79 54:21.639","4","0","0","0","2301","0","0","0","N","0","0","0","2","68B03","1","","1.0","340.0","1","N","N","N","0","","0","0","1","","0","N","","1","2","0","0","0","1","0","2","0","1","","","","N","","","","","","","","","",""
"2021110413","2221","2","0","0","0","0","0","0","0","0","4","0","","02","11","2021","7","40.453452","-79.931789","2219","11","0","0","0","0","0","0","0","0","","0","0","0","","","1","","1","","40 27:12.427","","0","79 55:54.440","3","0","0","0","2301","0","0","0","N","0","0","0","3","02301","0","","1.0","","1","N","N","N","0","","1","0","0","","3","","","2","1","0","0","0","0","0","2","0","2","","03","","N","","","","","","","","","",""
"2021106866","0824","2","0","0","0","0","0","0","0","0","1","0","","02","11","2021","6","40.437764","-79.896775","0817","11","0","0","0","0","0","0","0","0","","0","0","0","","","0","N","0","","40 26:15.950","","0","79 53:48.390","0","0","0","0","2301","0","0","0","N","0","0","0","1","02301","0","","4.0","","1","N","N","N","0","","0","0","0","","0","","","2","0","0","0","0","0","0","2","0","2","","","","N","","","","","","","","","",""
"2021078130","0030","1","0","0","0","0","0","0","0","0","7","0","","02","8","2021","6","40.459806","-79.940694","0021","11","0","0","0","0","0","0","0","0","","0","0","0","","","1","","1","","40 27:35.300","4","0","79 56:26.500","8","0","0","0","2301","0","0","0","Y","0","0","0","1","02301","0","","5.0","50.0","9","N","N","N","0","","0","0","0","","3","N","","1","1","0","0","0","1","0","2","0","1","","","","N","","","","","","","","","",""
"2021098316","0225","1","0","0","0","0","0","0","0","0","2","0","","02","10","2021","6","40.420486","-79.986365","0220","11","0","0","0","0","0","0","0","0","","0","0","0","","","0","","2","","40 25:13.750","","0","79 59:10.915","9","0","0","0","2301","0","0","0","N","0","0","0","1","02301","0","","2.0","","1","N","N","N","0","","0","0","0","","0","","","1","0","1","0","0","0","1","2","0","1","","","","N","","","","","","","","","",""
"2021107057","0910","0","0","0","0","0","0","0","0","0","0","2","","02","10","2021","3","40.451601","-80.111226","0907","11","0","0","0","0","0","1","0","1","","0","2","0","","","4","N","6","","40 27:05.765","2","2","80 06:40.415","3","0","0","0","2115","0","0","0","Y","0","0","0","4","68B03","1","","1.0","1530.0","1","N","N","N","0","","1","0","0","","0","Y","","3","4","0","0","0","2","0","2","1","3","","","","N","","","","","","","","","",""
"2021093068","0848","1","0","0","0","0","0","0","0","0","1","0","","02","9","2021","3","40.433242","-79.87016","0841","11","0","0","0","0","0","0","0","0","","0","0","0","","","1","N","0","","40 25:59.671","","0","79 52:12.576","4","0","0","0","2411","0","0","0","N","0","0","0","5","68B03","1","","1.0","","1","N","N","N","1","","0","0","0","","0","","","2","1","0","0","0","0","0","2","0","2","","","","N","","","","","","","","","",""
"2021090868","1743","0","0","0","0","0","0","0","0","0","2","0","","02","9","2021","1","40.460064","-80.193705","1741","11","0","0","0","0","0","0","0","0","","0","0","0","","","3","N","0","","40 27:36.229","4","0","80 11:37.338","4","0","0","1","2203","0","0","0","N","0","0","0","3","02203","3","","1.0","1825.0","1","N","N","N","0","","0","0","1","","0","N","","2","3","0","0","0","0","0","2","0","2","","03","","N","","","","","","","","","",""
"2021104371","1907","3","0","0","0","0","0","0","0","0","1","0","","02","10","2021","7","40.435928","-79.959121","1906","11","0","0","0","0","1","0","0","0","","0","0","0","","","0","N","3","","40 26:09.340","","0","79 57:32.835","0","0","0","0","2301","0","0","0","N","0","0","0","4","02301","0","","1.0","","9","N","N","N","0","","0","0","0","","0","","","3","0","0","0","0","0","0","2","0","3","","98","","N","","","","","","","","","",""
"2021104445","1857","1","0","0","0","0","0","0","0","0","7","0","","02","10","2021","4","40.283607","-79.837397","1854","11","0","0","0","0","0","1","0","0","","0","0","0","","","0","N","0","","40 17:00.984","5","0","79 50:14.629","0","0","0","0","2105","0","0","0","N","0","0","0","1","02105","0","","4.0","1934.0","1","N","N","N","0","","0","0","0","","0","Y","","1","0","0","0","0","0","0","2","0","1","","03","","N","","","","","","","","","",""
"2021093544","0725","1","0","0","0","0","0","0","0","0","7","0","","02","10","2021","2","40.458039","-79.895324","0720","11","0","0","0","0","0","0","0","0","","0","0","0","","","0","N","0","","40 27:28.939","","0","79 53:43.168","9","0","0","0","2301","0","0","0","N","0","0","0","1","02301","0","","4.0","","9","N","N","N","0","","0","0","0","","0","","","1","0","0","0","0","0","1","2","0","1","","07","","N","","","","","","","","","",""
"2021107020","1841","1","0","0","0","0","0","0","0","0","1","0","","02","11","2021","6","40.4645","-79.979943","1830","11","0","0","0","0","0","0","0","0","","0","0","0","","","0","N","0","","40 27:52.200","1","0","79 58:47.795","0","0","0","0","2301","0","0","0","N","0","0","0","2","02301","0","","1.0","1901.0","1","N","N","N","0","","0","0","1","","0","Y","","2","0","0","0","0","0","0","2","0","2","","03","","N","","","","","","","","","",""
"2021082883","2147","0","0","0","0","0","0","0","0","0","7","0","","02","9","2021","4","40.311181","-79.937743","2141","11","0","0","0","0","0","0","0","0","","0","0","0","","","1","Y","0","","40 18:40.252","","0","79 56:15.875","3","0","0","1","2440","0","0","0","N","0","0","0","1","02440","0","","1.0","","1","N","N","N","0","","1","0","0","","0","","","1","1","0","0","0","0","0","2","0","1","","03","","N","","","","","","","","","",""
"2021091789","2334","2","0","0","0","0","0","0","0","0","4","0","","02","9","2021","3","40.537863","-79.834783","2332","11","0","0","0","0","0","0","0","0","","0","0","0","","","1","","2","","40 32:16.307","2","0","79 50:05.217","3","0","0","0","2208","0","0","0","N","0","0","0","4","02208","0","","1.0","26.0","1","N","N","N","0","","1","0","0","","2","N","","2","1","0","0","0","0","0","2","0","2","","03","","N","","","","","","","","","",""
"2021103221","0405","1","0","0","0","0","0","0","0","0","2","0","","02","10","2021","1","40.455576","-79.888103","0358","11","0","0","0","0","0","1","0","0","","0","0","0","","","0","","1","","40 27:20.073","","0","79 53:17.170","0","0","0","0","2301","0","0","0","N","0","0","0","2","02301","0","","1.0","","1","N","N","N","0","","0","0","1","","2","","","2","0","0","0","0","0","0","2","0","2","","03","","N","","","","","","","","","",""
"2021097572","0405","2","0","0","0","0","0","0","0","0","5","0","","02","10","2021","7","40.470666","-79.957184","0354","11","0","0","0","0","0","1","0","0","","0","0","0","","","0","N","0","","40 28:14.398","","0","79 57:25.861","0","0","0","0","2301","0","0","0","N","0","0","0","1","02301","0","","6.0","","1","N","N","N","0","","0","0","1","","0","","","3","0","0","0","0","0","0","2","0","3","","","","N","","","","","","","","","",""