"CRN","ARRIVAL_TM","AUTOMOBILE_COUNT","BELTED_DEATH_COUNT","BELTED_SUSP_SERIOUS_INJ_COUNT","BICYCLE_COUNT","BICYCLE_DEATH_COUNT","BICYCLE_SUSP_SERIOUS_INJ_COUNT","BUS_COUNT","CHLDPAS_DEATH_COUNT","CHLDPAS_SUSP_SERIOUS_INJ_COUNT","COLLISION_TYPE","COMM_VEH_COUNT","CONS_ZONE_SPD_LIM","COUNTY","CRASH_MONTH","CRASH_YEAR","DAY_OF_WEEK","DEC_LATITUDE","DEC_LONGITUDE","DISPATCH_TM","DISTRICT","DRIVER_COUNT_16YR","DRIVER_COUNT_17YR","DRIVER_COUNT_18YR","DRIVER_COUNT_19YR","DRIVER_COUNT_20YR","DRIVER_COUNT_50_64YR","DRIVER_COUNT_65_74YR","DRIVER_COUNT_75PLUS","EST_HRS_CLOSED","FATAL_COUNT","HEAVY_TRUCK_COUNT","HORSE_BUGGY_COUNT","HOUR_OF_DAY","ILLUMINATION","INJURY_COUNT","INTERSECTION_RELATED","INTERSECT_TYPE","LANE_CLOSED","LATITUDE","LN_CLOSE_DIR","LOCATION_TYPE","LONGITUDE","MAX_SEVERITY_LEVEL","MCYCLE_DEATH_COUNT","MCYCLE_SUSP_SERIOUS_INJ_COUNT","MOTORCYCLE_COUNT","MUNICIPALITY","NONMOTR_COUNT","NONMOTR_DEATH_COUNT","NONMOTR_SUSP_SERIOUS_INJ_COUNT","NTFY_HIWY_MAINT","PED_COUNT","PED_DEATH_COUNT","PED_SUSP_SERIOUS_INJ_COUNT","PERSON_COUNT","POLICE_AGCY","POSSIBLE_INJ_COUNT","RDWY_SURF_TYPE_CD","RELATION_TO_ROAD","ROADWAY_CLEARED","ROAD_CONDITION","SCH_BUS_IND","SCH_ZONE_IND","SECONDARY_CRASH","SMALL_TRUCK_COUNT","SPEC_JURIS_CD","SUSP_MINOR_INJ_COUNT","SUSP_SERIOUS_INJ_COUNT","SUV_COUNT","TCD_FUNC_CD","TCD_TYPE","TFC_DETOUR_IND","TIME_OF_DAY","TOTAL_UNITS","TOT_INJ_COUNT","UNBELTED_OCC_COUNT","UNB_DEATH_COUNT","UNB_SUSP_SERIOUS_INJ_COUNT","UNK_INJ_DEG_COUNT","UNK_INJ_PER_COUNT","URBAN_RURAL","VAN_COUNT","VEHICLE_COUNT","WEATHER1","WEATHER2","WORKERS_PRES","WORK_ZONE_IND","WORK_ZONE_LOC","WORK_ZONE_TYPE","WZ_CLOSE_DETOUR","WZ_FLAGGER","WZ_LAW_OFFCR_IND","WZ_LN_CLOSURE","WZ_MOVING","WZ_OTHER","WZ_SHLDER_MDN","WZ_WORKERS_INJ_KILLED"
"2021120118","1611","2","0","0","0","0","0","0","0","0","5","0","","02","12","2021","4","40.427103","-79.967081","1600","11","0","0","0","0","0","0","0","0","","0","0","0","","","0","Y","1","","40 25:37.571","","0","79 58:01.493","0","0","0","0","2301","0","0","0","N","0","0","0","2","02301","0","","1.0","","9","N","N","N","0","","0","0","0","","0","","","2","0","0","0","0","0","0","2","0","2","","02","","N","","","","","","","","","",""
"2021119687","1133","2","0","0","0","0","0","0","0","0","4","0","","02","12","2021","2","40.454082","-79.892827","1130","11","0","0","0","0","0","1","0","0","","0","0","0","","","0","","1","","40 27:14.695","","0","79 53:34.177","9","0","0","0","2301","0","0","0","N","0","0","0","3","02301","0","","1.0","","1","N","N","N","0","","0","0","0","","3","","","2","0","0","0","0","0","2","2","0","2","","03","","N","","","","","","","","","",""
"2021113659","1340","2","0","0","0","0","0","0","0","0","5","0","","02","11","2021","1","40.430016","-79.9413","1330","11","0","0","0","0","0","0","0","0","","0","0","0","","","0","N","0","","40 25:48.057","","0","79 56:28.681","0","0","0","0","2301","0","0","0","N","0","0","0","1","02301","0","","2.0","","1","N","N","N","0","","0","0","0","","0","","","2","0","0","0","0","0","0","2","0","2","","04","","N","","","","","","","","","",""
"2021125241","2024","1","0","0","0","0","0","0","0","0","4","0","","02","12","2021","3","40.399368","-80.082641","2017","11","0","0","1","0","0","0","0","0","","0","0","0","","","0","N","2","","40 23:57.725","3","0","80 04:57.508","0","0","0","0","2415","0","0","0","N","0","0","0","3","02415","0","","1.0","2049.0","9","N","N","N","0","","0","0","1","","3","N","","2","0","1","0","0","0","0","2","0","2","","03","","N","","","","","","","","","",""
"2021111788","0210","0","0","1","0","0","0","0","0","0","7","0","","02","11","2021","4","40.439308","-80.016126","0131","11","0","0","0","0","0","0","0","0","","0","0","0","","","1","N","0","","40 26:21.510","4","0","80 00:58.055","2","0","0","0","2301","0","0","0","N","0","0","0","2","02301","0","","2.0","347.0","1","N","N","N","0","","0","1","1","","0","N","","1","1","0","0","0","0","0","2","0","1","","","","N","","","","","","","","","",""
"2021126133","1427","1","0","0","0","0","0","0","0","0","1","1","","02","12","2021","3","40.437952","-79.739852","1424","11","0","0","0","0","0","0","0","0","","0","1","0","","","1","","1","","40 26:16.627","4","0","79 44:23.466","8","0","0","0","2446","0","0","0","N","0","0","0","2","02446","0","","1.0","1445.0","1","N","N","N","0","","0","0","0","","2","N","","2","1","0","0","0","1","0","2","0","2","","03","","N","","","","","","","","","",""
"2021119699","0240","1","0","0","0","0","0","0","0","0","7","0","","02","12","2021","4","40.448694","-79.986131","0233","11","0","0","0","0","0","0","0","0","","0","0","0","","","0","N","0","","40 26:55.300","6","0","79 59:10.070","0","0","0","0","2301","0","0","0","N","0","0","0","1","02301","0","","4.0","259.0","1","N","N","N","0","","0","0","0","","0","N","","1","0","0","0","0","0","0","2","0","1","","03","","N","","","","","","","","","",""
"2021121510","1811","1","0","0","0","0","0","0","0","0","4","0","","02","12","2021","7","40.443914","-79.713564","1810","11","0","0","0","0","0","0","0","0","","0","0","0","","","0","N","0","","40 26:38.092","","7","79 42:48.832","0","0","0","0","2446","0","0","0","N","0","0","0","2","02446","0","","1.0","","1","N","N","N","0","","0","0","1","","0","","","2","0","0","0","0","0","0","2","0","2","","","","N","","","","","","","","","",""
"2021114404","1850","0","0","0","0","0","0","0","0","0","2","0","","02","11","2021","3","40.347611","-79.832528","1848","11","1","0","0","0","0","0","0","0","","0","0","0","","","1","","1","","40 20:51.400","4","0","79 49:57.100","4","0","0","0","2304","0","0","0","N","0","0","0","3","02304","1","","1.0","1920.0","1","N","N","N","0","","0","0","2","","2","Y","","2","1","0","0","0","0","0","2","0","2","","03","","N","","","","","","","","","",""
"2021125790","1417","1","0","0","0","0","0","0","0","0","4","0","","02","12","2021","6","40.449135","-80.119361","1414","11","0","0","0","0","0","0","0","1","","0","0","0","","","1","","1","","40 26:56.886","4","6","80 07:09.698","8","0","0","0","2115","0","0","0","N","0","0","0","3","02115","0","","1.0","1521.0","1","N","N","Y","0","","0","0","1","","0","N","","2","1","0","0","0","1","0","2","0","2","","","","N","","","","","","","","","",""
"2021116075","0800","1","0","0","0","0","0","0","0","0","4","0","","02","11","2021","2","40.342234","-79.840307","0754","11","0","0","0","0","0","0","0","0","","0","0","0","","","0","","1","","40 20:32.042","","0","79 50:25.105","9","0","0","0","2304","0","0","0","N","0","0","0","2","02304","0","","1.0","","1","N","N","N","0","","0","0","1","","3","","","2","0","2","0","0","0","1","2","0","2","","03","","N","","","","","","","","","",""
"2021120916","1921","2","0","0","0","0","0","0","0","0","1","0","","02","12","2021","6","40.491376","-80.060972","1917","11","0","0","0","0","0","0","0","0","","0","0","0","","","0","Y","0","","40 29:28.952","1","0","80 03:39.500","0","0","0","0","2404","0","0","0","N","0","0","0","2","02404","0","","1.0","1951.0","1","N","N","N","0","","0","0","0","","0","N","","2","0","0","0","0","0","0","2","0","2","","03","","N","","","","","","","","","",""
"2021108242","1532","1","0","0","0","0","0","0","0","0","4","0","","02","10","2021","5","40.437628","-79.770056","1529","11","0","1","0","1","0","0","0","0","","0","0","0","","","1","N","0","","40 26:15.460","2","7","79 46:12.200","3","0","0","0","2446","0","0","0","N","0","0","0","4","02446","0","","1.0","1540.0","1","N","N","N","1","","1","0","0","","0","Y","","2","1","1","0","0","0","0","2","0","2","","03","","N","","","","","","","","","",""
"2021107140","2027","1","0","0","0","0","0","0","0","0","7","0","","02","10","2021","1","40.616519","-80.022375","2008","11","0","0","0","0","0","0","0","0","","0","0","0","","","0","N","0","","40 36:59.470","","0","80 01:20.550","0","0","0","0","2108","0","0","0","N","0","0","0","2","02501","0","","5.0","","9","N","N","N","0","","0","0","0","","0","","","1","0","0","0","0","0","0","1","0","1","","","","N","","","","","","","","","",""
"2021124509","0800","1","0","0","0","0","0","0","0","0","7","0","","02","12","2021","2","40.521398","-80.033682","0757","11","0","0","0","0","0","0","1","0","","0","0","0","","","1","N","0","","40 31:17.031","","7","80 02:01.255","3","0","0","0","2474","0","0","0","N","0","0","0","1","02474","0","","5.0","","1","N","N","Y","0","","1","0","0","","0","","","1","1","0","0","0","0","0","2","0","1","","","","N","","","","","","","","","",""
"2021112582","0333","2","0","0","0","0","0","0","0","0","7","0","","02","11","2021","7","40.458574","-79.902117","0331","11","0","0","0","0","0","0","0","0","","0","1","0","","","0","","2","","40 27:30.866","","0","79 54:07.621","9","0","0","0","2301","0","0","0","N","0","0","0","1","02301","0","","4.0","","1","N","N","N","0","","0","0","0","","0","","","3","0","0","0","0","0","1","2","0","3","","03","","N","","","","","","","","","",""
"2021114943","1800","0","0","0","0","0","0","0","0","0","98","0","","02","11","2021","2","40.348833","-80.203044","1740","11","0","0","0","0","0","0","0","0","","0","0","0","","","0","N","0","","40 20:55.799","","0","80 12:10.957","0","0","0","0","2119","0","0","0","N","0","0","0","1","68T09","0","","1.0","","1","N","N","N","0","","0","0","1","","0","","","1","0","0","0","0","0","0","1","0","1","","","","N","","","","","","","","","",""
"2021116581","1752","1","0","0","0","0","0","0","0","0","1","0","","02","11","2021","3","40.415123","-80.011842","1749","11","0","0","0","0","0","2","0","0","","0","0","0","","","0","N","0","","40 24:54.442","","0","80 00:42.631","0","0","0","0","2301","0","0","0","N","0","0","0","4","02301","0","","1.0","","1","N","N","N","0","","0","0","1","","0","","","3","0","0","0","0","0","0","2","1","3","","03","","N","","","","","","","","","",""
"2021113479","1759","1","0","0","0","0","0","0","0","0","4","0","","02","11","2021","1","40.426182","-79.939771","1752","11","0","0","0","0","0","1","0","0","","0","0","0","","","1","","1","","40 25:34.255","","0","79 56:23.175","8","0","0","0","2301","0","0","0","N","0","0","0","3","02301","0","","1.0","","1","N","N","N","0","","0","0","2","","3","","","3","1","1","0","0","1","0","2","0","3","","03","","N","","","","","","","","","",""
"2021121865","0223","2","0","0","0","0","0","0","0","0","1","0","","02","11","2021","3","40.444829","-79.851785","0147","11","0","0","0","0","0","0","0","0","","0","0","0","","","2","N","0","","40 26:41.386","3","0","79 51:06.425","8","0","0","0","2419","0","0","0","N","0","0","0","3","68B03","0","","1.0","300.0","1","N","N","N","0","","0","0","0","","0","N","","2","2","0","0","0","2","0","2","0","2","","","","N","","","","","","","","","",""
"2021125992","1600","2","0","0","0","0","0","0","0","0","4","0","","02","12","2021","5","40.400948","-80.082909","1559","11","0","0","0","0","0","1","0","0","","0","0","0","","","0","","2","","40 24:03.413","2","1","80 04:58.473","0","0","0","0","2415","0","0","0","N","0","0","0","3","02415","0","","1.0","1635.0","1","N","N","N","0","","0","0","0","","3","N","","2","0","0","0","0","0","0","2","0","2","","04","","N","","","","","","","","","",""
"2021088965","1739","2","0","0","0","0","0","0","0","0","1","0","50","02","9","2021","1","40.49724","-79.930353","1726","11","0","0","0","0","0","0","0","0","","0","0","0","","","0","N","0","","40 29:50.063","1","0","79 55:49.270","0","0","0","0","2461","0","0","0","N","0","0","0","2","68D02","0","","1.0","1739.0","1","N","N","N","0","","0","0","0","","0","N","","2","0","0","0","0","0","0","2","0","2","","","N","Y","4","1","","","N","","","","Y","N"
"2021127941","1831","1","0","0","0","0","0","0","0","0","8","0","","02","12","2021","4","40.409128","-79.943837","1826","11","0","0","0","0","0","0","0","0","","0","0","0","","","1","N","2","","40 24:32.862","","0","79 56:37.813","3","0","0","0","2301","1","0","0","N","1","0","0","2","02301","0","","1.0","","1","N","N","N","0","","1","0","0","","2","","","2","1","0","0","0","0","1","2","0","1","","03","","N","","","","","","","","","",""
"2021124503","1330","2","0","0","0","0","0","0","0","0","1","0","","02","12","2021","2","40.46049","-79.811226","1323","11","0","0","0","0","1","0","0","0","","0","0","0","","","0","","3","","40 27:37.763","1","0","79 48:40.415","0","0","0","0","2113","0","0","0","N","0","0","0","2","02113","0","","1.0","1353.0","1","N","N","N","0","","0","0","0","","0","N","","2","0","0","0","0","0","0","2","0","2","","03","","N","","","","","","","","","",""
"2021105637","1034","0","0","0","0","0","0","0","0","0","7","0","","02","11","2021","2","40.441421","-79.845467","1030","11","0","0","0","0","0","0","1","0","","0","0","0","","","1","N","0","","40 26:29.115","3","0","79 50:43.682","3","0","0","0","2419","0","0","0","N","0","0","0","1","02419","0","","5.0","1130.0","1","N","N","Y","0","","1","0","1","","0","N","","1","1","0","0","0","0","0","2","0","1","","","","N","","","","","","","","","",""
"2021091942","1020","2","0","0","0","0","0","0","0","0","1","0","","02","9","2021","7","40.426134","-79.89609","1010","11","0","0","0","0","0","0","0","0","","0","0","0","","","1","N","0","","40 25:34.082","","0","79 53:45.923","3","0","0","0","2301","0","0","0","N","0","0","0","2","68B03","0","","1.0","","1","N","N","N","0","","1","0","0","","0","","","2","1","0","0","0","0","0","2","0","2","","03","","N","","","","","","","","","",""
"2021112358","0138","1","0","0","0","0","0","0","0","0","7","0","","02","10","2021","7","40.439536","-80.009756","0133","11","0","0","0","0","0","0","0","0","","0","0","0","","","0","N","0","","40 26:22.331","3","8","80 00:35.121","0","0","0","0","2301","0","0","0","N","0","0","0","1","68B03","0","","3.0","210.0","1","N","N","N","0","","0","0","0","","0","N","","1","0","0","0","0","0","0","2","0","1","","","","N","","","","","","","","","",""
"2021122870","2150","1","0","0","0","0","0","0","0","0","7","0","","02","12","2021","3","40.297227","-80.024714","2140","11","0","0","0","0","0","1","0","0","","0","0","0","","","1","N","0","","40 17:50.016","6","0","80 01:28.972","8","0","0","0","2219","0","0","0","N","0","0","0","1","02219","0","","2.0","100.0","1","N","N","N","0","","0","0","0","","0","Y","","1","1","0","0","0","1","0","2","0","1","","","","N","","","","","","","","","",""
"2021123841","1300","2","0","0","0","0","0","0","0","0","5","0","","02","12","2021","6","40.449639","-79.956741","1249","11","0","0","0","0","0","1","0","0","","0","0","0","","","1","","2","","40 26:58.702","","0","79 57:24.267","3","0","0","0","2301","0","0","0","N","0","0","0","2","02301","0","","1.0","","1","N","N","N","0","","1","0","0","","0","N","","2","1","0","0","0","0","0","2","0","2","","03","","N","","","","","","","","","",""
"2021105608","1608","0","0","0","0","0","0","0","0","0","4","0","","02","10","2021","4","40.438753","-79.75289","1602","11","0","0","0","0","0","0","0","0","","0","0","0","","","0","N","6","","40 26:19.511","3","0","79 45:10.405","0","0","0","0","2446","0","0","0","N","0","0","0","3","02446","0","","1.0","1700.0","1","N","N","N","1","","0","0","1","","0","Y","","2","0","0","0","0","0","0","2","0","2","","03","","N","","","","","","","","","",""
"2021122319","1510","1","0","0","0","0","0","0","0","0","7","0","","02","12","2021","3","40.479186","-80.030839","1451","11","0","0","0","0","0","0","0","0","","0","0","0","","","1","N","0","","40 28:45.070","2","0","80 01:51.020","2","0","0","0","2301","0","0","0","N","0","0","0","1","02301","0","","4.0","1550.0","1","N","N","N","0","","0","1","0","","0","N","","1","1","0","0","0","0","0","2","0","1","","03","","N","","","","","","","","","",""
"2021122414","1919","2","0","0","0","0","0","0","0","0","1","0","","02","12","2021","3","40.405125","-79.972739","1915","11","0","1","0","0","0","0","0","0","","0","0","0","","","0","N","0","","40 24:18.450","","0","79 58:21.860","0","0","0","0","2301","0","0","0","N","0","0","0","2","02301","0","","1.0","","1","N","N","N","0","","0","0","0","","0","","","2","0","0","0","0","0","0","2","0","2","","04","","N","","","","","","","","","",""
"2021101730","1307","1","0","0","0","0","0","0","0","0","7","0","","02","10","2021","1","40.333692","-79.9617","1304","11","0","0","0","0","1","0","0","0","","0","0","0","","","2","N","0","","40 20:01.290","","0","79 57:42.120","4","0","0","0","2454","0","0","0","N","0","0","0","2","02454","2","","5.0","","1","N","N","N","0","","0","0","0","","3","","","1","2","0","0","0","0","0","2","0","1","","03","","N","","","","","","","","","",""
"2022012331","1709","1","0","0","0","0","0","0","0","0","7","0","","02","9","2021","3","40.493961","-79.956478","1707","11","0","0","0","0","0","0","1","0","","0","0","0","","","0","N","0","","40 29:38.260","4","0","79 57:23.320","0","0","0","0","2430","0","0","0","N","0","0","0","1","02430","0","","5.0","9999.0","1","N","Y","N","0","","0","0","0","","0","N","","1","0","0","0","0","0","0","2","0","1","","","","N","","","","","","","","","",""
"2021123877","1315","0","0","0","0","0","0","0","0","0","1","0","","02","11","2021","1","40.391114","-79.766047","1315","11","0","0","0","0","0","1","0","0","","0","0","0","","","2","N","1","","40 23:28.009","","0","79 45:57.769","8","0","0","0","2446","0","0","0","N","0","0","0","6","02446","0","","1.0","","1","N","N","N","0","","0","0","2","","2","","","2","2","2","0","0","2","0","2","0","2","","","","N","","","","","","","","","",""
"2021122635","1410","1","0","0","0","0","0","0","0","0","1","0","","02","12","2021","3","40.437125","-79.981467","1400","11","0","0","0","0","0","0","0","0","","0","0","0","","","0","N","0","","40 26:13.650","","0","79 58:53.280","0","0","0","0","2301","0","0","0","N","0","0","0","1","02301","0","","1.0","","1","N","N","N","0","","0","0","1","","0","","","2","0","0","0","0","0","0","2","0","2","","03","","N","","","","","","","","","",""
"2022024747","2133","0","0","0","0","0","0","0","0","0","7","0","","02","10","2021","7","40.534637","-80.035964","2129","11","0","0","0","0","0","0","0","0","","0","0","0","","","0","N","0","","40 32:04.694","","0","80 02:09.470","0","0","0","0","2116","0","0","0","N","0","0","0","1","02116","0","","5.0","","9","N","N","N","1","","0","0","0","","0","","","1","0","0","0","0","0","0","2","0","1","","07","","N","","","","","","","","","",""
"2021099194","1621","1","0","0","0","0","0","0","0","0","7","0","","02","10","2021","3","40.625083","-79.790583","1612","11","0","0","0","0","0","0","0","0","","0","0","0","","","1","N","0","","40 37:30.300","6","0","79 47:26.100","8","0","0","0","2206","0","0","0","N","0","0","0","4","02206","0","","2.0","1717.0","1","N","N","N","0","","0","0","0","","0","N","","1","1","0","0","0","1","1","1","0","1","","03","","N","","","","","","","","","",""
"2021126560","2002","2","0","0","0","0","0","0","0","0","4","0","","02","12","2021","7","40.556382","-80.007594","2000","11","0","0","0","0","0","1","0","0","","0","0","0","","","0","N","0","","40 33:22.975","","0","80 00:27.340","0","0","0","0","2108","0","0","0","N","0","0","0","1","02108","0","","1.0","","9","N","N","Y","0","","0","0","0","","0","","","2","0","1","0","0","0","0","2","0","2","","07","","N","","","","","","","","","",""
"2021126709","1507","3","0","0","0","0","0","0","0","0","4","0","","02","12","2021","1","40.47231","-79.89096","1459","11","0","0","0","0","0","0","0","0","","0","0","0","","","0","N","2","","40 28:20.316","7","0","79 53:27.456","0","0","0","0","2301","0","0","0","N","0","0","0","1","02301","0","","2.0","1558.0","1","N","N","N","0","","0","0","0","","0","N","","3","0","0","0","0","0","0","2","0","3","","03","","N","","","","","","","","","",""
"2021096363","0839","0","0","0","0","0","0","0","0","0","1","0","","02","10","2021","2","40.475769","-79.918017","0838","11","0","0","0","0","0","0","0","0","","0","0","0","","","1","","1","","40 28:32.768","","0","79 55:04.861","3","0","0","1","2301","0","0","0","N","0","0","0","2","02301","0","","1.0","","1","N","N","N","0","","1","0","1","","0","","","2","1","0","0","0","0","0","2","0","2","","","","N","","","","","","","","","",""
"2021096114","1121","0","0","0","0","0","0","0","0","0","7","0","","02","10","2021","1","40.423615","-80.029846","1118","11","0","0","0","0","0","0","0","0","","0","0","0","","","0","N","0","","40 25:25.015","","0","80 01:47.445","0","0","0","0","2301","0","0","0","N","0","0","0","1","02301","0","","9.0","","1","N","N","N","0","","0","0","0","","0","","","1","0","0","0","0","0","0","2","1","1","","03","","N","","","","","","","","","",""
"2021117133","1650","2","0","0","0","0","0","0","0","0","1","0","","02","12","2021","4","40.382706","-79.996821","1645","11","0","0","0","0","0","1","0","1","","0","0","0","","","1","N","2","","40 22:57.743","","0","79 59:48.554","4","0","0","0","2301","0","0","0","N","0","0","0","5","02301","1","","1.0","","9","N","N","N","0","","0","0","2","","0","","","4","1","1","0","0","0","0","2","0","4","","04","","N","","","","","","","","","",""
"2021123968","1815","2","0","0","0","0","0","0","0","0","4","0","","02","12","2021","7","40.45041","-79.948748","1802","11","0","0","0","0","0","0","0","0","","0","0","0","","","0","","1","","40 27:01.476","","0","79 56:55.492","0","0","0","0","2301","0","0","0","N","0","0","0","2","02301","0","","1.0","","9","N","N","N","0","","0","0","0","","2","","","2","0","0","0","0","0","0","2","0","2","","07","","N","","","","","","","","","",""
"2022027549","0310","1","0","0","0","0","0","0","0","0","7","0","","02","12","2021","7","40.439531","-80.009574","0249","11","0","0","0","1","0","0","0","0","","0","0","0","","","1","N","0","","40 26:22.311","3","3","80 00:34.467","3","0","0","0","2301","0","0","0","N","0","0","0","1","68B03","0","","2.0","401.0","9","N","N","N","0","","1","0","0","","0","N","","1","1","1","0","0","0","0","2","0","1","","","","N","","","","","","","","","",""
"2021117985","","2","0","0","0","0","0","0","0","0","4","0","","02","6","2021","6","40.447243","-79.895396","","11","0","0","0","0","0","1","0","0","","0","0","0","","","1","","1","","40 26:50.076","","0","79 53:43.424","8","0","0","0","2301","0","0","0","N","0","0","0","2","00000","0","","1.0","","1","N","N","N","0","","0","0","0","","2","","","2","1","0","0","0","1","0","2","0","2","","","","N","","","","","","","","","",""
"2021124179","1826","2","0","0","0","0","0","0","0","0","4","0","","02","12","2021","2","40.344425","-80.027352","1820","11","0","0","0","0","0","0","0","0","","0","0","0","","","2","N","0","","40 20:39.930","2","0","80 01:38.466","4","0","0","0","2407","0","0","0","N","0","0","0","6","02407","1","","1.0","1915.0","1","N","N","N","0","","0","0","1","","0","N","","4","2","0","0","0","1","0","2","1","4","","","","N","","","","","","","","","",""
"2021125189","2036","0","0","0","0","0","0","0","0","0","7","1","","02","12","2021","6","40.427009","-80.294375","2011","11","0","0","0","0","0","0","0","0","","0","1","0","","","1","N","0","","40 25:37.234","4","0","80 17:39.749","3","0","0","0","2203","0","0","0","Y","0","0","0","2","68B03","0","","4.0","200.0","1","N","N","N","0","","1","0","0","","0","Y","","1","1","1","0","0","0","0","1","0","1","","03","","N","","","","","","","","","",""
"2022004528","1850","2","0","0","0","0","0","0","0","0","2","0","","02","12","2021","6","40.334783","-80.001479","1847","11","0","0","0","0","0","0","0","0","","0","0","0","","","2","N","0","","40 20:05.218","5","0","80 00:05.324","4","0","0","0","2407","0","0","0","N","0","0","0","3","02407","2","","1.0","1925.0","1","N","N","N","0","","0","0","0","","0","Y","","2","2","3","0","0","0","0","2","0","2","","","","N","","","","","","","","","",""
"2021125948","2314","1","0","0","0","0","0","0","0","0","7","0","","02","12","2021","4","40.599056","-80.091325","2309","11","0","0","0","0","0","0","0","0","","0","0","0","","","0","N","0","","40 35:56.600","","0","80 05:28.770","0","0","0","0","2481","0","0","0","N","0","0","0","1","02481","0","","4.0","","1","N","N","Y","0","","0","0","0","","0","","","1","0","0","0","0","0","0","2","0","1","","","","N","","","","","","","","","",""
"2022006601","0248","0","0","0","0","0","0","0","0","0","5","0","","02","12","2021","4","40.418577","-80.05397","0243","11","0","0","0","0","0","1","0","0","","0","1","0","","","0","N","0","","40 25:06.878","4","0","80 03:14.293","0","0","0","0","2435","0","0","0","N","0","0","0","2","68B03","0","","1.0","305.0","1","N","N","N","0","","0","0","1","","0","N","","2","0","0","0","0","0","0","2","0","2","","","","N","","","","","","","","","",""
"2022003793","0649","1","0","0","0","0","0","0","0","0","7","0","","02","9","2021","4","40.519738","-80.05654","0636","11","0","0","0","0","0","1","0","0","","0","0","0","","","0","N","0","","40 31:11.055","1","0","80 03:23.544","0","0","0","0","2116","0","0","0","N","0","0","0","1","68B03","0","","4.0","710.0","9","N","N","N","0","","0","0","0","","0","N","","1","0","0","0","0","0","0","2","0","1","","07","","N","","","","","","","","","",""
"2022003623","0116","1","0","0","0","0","0","0","0","0","7","0","","02","12","2021","7","40.451055","-79.994579","0110","11","0","0","0","0","0","0","0","0","","0","0","0","","","0","N","0","","40 27:03.797","","0","79 59:40.485","0","0","0","0","2301","0","0","0","N","0","0","0","1","68B03","0","","2.0","","9","N","N","N","0","","0","0","0","","0","","","1","0","0","0","0","0","0","2","0","1","","","","N","","","","","","","","","",""
"2022006101","1142","2","0","0","0","0","0","0","0","0","4","0","","02","12","2021","4","40.545262","-80.035909","1138","11","0","0","0","0","0","1","0","0","","0","0","0","","","0","","1","","40 32:42.944","","0","80 02:09.272","0","0","0","0","2116","0","0","0","N","0","0","0","2","02116","0","","1.0","","9","N","N","N","0","","0","0","0","","2","","","2","0","0","0","0","0","0","2","0","2","","","","N","","","","","","","","","",""
"2022007529","0241","1","0","0","0","0","0","0","0","0","7","0","","02","10","2021","2","40.433959","-80.020698","0218","11","0","0","0","0","0","0","0","0","","0","0","0","","","0","N","0","","40 26:02.252","4","4","80 01:14.511","0","0","0","0","2301","0","0","0","N","0","0","0","1","68B03","0","","4.0","300.0","1","N","N","N","0","","0","0","0","","0","N","","1","0","0","0","0","0","0","2","0","1","","","","N","","","","","","","","","",""
"2022001830","1212","2","0","0","0","0","0","0","0","0","2","0","","02","12","2021","6","40.367985","-80.027914","1209","11","0","0","0","0","0","0","0","2","","0","0","0","","","1","N","0","","40 22:04.745","","7","80 01:40.492","4","0","0","0","2109","0","0","0","N","0","0","0","2","02109","1","","1.0","","1","N","N","N","0","","0","0","0","","0","","","2","1","0","0","0","0","0","2","0","2","","","","N","","","","","","","","","",""
"2022001013","0105","0","0","0","0","0","0","0","0","0","7","0","","02","12","2021","7","40.540562","-79.840796","0039","11","0","0","0","0","0","0","0","0","","0","0","0","","","1","N","0","","40 32:26.023","","3","79 50:26.867","3","0","0","0","2208","0","0","0","Y","0","0","0","2","68D02","0","","4.0","","1","N","N","N","0","","1","0","1","","0","","","1","1","0","0","0","0","0","2","0","1","","","","N","","","","","","","","","",""
"2022000221","1247","3","0","0","0","0","0","0","0","0","1","0","","02","12","2021","5","","","1235","11","0","0","0","0","0","0","0","0","","0","0","0","","","5","N","0","","","1","0","","8","0","0","0","2403","0","0","0","N","0","0","0","9","02403","0","","1.0","1330.0","1","N","N","N","0","","0","0","0","","0","Y","","3","5","0","0","0","5","0","1","0","3","","03","","N","","","","","","","","","",""
"2022012330","2126","0","0","0","0","0","0","0","0","0","1","0","","02","9","2021","7","40.502239","-79.945214","2124","11","0","1","0","0","0","0","0","0","","0","0","0","","","0","","1","","40 30:08.060","1","0","79 56:42.769","0","0","0","0","2430","0","0","0","N","0","0","0","3","02430","0","","1.0","2153.0","1","N","N","N","1","","0","0","1","","2","N","","2","0","0","0","0","0","0","2","0","2","","","","N","","","","","","","","","",""
"2022000049","1310","0","0","0","0","0","0","0","0","0","4","0","","02","12","2021","2","40.438392","-79.771918","1308","11","0","0","0","0","0","0","1","0","","0","0","0","","","1","N","0","","40 26:18.211","","0","79 46:18.905","3","0","0","0","2446","0","0","0","Y","0","0","0","2","02446","0","","1.0","","9","N","N","N","0","","1","0","2","","0","","","2","1","0","0","0","0","0","2","0","2","","04","","N","","","","","","","","","",""
"2022002242","1135","0","0","0","0","0","0","0","0","0","4","0","","02","12","2021","5","40.3872","-80.054788","1130","11","0","0","0","0","0","0","1","0","","0","0","0","","","0","","1","","40 23:13.921","","0","80 03:17.237","0","0","0","0","2109","0","0","0","N","0","0","0","2","02109","0","","1.0","","1","N","N","N","0","","0","0","2","","3","","","2","0","0","0","0","0","0","2","0","2","","03","","N","","","","","","","","","",""